test_action_session_is_deterministic_serializable_and_traceable (test_action.ActionEngineTests.test_action_session_is_deterministic_serializable_and_traceable) ... ok
test_confirmation_required_action_is_never_automatic (test_action.ActionEngineTests.test_confirmation_required_action_is_never_automatic) ... ok
test_contact_user_without_permission_is_blocked (test_action.ActionEngineTests.test_contact_user_without_permission_is_blocked) ... ok
test_defer_and_more_thinking_remain_non_executed_plans (test_action.ActionEngineTests.test_defer_and_more_thinking_remain_non_executed_plans) ... ok
test_expired_and_out_of_scope_permissions_are_rejected (test_action.ActionEngineTests.test_expired_and_out_of_scope_permissions_are_rejected) ... ok
test_full_wake_perception_thinking_action_evolution_flow (test_action.ActionEngineTests.test_full_wake_perception_thinking_action_evolution_flow) ... ok
test_high_and_critical_risk_actions_are_not_automatically_approved (test_action.ActionEngineTests.test_high_and_critical_risk_actions_are_not_automatically_approved) ... ok
test_no_action_tendency_returns_explicit_no_action (test_action.ActionEngineTests.test_no_action_tendency_returns_explicit_no_action) ... ok
test_request_memory_only_creates_a_plan (test_action.ActionEngineTests.test_request_memory_only_creates_a_plan) ... ok
test_resource_limit_failure_is_audited_and_blocked (test_action.ActionEngineTests.test_resource_limit_failure_is_audited_and_blocked) ... ok
test_revision_mismatch_rejects_action (test_action.ActionEngineTests.test_revision_mismatch_rejects_action) ... ok
test_revoked_permission_cannot_pass (test_action.ActionEngineTests.test_revoked_permission_cannot_pass) ... ok
test_update_state_is_only_planned_inside_action_service (test_action.ActionEngineTests.test_update_state_is_only_planned_inside_action_service) ... ok
test_use_tool_only_creates_a_non_executed_plan (test_action.ActionEngineTests.test_use_tool_only_creates_a_non_executed_plan) ... ok
test_failed_memory_request_is_logged_and_forces_sleep (test_awakening.AwakeningServiceTests.test_failed_memory_request_is_logged_and_forces_sleep) ... ok
test_manual_wake_runs_full_pipeline_and_persists_ready_session (test_awakening.AwakeningServiceTests.test_manual_wake_runs_full_pipeline_and_persists_ready_session) ... ok
test_quiet_wake_returns_sleep_without_executing_it (test_awakening.AwakeningServiceTests.test_quiet_wake_returns_sleep_without_executing_it) ... ok
test_recent_evolution_is_loaded_into_context_and_returns_think (test_awakening.AwakeningServiceTests.test_recent_evolution_is_loaded_into_context_and_returns_think) ... ok
test_rejected_memory_returns_check_memory_without_executing_it (test_awakening.AwakeningServiceTests.test_rejected_memory_returns_check_memory_without_executing_it) ... ok
test_scheduled_wake_selects_memory_and_advances_cycle (test_awakening.AwakeningServiceTests.test_scheduled_wake_selects_memory_and_advances_cycle) ... ok
test_all_binding_failures_have_identical_non_leaking_envelope (test_contract_test_adapter.ContractTestAdapterTests.test_all_binding_failures_have_identical_non_leaking_envelope) ... ok
test_bootstrap_creates_fresh_subject_and_fixed_binding (test_contract_test_adapter.ContractTestAdapterTests.test_bootstrap_creates_fresh_subject_and_fixed_binding) ... ok
test_completed_changed_replay_does_not_create_second_event (test_contract_test_adapter.ContractTestAdapterTests.test_completed_changed_replay_does_not_create_second_event) ... ok
test_completed_result_keeps_e2_projection_uniqueness (test_contract_test_adapter.ContractTestAdapterTests.test_completed_result_keeps_e2_projection_uniqueness) ... ok
test_completed_result_save_fault_replays_ledger_result (test_contract_test_adapter.ContractTestAdapterTests.test_completed_result_save_fault_replays_ledger_result) ... ok
test_contract_adapter_performs_no_network_access (test_contract_test_adapter.ContractTestAdapterTests.test_contract_adapter_performs_no_network_access) ... ok
test_cross_reference_mismatch_returns_schema_invalid (test_contract_test_adapter.ContractTestAdapterTests.test_cross_reference_mismatch_returns_schema_invalid) ... ok
test_deterministic_doubles_have_no_capability_protocol_output (test_contract_test_adapter.ContractTestAdapterTests.test_deterministic_doubles_have_no_capability_protocol_output) ... ok
test_domain_checkpoint_fault_recovers_without_rerunning_domain (test_contract_test_adapter.ContractTestAdapterTests.test_domain_checkpoint_fault_recovers_without_rerunning_domain) ... ok
test_duplicate_message_body_returns_schema_invalid (test_contract_test_adapter.ContractTestAdapterTests.test_duplicate_message_body_returns_schema_invalid) ... ok
test_engine_update_id_is_state_update_record_id (test_contract_test_adapter.ContractTestAdapterTests.test_engine_update_id_is_state_update_record_id) ... ok
test_evolution_commit_fault_recovers_without_second_event (test_contract_test_adapter.ContractTestAdapterTests.test_evolution_commit_fault_recovers_without_second_event) ... ok
test_existing_api_http_and_user_interaction_entries_are_not_called (test_contract_test_adapter.ContractTestAdapterTests.test_existing_api_http_and_user_interaction_entries_are_not_called) ... ok
test_expected_revision_greater_than_current_conflicts (test_contract_test_adapter.ContractTestAdapterTests.test_expected_revision_greater_than_current_conflicts) ... ok
test_expected_revision_less_than_current_conflicts (test_contract_test_adapter.ContractTestAdapterTests.test_expected_revision_less_than_current_conflicts) ... ok
test_external_source_event_never_enters_internal_history (test_contract_test_adapter.ContractTestAdapterTests.test_external_source_event_never_enters_internal_history) ... ok
test_forbidden_state_write_field_returns_schema_invalid (test_contract_test_adapter.ContractTestAdapterTests.test_forbidden_state_write_field_returns_schema_invalid) ... ok
test_hello_conformance_request_completes (test_contract_test_adapter.ContractTestAdapterTests.test_hello_conformance_request_completes) ... ok
test_hello_crosses_all_real_domain_boundaries (test_contract_test_adapter.ContractTestAdapterTests.test_hello_crosses_all_real_domain_boundaries) ... ok
test_hello_does_not_create_event_or_advance_revision (test_contract_test_adapter.ContractTestAdapterTests.test_hello_does_not_create_event_or_advance_revision) ... ok
test_missing_safe_request_id_is_local_call_error (test_contract_test_adapter.ContractTestAdapterTests.test_missing_safe_request_id_is_local_call_error) ... ok
test_missing_update_permission_blocks_action_and_revision (test_contract_test_adapter.ContractTestAdapterTests.test_missing_update_permission_blocks_action_and_revision) ... ok
test_non_active_binding_is_indistinguishable_mismatch (test_contract_test_adapter.ContractTestAdapterTests.test_non_active_binding_is_indistinguishable_mismatch) ... ok
test_normal_completion_marks_internal_operation_completed (test_contract_test_adapter.ContractTestAdapterTests.test_normal_completion_marks_internal_operation_completed) ... ok
test_old_completed_result_keeps_original_projection_after_later_update (test_contract_test_adapter.ContractTestAdapterTests.test_old_completed_result_keeps_original_projection_after_later_update) ... ok
test_operation_reservation_fault_recovers_with_same_operation (test_contract_test_adapter.ContractTestAdapterTests.test_operation_reservation_fault_recovers_with_same_operation) ... ok
test_perception_remains_read_only_and_serializable (test_contract_test_adapter.ContractTestAdapterTests.test_perception_remains_read_only_and_serializable) ... ok
test_projection_hashes_match_authoritative_final_state (test_contract_test_adapter.ContractTestAdapterTests.test_projection_hashes_match_authoritative_final_state) ... ok
test_repeated_bootstrap_does_not_overwrite_existing_subject (test_contract_test_adapter.ContractTestAdapterTests.test_repeated_bootstrap_does_not_overwrite_existing_subject) ... ok
test_replay_reuses_operation_response_and_completion_time (test_contract_test_adapter.ContractTestAdapterTests.test_replay_reuses_operation_response_and_completion_time) ... ok
test_request_hash_mismatch_returns_schema_invalid (test_contract_test_adapter.ContractTestAdapterTests.test_request_hash_mismatch_returns_schema_invalid) ... ok
test_restart_changed_replay_does_not_advance_again (test_contract_test_adapter.ContractTestAdapterTests.test_restart_changed_replay_does_not_advance_again) ... ok
test_restart_replay_does_not_invoke_new_doubles_or_ids (test_contract_test_adapter.ContractTestAdapterTests.test_restart_replay_does_not_invoke_new_doubles_or_ids) ... ok
test_restart_replays_exact_completed_result (test_contract_test_adapter.ContractTestAdapterTests.test_restart_replays_exact_completed_result) ... ok
test_revision_is_disclosed_only_after_complete_binding_validation (test_contract_test_adapter.ContractTestAdapterTests.test_revision_is_disclosed_only_after_complete_binding_validation) ... ok
test_same_process_replay_is_exact (test_contract_test_adapter.ContractTestAdapterTests.test_same_process_replay_is_exact) ... ok
test_same_process_replay_skips_all_domain_services (test_contract_test_adapter.ContractTestAdapterTests.test_same_process_replay_skips_all_domain_services) ... ok
test_same_request_id_with_different_valid_hash_is_rejected (test_contract_test_adapter.ContractTestAdapterTests.test_same_request_id_with_different_valid_hash_is_rejected) ... ok
test_stable_internal_event_links_request_and_operation_not_source_event (test_contract_test_adapter.ContractTestAdapterTests.test_stable_internal_event_links_request_and_operation_not_source_event) ... ok
test_thinking_reads_message_only_from_perception_result (test_contract_test_adapter.ContractTestAdapterTests.test_thinking_reads_message_only_from_perception_result) ... ok
test_unapproved_action_cannot_create_mutation_event (test_contract_test_adapter.ContractTestAdapterTests.test_unapproved_action_cannot_create_mutation_event) ... ok
test_unknown_field_returns_schema_invalid (test_contract_test_adapter.ContractTestAdapterTests.test_unknown_field_returns_schema_invalid) ... ok
test_update_fixture_advances_revision_exactly_once (test_contract_test_adapter.ContractTestAdapterTests.test_update_fixture_advances_revision_exactly_once) ... ok
test_update_fixture_runs_thinking_action_event_and_evolution (test_contract_test_adapter.ContractTestAdapterTests.test_update_fixture_runs_thinking_action_event_and_evolution) ... ok
test_validation_order_is_fixed_before_domain_execution (test_contract_test_adapter.ContractTestAdapterTests.test_validation_order_is_fixed_before_domain_execution) ... ok
test_wrong_assistant_id_is_binding_mismatch (test_contract_test_adapter.ContractTestAdapterTests.test_wrong_assistant_id_is_binding_mismatch) ... ok
test_wrong_binding_id_is_binding_mismatch (test_contract_test_adapter.ContractTestAdapterTests.test_wrong_binding_id_is_binding_mismatch) ... ok
test_wrong_binding_version_is_binding_mismatch (test_contract_test_adapter.ContractTestAdapterTests.test_wrong_binding_version_is_binding_mismatch) ... ok
test_wrong_subject_id_is_binding_mismatch (test_contract_test_adapter.ContractTestAdapterTests.test_wrong_subject_id_is_binding_mismatch) ... ok
test_wrong_user_id_is_binding_mismatch (test_contract_test_adapter.ContractTestAdapterTests.test_wrong_user_id_is_binding_mismatch) ... ok
test_changed_false_recovers_without_event_or_revision_advance (test_e4_crash_recovery.E4CrashRecoveryTests.test_changed_false_recovers_without_event_or_revision_advance) ... ok
test_completed_result_before_operation_completion_recovery (test_e4_crash_recovery.E4CrashRecoveryTests.test_completed_result_before_operation_completion_recovery) ... ok
test_conflicting_progress_fails_closed (test_e4_crash_recovery.E4CrashRecoveryTests.test_conflicting_progress_fails_closed) ... ok
test_domain_checkpoint_recovery (test_e4_crash_recovery.E4CrashRecoveryTests.test_domain_checkpoint_recovery) ... ok
test_evolution_checkpoint_recovery (test_e4_crash_recovery.E4CrashRecoveryTests.test_evolution_checkpoint_recovery) ... ok
test_evolution_commit_before_operation_checkpoint_recovery (test_e4_crash_recovery.E4CrashRecoveryTests.test_evolution_commit_before_operation_checkpoint_recovery) ... ok
test_hash_conflict_remains_terminal_after_recovery (test_e4_crash_recovery.E4CrashRecoveryTests.test_hash_conflict_remains_terminal_after_recovery) ... ok
test_legacy_completed_operation_json_still_loads (test_e4_crash_recovery.E4CrashRecoveryTests.test_legacy_completed_operation_json_still_loads) ... ok
test_legacy_reserved_operation_with_completed_wake_and_thinking_recovers (test_e4_crash_recovery.E4CrashRecoveryTests.test_legacy_reserved_operation_with_completed_wake_and_thinking_recovers) ... ok
test_operation_reserved_recovery (test_e4_crash_recovery.E4CrashRecoveryTests.test_operation_reserved_recovery) ... ok
test_perception_checkpoint_recovery (test_e4_crash_recovery.E4CrashRecoveryTests.test_perception_checkpoint_recovery) ... ok
test_thinking_checkpoint_recovery (test_e4_crash_recovery.E4CrashRecoveryTests.test_thinking_checkpoint_recovery) ... ok
test_thinking_completed_before_operation_checkpoint_recovery (test_e4_crash_recovery.E4CrashRecoveryTests.test_thinking_completed_before_operation_checkpoint_recovery) ... ok
test_wake_checkpoint_recovery (test_e4_crash_recovery.E4CrashRecoveryTests.test_wake_checkpoint_recovery) ... ok
test_wake_completed_before_operation_checkpoint_recovery (test_e4_crash_recovery.E4CrashRecoveryTests.test_wake_completed_before_operation_checkpoint_recovery) ... ok
test_authorized_post_returns_raw_success_envelope (test_e4_integration_http.E4IntegrationHTTPTests.test_authorized_post_returns_raw_success_envelope) ... ok
test_binding_error_is_http_200_machine_envelope (test_e4_integration_http.E4IntegrationHTTPTests.test_binding_error_is_http_200_machine_envelope) ... ok
test_body_over_one_mebibyte_returns_413 (test_e4_integration_http.E4IntegrationHTTPTests.test_body_over_one_mebibyte_returns_413) ... ok
test_chunked_transfer_is_rejected (test_e4_integration_http.E4IntegrationHTTPTests.test_chunked_transfer_is_rejected) ... ok
test_client_disconnect_does_not_traceback_or_stop_server (test_e4_integration_http.E4IntegrationHTTPTests.test_client_disconnect_does_not_traceback_or_stop_server) ... ok
test_completed_query_returns_nested_first_result (test_e4_integration_http.E4IntegrationHTTPTests.test_completed_query_returns_nested_first_result) ... ok
test_config_defaults_are_loopback_and_8766 (test_e4_integration_http.E4IntegrationHTTPTests.test_config_defaults_are_loopback_and_8766) ... ok
test_content_type_accepts_only_two_json_forms (test_e4_integration_http.E4IntegrationHTTPTests.test_content_type_accepts_only_two_json_forms) ... ok
test_controlled_500_has_no_traceback_or_token (test_e4_integration_http.E4IntegrationHTTPTests.test_controlled_500_has_no_traceback_or_token) ... ok
test_corruption_makes_readiness_503_without_details (test_e4_integration_http.E4IntegrationHTTPTests.test_corruption_makes_readiness_503_without_details) ... ok
test_idempotency_error_is_http_200_machine_envelope (test_e4_integration_http.E4IntegrationHTTPTests.test_idempotency_error_is_http_200_machine_envelope) ... ok
test_invalid_encoded_query_id_is_400 (test_e4_integration_http.E4IntegrationHTTPTests.test_invalid_encoded_query_id_is_400) ... ok
test_invalid_utf8_json_nonobject_and_missing_request_id_return_400 (test_e4_integration_http.E4IntegrationHTTPTests.test_invalid_utf8_json_nonobject_and_missing_request_id_return_400) ... ok
test_live_is_minimal_and_does_not_require_token (test_e4_integration_http.E4IntegrationHTTPTests.test_live_is_minimal_and_does_not_require_token) ... ok
test_missing_content_length_returns_411 (test_e4_integration_http.E4IntegrationHTTPTests.test_missing_content_length_returns_411) ... ok
test_missing_or_wrong_token_returns_401 (test_e4_integration_http.E4IntegrationHTTPTests.test_missing_or_wrong_token_returns_401) ... ok
test_non_loopback_hosts_are_rejected (test_e4_integration_http.E4IntegrationHTTPTests.test_non_loopback_hosts_are_rejected) ... ok
test_parseable_header_error_uses_json_boundary (test_e4_integration_http.E4IntegrationHTTPTests.test_parseable_header_error_uses_json_boundary) ... ok
test_partial_body_times_out_then_health_recovers (test_e4_integration_http.E4IntegrationHTTPTests.test_partial_body_times_out_then_health_recovers) ... ok
test_query_does_not_execute_domain (test_e4_integration_http.E4IntegrationHTTPTests.test_query_does_not_execute_domain) ... ok
test_read_timeout_must_be_positive_and_finite (test_e4_integration_http.E4IntegrationHTTPTests.test_read_timeout_must_be_positive_and_finite) ... ok
test_ready_is_minimal_and_does_not_require_token (test_e4_integration_http.E4IntegrationHTTPTests.test_ready_is_minimal_and_does_not_require_token) ... ok
test_real_serve_process_accepts_one_http_request (test_e4_integration_http.E4IntegrationHTTPTests.test_real_serve_process_accepts_one_http_request) ... ok
test_recovery_required_query_is_http_200_with_null_result (test_e4_integration_http.E4IntegrationHTTPTests.test_recovery_required_query_is_http_200_with_null_result) ... ok
test_rejected_unread_bodies_close_connection_without_pipelining (test_e4_integration_http.E4IntegrationHTTPTests.test_rejected_unread_bodies_close_connection_without_pipelining) ... ok
test_revision_error_is_http_200_machine_envelope (test_e4_integration_http.E4IntegrationHTTPTests.test_revision_error_is_http_200_machine_envelope) ... ok
test_schema_error_is_http_200_machine_envelope (test_e4_integration_http.E4IntegrationHTTPTests.test_schema_error_is_http_200_machine_envelope) ... ok
test_serve_command_without_token_fails_without_initializing (test_e4_integration_http.E4IntegrationHTTPTests.test_serve_command_without_token_fails_without_initializing) ... ok
test_server_socket_is_ipv4_loopback_only (test_e4_integration_http.E4IntegrationHTTPTests.test_server_socket_is_ipv4_loopback_only) ... ok
test_short_or_missing_token_is_rejected_at_configuration (test_e4_integration_http.E4IntegrationHTTPTests.test_short_or_missing_token_is_rejected_at_configuration) ... ok
test_token_is_not_persisted_or_echoed (test_e4_integration_http.E4IntegrationHTTPTests.test_token_is_not_persisted_or_echoed) ... ok
test_unknown_http_method_is_json_405_and_closes_connection (test_e4_integration_http.E4IntegrationHTTPTests.test_unknown_http_method_is_json_405_and_closes_connection) ... ok
test_unknown_path_and_wrong_methods_are_distinct (test_e4_integration_http.E4IntegrationHTTPTests.test_unknown_path_and_wrong_methods_are_distinct) ... ok
test_unknown_query_is_transport_404 (test_e4_integration_http.E4IntegrationHTTPTests.test_unknown_query_is_transport_404) ... ok
test_binding_hash_is_independently_recalculated (test_e4_local_integration.E4LocalIntegrationTests.test_binding_hash_is_independently_recalculated) ... ok
test_binding_timestamps_are_preserved (test_e4_local_integration.E4LocalIntegrationTests.test_binding_timestamps_are_preserved) ... ok
test_changed_false_does_not_evolve (test_e4_local_integration.E4LocalIntegrationTests.test_changed_false_does_not_evolve) ... ok
test_changed_true_evolves_exactly_once (test_e4_local_integration.E4LocalIntegrationTests.test_changed_true_evolves_exactly_once) ... ok
test_completed_query_returns_first_complete_result (test_e4_local_integration.E4LocalIntegrationTests.test_completed_query_returns_first_complete_result) ... ok
test_completed_result_with_noncompleted_operation_is_reconciled (test_e4_local_integration.E4LocalIntegrationTests.test_completed_result_with_noncompleted_operation_is_reconciled) ... ok
test_corrupt_binding_input_is_rejected (test_e4_local_integration.E4LocalIntegrationTests.test_corrupt_binding_input_is_rejected) ... ok
test_corrupt_persisted_binding_is_rejected (test_e4_local_integration.E4LocalIntegrationTests.test_corrupt_persisted_binding_is_rejected) ... ok
test_cycle_id_is_not_part_of_fixture_hash (test_e4_local_integration.E4LocalIntegrationTests.test_cycle_id_is_not_part_of_fixture_hash) ... ok
test_different_binding_is_rejected (test_e4_local_integration.E4LocalIntegrationTests.test_different_binding_is_rejected) ... ok
test_different_cycle_id_is_rejected (test_e4_local_integration.E4LocalIntegrationTests.test_different_cycle_id_is_rejected) ... ok
test_empty_directory_explicit_initialization_succeeds (test_e4_local_integration.E4LocalIntegrationTests.test_empty_directory_explicit_initialization_succeeds) ... ok
test_formal_adapter_and_test_adapter_share_service_class (test_e4_local_integration.E4LocalIntegrationTests.test_formal_adapter_and_test_adapter_share_service_class) ... ok
test_formal_binding_repository_is_immutable (test_e4_local_integration.E4LocalIntegrationTests.test_formal_binding_repository_is_immutable) ... ok
test_formal_build_does_not_call_contract_test_bootstrap (test_e4_local_integration.E4LocalIntegrationTests.test_formal_build_does_not_call_contract_test_bootstrap) ... ok
test_formal_modules_do_not_import_test_or_legacy_boundaries (test_e4_local_integration.E4LocalIntegrationTests.test_formal_modules_do_not_import_test_or_legacy_boundaries) ... ok
test_init_cli_rejects_different_existing_configuration (test_e4_local_integration.E4LocalIntegrationTests.test_init_cli_rejects_different_existing_configuration) ... ok
test_init_cli_succeeds_and_is_idempotent (test_e4_local_integration.E4LocalIntegrationTests.test_init_cli_succeeds_and_is_idempotent) ... ok
test_ledger_initialization_rejects_one_missing_file (test_e4_local_integration.E4LocalIntegrationTests.test_ledger_initialization_rejects_one_missing_file) ... ok
test_nonterminal_operation_query_is_recovery_required (test_e4_local_integration.E4LocalIntegrationTests.test_nonterminal_operation_query_is_recovery_required) ... ok
test_only_shared_service_defines_domain_processing_methods (test_e4_local_integration.E4LocalIntegrationTests.test_only_shared_service_defines_domain_processing_methods) ... ok
test_partial_initialization_is_rejected (test_e4_local_integration.E4LocalIntegrationTests.test_partial_initialization_is_rejected) ... ok
test_query_model_has_exact_envelope_shape (test_e4_local_integration.E4LocalIntegrationTests.test_query_model_has_exact_envelope_shape) ... ok
test_rebuild_restores_completed_result_exactly (test_e4_local_integration.E4LocalIntegrationTests.test_rebuild_restores_completed_result_exactly) ... ok
test_recovery_with_different_hash_returns_idempotency_error (test_e4_local_integration.E4LocalIntegrationTests.test_recovery_with_different_hash_returns_idempotency_error) ... ok
test_reserved_recovery_post_reuses_operation_id (test_e4_local_integration.E4LocalIntegrationTests.test_reserved_recovery_post_reuses_operation_id) ... ok
test_runtime_binding_is_not_the_fixture_model (test_e4_local_integration.E4LocalIntegrationTests.test_runtime_binding_is_not_the_fixture_model) ... ok
test_same_configuration_repeated_init_is_idempotent (test_e4_local_integration.E4LocalIntegrationTests.test_same_configuration_repeated_init_is_idempotent) ... ok
test_service_wraps_unexpected_fault_in_formal_error (test_e4_local_integration.E4LocalIntegrationTests.test_service_wraps_unexpected_fault_in_formal_error) ... ok
test_uninitialized_serve_graph_does_not_create_state (test_e4_local_integration.E4LocalIntegrationTests.test_uninitialized_serve_graph_does_not_create_state) ... ok
test_unknown_binding_field_is_rejected (test_e4_local_integration.E4LocalIntegrationTests.test_unknown_binding_field_is_rejected) ... ok
test_unknown_query_returns_none_without_domain_execution (test_e4_local_integration.E4LocalIntegrationTests.test_unknown_query_returns_none_without_domain_execution) ... ok
test_wrong_binding_hash_is_rejected_without_data_creation (test_e4_local_integration.E4LocalIntegrationTests.test_wrong_binding_hash_is_rejected_without_data_creation) ... ok
test_blank_success_is_rejected_before_persistence_and_valid_retry_completes (test_e5_capability_flow.E5CapabilityFlowTests.test_blank_success_is_rejected_before_persistence_and_valid_retry_completes) ... ok
test_capability_mode_returns_durable_capability_required (test_e5_capability_flow.E5CapabilityFlowTests.test_capability_mode_returns_durable_capability_required) ... ok
test_capability_request_survives_rebuild_exactly (test_e5_capability_flow.E5CapabilityFlowTests.test_capability_request_survives_rebuild_exactly) ... ok
test_default_deterministic_mode_retains_e4_behavior (test_e5_capability_flow.E5CapabilityFlowTests.test_default_deterministic_mode_retains_e4_behavior) ... ok
test_exact_result_replay_returns_first_completed_result (test_e5_capability_flow.E5CapabilityFlowTests.test_exact_result_replay_returns_first_completed_result) ... ok
test_repeated_init_is_idempotent_for_retryable_and_unknown_attempts (test_e5_capability_flow.E5CapabilityFlowTests.test_repeated_init_is_idempotent_for_retryable_and_unknown_attempts) ... ok
test_repeated_init_is_idempotent_for_unused_and_waiting_capability_data (test_e5_capability_flow.E5CapabilityFlowTests.test_repeated_init_is_idempotent_for_unused_and_waiting_capability_data) ... ok
test_repeated_init_preserves_completed_capability_history_and_mode_guard (test_e5_capability_flow.E5CapabilityFlowTests.test_repeated_init_preserves_completed_capability_history_and_mode_guard) ... ok
test_repeated_query_returns_identical_capability_request (test_e5_capability_flow.E5CapabilityFlowTests.test_repeated_query_returns_identical_capability_request) ... ok
test_request_and_result_schema_reject_unknown_fields (test_e5_capability_flow.E5CapabilityFlowTests.test_request_and_result_schema_reject_unknown_fields) ... ok
test_result_cannot_exceed_request_output_limit (test_e5_capability_flow.E5CapabilityFlowTests.test_result_cannot_exceed_request_output_limit) ... ok
test_result_completion_cannot_precede_request_creation (test_e5_capability_flow.E5CapabilityFlowTests.test_result_completion_cannot_precede_request_creation) ... ok
test_result_completion_cannot_precede_start (test_e5_capability_flow.E5CapabilityFlowTests.test_result_completion_cannot_precede_start) ... ok
test_result_id_reuse_with_different_content_is_rejected (test_e5_capability_flow.E5CapabilityFlowTests.test_result_id_reuse_with_different_content_is_rejected) ... ok
test_result_start_cannot_precede_request_creation (test_e5_capability_flow.E5CapabilityFlowTests.test_result_start_cannot_precede_request_creation) ... ok
test_retryable_and_unknown_remain_capability_required (test_e5_capability_flow.E5CapabilityFlowTests.test_retryable_and_unknown_remain_capability_required) ... ok
test_retryable_attempt_can_be_followed_by_success (test_e5_capability_flow.E5CapabilityFlowTests.test_retryable_attempt_can_be_followed_by_success) ... ok
test_schema_registry_is_closed_and_complete (test_e5_capability_flow.E5CapabilityFlowTests.test_schema_registry_is_closed_and_complete) ... ok
test_second_success_for_same_request_is_rejected (test_e5_capability_flow.E5CapabilityFlowTests.test_second_success_for_same_request_is_rejected) ... ok
test_success_resumes_thinking_action_and_reply_without_state_change (test_e5_capability_flow.E5CapabilityFlowTests.test_success_resumes_thinking_action_and_reply_without_state_change) ... ok
test_terminal_statuses_return_capability_failed_without_state_change (test_e5_capability_flow.E5CapabilityFlowTests.test_terminal_statuses_return_capability_failed_without_state_change) ... ok
test_think_session_waits_with_stable_binding (test_e5_capability_flow.E5CapabilityFlowTests.test_think_session_waits_with_stable_binding) ... ok
test_unknown_fields_and_mutation_fields_are_rejected (test_e5_capability_flow.E5CapabilityFlowTests.test_unknown_fields_and_mutation_fields_are_rejected) ... ok
test_wrong_content_hash_is_rejected (test_e5_capability_flow.E5CapabilityFlowTests.test_wrong_content_hash_is_rejected) ... ok
test_wrong_identity_fields_are_rejected (test_e5_capability_flow.E5CapabilityFlowTests.test_wrong_identity_fields_are_rejected) ... ok
test_blank_success_is_controlled_400_without_durable_side_effects (test_e5_capability_http.E5CapabilityHTTPTests.test_blank_success_is_controlled_400_without_durable_side_effects) ... ok
test_capability_result_requires_bearer_token (test_e5_capability_http.E5CapabilityHTTPTests.test_capability_result_requires_bearer_token) ... ok
test_configuration_rejects_untyped_thinking_mode (test_e5_capability_http.E5CapabilityHTTPTests.test_configuration_rejects_untyped_thinking_mode) ... ok
test_content_type_boundary_is_shared_with_e4 (test_e5_capability_http.E5CapabilityHTTPTests.test_content_type_boundary_is_shared_with_e4) ... ok
test_http_capability_result_completes_original_interaction (test_e5_capability_http.E5CapabilityHTTPTests.test_http_capability_result_completes_original_interaction) ... ok
test_http_interaction_returns_capability_required (test_e5_capability_http.E5CapabilityHTTPTests.test_http_interaction_returns_capability_required) ... ok
test_http_server_rejects_app_mode_mismatch (test_e5_capability_http.E5CapabilityHTTPTests.test_http_server_rejects_app_mode_mismatch) ... ok
test_invalid_json_is_a_controlled_400 (test_e5_capability_http.E5CapabilityHTTPTests.test_invalid_json_is_a_controlled_400) ... ok
test_invalid_result_json_shape_is_400 (test_e5_capability_http.E5CapabilityHTTPTests.test_invalid_result_json_shape_is_400) ... ok
test_oversized_capability_result_is_rejected_before_parsing (test_e5_capability_http.E5CapabilityHTTPTests.test_oversized_capability_result_is_rejected_before_parsing) ... ok
test_query_transitions_from_required_to_completed (test_e5_capability_http.E5CapabilityHTTPTests.test_query_transitions_from_required_to_completed) ... ok
test_result_id_conflict_is_409 (test_e5_capability_http.E5CapabilityHTTPTests.test_result_id_conflict_is_409) ... ok
test_unknown_capability_request_is_404 (test_e5_capability_http.E5CapabilityHTTPTests.test_unknown_capability_request_is_404) ... ok
test_wrong_method_and_path_use_json_transport_errors (test_e5_capability_http.E5CapabilityHTTPTests.test_wrong_method_and_path_use_json_transport_errors) ... ok
test_action_completed_before_domain_checkpoint_recovery (test_e5_capability_recovery.E5CapabilityRecoveryTests.test_action_completed_before_domain_checkpoint_recovery) ... ok
test_before_capability_request_creation_recovery (test_e5_capability_recovery.E5CapabilityRecoveryTests.test_before_capability_request_creation_recovery) ... ok
test_capability_waiting_checkpoint_recovery (test_e5_capability_recovery.E5CapabilityRecoveryTests.test_capability_waiting_checkpoint_recovery) ... ok
test_completed_result_before_operation_completion_recovery (test_e5_capability_recovery.E5CapabilityRecoveryTests.test_completed_result_before_operation_completion_recovery) ... ok
test_conflicting_result_replay_fails_closed_after_rebuild (test_e5_capability_recovery.E5CapabilityRecoveryTests.test_conflicting_result_replay_fails_closed_after_rebuild) ... ok
test_corrupt_capability_checkpoint_fails_closed (test_e5_capability_recovery.E5CapabilityRecoveryTests.test_corrupt_capability_checkpoint_fails_closed) ... ok
test_domain_checkpoint_recovery (test_e5_capability_recovery.E5CapabilityRecoveryTests.test_domain_checkpoint_recovery) ... ok
test_operation_reserved_recovery (test_e5_capability_recovery.E5CapabilityRecoveryTests.test_operation_reserved_recovery) ... ok
test_perception_checkpoint_recovery (test_e5_capability_recovery.E5CapabilityRecoveryTests.test_perception_checkpoint_recovery) ... ok
test_request_saved_before_waiting_checkpoint_recovery (test_e5_capability_recovery.E5CapabilityRecoveryTests.test_request_saved_before_waiting_checkpoint_recovery) ... ok
test_result_checkpoint_recovery (test_e5_capability_recovery.E5CapabilityRecoveryTests.test_result_checkpoint_recovery) ... ok
test_result_persisted_before_operation_checkpoint_recovery (test_e5_capability_recovery.E5CapabilityRecoveryTests.test_result_persisted_before_operation_checkpoint_recovery) ... ok
test_result_received_before_persistence_recovery (test_e5_capability_recovery.E5CapabilityRecoveryTests.test_result_received_before_persistence_recovery) ... ok
test_thinking_checkpoint_recovery (test_e5_capability_recovery.E5CapabilityRecoveryTests.test_thinking_checkpoint_recovery) ... ok
test_thinking_completed_before_operation_checkpoint_recovery (test_e5_capability_recovery.E5CapabilityRecoveryTests.test_thinking_completed_before_operation_checkpoint_recovery) ... ok
test_direct_save_cannot_bypass_existing_event_history (test_event_persistence.EventPersistenceTests.test_direct_save_cannot_bypass_existing_event_history) ... ok
test_exact_event_replay_remains_idempotent_after_restart (test_event_persistence.EventPersistenceTests.test_exact_event_replay_remains_idempotent_after_restart) ... ok
test_replay_after_later_revision_reports_historical_update_explicitly (test_event_persistence.EventPersistenceTests.test_replay_after_later_revision_reports_historical_update_explicitly) ... ok
test_same_event_identity_with_different_body_fails_closed (test_event_persistence.EventPersistenceTests.test_same_event_identity_with_different_body_fails_closed) ... ok
test_same_event_is_an_exact_idempotent_replay (test_event_persistence.EventPersistenceTests.test_same_event_is_an_exact_idempotent_replay) ... ok
test_state_and_causal_update_survive_service_restart (test_event_persistence.EventPersistenceTests.test_state_and_causal_update_survive_service_restart) ... ok
test_event_cannot_change_field_outside_impact_scope (test_evolution.SubjectStateEvolutionTests.test_event_cannot_change_field_outside_impact_scope) ... ok
test_event_produces_new_state_and_auditable_differences (test_evolution.SubjectStateEvolutionTests.test_event_produces_new_state_and_auditable_differences) ... ok
test_config_reserves_identity_and_realtime_extension_points (test_frontend_integration.FrontendIntegrationTests.test_config_reserves_identity_and_realtime_extension_points) ... ok
test_frontend_client_can_send_requests_and_render_responses (test_frontend_integration.FrontendIntegrationTests.test_frontend_client_can_send_requests_and_render_responses) ... ok
test_frontend_contains_no_subject_memory_or_personality_storage (test_frontend_integration.FrontendIntegrationTests.test_frontend_contains_no_subject_memory_or_personality_storage) ... ok
test_http_chat_runs_event_to_action_flow_and_returns_reply (test_frontend_integration.FrontendIntegrationTests.test_http_chat_runs_event_to_action_flow_and_returns_reply) ... ok
test_local_frontend_bootstrap_requires_explicit_initialization (test_frontend_integration.FrontendIntegrationTests.test_local_frontend_bootstrap_requires_explicit_initialization) ... ok
test_stale_frontend_revision_is_reported_without_new_event (test_frontend_integration.FrontendIntegrationTests.test_stale_frontend_revision_is_reported_without_new_event) ... ok
test_changed_or_unknown_fixed_binding_fixture_is_rejected (test_integration_contract.MachineContractNegativeTests.test_changed_or_unknown_fixed_binding_fixture_is_rejected) ... ok
test_changing_any_binding_fixture_field_changes_its_hash (test_integration_contract.MachineContractNegativeTests.test_changing_any_binding_fixture_field_changes_its_hash) ... ok
test_conversation_reference_mismatch_is_rejected (test_integration_contract.MachineContractNegativeTests.test_conversation_reference_mismatch_is_rejected) ... ok
test_empty_facts_are_rejected (test_integration_contract.MachineContractNegativeTests.test_empty_facts_are_rejected) ... ok
test_empty_observations_are_rejected (test_integration_contract.MachineContractNegativeTests.test_empty_observations_are_rejected) ... ok
test_fact_conversation_reference_mismatch_is_rejected (test_integration_contract.MachineContractNegativeTests.test_fact_conversation_reference_mismatch_is_rejected) ... ok
test_identity_mismatch_is_rejected (test_integration_contract.MachineContractNegativeTests.test_identity_mismatch_is_rejected) ... ok
test_incorrect_content_hash_is_rejected (test_integration_contract.MachineContractNegativeTests.test_incorrect_content_hash_is_rejected) ... ok
test_incorrect_request_hash_is_rejected (test_integration_contract.MachineContractNegativeTests.test_incorrect_request_hash_is_rejected) ... ok
test_message_body_in_observation_is_rejected (test_integration_contract.MachineContractNegativeTests.test_message_body_in_observation_is_rejected) ... ok
test_more_than_one_fact_is_rejected (test_integration_contract.MachineContractNegativeTests.test_more_than_one_fact_is_rejected) ... ok
test_more_than_one_observation_is_rejected (test_integration_contract.MachineContractNegativeTests.test_more_than_one_observation_is_rejected) ... ok
test_negative_expected_revision_is_rejected (test_integration_contract.MachineContractNegativeTests.test_negative_expected_revision_is_rejected) ... ok
test_nested_unknown_field_is_rejected (test_integration_contract.MachineContractNegativeTests.test_nested_unknown_field_is_rejected) ... ok
test_non_utc_or_invalid_times_are_rejected (test_integration_contract.MachineContractNegativeTests.test_non_utc_or_invalid_times_are_rejected) ... ok
test_observation_refs_mismatch_is_rejected (test_integration_contract.MachineContractNegativeTests.test_observation_refs_mismatch_is_rejected) ... ok
test_state_write_fields_are_rejected_before_domain_conversion (test_integration_contract.MachineContractNegativeTests.test_state_write_fields_are_rejected_before_domain_conversion) ... ok
test_top_level_unknown_field_is_rejected (test_integration_contract.MachineContractNegativeTests.test_top_level_unknown_field_is_rejected) ... ok
test_unresolvable_reference_fails_locally_without_network_access (test_integration_contract.MachineContractNegativeTests.test_unresolvable_reference_fails_locally_without_network_access) ... ok
test_uppercase_hash_is_rejected (test_integration_contract.MachineContractNegativeTests.test_uppercase_hash_is_rejected) ... ok
test_all_three_fixed_hashes_are_independently_recalculated (test_integration_contract.MachineContractPositiveTests.test_all_three_fixed_hashes_are_independently_recalculated) ... ok
test_conformance_vector_passes_all_validation (test_integration_contract.MachineContractPositiveTests.test_conformance_vector_passes_all_validation) ... ok
test_conformance_vector_passes_the_request_schema (test_integration_contract.MachineContractPositiveTests.test_conformance_vector_passes_the_request_schema) ... ok
test_fixed_binding_fixture_validates_and_round_trips (test_integration_contract.MachineContractPositiveTests.test_fixed_binding_fixture_validates_and_round_trips) ... ok
test_object_field_order_does_not_change_rfc8785_or_request_hash (test_integration_contract.MachineContractPositiveTests.test_object_field_order_does_not_change_rfc8785_or_request_hash) ... ok
test_request_hash_excludes_only_the_top_level_request_hash (test_integration_contract.MachineContractPositiveTests.test_request_hash_excludes_only_the_top_level_request_hash) ... ok
test_request_schema_has_the_two_exact_local_references (test_integration_contract.MachineContractPositiveTests.test_request_schema_has_the_two_exact_local_references) ... ok
test_three_schemas_are_registered_with_unique_absolute_ids (test_integration_contract.MachineContractPositiveTests.test_three_schemas_are_registered_with_unique_absolute_ids) ... ok
test_typed_model_round_trips_the_conformance_vector_losslessly (test_integration_contract.MachineContractPositiveTests.test_typed_model_round_trips_the_conformance_vector_losslessly) ... ok
test_unicode_content_produces_stable_content_and_request_hashes (test_integration_contract.MachineContractPositiveTests.test_unicode_content_produces_stable_content_and_request_hashes) ... ok
test_all_four_error_envelopes_have_exact_fixed_values (test_integration_persistence.FirstRoundResultModelTests.test_all_four_error_envelopes_have_exact_fixed_values) ... ok
test_changed_projection_advances_once_and_requires_update_id (test_integration_persistence.FirstRoundResultModelTests.test_changed_projection_advances_once_and_requires_update_id) ... ok
test_content_hash_matches_independent_minimal_snapshot_calculation (test_integration_persistence.FirstRoundResultModelTests.test_content_hash_matches_independent_minimal_snapshot_calculation) ... ok
test_error_envelope_rejects_non_null_operation_and_unknown_fields (test_integration_persistence.FirstRoundResultModelTests.test_error_envelope_rejects_non_null_operation_and_unknown_fields) ... ok
test_idempotency_conflict_alias_is_rejected (test_integration_persistence.FirstRoundResultModelTests.test_idempotency_conflict_alias_is_rejected) ... ok
test_illegal_projection_invariant_combinations_are_rejected (test_integration_persistence.FirstRoundResultModelTests.test_illegal_projection_invariant_combinations_are_rejected) ... ok
test_snapshot_rejects_unknown_fields_and_full_subject_state (test_integration_persistence.FirstRoundResultModelTests.test_snapshot_rejects_unknown_fields_and_full_subject_state) ... ok
test_state_hash_matches_independent_rfc8785_calculation (test_integration_persistence.FirstRoundResultModelTests.test_state_hash_matches_independent_rfc8785_calculation) ... ok
test_success_result_has_exact_fields_and_round_trips (test_integration_persistence.FirstRoundResultModelTests.test_success_result_has_exact_fields_and_round_trips) ... ok
test_success_result_is_immutable (test_integration_persistence.FirstRoundResultModelTests.test_success_result_is_immutable) ... ok
test_success_result_rejects_unknown_missing_or_non_completed_fields (test_integration_persistence.FirstRoundResultModelTests.test_success_result_rejects_unknown_missing_or_non_completed_fields) ... ok
test_unchanged_projection_has_exact_minimal_shape (test_integration_persistence.FirstRoundResultModelTests.test_unchanged_projection_has_exact_minimal_shape) ... ok
test_unicode_and_object_field_order_do_not_change_projection_hashes (test_integration_persistence.FirstRoundResultModelTests.test_unicode_and_object_field_order_do_not_change_projection_hashes) ... ok
test_changed_binding_and_incorrect_declared_hash_are_rejected (test_integration_persistence.FixedBindingPersistenceTests.test_changed_binding_and_incorrect_declared_hash_are_rejected) ... ok
test_corrupt_binding_json_is_rejected (test_integration_persistence.FixedBindingPersistenceTests.test_corrupt_binding_json_is_rejected) ... ok
test_fixed_binding_persists_and_recovers_after_restart (test_integration_persistence.FixedBindingPersistenceTests.test_fixed_binding_persists_and_recovers_after_restart) ... ok
test_missing_binding_fails_explicitly (test_integration_persistence.FixedBindingPersistenceTests.test_missing_binding_fails_explicitly) ... ok
test_tampered_binding_fixture_is_rejected_on_recovery (test_integration_persistence.FixedBindingPersistenceTests.test_tampered_binding_fixture_is_rejected_on_recovery) ... ok
test_tampered_binding_hash_is_rejected_on_recovery (test_integration_persistence.FixedBindingPersistenceTests.test_tampered_binding_hash_is_rejected_on_recovery) ... ok
test_unsupported_binding_persistence_version_is_rejected (test_integration_persistence.FixedBindingPersistenceTests.test_unsupported_binding_persistence_version_is_rejected) ... ok
test_completed_request_id_cannot_be_overwritten (test_integration_persistence.IntegrationResultLedgerTests.test_completed_request_id_cannot_be_overwritten) ... ok
test_completed_result_replays_exactly_after_restart (test_integration_persistence.IntegrationResultLedgerTests.test_completed_result_replays_exactly_after_restart) ... ok
test_corrupt_ledger_json_is_rejected (test_integration_persistence.IntegrationResultLedgerTests.test_corrupt_ledger_json_is_rejected) ... ok
test_half_completed_record_is_not_treated_as_completed (test_integration_persistence.IntegrationResultLedgerTests.test_half_completed_record_is_not_treated_as_completed) ... ok
test_lookup_distinguishes_not_found_completed_and_hash_conflict (test_integration_persistence.IntegrationResultLedgerTests.test_lookup_distinguishes_not_found_completed_and_hash_conflict) ... ok
test_missing_ledger_fields_are_rejected (test_integration_persistence.IntegrationResultLedgerTests.test_missing_ledger_fields_are_rejected) ... ok
test_multiple_unchanged_requests_can_reuse_same_projection (test_integration_persistence.IntegrationResultLedgerTests.test_multiple_unchanged_requests_can_reuse_same_projection) ... ok
test_non_null_engine_update_id_must_be_unique (test_integration_persistence.IntegrationResultLedgerTests.test_non_null_engine_update_id_must_be_unique) ... ok
test_null_engine_update_id_has_no_global_uniqueness_conflict (test_integration_persistence.IntegrationResultLedgerTests.test_null_engine_update_id_has_no_global_uniqueness_conflict) ... ok
test_projection_hash_mismatch_is_rejected_on_recovery (test_integration_persistence.IntegrationResultLedgerTests.test_projection_hash_mismatch_is_rejected_on_recovery) ... ok
test_same_request_and_hash_replay_creates_no_new_ids_or_time (test_integration_persistence.IntegrationResultLedgerTests.test_same_request_and_hash_replay_creates_no_new_ids_or_time) ... ok
test_same_revision_with_different_content_or_state_hash_is_rejected (test_integration_persistence.IntegrationResultLedgerTests.test_same_revision_with_different_content_or_state_hash_is_rejected) ... ok
test_subject_revision_projection_is_unique (test_integration_persistence.IntegrationResultLedgerTests.test_subject_revision_projection_is_unique) ... ok
test_unchanged_request_can_reference_snapshot_created_by_prior_update (test_integration_persistence.IntegrationResultLedgerTests.test_unchanged_request_can_reference_snapshot_created_by_prior_update) ... ok
test_unsupported_ledger_version_is_rejected (test_integration_persistence.IntegrationResultLedgerTests.test_unsupported_ledger_version_is_rejected) ... ok
test_write_failure_leaves_previous_valid_ledger_readable (test_integration_persistence.IntegrationResultLedgerTests.test_write_failure_leaves_previous_valid_ledger_readable) ... ok
test_action_query_is_read_only_and_explicit_when_no_plan_exists (test_interfaces.InterfaceLayerTests.test_action_query_is_read_only_and_explicit_when_no_plan_exists) ... ok
test_api_get_subject_state_returns_unified_response (test_interfaces.InterfaceLayerTests.test_api_get_subject_state_returns_unified_response) ... ok
test_api_returns_latest_audited_action_decision_and_plan (test_interfaces.InterfaceLayerTests.test_api_returns_latest_audited_action_decision_and_plan) ... ok
test_api_returns_snapshot_and_has_no_direct_state_write_endpoint (test_interfaces.InterfaceLayerTests.test_api_returns_snapshot_and_has_no_direct_state_write_endpoint) ... ok
test_external_request_cannot_bypass_permission_context (test_interfaces.InterfaceLayerTests.test_external_request_cannot_bypass_permission_context) ... ok
test_manual_wake_requires_confirmation_and_remains_read_only (test_interfaces.InterfaceLayerTests.test_manual_wake_requires_confirmation_and_remains_read_only) ... ok
test_mcp_adapter_exposes_only_declared_tool_facade (test_interfaces.InterfaceLayerTests.test_mcp_adapter_exposes_only_declared_tool_facade) ... ok
test_perception_and_thinking_are_available_through_api (test_interfaces.InterfaceLayerTests.test_perception_and_thinking_are_available_through_api) ... ok
test_resource_manager_participates_in_external_calls (test_interfaces.InterfaceLayerTests.test_resource_manager_participates_in_external_calls) ... ok
test_skill_adapter_contract_delegates_to_secured_api (test_interfaces.InterfaceLayerTests.test_skill_adapter_contract_delegates_to_secured_api) ... ok
test_confidence_can_be_raised_or_lowered_without_state_change (test_learning.PersonalityLearningTests.test_confidence_can_be_raised_or_lowered_without_state_change) ... ok
test_consistent_experiences_raise_confidence_and_validate (test_learning.PersonalityLearningTests.test_consistent_experiences_raise_confidence_and_validate) ... ok
test_consolidation_requires_confirmation_and_evolution (test_learning.PersonalityLearningTests.test_consolidation_requires_confirmation_and_evolution) ... ok
test_context_extracts_only_explicit_structured_learning_evidence (test_learning.PersonalityLearningTests.test_context_extracts_only_explicit_structured_learning_evidence) ... ok
test_learning_history_preserves_experience_reason_and_diff (test_learning.PersonalityLearningTests.test_learning_history_preserves_experience_reason_and_diff) ... ok
test_learning_state_recovers_after_restart (test_learning.PersonalityLearningTests.test_learning_state_recovers_after_restart) ... ok
test_single_experience_only_creates_candidate (test_learning.PersonalityLearningTests.test_single_experience_only_creates_candidate) ... ok
test_unvalidated_learning_cannot_be_consolidated (test_learning.PersonalityLearningTests.test_unvalidated_learning_cannot_be_consolidated) ... ok
test_wrong_learning_can_be_rolled_back_through_evolution (test_learning.PersonalityLearningTests.test_wrong_learning_can_be_rolled_back_through_evolution) ... ok
test_influence_cannot_reference_unselected_memory (test_memory_service.MemoryServiceTests.test_influence_cannot_reference_unselected_memory) ... ok
test_influence_record_links_selected_memory_to_state_update (test_memory_service.MemoryServiceTests.test_influence_record_links_selected_memory_to_state_update) ... ok
test_retrieval_filters_ranks_and_serializes_decisions (test_memory_service.MemoryServiceTests.test_retrieval_filters_ranks_and_serializes_decisions) ... ok
test_round_trip_preserves_all_six_state_sections (test_models.SubjectStateModelTests.test_round_trip_preserves_all_six_state_sections) ... ok
test_seconds_since_last_interaction_is_derived_from_timestamp (test_models.SubjectStateModelTests.test_seconds_since_last_interaction_is_derived_from_timestamp) ... ok
test_subject_id_must_not_be_blank (test_models.SubjectStateModelTests.test_subject_id_must_not_be_blank) ... ok
test_abandoned_active_sandbox_is_cleaned_after_24_hours (test_p01_sandbox.P01SandboxTests.test_abandoned_active_sandbox_is_cleaned_after_24_hours) ... ok
test_acceptance_proof_cannot_cross_snapshot (test_p01_sandbox.P01SandboxTests.test_acceptance_proof_cannot_cross_snapshot) ... ok
test_all_p01_repository_roots_are_inside_sandbox_and_formal_tree_is_unchanged (test_p01_sandbox.P01SandboxTests.test_all_p01_repository_roots_are_inside_sandbox_and_formal_tree_is_unchanged) ... ok
test_all_sandbox_component_timestamps_use_subject_clock (test_p01_sandbox.P01SandboxTests.test_all_sandbox_component_timestamps_use_subject_clock) ... ok
test_branch_is_independent_and_created_from_a_valid_snapshot (test_p01_sandbox.P01SandboxTests.test_branch_is_independent_and_created_from_a_valid_snapshot) ... ok
test_changed_true_and_rollback_restore_every_component_exactly (test_p01_sandbox.P01SandboxTests.test_changed_true_and_rollback_restore_every_component_exactly) ... ok
test_changed_without_rollback_cannot_create_acceptance_receipt (test_p01_sandbox.P01SandboxTests.test_changed_without_rollback_cannot_create_acceptance_receipt) ... ok
test_disposable_identity_binding_cycle_namespace_and_root_are_unique (test_p01_sandbox.P01SandboxTests.test_disposable_identity_binding_cycle_namespace_and_root_are_unique) ... ok
test_expiry_scan_runs_at_explicit_maintenance_entry (test_p01_sandbox.P01SandboxTests.test_expiry_scan_runs_at_explicit_maintenance_entry) ... ok
test_expiry_scan_runs_when_a_new_manager_starts (test_p01_sandbox.P01SandboxTests.test_expiry_scan_runs_when_a_new_manager_starts) ... ok
test_explicit_debug_retention_cannot_exceed_seven_days (test_p01_sandbox.P01SandboxTests.test_explicit_debug_retention_cannot_exceed_seven_days) ... ok
test_failed_sandbox_is_retained_for_exactly_24_hours (test_p01_sandbox.P01SandboxTests.test_failed_sandbox_is_retained_for_exactly_24_hours) ... ok
test_finalize_without_changed_and_rollback_is_rejected (test_p01_sandbox.P01SandboxTests.test_finalize_without_changed_and_rollback_is_rejected) ... ok
test_fixture_is_explicit_synthetic_test_data (test_p01_sandbox.P01SandboxTests.test_fixture_is_explicit_synthetic_test_data) ... ok
test_link_or_junction_cleanup_target_is_rejected (test_p01_sandbox.P01SandboxTests.test_link_or_junction_cleanup_target_is_rejected) ... ok
test_maintenance_clock_does_not_enter_subject_history (test_p01_sandbox.P01SandboxTests.test_maintenance_clock_does_not_enter_subject_history) ... ok
test_manual_cleanup_is_targeted_and_idempotent (test_p01_sandbox.P01SandboxTests.test_manual_cleanup_is_targeted_and_idempotent) ... ok
test_missing_sandbox_marker_refuses_cleanup (test_p01_sandbox.P01SandboxTests.test_missing_sandbox_marker_refuses_cleanup) ... ok
test_p01_runtime_does_not_require_vio_or_background_scheduler (test_p01_sandbox.P01SandboxTests.test_p01_runtime_does_not_require_vio_or_background_scheduler) ... ok
test_personality_and_relationship_fixture_use_event_evolution (test_p01_sandbox.P01SandboxTests.test_personality_and_relationship_fixture_use_event_evolution) ... ok
test_promotion_is_forbidden_in_manager_and_runtime (test_p01_sandbox.P01SandboxTests.test_promotion_is_forbidden_in_manager_and_runtime) ... ok
test_recomputed_internal_snapshot_hashes_do_not_bypass_external_anchor (test_p01_sandbox.P01SandboxTests.test_recomputed_internal_snapshot_hashes_do_not_bypass_external_anchor) ... ok
test_repository_formal_home_and_parent_roots_are_forbidden (test_p01_sandbox.P01SandboxTests.test_repository_formal_home_and_parent_roots_are_forbidden) ... ok
test_rollback_failure_restores_the_unchanged_current_branch (test_p01_sandbox.P01SandboxTests.test_rollback_failure_restores_the_unchanged_current_branch) ... ok
test_rollback_then_changed_fingerprint_cannot_create_receipt (test_p01_sandbox.P01SandboxTests.test_rollback_then_changed_fingerprint_cannot_create_receipt) ... ok
test_sandbox_root_is_physically_and_logically_isolated (test_p01_sandbox.P01SandboxTests.test_sandbox_root_is_physically_and_logically_isolated) ... ok
test_six_frozen_schema_file_hashes_are_unchanged (test_p01_sandbox.P01SandboxTests.test_six_frozen_schema_file_hashes_are_unchanged) ... ok
test_snapshot_component_identity_metadata_mismatch_is_rejected (test_p01_sandbox.P01SandboxTests.test_snapshot_component_identity_metadata_mismatch_is_rejected) ... ok
test_snapshot_creation_fails_when_a_component_is_missing (test_p01_sandbox.P01SandboxTests.test_snapshot_creation_fails_when_a_component_is_missing) ... ok
test_snapshot_creation_requires_the_known_revision (test_p01_sandbox.P01SandboxTests.test_snapshot_creation_requires_the_known_revision) ... ok
test_snapshot_has_every_required_logical_component (test_p01_sandbox.P01SandboxTests.test_snapshot_has_every_required_logical_component) ... ok
test_snapshot_rejects_duplicate_physical_component_mapping (test_p01_sandbox.P01SandboxTests.test_snapshot_rejects_duplicate_physical_component_mapping) ... ok
test_snapshot_rejects_unmapped_physical_file (test_p01_sandbox.P01SandboxTests.test_snapshot_rejects_unmapped_physical_file) ... ok
test_standard_engine_interaction_produces_real_changed_true_and_sessions (test_p01_sandbox.P01SandboxTests.test_standard_engine_interaction_produces_real_changed_true_and_sessions) ... ok
test_standard_interaction_durable_state_is_closed_world_snapshotted (test_p01_sandbox.P01SandboxTests.test_standard_interaction_durable_state_is_closed_world_snapshotted) ... ok
test_subject_clock_is_frozen_and_advance_is_predictable (test_p01_sandbox.P01SandboxTests.test_subject_clock_is_frozen_and_advance_is_predictable) ... ok
test_success_exports_evidence_before_automatic_cleanup (test_p01_sandbox.P01SandboxTests.test_success_exports_evidence_before_automatic_cleanup) ... ok
test_tampered_acceptance_receipt_is_rejected (test_p01_sandbox.P01SandboxTests.test_tampered_acceptance_receipt_is_rejected) ... ok
test_tampered_logical_component_is_rejected (test_p01_sandbox.P01SandboxTests.test_tampered_logical_component_is_rejected) ... ok
test_tampered_physical_payload_is_rejected (test_p01_sandbox.P01SandboxTests.test_tampered_physical_payload_is_rejected) ... ok
test_unknown_or_unregistered_directory_cannot_be_cleaned (test_p01_sandbox.P01SandboxTests.test_unknown_or_unregistered_directory_cannot_be_cleaned) ... ok
test_windows_reparse_attribute_is_treated_as_link_like (test_p01_sandbox.P01SandboxTests.test_windows_reparse_attribute_is_treated_as_link_like) ... ok
test_blank_output_is_rejected_before_engine_and_p02_acceptance (test_p02_model_capability.P02ModelCapabilityTests.test_blank_output_is_rejected_before_engine_and_p02_acceptance) ... ok
test_cancelled_expired_and_terminal_failures_are_terminal (test_p02_model_capability.P02ModelCapabilityTests.test_cancelled_expired_and_terminal_failures_are_terminal) ... ok
test_confirmed_profile_is_configurable_metadata_not_permanent_vendor_binding (test_p02_model_capability.P02ModelCapabilityTests.test_confirmed_profile_is_configurable_metadata_not_permanent_vendor_binding) ... ok
test_daily_budget_exhaustion_is_resource_error_without_provider_execution (test_p02_model_capability.P02ModelCapabilityTests.test_daily_budget_exhaustion_is_resource_error_without_provider_execution) ... ok
test_duplicate_request_replays_without_execution_credit_action_or_result_duplication (test_p02_model_capability.P02ModelCapabilityTests.test_duplicate_request_replays_without_execution_credit_action_or_result_duplication) ... ok
test_execution_ledger_has_no_hidden_chain_of_thought_field (test_p02_model_capability.P02ModelCapabilityTests.test_execution_ledger_has_no_hidden_chain_of_thought_field) ... ok
test_failed_round_does_not_pollute_the_next_successful_round (test_p02_model_capability.P02ModelCapabilityTests.test_failed_round_does_not_pollute_the_next_successful_round) ... ok
test_fake_provider_uses_no_socket_http_or_environment_credentials (test_p02_model_capability.P02ModelCapabilityTests.test_fake_provider_uses_no_socket_http_or_environment_credentials) ... ok
test_frozen_compatibility_ledger_field_does_not_create_vio_dependency (test_p02_model_capability.P02ModelCapabilityTests.test_frozen_compatibility_ledger_field_does_not_create_vio_dependency) ... ok
test_generation_failure_is_terminal_and_has_no_credit (test_p02_model_capability.P02ModelCapabilityTests.test_generation_failure_is_terminal_and_has_no_credit) ... ok
test_legal_usage_ledger_reloads_and_replays_after_restart (test_p02_model_capability.P02ModelCapabilityTests.test_legal_usage_ledger_reloads_and_replays_after_restart) ... ok
test_model_candidate_cannot_change_subject_state_or_revision (test_p02_model_capability.P02ModelCapabilityTests.test_model_candidate_cannot_change_subject_state_or_revision) ... ok
test_multiple_local_rounds_have_independent_identity_and_one_usage_each (test_p02_model_capability.P02ModelCapabilityTests.test_multiple_local_rounds_have_independent_identity_and_one_usage_each) ... ok
test_network_failure_is_retryable_and_explicit_retry_executes_once (test_p02_model_capability.P02ModelCapabilityTests.test_network_failure_is_retryable_and_explicit_retry_executes_once) ... ok
test_not_executed_query_is_required_before_controlled_retry (test_p02_model_capability.P02ModelCapabilityTests.test_not_executed_query_is_required_before_controlled_retry) ... ok
test_partial_daily_budget_is_applied_to_provider_request_before_call (test_p02_model_capability.P02ModelCapabilityTests.test_partial_daily_budget_is_applied_to_provider_request_before_call) ... ok
test_profile_change_conflicts_with_existing_incomplete_execution (test_p02_model_capability.P02ModelCapabilityTests.test_profile_change_conflicts_with_existing_incomplete_execution) ... ok
test_provider_daily_overrun_is_audited_and_never_reaches_subject_chain (test_p02_model_capability.P02ModelCapabilityTests.test_provider_daily_overrun_is_audited_and_never_reaches_subject_chain) ... ok
test_provider_usage_above_requested_limit_is_audited_but_not_delivered (test_p02_model_capability.P02ModelCapabilityTests.test_provider_usage_above_requested_limit_is_audited_but_not_delivered) ... ok
test_same_request_identity_with_different_content_fails_closed (test_p02_model_capability.P02ModelCapabilityTests.test_same_request_identity_with_different_content_fails_closed) ... ok
test_success_persists_one_execution_usage_and_synthetic_credit (test_p02_model_capability.P02ModelCapabilityTests.test_success_persists_one_execution_usage_and_synthetic_credit) ... ok
test_success_uses_original_think_session_action_and_reply_composer (test_p02_model_capability.P02ModelCapabilityTests.test_success_uses_original_think_session_action_and_reply_composer) ... ok
test_timeout_and_unknown_query_first_never_blindly_retry (test_p02_model_capability.P02ModelCapabilityTests.test_timeout_and_unknown_query_first_never_blindly_retry) ... ok
test_timeout_with_inconclusive_query_cannot_blindly_retry (test_p02_model_capability.P02ModelCapabilityTests.test_timeout_with_inconclusive_query_cannot_blindly_retry) ... ok
test_unknown_disabled_and_fallback_profiles_fail_closed (test_p02_model_capability.P02ModelCapabilityTests.test_unknown_disabled_and_fallback_profiles_fail_closed) ... ok
test_unknown_query_still_unknown_remains_waiting (test_p02_model_capability.P02ModelCapabilityTests.test_unknown_query_still_unknown_remains_waiting) ... ok
test_unknown_recover_queries_and_resolves_original_attempt_once (test_p02_model_capability.P02ModelCapabilityTests.test_unknown_recover_queries_and_resolves_original_attempt_once) ... ok
test_usage_attempt_and_execution_reference_tampering_fails_closed (test_p02_model_capability.P02ModelCapabilityTests.test_usage_attempt_and_execution_reference_tampering_fails_closed) ... ok
test_usage_day_and_recorded_time_tampering_fails_closed (test_p02_model_capability.P02ModelCapabilityTests.test_usage_day_and_recorded_time_tampering_fails_closed) ... ok
test_usage_model_tampering_fails_closed (test_p02_model_capability.P02ModelCapabilityTests.test_usage_model_tampering_fails_closed) ... ok
test_usage_provider_tampering_fails_closed (test_p02_model_capability.P02ModelCapabilityTests.test_usage_provider_tampering_fails_closed) ... ok
test_usage_test_credit_tampering_fails_closed (test_p02_model_capability.P02ModelCapabilityTests.test_usage_test_credit_tampering_fails_closed) ... ok
test_usage_token_tampering_fails_closed (test_p02_model_capability.P02ModelCapabilityTests.test_usage_token_tampering_fails_closed) ... ok
test_e5_action_recovery_does_not_create_second_action (test_p02_model_recovery.P02ModelRecoveryTests.test_e5_action_recovery_does_not_create_second_action) ... ok
test_e5_completed_result_response_loss_recovery (test_p02_model_recovery.P02ModelRecoveryTests.test_e5_completed_result_response_loss_recovery) ... ok
test_e5_original_thinking_resume_recovery (test_p02_model_recovery.P02ModelRecoveryTests.test_e5_original_thinking_resume_recovery) ... ok
test_e5_result_persisted_checkpoint_recovery (test_p02_model_recovery.P02ModelRecoveryTests.test_e5_result_persisted_checkpoint_recovery) ... ok
test_recovery_after_ambiguous_query_resolution_checkpoint (test_p02_model_recovery.P02ModelRecoveryTests.test_recovery_after_ambiguous_query_resolution_checkpoint) ... ok
test_recovery_after_capability_result_before_e5_acceptance (test_p02_model_recovery.P02ModelRecoveryTests.test_recovery_after_capability_result_before_e5_acceptance) ... ok
test_recovery_after_delivery_checkpoint (test_p02_model_recovery.P02ModelRecoveryTests.test_recovery_after_delivery_checkpoint) ... ok
test_recovery_after_model_execution_reserved (test_p02_model_recovery.P02ModelRecoveryTests.test_recovery_after_model_execution_reserved) ... ok
test_recovery_after_provider_dispatch_reserved (test_p02_model_recovery.P02ModelRecoveryTests.test_recovery_after_provider_dispatch_reserved) ... ok
test_recovery_after_provider_fact_before_usage (test_p02_model_recovery.P02ModelRecoveryTests.test_recovery_after_provider_fact_before_usage) ... ok
test_recovery_after_usage_before_capability_result (test_p02_model_recovery.P02ModelRecoveryTests.test_recovery_after_usage_before_capability_result) ... ok
test_recovery_queries_provider_after_response_was_generated_but_not_recorded (test_p02_model_recovery.P02ModelRecoveryTests.test_recovery_queries_provider_after_response_was_generated_but_not_recorded) ... ok
test_response_loss_after_engine_completion_replays_original_result (test_p02_model_recovery.P02ModelRecoveryTests.test_response_loss_after_engine_completion_replays_original_result) ... ok
test_restart_can_continue_with_a_new_round (test_p02_model_recovery.P02ModelRecoveryTests.test_restart_can_continue_with_a_new_round) ... ok
test_backward_clock_conflicting_duplicate_reports_identity_conflict_first (test_p03_event_semantics.P03EventSemanticsTests.test_backward_clock_conflicting_duplicate_reports_identity_conflict_first) ... ok
test_backward_clock_exact_replay_after_restart_skips_new_event_time_gate (test_p03_event_semantics.P03EventSemanticsTests.test_backward_clock_exact_replay_after_restart_skips_new_event_time_gate) ... ok
test_backward_clock_replay_after_later_revision_returns_current_state (test_p03_event_semantics.P03EventSemanticsTests.test_backward_clock_replay_after_later_revision_returns_current_state) ... ok
test_current_action_state_change_can_reference_a_late_historical_fact (test_p03_event_semantics.P03EventSemanticsTests.test_current_action_state_change_can_reference_a_late_historical_fact) ... ok
test_current_correction_and_revocation_mutations_fail_closed (test_p03_event_semantics.P03EventSemanticsTests.test_current_correction_and_revocation_mutations_fail_closed) ... ok
test_current_fact_mutation_fails_closed (test_p03_event_semantics.P03EventSemanticsTests.test_current_fact_mutation_fails_closed) ... ok
test_current_observation_and_intention_mutations_fail_closed (test_p03_event_semantics.P03EventSemanticsTests.test_current_observation_and_intention_mutations_fail_closed) ... ok
test_explicit_late_fact_can_append_history_but_cannot_mutate_current_state (test_p03_event_semantics.P03EventSemanticsTests.test_explicit_late_fact_can_append_history_but_cannot_mutate_current_state) ... ok
test_explicit_recorded_at_before_applied_at_uses_one_clock_read (test_p03_event_semantics.P03EventSemanticsTests.test_explicit_recorded_at_before_applied_at_uses_one_clock_read) ... ok
test_explicit_recorded_at_equal_to_applied_at_is_accepted (test_p03_event_semantics.P03EventSemanticsTests.test_explicit_recorded_at_equal_to_applied_at_is_accepted) ... ok
test_explicit_three_times_are_normalized_to_utc (test_p03_event_semantics.P03EventSemanticsTests.test_explicit_three_times_are_normalized_to_utc) ... ok
test_explicit_time_order_is_fail_closed (test_p03_event_semantics.P03EventSemanticsTests.test_explicit_time_order_is_fail_closed) ... ok
test_future_explicit_recorded_at_fails_closed (test_p03_event_semantics.P03EventSemanticsTests.test_future_explicit_recorded_at_fails_closed) ... ok
test_missing_and_cross_subject_references_fail_closed (test_p03_event_semantics.P03EventSemanticsTests.test_missing_and_cross_subject_references_fail_closed) ... ok
test_old_event_json_is_backward_compatible_and_marked_legacy (test_p03_event_semantics.P03EventSemanticsTests.test_old_event_json_is_backward_compatible_and_marked_legacy) ... ok
test_partial_and_legacy_time_basis_round_trip_truthfully (test_p03_event_semantics.P03EventSemanticsTests.test_partial_and_legacy_time_basis_round_trip_truthfully) ... ok
test_repository_rejects_tampered_forward_reference_on_load (test_p03_event_semantics.P03EventSemanticsTests.test_repository_rejects_tampered_forward_reference_on_load) ... ok
test_source_identity_and_internal_event_identity_remain_distinct (test_p03_event_semantics.P03EventSemanticsTests.test_source_identity_and_internal_event_identity_remain_distinct) ... ok
test_time_basis_cannot_claim_times_that_were_not_supplied (test_p03_event_semantics.P03EventSemanticsTests.test_time_basis_cannot_claim_times_that_were_not_supplied) ... ok
test_versioned_fixture_requires_explicit_adaptation_and_does_not_auto_persist (test_p03_event_semantics.P03EventSemanticsTests.test_versioned_fixture_requires_explicit_adaptation_and_does_not_auto_persist) ... ok
test_chain_follows_correlation_and_event_references (test_p03_timeline.P03TimelineTests.test_chain_follows_correlation_and_event_references) ... ok
test_correction_and_revocation_are_append_only_and_revocation_is_terminal (test_p03_timeline.P03TimelineTests.test_correction_and_revocation_are_append_only_and_revocation_is_terminal) ... ok
test_correction_of_a_correction_is_marked_superseded (test_p03_timeline.P03TimelineTests.test_correction_of_a_correction_is_marked_superseded) ... ok
test_projection_rejects_forward_reference_even_if_target_exists_later (test_p03_timeline.P03TimelineTests.test_projection_rejects_forward_reference_even_if_target_exists_later) ... ok
test_query_filters_first_last_distance_and_relative_order (test_p03_timeline.P03TimelineTests.test_query_filters_first_last_distance_and_relative_order) ... ok
test_query_limit_is_configurable_only_from_twenty_to_one_hundred (test_p03_timeline.P03TimelineTests.test_query_limit_is_configurable_only_from_twenty_to_one_hundred) ... ok
test_range_filters_are_inclusive_and_empty_query_is_unique (test_p03_timeline.P03TimelineTests.test_range_filters_are_inclusive_and_empty_query_is_unique) ... ok
test_restart_rebuild_is_identical_and_timeline_has_no_write_surface (test_p03_timeline.P03TimelineTests.test_restart_rebuild_is_identical_and_timeline_has_no_write_surface) ... ok
test_timeline_orders_by_three_times_then_event_id (test_p03_timeline.P03TimelineTests.test_timeline_orders_by_three_times_then_event_id) ... ok
test_timezone_forms_of_the_same_instant_have_deterministic_tie_break (test_p03_timeline.P03TimelineTests.test_timezone_forms_of_the_same_instant_have_deterministic_tie_break) ... ok
test_versioned_golden_scenario_preserves_fact_intention_and_current_state (test_p03_timeline.P03TimelineTests.test_versioned_golden_scenario_preserves_fact_intention_and_current_state) ... ok
test_activation_is_explicit_configurable_and_never_deletes (test_p04_memory_consolidation.P04MemoryConsolidationTests.test_activation_is_explicit_configurable_and_never_deletes) ... ok
test_alias_candidate_source_memory_must_be_prior_and_same_boundary (test_p04_memory_consolidation.P04MemoryConsolidationTests.test_alias_candidate_source_memory_must_be_prior_and_same_boundary) ... ok
test_alias_candidate_uses_its_own_traceable_source_chain (test_p04_memory_consolidation.P04MemoryConsolidationTests.test_alias_candidate_uses_its_own_traceable_source_chain) ... ok
test_conflicting_evidence_is_not_silently_merged (test_p04_memory_consolidation.P04MemoryConsolidationTests.test_conflicting_evidence_is_not_silently_merged) ... ok
test_consolidation_and_summary_have_no_subject_state_or_event_write_authority (test_p04_memory_consolidation.P04MemoryConsolidationTests.test_consolidation_and_summary_have_no_subject_state_or_event_write_authority) ... ok
test_consolidation_exact_replay_and_identity_conflict (test_p04_memory_consolidation.P04MemoryConsolidationTests.test_consolidation_exact_replay_and_identity_conflict) ... ok
test_correction_revocation_and_deletion_are_tombstones_not_physical_delete (test_p04_memory_consolidation.P04MemoryConsolidationTests.test_correction_revocation_and_deletion_are_tombstones_not_physical_delete) ... ok
test_duplicate_root_alias_operation_is_durable_and_conflicting_input_fails (test_p04_memory_consolidation.P04MemoryConsolidationTests.test_duplicate_root_alias_operation_is_durable_and_conflicting_input_fails) ... ok
test_duplicate_root_does_not_reinforce_but_independent_root_does (test_p04_memory_consolidation.P04MemoryConsolidationTests.test_duplicate_root_does_not_reinforce_but_independent_root_does) ... ok
test_golden_scenario_preserves_fact_intention_relationship_and_revision (test_p04_memory_consolidation.P04MemoryConsolidationTests.test_golden_scenario_preserves_fact_intention_relationship_and_revision) ... ok
test_influence_provenance_is_sealed_and_learning_deduplicates_after_restart (test_p04_memory_consolidation.P04MemoryConsolidationTests.test_influence_provenance_is_sealed_and_learning_deduplicates_after_restart) ... ok
test_learning_deduplicates_root_evidence_across_memory_identities (test_p04_memory_consolidation.P04MemoryConsolidationTests.test_learning_deduplicates_root_evidence_across_memory_identities) ... ok
test_lineage_roots_bind_source_event_and_traceable_sources (test_p04_memory_consolidation.P04MemoryConsolidationTests.test_lineage_roots_bind_source_event_and_traceable_sources) ... ok
test_operation_replay_returns_its_exact_result_revision_across_restart (test_p04_memory_consolidation.P04MemoryConsolidationTests.test_operation_replay_returns_its_exact_result_revision_across_restart) ... ok
test_operation_replay_survives_later_terminal_propagation (test_p04_memory_consolidation.P04MemoryConsolidationTests.test_operation_replay_survives_later_terminal_propagation) ... ok
test_repository_retriever_excludes_archived_without_deleting_or_writing (test_p04_memory_consolidation.P04MemoryConsolidationTests.test_repository_retriever_excludes_archived_without_deleting_or_writing) ... ok
test_repository_retriever_is_read_only_feature_gated_and_engine_private (test_p04_memory_consolidation.P04MemoryConsolidationTests.test_repository_retriever_is_read_only_feature_gated_and_engine_private) ... ok
test_summary_identity_and_semantic_inputs_are_not_silently_reused (test_p04_memory_consolidation.P04MemoryConsolidationTests.test_summary_identity_and_semantic_inputs_are_not_silently_reused) ... ok
test_summary_trace_invalidation_and_rebuild_are_append_only (test_p04_memory_consolidation.P04MemoryConsolidationTests.test_summary_trace_invalidation_and_rebuild_are_append_only) ... ok
test_atomic_persistence_restart_idempotence_and_identity_conflict (test_p04_memory_repository.P04MemoryRepositoryTests.test_atomic_persistence_restart_idempotence_and_identity_conflict) ... ok
test_consolidation_operation_loading_rejects_tampering_and_broken_boundaries (test_p04_memory_repository.P04MemoryRepositoryTests.test_consolidation_operation_loading_rejects_tampering_and_broken_boundaries) ... ok
test_cross_subject_and_forward_memory_source_fail_closed (test_p04_memory_repository.P04MemoryRepositoryTests.test_cross_subject_and_forward_memory_source_fail_closed) ... ok
test_domain_round_trip_normalizes_time_and_hash (test_p04_memory_repository.P04MemoryRepositoryTests.test_domain_round_trip_normalizes_time_and_hash) ... ok
test_environment_isolation_fails_before_persistence (test_p04_memory_repository.P04MemoryRepositoryTests.test_environment_isolation_fails_before_persistence) ... ok
test_failed_atomic_replace_keeps_previous_document_readable (test_p04_memory_repository.P04MemoryRepositoryTests.test_failed_atomic_replace_keeps_previous_document_readable) ... ok
test_integrity_hash_and_recomputed_structural_tampering_fail_closed (test_p04_memory_repository.P04MemoryRepositoryTests.test_integrity_hash_and_recomputed_structural_tampering_fail_closed) ... ok
test_lineage_loading_rejects_unbound_roots_forward_replacement_and_tampering (test_p04_memory_repository.P04MemoryRepositoryTests.test_lineage_loading_rejects_unbound_roots_forward_replacement_and_tampering) ... ok
test_memory_kind_and_evidence_type_are_distinct_closed_terms (test_p04_memory_repository.P04MemoryRepositoryTests.test_memory_kind_and_evidence_type_are_distinct_closed_terms) ... ok
test_operation_canonical_input_source_chain_is_revalidated_after_restart (test_p04_memory_repository.P04MemoryRepositoryTests.test_operation_canonical_input_source_chain_is_revalidated_after_restart) ... ok
test_source_chain_root_evidence_and_duplicate_inputs_fail_closed (test_p04_memory_repository.P04MemoryRepositoryTests.test_source_chain_root_evidence_and_duplicate_inputs_fail_closed) ... ok
test_summary_must_trace_to_same_subject_memory (test_p04_memory_repository.P04MemoryRepositoryTests.test_summary_must_trace_to_same_subject_memory) ... ok
test_archived_memory_is_not_routed_but_remains_loadable (test_p05_context_router.P05ContextRouterTests.test_archived_memory_is_not_routed_but_remains_loadable) ... ok
test_cross_subject_and_environment_candidates_fail_closed (test_p05_context_router.P05ContextRouterTests.test_cross_subject_and_environment_candidates_fail_closed) ... ok
test_feature_gate_returns_explicit_empty_result_without_reads (test_p05_context_router.P05ContextRouterTests.test_feature_gate_returns_explicit_empty_result_without_reads) ... ok
test_future_partitions_are_explicitly_unavailable (test_p05_context_router.P05ContextRouterTests.test_future_partitions_are_explicitly_unavailable) ... ok
test_golden_scenario_excludes_irrelevant_and_secret_candidates (test_p05_context_router.P05ContextRouterTests.test_golden_scenario_excludes_irrelevant_and_secret_candidates) ... ok
test_golden_scenario_routes_relationship_authorities (test_p05_context_router.P05ContextRouterTests.test_golden_scenario_routes_relationship_authorities) ... ok
test_invalidated_summary_is_not_routed (test_p05_context_router.P05ContextRouterTests.test_invalidated_summary_is_not_routed) ... ok
test_large_timeline_uses_recent_relevant_stable_window (test_p05_context_router.P05ContextRouterTests.test_large_timeline_uses_recent_relevant_stable_window) ... ok
test_memory_and_summary_sources_use_bounded_repository_queries (test_p05_context_router.P05ContextRouterTests.test_memory_and_summary_sources_use_bounded_repository_queries) ... ok
test_missing_required_source_is_incomplete (test_p05_context_router.P05ContextRouterTests.test_missing_required_source_is_incomplete) ... ok
test_neutral_continuity_opens_only_required_subject_state (test_p05_context_router.P05ContextRouterTests.test_neutral_continuity_opens_only_required_subject_state) ... ok
test_optional_source_failure_is_traced_without_expanding_scope (test_p05_context_router.P05ContextRouterTests.test_optional_source_failure_is_traced_without_expanding_scope) ... ok
test_per_source_limit_is_forwarded_and_enforced (test_p05_context_router.P05ContextRouterTests.test_per_source_limit_is_forwarded_and_enforced) ... ok
test_required_source_denial_discards_optional_success_candidates (test_p05_context_router.P05ContextRouterTests.test_required_source_denial_discards_optional_success_candidates) ... ok
test_required_source_failure_is_incomplete (test_p05_context_router.P05ContextRouterTests.test_required_source_failure_is_incomplete) ... ok
test_required_source_permission_denial_rejects_route (test_p05_context_router.P05ContextRouterTests.test_required_source_permission_denial_rejects_route) ... ok
test_revoked_timeline_target_is_not_routed (test_p05_context_router.P05ContextRouterTests.test_revoked_timeline_target_is_not_routed) ... ok
test_route_is_deterministic_across_new_router_instances (test_p05_context_router.P05ContextRouterTests.test_route_is_deterministic_across_new_router_instances) ... ok
test_route_result_contains_references_not_composed_context (test_p05_context_router.P05ContextRouterTests.test_route_result_contains_references_not_composed_context) ... ok
test_router_does_not_modify_subject_or_memory_authorities (test_p05_context_router.P05ContextRouterTests.test_router_does_not_modify_subject_or_memory_authorities) ... ok
test_source_cannot_return_more_than_its_bounded_scope (test_p05_context_router.P05ContextRouterTests.test_source_cannot_return_more_than_its_bounded_scope) ... ok
test_source_change_between_route_and_use_fails_revalidation (test_p05_context_router.P05ContextRouterTests.test_source_change_between_route_and_use_fails_revalidation) ... ok
test_stable_tie_break_uses_source_identity_and_version (test_p05_context_router.P05ContextRouterTests.test_stable_tie_break_uses_source_identity_and_version) ... ok
test_subject_revision_change_is_incomplete_not_stale_fallback (test_p05_context_router.P05ContextRouterTests.test_subject_revision_change_is_incomplete_not_stale_fallback) ... ok
test_total_retrieval_budget_caps_candidates_without_fallback (test_p05_context_router.P05ContextRouterTests.test_total_retrieval_budget_caps_candidates_without_fallback) ... ok
test_trace_cannot_be_used_as_a_perception_input (test_p05_context_router.P05ContextRouterTests.test_trace_cannot_be_used_as_a_perception_input) ... ok
test_unknown_visibility_is_rejected_without_content_disclosure (test_p05_context_router.P05ContextRouterTests.test_unknown_visibility_is_rejected_without_content_disclosure) ... ok
test_candidate_requires_version_hash_and_timezone (test_p05_context_routing.P05ContextRoutingDomainTests.test_candidate_requires_version_hash_and_timezone) ... ok
test_manifest_integrity_rejects_tampering (test_p05_context_routing.P05ContextRoutingDomainTests.test_manifest_integrity_rejects_tampering) ... ok
test_manifest_rejects_noncontiguous_ranks (test_p05_context_routing.P05ContextRoutingDomainTests.test_manifest_rejects_noncontiguous_ranks) ... ok
test_per_source_limits_are_stable_and_bounded (test_p05_context_routing.P05ContextRoutingDomainTests.test_per_source_limits_are_stable_and_bounded) ... ok
test_retrieval_budget_default_and_separate_context_hint (test_p05_context_routing.P05ContextRoutingDomainTests.test_retrieval_budget_default_and_separate_context_hint) ... ok
test_retrieval_budget_enforces_configurable_30_to_80_range (test_p05_context_routing.P05ContextRoutingDomainTests.test_retrieval_budget_enforces_configurable_30_to_80_range) ... ok
test_route_plan_hash_is_deterministic (test_p05_context_routing.P05ContextRoutingDomainTests.test_route_plan_hash_is_deterministic) ... ok
test_routing_request_normalizes_time_and_round_trips (test_p05_context_routing.P05ContextRoutingDomainTests.test_routing_request_normalizes_time_and_round_trips) ... ok
test_signal_contains_only_hash_not_sensitive_value (test_p05_context_routing.P05ContextRoutingDomainTests.test_signal_contains_only_hash_not_sensitive_value) ... ok
test_source_batch_rejects_duplicate_stable_identity (test_p05_context_routing.P05ContextRoutingDomainTests.test_source_batch_rejects_duplicate_stable_identity) ... ok
test_source_batch_rejects_partition_mismatch (test_p05_context_routing.P05ContextRoutingDomainTests.test_source_batch_rejects_partition_mismatch) ... ok
test_trace_rejects_budget_overrun (test_p05_context_routing.P05ContextRoutingDomainTests.test_trace_rejects_budget_overrun) ... ok
test_budget_too_small_for_protected_identity_fails_explicitly (test_p06_context_composer.P06ContextComposerTests.test_budget_too_small_for_protected_identity_fails_explicitly) ... ok
test_builtin_exact_resolvers_surface_stable_top_level_failure_reasons (test_p06_context_composer.P06ContextComposerTests.test_builtin_exact_resolvers_surface_stable_top_level_failure_reasons) ... ok
test_candidate_missing_and_upstream_notices_do_not_pollute_each_other (test_p06_context_composer.P06ContextComposerTests.test_candidate_missing_and_upstream_notices_do_not_pollute_each_other) ... ok
test_candidate_self_reported_authority_cannot_elevate_trusted_binding (test_p06_context_composer.P06ContextComposerTests.test_candidate_self_reported_authority_cannot_elevate_trusted_binding) ... ok
test_composer_owned_resolver_read_audit_matches_manifest_by_source (test_p06_context_composer.P06ContextComposerTests.test_composer_owned_resolver_read_audit_matches_manifest_by_source) ... ok
test_context_budget_hint_is_used_when_no_explicit_budget_is_passed (test_p06_context_composer.P06ContextComposerTests.test_context_budget_hint_is_used_when_no_explicit_budget_is_passed) ... ok
test_context_budget_retains_identity_continuity_and_relationship_first (test_p06_context_composer.P06ContextComposerTests.test_context_budget_retains_identity_continuity_and_relationship_first) ... ok
test_cross_subject_and_environment_reference_fail_closed (test_p06_context_composer.P06ContextComposerTests.test_cross_subject_and_environment_reference_fail_closed) ... ok
test_exact_duplicate_reference_is_rejected_before_spending_context_budget (test_p06_context_composer.P06ContextComposerTests.test_exact_duplicate_reference_is_rejected_before_spending_context_budget) ... ok
test_feature_gate_disables_all_exact_resolver_reads (test_p06_context_composer.P06ContextComposerTests.test_feature_gate_disables_all_exact_resolver_reads) ... ok
test_fixed_inputs_clock_and_estimator_are_fully_deterministic (test_p06_context_composer.P06ContextComposerTests.test_fixed_inputs_clock_and_estimator_are_fully_deterministic) ... ok
test_golden_scenario_preserves_all_five_authorities_and_zero_writes (test_p06_context_composer.P06ContextComposerTests.test_golden_scenario_preserves_all_five_authorities_and_zero_writes) ... ok
test_manifest_only_resolution_does_not_read_unreferenced_resolver (test_p06_context_composer.P06ContextComposerTests.test_manifest_only_resolution_does_not_read_unreferenced_resolver) ... ok
test_missing_material_content_has_a_distinct_reason_code (test_p06_context_composer.P06ContextComposerTests.test_missing_material_content_has_a_distinct_reason_code) ... ok
test_missing_material_provenance_has_a_distinct_reason_code (test_p06_context_composer.P06ContextComposerTests.test_missing_material_provenance_has_a_distinct_reason_code) ... ok
test_non_complete_p05_route_is_not_consumed_and_reads_zero (test_p06_context_composer.P06ContextComposerTests.test_non_complete_p05_route_is_not_consumed_and_reads_zero) ... ok
test_optional_material_drift_is_excluded_with_stable_missing_notice (test_p06_context_composer.P06ContextComposerTests.test_optional_material_drift_is_excluded_with_stable_missing_notice) ... ok
test_output_tampering_and_count_mismatch_fail_closed (test_p06_context_composer.P06ContextComposerTests.test_output_tampering_and_count_mismatch_fail_closed) ... ok
test_p05_route_result_is_not_modified_by_composition (test_p06_context_composer.P06ContextComposerTests.test_p05_route_result_is_not_modified_by_composition) ... ok
test_permission_change_after_routing_fails_closed (test_p06_context_composer.P06ContextComposerTests.test_permission_change_after_routing_fails_closed) ... ok
test_raw_source_and_confirmed_memory_coexist_without_auto_overwrite (test_p06_context_composer.P06ContextComposerTests.test_raw_source_and_confirmed_memory_coexist_without_auto_overwrite) ... ok
test_required_version_or_hash_drift_fails_closed_without_snapshot (test_p06_context_composer.P06ContextComposerTests.test_required_version_or_hash_drift_fails_closed_without_snapshot) ... ok
test_router_not_opened_and_empty_are_distinct_upstream_notices (test_p06_context_composer.P06ContextComposerTests.test_router_not_opened_and_empty_are_distinct_upstream_notices) ... ok
test_summary_and_raw_source_are_not_semantically_merged (test_p06_context_composer.P06ContextComposerTests.test_summary_and_raw_source_are_not_semantically_merged) ... ok
test_test_only_thinking_consumer_sees_authority_without_production_integration (test_p06_context_composer.P06ContextComposerTests.test_test_only_thinking_consumer_sees_authority_without_production_integration) ... ok
test_trace_never_contains_material_body_or_secret (test_p06_context_composer.P06ContextComposerTests.test_trace_never_contains_material_body_or_secret) ... ok
test_unknown_source_binding_is_rejected_not_broadly_searched (test_p06_context_composer.P06ContextComposerTests.test_unknown_source_binding_is_rejected_not_broadly_searched) ... ok
test_candidate_missing_and_upstream_notices_use_independent_invariants (test_p06_context_composition.P06ContextCompositionDomainTests.test_candidate_missing_and_upstream_notices_use_independent_invariants) ... ok
test_context_budget_is_separate_and_enforces_fragment_range (test_p06_context_composition.P06ContextCompositionDomainTests.test_context_budget_is_separate_and_enforces_fragment_range) ... ok
test_failed_result_cannot_expose_a_consumable_snapshot (test_p06_context_composition.P06ContextCompositionDomainTests.test_failed_result_cannot_expose_a_consumable_snapshot) ... ok
test_five_authorities_round_trip_without_numeric_truth_ranking (test_p06_context_composition.P06ContextCompositionDomainTests.test_five_authorities_round_trip_without_numeric_truth_ranking) ... ok
test_fragment_rank_and_snapshot_budget_are_integrity_checked (test_p06_context_composition.P06ContextCompositionDomainTests.test_fragment_rank_and_snapshot_budget_are_integrity_checked) ... ok
test_material_and_fragment_can_never_enable_direct_state_write (test_p06_context_composition.P06ContextCompositionDomainTests.test_material_and_fragment_can_never_enable_direct_state_write) ... ok
test_only_confirmed_state_can_be_budget_protected (test_p06_context_composition.P06ContextCompositionDomainTests.test_only_confirmed_state_can_be_budget_protected) ... ok
test_snapshot_and_result_round_trip_with_canonical_hash (test_p06_context_composition.P06ContextCompositionDomainTests.test_snapshot_and_result_round_trip_with_canonical_hash) ... ok
test_snapshot_tampering_is_rejected (test_p06_context_composition.P06ContextCompositionDomainTests.test_snapshot_tampering_is_rejected) ... ok
test_trace_contains_no_fragment_content_or_secret (test_p06_context_composition.P06ContextCompositionDomainTests.test_trace_contains_no_fragment_content_or_secret) ... ok
test_trace_tampering_and_count_mismatch_are_rejected (test_p06_context_composition.P06ContextCompositionDomainTests.test_trace_tampering_and_count_mismatch_are_rejected) ... ok
test_all_five_basis_reject_unrelated_scope_and_target_source_drift (test_p07_contradiction.P07ContradictionDomainTests.test_all_five_basis_reject_unrelated_scope_and_target_source_drift) ... ok
test_all_resolution_basis_kinds_require_registry_backed_verification (test_p07_contradiction.P07ContradictionDomainTests.test_all_resolution_basis_kinds_require_registry_backed_verification) ... ok
test_cached_verified_proof_cannot_cross_case_snapshot_or_revision (test_p07_contradiction.P07ContradictionDomainTests.test_cached_verified_proof_cannot_cross_case_snapshot_or_revision) ... ok
test_case_has_no_state_or_evolution_write_authority (test_p07_contradiction.P07ContradictionDomainTests.test_case_has_no_state_or_evolution_write_authority) ... ok
test_claim_case_and_result_tampering_fails_closed (test_p07_contradiction.P07ContradictionDomainTests.test_claim_case_and_result_tampering_fails_closed) ... ok
test_claim_projection_round_trip_has_no_authority_or_provenance_fields (test_p07_contradiction.P07ContradictionDomainTests.test_claim_projection_round_trip_has_no_authority_or_provenance_fields) ... ok
test_complete_result_rejects_cross_subject_case_even_with_valid_hashes (test_p07_contradiction.P07ContradictionDomainTests.test_complete_result_rejects_cross_subject_case_even_with_valid_hashes) ... ok
test_complete_result_rejects_rehashed_cross_boundary_cases_on_deserialization (test_p07_contradiction.P07ContradictionDomainTests.test_complete_result_rejects_rehashed_cross_boundary_cases_on_deserialization) ... ok
test_fabricated_resolution_cannot_self_attest_verification (test_p07_contradiction.P07ContradictionDomainTests.test_fabricated_resolution_cannot_self_attest_verification) ... ok
test_illegal_forward_transition_and_audit_rewrite_fail_closed (test_p07_contradiction.P07ContradictionDomainTests.test_illegal_forward_transition_and_audit_rewrite_fail_closed) ... ok
test_legal_bound_resolve_reopen_supersede_survive_restart_and_replay (test_p07_contradiction.P07ContradictionDomainTests.test_legal_bound_resolve_reopen_supersede_survive_restart_and_replay) ... ok
test_no_confidence_recency_or_authority_winner_is_persisted (test_p07_contradiction.P07ContradictionDomainTests.test_no_confidence_recency_or_authority_winner_is_persisted) ... ok
test_rehashed_resolution_boundary_tamper_rejected_on_reload_and_detect (test_p07_contradiction.P07ContradictionDomainTests.test_rehashed_resolution_boundary_tamper_rejected_on_reload_and_detect) ... ok
test_reopen_and_supersede_require_sealed_evidence_not_bare_hashes (test_p07_contradiction.P07ContradictionDomainTests.test_reopen_and_supersede_require_sealed_evidence_not_bare_hashes) ... ok
test_reopen_is_append_only_and_does_not_erase_resolution (test_p07_contradiction.P07ContradictionDomainTests.test_reopen_is_append_only_and_does_not_erase_resolution) ... ok
test_repository_cross_environment_fails_closed (test_p07_contradiction.P07ContradictionDomainTests.test_repository_cross_environment_fails_closed) ... ok
test_repository_document_tampering_fails_closed (test_p07_contradiction.P07ContradictionDomainTests.test_repository_document_tampering_fails_closed) ... ok
test_repository_exact_replay_returns_current_case_without_duplicate (test_p07_contradiction.P07ContradictionDomainTests.test_repository_exact_replay_returns_current_case_without_duplicate) ... ok
test_repository_restart_preserves_history_order_hash_and_status (test_p07_contradiction.P07ContradictionDomainTests.test_repository_restart_preserves_history_order_hash_and_status) ... ok
test_repository_reverifies_rehashed_evidence_record_and_version (test_p07_contradiction.P07ContradictionDomainTests.test_repository_reverifies_rehashed_evidence_record_and_version) ... ok
test_repository_same_identity_different_body_fails_closed (test_p07_contradiction.P07ContradictionDomainTests.test_repository_same_identity_different_body_fails_closed) ... ok
test_repository_without_trusted_verifier_cannot_load_resolved_audit (test_p07_contradiction.P07ContradictionDomainTests.test_repository_without_trusted_verifier_cannot_load_resolved_audit) ... ok
test_resolution_audit_action_reason_hashes_and_time_are_sealed (test_p07_contradiction.P07ContradictionDomainTests.test_resolution_audit_action_reason_hashes_and_time_are_sealed) ... ok
test_resolution_audit_rejects_rehashed_foreign_evidence_before_persistence (test_p07_contradiction.P07ContradictionDomainTests.test_resolution_audit_rejects_rehashed_foreign_evidence_before_persistence) ... ok
test_resolution_evidence_cannot_resolve_unrelated_proposition_and_scope (test_p07_contradiction.P07ContradictionDomainTests.test_resolution_evidence_cannot_resolve_unrelated_proposition_and_scope) ... ok
test_resolution_evidence_is_verified_and_bound_to_subject_environment (test_p07_contradiction.P07ContradictionDomainTests.test_resolution_evidence_is_verified_and_bound_to_subject_environment) ... ok
test_resolution_requires_verified_basis_and_preserves_old_evidence (test_p07_contradiction.P07ContradictionDomainTests.test_resolution_requires_verified_basis_and_preserves_old_evidence) ... ok
test_resolution_verifier_rejects_missing_hash_basis_and_version_drift (test_p07_contradiction.P07ContradictionDomainTests.test_resolution_verifier_rejects_missing_hash_basis_and_version_drift) ... ok
test_structured_claim_and_case_round_trip_preserve_canonical_hashes (test_p07_contradiction.P07ContradictionDomainTests.test_structured_claim_and_case_round_trip_preserve_canonical_hashes) ... ok
test_three_contradiction_kinds_are_stable_and_distinct (test_p07_contradiction.P07ContradictionDomainTests.test_three_contradiction_kinds_are_stable_and_distinct) ... ok
test_trace_contains_hashes_and_ids_but_no_material_content (test_p07_contradiction.P07ContradictionDomainTests.test_trace_contains_hashes_and_ids_but_no_material_content) ... ok
test_trace_evaluation_counts_cover_every_p06_fragment (test_p07_contradiction.P07ContradictionDomainTests.test_trace_evaluation_counts_cover_every_p06_fragment) ... ok
test_verified_resolution_request_hash_and_action_reuse_fail_closed (test_p07_contradiction.P07ContradictionDomainTests.test_verified_resolution_request_hash_and_action_reuse_fail_closed) ... ok
test_candidate_missing_and_upstream_notice_counts_remain_distinct (test_p07_contradiction_detector.P07ContradictionDetectorTests.test_candidate_missing_and_upstream_notice_counts_remain_distinct) ... ok
test_conflict_marker_without_structured_claim_never_creates_case (test_p07_contradiction_detector.P07ContradictionDetectorTests.test_conflict_marker_without_structured_claim_never_creates_case) ... ok
test_cross_subject_or_environment_binding_fails_closed (test_p07_contradiction_detector.P07ContradictionDetectorTests.test_cross_subject_or_environment_binding_fails_closed) ... ok
test_derived_summary_conflict_is_isolated_and_never_promoted (test_p07_contradiction_detector.P07ContradictionDetectorTests.test_derived_summary_conflict_is_isolated_and_never_promoted) ... ok
test_detection_is_deterministic_across_restart_and_clock_changes (test_p07_contradiction_detector.P07ContradictionDetectorTests.test_detection_is_deterministic_across_restart_and_clock_changes) ... ok
test_detector_fault_is_attributed_to_p07_and_does_not_write_repository (test_p07_contradiction_detector.P07ContradictionDetectorTests.test_detector_fault_is_attributed_to_p07_and_does_not_write_repository) ... ok
test_detector_reads_each_snapshot_fragment_once_and_never_reroutes (test_p07_contradiction_detector.P07ContradictionDetectorTests.test_detector_reads_each_snapshot_fragment_once_and_never_reroutes) ... ok
test_different_proposition_and_time_scope_do_not_false_positive (test_p07_contradiction_detector.P07ContradictionDetectorTests.test_different_proposition_and_time_scope_do_not_false_positive) ... ok
test_epistemic_and_evidential_kinds_are_deterministic (test_p07_contradiction_detector.P07ContradictionDetectorTests.test_epistemic_and_evidential_kinds_are_deterministic) ... ok
test_golden_detects_isolates_resolves_restarts_and_reopens_without_writes (test_p07_contradiction_detector.P07ContradictionDetectorTests.test_golden_detects_isolates_resolves_restarts_and_reopens_without_writes) ... ok
test_love_and_hate_psychological_ambivalence_is_explicitly_excluded (test_p07_contradiction_detector.P07ContradictionDetectorTests.test_love_and_hate_psychological_ambivalence_is_explicitly_excluded) ... ok
test_missing_required_resolution_evidence_cannot_be_hidden_by_optional_success (test_p07_contradiction_detector.P07ContradictionDetectorTests.test_missing_required_resolution_evidence_cannot_be_hidden_by_optional_success) ... ok
test_older_claim_cannot_self_report_supersession_of_newer_claim (test_p07_contradiction_detector.P07ContradictionDetectorTests.test_older_claim_cannot_self_report_supersession_of_newer_claim) ... ok
test_p06_manifest_hash_mismatch_fails_before_claim_resolution (test_p07_contradiction_detector.P07ContradictionDetectorTests.test_p06_manifest_hash_mismatch_fails_before_claim_resolution) ... ok
test_p06_non_complete_result_is_rejected_without_claim_reads (test_p07_contradiction_detector.P07ContradictionDetectorTests.test_p06_non_complete_result_is_rejected_without_claim_reads) ... ok
test_repository_never_persists_plaintext_canonical_values (test_p07_contradiction_detector.P07ContradictionDetectorTests.test_repository_never_persists_plaintext_canonical_values) ... ok
test_repository_seals_long_secret_and_scalar_values_across_restart (test_p07_contradiction_detector.P07ContradictionDetectorTests.test_repository_seals_long_secret_and_scalar_values_across_restart) ... ok
test_same_claim_is_deduplicated_without_false_contradiction (test_p07_contradiction_detector.P07ContradictionDetectorTests.test_same_claim_is_deduplicated_without_false_contradiction) ... ok
test_same_source_new_version_with_explicit_supersession_is_not_conflict (test_p07_contradiction_detector.P07ContradictionDetectorTests.test_same_source_new_version_with_explicit_supersession_is_not_conflict) ... ok
test_supersession_missing_same_version_cross_source_and_mutual_fail_closed (test_p07_contradiction_detector.P07ContradictionDetectorTests.test_supersession_missing_same_version_cross_source_and_mutual_fail_closed) ... ok
test_trusted_supersession_binding_rejects_cross_boundary_and_reverse_direction (test_p07_contradiction_detector.P07ContradictionDetectorTests.test_trusted_supersession_binding_rejects_cross_boundary_and_reverse_direction) ... ok
test_unstructured_text_is_unassessed_not_guessed (test_p07_contradiction_detector.P07ContradictionDetectorTests.test_unstructured_text_is_unassessed_not_guessed) ... ok
test_user_correction_or_revocation_remains_evidence_not_direct_state_change (test_p07_contradiction_detector.P07ContradictionDetectorTests.test_user_correction_or_revocation_remains_evidence_not_direct_state_change) ... ok
test_complex_actions_require_planner_even_if_choice_claims_simple (test_p08_action_planning.P08ActionPlanningTests.test_complex_actions_require_planner_even_if_choice_claims_simple) ... ok
test_confirmation_requires_exact_request_binding (test_p08_action_planning.P08ActionPlanningTests.test_confirmation_requires_exact_request_binding) ... ok
test_cross_subject_environment_snapshot_revision_source_rejected (test_p08_action_planning.P08ActionPlanningTests.test_cross_subject_environment_snapshot_revision_source_rejected) ... ok
test_dependency_cycle_forward_duplicate_and_model_generate_rejected (test_p08_action_planning.P08ActionPlanningTests.test_dependency_cycle_forward_duplicate_and_model_generate_rejected) ... ok
test_different_step_result_misdelivery_rejected (test_p08_action_planning.P08ActionPlanningTests.test_different_step_result_misdelivery_rejected) ... ok
test_direct_actions_work_with_planner_disabled_without_plan (test_p08_action_planning.P08ActionPlanningTests.test_direct_actions_work_with_planner_disabled_without_plan) ... ok
test_domain_roundtrip_canonical_and_tampering (test_p08_action_planning.P08ActionPlanningTests.test_domain_roundtrip_canonical_and_tampering) ... ok
test_expired_choice_has_durable_terminal_and_no_effect (test_p08_action_planning.P08ActionPlanningTests.test_expired_choice_has_durable_terminal_and_no_effect) ... ok
test_failure_blocks_dependent_steps (test_p08_action_planning.P08ActionPlanningTests.test_failure_blocks_dependent_steps) ... ok
test_fake_adapter_rejects_repository_and_formal_roots (test_p08_action_planning.P08ActionPlanningTests.test_fake_adapter_rejects_repository_and_formal_roots) ... ok
test_forged_receipt_rejected_by_trusted_query (test_p08_action_planning.P08ActionPlanningTests.test_forged_receipt_rejected_by_trusted_query) ... ok
test_frozen_external_validator_rejects_internal_request_and_result (test_p08_action_planning.P08ActionPlanningTests.test_frozen_external_validator_rejects_internal_request_and_result) ... ok
test_golden_deterministic_replay_and_zero_underlying_writes (test_p08_action_planning.P08ActionPlanningTests.test_golden_deterministic_replay_and_zero_underlying_writes) ... ok
test_information_need_and_action_intent_use_same_planner_and_gates (test_p08_action_planning.P08ActionPlanningTests.test_information_need_and_action_intent_use_same_planner_and_gates) ... ok
test_internal_status_and_receipt_semantics_rejected (test_p08_action_planning.P08ActionPlanningTests.test_internal_status_and_receipt_semantics_rejected) ... ok
test_local_execution_never_uses_network_or_credentials (test_p08_action_planning.P08ActionPlanningTests.test_local_execution_never_uses_network_or_credentials) ... ok
test_observation_or_untrusted_decision_never_authorizes_action (test_p08_action_planning.P08ActionPlanningTests.test_observation_or_untrusted_decision_never_authorizes_action) ... ok
test_p06_failed_or_tampered_or_stale_context_rejected (test_p08_action_planning.P08ActionPlanningTests.test_p06_failed_or_tampered_or_stale_context_rejected) ... ok
test_permission_confirmation_resource_recovery_reality_gates_zero_effect (test_p08_action_planning.P08ActionPlanningTests.test_permission_confirmation_resource_recovery_reality_gates_zero_effect) ... ok
test_persistent_attempt_tampering_fails_closed (test_p08_action_planning.P08ActionPlanningTests.test_persistent_attempt_tampering_fails_closed) ... ok
test_planner_step_and_total_resource_limits (test_p08_action_planning.P08ActionPlanningTests.test_planner_step_and_total_resource_limits) ... ok
test_same_identity_different_input_conflicts_in_single_ledger (test_p08_action_planning.P08ActionPlanningTests.test_same_identity_different_input_conflicts_in_single_ledger) ... ok
test_unknown_capability_and_state_update_binding_are_not_fallbacks (test_p08_action_planning.P08ActionPlanningTests.test_unknown_capability_and_state_update_binding_are_not_fallbacks) ... ok
test_bypassed_domain_terminal_is_rechecked_at_coordinator_and_storage_append (test_p08_action_recovery.P08ActionRecoveryTests.test_bypassed_domain_terminal_is_rechecked_at_coordinator_and_storage_append) ... ok
test_context_change_between_steps_blocks_later_effect (test_p08_action_recovery.P08ActionRecoveryTests.test_context_change_between_steps_blocks_later_effect) ... ok
test_crash_matrix_keeps_single_effect_and_step_identity (test_p08_action_recovery.P08ActionRecoveryTests.test_crash_matrix_keeps_single_effect_and_step_identity) ... ok
test_effect_before_engine_receipt_crash_recovers_by_query_only (test_p08_action_recovery.P08ActionRecoveryTests.test_effect_before_engine_receipt_crash_recovers_by_query_only) ... ok
test_expired_choice_and_stale_context_still_recover_actual_success (test_p08_action_recovery.P08ActionRecoveryTests.test_expired_choice_and_stale_context_still_recover_actual_success) ... ok
test_expired_dependency_with_real_lookup_success_is_rejected_before_contact (test_p08_action_recovery.P08ActionRecoveryTests.test_expired_dependency_with_real_lookup_success_is_rejected_before_contact) ... ok
test_expired_unknown_invalid_query_and_query_exception_do_not_prove_nonexecution (test_p08_action_recovery.P08ActionRecoveryTests.test_expired_unknown_invalid_query_and_query_exception_do_not_prove_nonexecution) ... ok
test_expiry_append_checks_typed_nonexecution_not_caller_assertion (test_p08_action_recovery.P08ActionRecoveryTests.test_expiry_append_checks_typed_nonexecution_not_caller_assertion) ... ok
test_forged_persisted_success_cannot_release_dependent_action (test_p08_action_recovery.P08ActionRecoveryTests.test_forged_persisted_success_cannot_release_dependent_action) ... ok
test_historical_receipt_requires_independent_query_on_load_replay_and_append (test_p08_action_recovery.P08ActionRecoveryTests.test_historical_receipt_requires_independent_query_on_load_replay_and_append) ... ok
test_internal_result_status_evidence_matrix_and_roundtrip (test_p08_action_recovery.P08ActionRecoveryTests.test_internal_result_status_evidence_matrix_and_roundtrip) ... ok
test_invalid_terminal_shapes_rehashed_reload_fails_closed (test_p08_action_recovery.P08ActionRecoveryTests.test_invalid_terminal_shapes_rehashed_reload_fails_closed) ... ok
test_legal_expiry_requires_not_executed_and_replays_without_clock (test_p08_action_recovery.P08ActionRecoveryTests.test_legal_expiry_requires_not_executed_and_replays_without_clock) ... ok
test_legal_success_and_failure_receipts_restart_and_duplicate_exactly (test_p08_action_recovery.P08ActionRecoveryTests.test_legal_success_and_failure_receipts_restart_and_duplicate_exactly) ... ok
test_lost_response_preserves_unknown_history_then_resolves_once (test_p08_action_recovery.P08ActionRecoveryTests.test_lost_response_preserves_unknown_history_then_resolves_once) ... ok
test_model_wait_and_action_share_ledger_without_cross_resume (test_p08_action_recovery.P08ActionRecoveryTests.test_model_wait_and_action_share_ledger_without_cross_resume) ... ok
test_not_executed_requires_explicit_controlled_retry (test_p08_action_recovery.P08ActionRecoveryTests.test_not_executed_requires_explicit_controlled_retry) ... ok
test_old_completed_records_remain_exact_and_no_second_result (test_p08_action_recovery.P08ActionRecoveryTests.test_old_completed_records_remain_exact_and_no_second_result) ... ok
test_pending_action_cannot_switch_adapter_after_unconfirmed_effect (test_p08_action_recovery.P08ActionRecoveryTests.test_pending_action_cannot_switch_adapter_after_unconfirmed_effect) ... ok
test_persisted_expiry_cannot_replay_when_nonexecution_becomes_unverifiable_or_conflicted (test_p08_action_recovery.P08ActionRecoveryTests.test_persisted_expiry_cannot_replay_when_nonexecution_becomes_unverifiable_or_conflicted) ... ok
test_policy_drift_on_pending_request_fails_closed (test_p08_action_recovery.P08ActionRecoveryTests.test_policy_drift_on_pending_request_fails_closed) ... ok
test_receipt_recovery_does_not_authorize_next_step_through_other_gates (test_p08_action_recovery.P08ActionRecoveryTests.test_receipt_recovery_does_not_authorize_next_step_through_other_gates) ... ok
test_receiptless_terminal_failure_cannot_mask_lost_success_on_append (test_p08_action_recovery.P08ActionRecoveryTests.test_receiptless_terminal_failure_cannot_mask_lost_success_on_append) ... ok
test_rehashed_expired_terminal_cannot_hide_independent_success (test_p08_action_recovery.P08ActionRecoveryTests.test_rehashed_expired_terminal_cannot_hide_independent_success) ... ok
test_rehashed_persisted_receipt_field_drift_is_not_execution_proof (test_p08_action_recovery.P08ActionRecoveryTests.test_rehashed_persisted_receipt_field_drift_is_not_execution_proof) ... ok
test_repeat_result_does_not_append_attempt_or_credit (test_p08_action_recovery.P08ActionRecoveryTests.test_repeat_result_does_not_append_attempt_or_credit) ... ok
test_restart_completed_returns_exact_result_and_no_execution (test_p08_action_recovery.P08ActionRecoveryTests.test_restart_completed_returns_exact_result_and_no_execution) ... ok
test_stale_context_archives_first_effect_but_blocks_unexecuted_plan_step (test_p08_action_recovery.P08ActionRecoveryTests.test_stale_context_archives_first_effect_but_blocks_unexecuted_plan_step) ... ok
test_stale_context_not_executed_retry_and_new_request_are_blocked (test_p08_action_recovery.P08ActionRecoveryTests.test_stale_context_not_executed_retry_and_new_request_are_blocked) ... ok
test_stale_context_recovers_already_executed_receipt_without_new_authorization (test_p08_action_recovery.P08ActionRecoveryTests.test_stale_context_recovers_already_executed_receipt_without_new_authorization) ... ok
test_stale_context_terminal_replay_preserves_exact_history_without_clock_or_new_gates (test_p08_action_recovery.P08ActionRecoveryTests.test_stale_context_terminal_replay_preserves_exact_history_without_clock_or_new_gates) ... ok
test_stale_context_unknown_remains_query_only_even_with_retry (test_p08_action_recovery.P08ActionRecoveryTests.test_stale_context_unknown_remains_query_only_even_with_retry) ... ok
test_stale_recovery_keeps_choice_snapshot_producer_adapter_and_policy_binding (test_p08_action_recovery.P08ActionRecoveryTests.test_stale_recovery_keeps_choice_snapshot_producer_adapter_and_policy_binding) ... ok
test_terminal_replay_does_not_read_clock_or_reexecute (test_p08_action_recovery.P08ActionRecoveryTests.test_terminal_replay_does_not_read_clock_or_reexecute) ... ok
test_unknown_never_blindly_retries (test_p08_action_recovery.P08ActionRecoveryTests.test_unknown_never_blindly_retries) ... ok
test_cwd_repository_with_installed_fixture_rejected_without_writes (test_p08_fixture_paths.P08FixturePathTests.test_cwd_repository_with_installed_fixture_rejected_without_writes) ... ok
test_explicit_formal_and_protected_overlaps_rejected_without_writes (test_p08_fixture_paths.P08FixturePathTests.test_explicit_formal_and_protected_overlaps_rejected_without_writes) ... ok
test_formal_root_under_temp_repository_rejected_without_writes (test_p08_fixture_paths.P08FixturePathTests.test_formal_root_under_temp_repository_rejected_without_writes) ... ok
test_full_p08_fixture_checks_before_upstream_initialization (test_p08_fixture_paths.P08FixturePathTests.test_full_p08_fixture_checks_before_upstream_initialization) ... ok
test_legal_fixture_with_repository_outside_temp (test_p08_fixture_paths.P08FixturePathTests.test_legal_fixture_with_repository_outside_temp) ... ok
test_legal_sibling_temp_fixture_and_reopen_preserve_receipts (test_p08_fixture_paths.P08FixturePathTests.test_legal_sibling_temp_fixture_and_reopen_preserve_receipts) ... ok
test_other_repository_with_git_file_rejected_without_writes (test_p08_fixture_paths.P08FixturePathTests.test_other_repository_with_git_file_rejected_without_writes) ... ok
test_parent_of_existing_formal_root_rejected_without_writes (test_p08_fixture_paths.P08FixturePathTests.test_parent_of_existing_formal_root_rejected_without_writes) ... ok
test_real_windows_junction_rejected_without_writes (test_p08_fixture_paths.P08FixturePathTests.test_real_windows_junction_rejected_without_writes) ... ok
test_receipt_reparse_point_rejected_without_writes (test_p08_fixture_paths.P08FixturePathTests.test_receipt_reparse_point_rejected_without_writes) ... ok
test_reparse_component_rejected_without_writes (test_p08_fixture_paths.P08FixturePathTests.test_reparse_component_rejected_without_writes) ... ok
test_repository_ancestor_overlap_rejected_without_writes (test_p08_fixture_paths.P08FixturePathTests.test_repository_ancestor_overlap_rejected_without_writes) ... ok
test_repository_descendant_rejected_without_writes (test_p08_fixture_paths.P08FixturePathTests.test_repository_descendant_rejected_without_writes) ... ok
test_repository_outside_temp_rejected_without_writes (test_p08_fixture_paths.P08FixturePathTests.test_repository_outside_temp_rejected_without_writes) ... ok
test_repository_under_actual_temp_rejected_without_writes (test_p08_fixture_paths.P08FixturePathTests.test_repository_under_actual_temp_rejected_without_writes) ... ok
test_reserved_formal_data_roots_outside_repository_rejected_without_writes (test_p08_fixture_paths.P08FixturePathTests.test_reserved_formal_data_roots_outside_repository_rejected_without_writes) ... ok
test_symlink_component_rejected_without_writes (test_p08_fixture_paths.P08FixturePathTests.test_symlink_component_rejected_without_writes) ... skipped 'OS does not grant symlink creation: 1314'
test_temp_root_itself_rejected_without_writes (test_p08_fixture_paths.P08FixturePathTests.test_temp_root_itself_rejected_without_writes) ... ok
test_lowercase_alias_of_uppercase_directory_is_zero_write (test_p08_fixture_paths.P08ReservedDirectoryCaseTests.test_lowercase_alias_of_uppercase_directory_is_zero_write) ... ok
test_lowercase_directory_and_child_controls_are_zero_write (test_p08_fixture_paths.P08ReservedDirectoryCaseTests.test_lowercase_directory_and_child_controls_are_zero_write) ... ok
test_mixedcase_directory_child_follows_platform_semantics (test_p08_fixture_paths.P08ReservedDirectoryCaseTests.test_mixedcase_directory_child_follows_platform_semantics) ... ok
test_mixedcase_directory_itself_follows_platform_semantics (test_p08_fixture_paths.P08ReservedDirectoryCaseTests.test_mixedcase_directory_itself_follows_platform_semantics) ... ok
test_uppercase_directory_child_follows_platform_semantics (test_p08_fixture_paths.P08ReservedDirectoryCaseTests.test_uppercase_directory_child_follows_platform_semantics) ... ok
test_uppercase_directory_itself_follows_platform_semantics (test_p08_fixture_paths.P08ReservedDirectoryCaseTests.test_uppercase_directory_itself_follows_platform_semantics) ... ok
test_confirmation_recoverability_reality_and_resource_fail_closed (test_p09_boundaries.P09BoundaryTests.test_confirmation_recoverability_reality_and_resource_fail_closed) ... ok
test_cross_subject_and_environment_contexts_fail_closed (test_p09_boundaries.P09BoundaryTests.test_cross_subject_and_environment_contexts_fail_closed) ... ok
test_disabled_master_gate_never_calls_core_components (test_p09_boundaries.P09BoundaryTests.test_disabled_master_gate_never_calls_core_components) ... ok
test_emotion_persists_only_through_fixture_evolution_and_reads_do_not_write (test_p09_boundaries.P09BoundaryTests.test_emotion_persists_only_through_fixture_evolution_and_reads_do_not_write) ... ok
test_independent_router_and_composer_budgets_preserve_missing_notices (test_p09_boundaries.P09BoundaryTests.test_independent_router_and_composer_budgets_preserve_missing_notices) ... ok
test_insufficient_protected_context_budget_never_starts_thinking (test_p09_boundaries.P09BoundaryTests.test_insufficient_protected_context_budget_never_starts_thinking) ... ok
test_invalid_emotion_does_not_partially_commit_evolution (test_p09_boundaries.P09BoundaryTests.test_invalid_emotion_does_not_partially_commit_evolution) ... ok
test_memory_contradiction_action_and_emotion_subgates_do_no_component_work (test_p09_boundaries.P09BoundaryTests.test_memory_contradiction_action_and_emotion_subgates_do_no_component_work) ... ok
test_reference_permission_loss_blocks_thinking_and_new_execution (test_p09_boundaries.P09BoundaryTests.test_reference_permission_loss_blocks_thinking_and_new_execution) ... ok
test_snapshot_fails_closed_when_c1_component_is_missing_or_unmapped (test_p09_boundaries.P09BoundaryTests.test_snapshot_fails_closed_when_c1_component_is_missing_or_unmapped) ... ok
test_source_revision_and_hash_changes_invalidate_summary_and_context (test_p09_boundaries.P09BoundaryTests.test_source_revision_and_hash_changes_invalidate_summary_and_context) ... ok
test_source_revocation_invalidates_memory_even_without_raw_timeline_candidate (test_p09_boundaries.P09BoundaryTests.test_source_revocation_invalidates_memory_even_without_raw_timeline_candidate) ... ok
test_capability_model_input_contains_the_composed_context (test_p09_continuity_core.P09CoreTests.test_capability_model_input_contains_the_composed_context) ... ok
test_completed_c1_cannot_skip_receipt_verification_by_disabling_feature (test_p09_continuity_core.P09CoreTests.test_completed_c1_cannot_skip_receipt_verification_by_disabling_feature) ... ok
test_completed_request_restart_preserves_results_and_effect (test_p09_continuity_core.P09CoreTests.test_completed_request_restart_preserves_results_and_effect) ... ok
test_disabled_core_keeps_legacy_path_and_zero_component_reads (test_p09_continuity_core.P09CoreTests.test_disabled_core_keeps_legacy_path_and_zero_component_reads) ... ok
test_elapsed_emotion_is_deterministic_read_only_and_clock_rollback_safe (test_p09_continuity_core.P09CoreTests.test_elapsed_emotion_is_deterministic_read_only_and_clock_rollback_safe) ... ok
test_event_backlog_is_bounded_visible_and_drained_without_silent_loss (test_p09_continuity_core.P09CoreTests.test_event_backlog_is_bounded_visible_and_drained_without_silent_loss) ... ok
test_expired_context_stops_new_thinking_from_checkpoint (test_p09_continuity_core.P09CoreTests.test_expired_context_stops_new_thinking_from_checkpoint) ... ok
test_information_need_is_direct_and_complex_intent_uses_planner (test_p09_continuity_core.P09CoreTests.test_information_need_is_direct_and_complex_intent_uses_planner) ... ok
test_late_duplicate_out_of_order_events_reach_memory_and_context (test_p09_continuity_core.P09CoreTests.test_late_duplicate_out_of_order_events_reach_memory_and_context) ... ok
test_model_context_remains_usable_after_events_and_consolidation (test_p09_continuity_core.P09CoreTests.test_model_context_remains_usable_after_events_and_consolidation) ... ok
test_normal_engine_entry_passes_composition_to_thinking_and_direct (test_p09_continuity_core.P09CoreTests.test_normal_engine_entry_passes_composition_to_thinking_and_direct) ... ok
test_revocation_propagates_to_summary_and_old_context (test_p09_continuity_core.P09CoreTests.test_revocation_propagates_to_summary_and_old_context) ... ok
test_snapshot_covers_c1_persistence_and_branch_replays_without_effect (test_p09_continuity_core.P09CoreTests.test_snapshot_covers_c1_persistence_and_branch_replays_without_effect) ... ok
test_turning_action_gate_on_does_not_add_effect_to_completed_disabled_round (test_p09_continuity_core.P09CoreTests.test_turning_action_gate_on_does_not_add_effect_to_completed_disabled_round) ... ok
test_normal_chain_isolates_claims_trusted_resolution_never_advances_authority (test_p09_contradictions.P09ContradictionTests.test_normal_chain_isolates_claims_trusted_resolution_never_advances_authority) ... ok
test_repeated_summary_recall_never_promotes_authority (test_p09_contradictions.P09ContradictionTests.test_repeated_summary_recall_never_promotes_authority) ... ok
test_child_failure_evidence_survives_fixture_cleanup (test_p09_evidence_retention.P09EvidenceRetentionTests.test_child_failure_evidence_survives_fixture_cleanup) ... ok
test_distinct_failures_do_not_overwrite_first_evidence (test_p09_evidence_retention.P09EvidenceRetentionTests.test_distinct_failures_do_not_overwrite_first_evidence) ... ok
test_invalid_success_output_is_retained_as_parent_validation_failure (test_p09_evidence_retention.P09EvidenceRetentionTests.test_invalid_success_output_is_retained_as_parent_validation_failure) ... ok
test_later_failure_retains_prior_segment_and_never_starts_next (test_p09_evidence_retention.P09EvidenceRetentionTests.test_later_failure_retains_prior_segment_and_never_starts_next) ... ok
test_parent_interrupt_preserves_partial_streams_and_actual_exit_code (test_p09_evidence_retention.P09EvidenceRetentionTests.test_parent_interrupt_preserves_partial_streams_and_actual_exit_code) ... ok
test_saved_diagnostics_redact_secrets_without_copying_fixture_state (test_p09_evidence_retention.P09EvidenceRetentionTests.test_saved_diagnostics_redact_secrets_without_copying_fixture_state) ... ok
test_committed_fact_before_checkpoint_or_result_survives_expired_context (test_p09_evolution_review.P09RepairIndependentTests.test_committed_fact_before_checkpoint_or_result_survives_expired_context) ... ok
test_completed_result_and_thinking_evidence_cannot_disagree_with_fact (test_p09_evolution_review.P09RepairIndependentTests.test_completed_result_and_thinking_evidence_cannot_disagree_with_fact) ... ok
test_missing_checkpoint_cross_checks_every_original_fact_binding_on_all_routes (test_p09_evolution_review.P09RepairIndependentTests.test_missing_checkpoint_cross_checks_every_original_fact_binding_on_all_routes) ... ok
test_missing_evolution_checkpoint_cannot_skip_missing_original_fact_on_query (test_p09_evolution_review.P09RepairIndependentTests.test_missing_evolution_checkpoint_cannot_skip_missing_original_fact_on_query) ... ok
test_missing_evolution_checkpoint_cannot_skip_original_fact_validation (test_p09_evolution_review.P09RepairIndependentTests.test_missing_evolution_checkpoint_cannot_skip_original_fact_validation) ... ok
test_no_state_update_and_genuine_legacy_completion_keep_original_behavior (test_p09_evolution_review.P09RepairIndependentTests.test_no_state_update_and_genuine_legacy_completion_keep_original_behavior) ... ok
test_pre_binding_c1_records_still_require_original_state_fact (test_p09_evolution_review.P09RepairIndependentTests.test_pre_binding_c1_records_still_require_original_state_fact) ... ok
test_verified_fact_replays_read_only_without_checkpoint_after_expiry (test_p09_evolution_review.P09RepairIndependentTests.test_verified_fact_replays_read_only_without_checkpoint_after_expiry) ... ok
test_golden_is_repeatable_through_normal_app_without_transport (test_p09_long_run.P09LongRunTests.test_golden_is_repeatable_through_normal_app_without_transport) ... ok
test_thirty_logical_days_with_real_process_restarts_and_resource_invariants (test_p09_long_run.P09LongRunTests.test_thirty_logical_days_with_real_process_restarts_and_resource_invariants) ... ok
test_conflicting_adapter_receipt_blocks_completed_result_replay (test_p09_recovery.P09RecoveryTests.test_conflicting_adapter_receipt_blocks_completed_result_replay) ... ok
test_crashes_at_thinking_action_and_completion_checkpoints_do_not_duplicate (test_p09_recovery.P09RecoveryTests.test_crashes_at_thinking_action_and_completion_checkpoints_do_not_duplicate) ... ok
test_expired_context_never_retries_unexecuted_request (test_p09_recovery.P09RecoveryTests.test_expired_context_never_retries_unexecuted_request) ... ok
test_local_expiry_requires_nonexecution_and_cannot_hide_receipt_conflict (test_p09_recovery.P09RecoveryTests.test_local_expiry_requires_nonexecution_and_cannot_hide_receipt_conflict) ... ok
test_lost_action_response_recovers_after_expiry_and_permission_loss (test_p09_recovery.P09RecoveryTests.test_lost_action_response_recovers_after_expiry_and_permission_loss) ... ok
test_model_and_action_share_ledger_across_waiting_restart_and_result_loss (test_p09_recovery.P09RecoveryTests.test_model_and_action_share_ledger_across_waiting_restart_and_result_loss) ... ok
test_step_invalidation_retains_first_fact_and_blocks_next_step (test_p09_recovery.P09RecoveryTests.test_step_invalidation_retains_first_fact_and_blocks_next_step) ... ok
test_success_and_failure_replay_require_independent_receipts (test_p09_recovery.P09RecoveryTests.test_success_and_failure_replay_require_independent_receipts) ... ok
test_unknown_needs_explicit_retry_and_independent_nonexecution (test_p09_recovery.P09RecoveryTests.test_unknown_needs_explicit_retry_and_independent_nonexecution) ... ok
test_unknown_query_exception_and_string_cannot_authorize_execution (test_p09_recovery.P09RecoveryTests.test_unknown_query_exception_and_string_cannot_authorize_execution) ... ok
test_already_committed_state_recovers_after_expiry_control (test_p09_review_regressions.P09ReviewRegressionTests.test_already_committed_state_recovers_after_expiry_control) ... ok
test_checkpoint_context_removal_cannot_downgrade_c1_to_legacy_replay (test_p09_review_regressions.P09ReviewRegressionTests.test_checkpoint_context_removal_cannot_downgrade_c1_to_legacy_replay) ... ok
test_checkpoint_gate_flip_cannot_bypass_completed_receipt_verification (test_p09_review_regressions.P09ReviewRegressionTests.test_checkpoint_gate_flip_cannot_bypass_completed_receipt_verification) ... ok
test_committed_evolution_checkpoint_recovers_without_reauthorization_or_writes (test_p09_review_regressions.P09ReviewRegressionTests.test_committed_evolution_checkpoint_recovers_without_reauthorization_or_writes) ... ok
test_completed_state_replay_rejects_conflicting_evolution_binding (test_p09_review_regressions.P09ReviewRegressionTests.test_completed_state_replay_rejects_conflicting_evolution_binding) ... ok
test_consistently_disabled_inputs_cannot_hide_existing_e5_action (test_p09_review_regressions.P09ReviewRegressionTests.test_consistently_disabled_inputs_cannot_hide_existing_e5_action) ... ok
test_current_context_allows_legal_state_update_control (test_p09_review_regressions.P09ReviewRegressionTests.test_current_context_allows_legal_state_update_control) ... ok
test_expired_context_must_block_first_state_commit_after_thinking_crash (test_p09_review_regressions.P09ReviewRegressionTests.test_expired_context_must_block_first_state_commit_after_thinking_crash) ... ok
test_first_commit_rechecks_action_and_domain_recovery_checkpoints (test_p09_review_regressions.P09ReviewRegressionTests.test_first_commit_rechecks_action_and_domain_recovery_checkpoints) ... ok
test_first_commit_uses_current_action_permission_time_and_resources (test_p09_review_regressions.P09ReviewRegressionTests.test_first_commit_uses_current_action_permission_time_and_resources) ... ok
test_journal_binding_checks_deserialization_loading_submit_and_query (test_p09_review_regressions.P09ReviewRegressionTests.test_journal_binding_checks_deserialization_loading_submit_and_query) ... ok
test_missing_context_before_thinking_cannot_downgrade_to_legacy (test_p09_review_regressions.P09ReviewRegressionTests.test_missing_context_before_thinking_cannot_downgrade_to_legacy) ... ok
test_pre_binding_c1_and_real_legacy_disabled_records_remain_compatible (test_p09_review_regressions.P09ReviewRegressionTests.test_pre_binding_c1_and_real_legacy_disabled_records_remain_compatible) ... ok
test_rehashed_journal_cannot_override_original_thinking_input (test_p09_review_regressions.P09ReviewRegressionTests.test_rehashed_journal_cannot_override_original_thinking_input) ... ok
test_revoked_reference_must_block_first_state_commit_after_thinking_crash (test_p09_review_regressions.P09ReviewRegressionTests.test_revoked_reference_must_block_first_state_commit_after_thinking_crash) ... ok
test_thinking_binding_rejects_removed_context_or_snapshot (test_p09_review_regressions.P09ReviewRegressionTests.test_thinking_binding_rejects_removed_context_or_snapshot) ... ok
test_combined_attempt_receipt_cancel_history_rejected_before_io (test_p11_scheduler.P11SchedulerAdmissionTests.test_combined_attempt_receipt_cancel_history_rejected_before_io) ... ok
test_created_task_and_persisted_retry_completion_remain_compatible (test_p11_scheduler.P11SchedulerAdmissionTests.test_created_task_and_persisted_retry_completion_remain_compatible) ... ok
test_exhausted_initial_attempt_rejected_before_enqueue (test_p11_scheduler.P11SchedulerAdmissionTests.test_exhausted_initial_attempt_rejected_before_enqueue) ... ok
test_initial_history_rejected_before_io_with_existing_queue (test_p11_scheduler.P11SchedulerAdmissionTests.test_initial_history_rejected_before_io_with_existing_queue) ... ok
test_initial_history_rejected_before_io_without_queue (test_p11_scheduler.P11SchedulerAdmissionTests.test_initial_history_rejected_before_io_without_queue) ... ok
test_noninitial_state_sequence_revision_rejected_before_io (test_p11_scheduler.P11SchedulerAdmissionTests.test_noninitial_state_sequence_revision_rejected_before_io) ... ok
test_quiet_hours_supports_midnight_crossing (test_p11_scheduler.P11SchedulerDomainTests.test_quiet_hours_supports_midnight_crossing) ... ok
test_tampered_identity_hash_fails_closed (test_p11_scheduler.P11SchedulerDomainTests.test_tampered_identity_hash_fails_closed) ... ok
test_task_requires_trusted_utc_time_and_event_source (test_p11_scheduler.P11SchedulerDomainTests.test_task_requires_trusted_utc_time_and_event_source) ... ok
test_task_round_trip_preserves_identity_hash (test_p11_scheduler.P11SchedulerDomainTests.test_task_round_trip_preserves_identity_hash) ... ok
test_aging_prevents_starvation_under_continuous_high_priority_arrivals (test_p11_scheduler.P11SchedulerQueueTests.test_aging_prevents_starvation_under_continuous_high_priority_arrivals) ... ok
test_backpressure_has_explicit_result_and_zero_queue_write (test_p11_scheduler.P11SchedulerQueueTests.test_backpressure_has_explicit_result_and_zero_queue_write) ... ok
test_bounded_long_run_gives_low_priority_task_an_opportunity (test_p11_scheduler.P11SchedulerQueueTests.test_bounded_long_run_gives_low_priority_task_an_opportunity) ... ok
test_corrupt_queue_and_unknown_fields_fail_closed (test_p11_scheduler.P11SchedulerQueueTests.test_corrupt_queue_and_unknown_fields_fail_closed) ... ok
test_duplicate_submit_is_idempotent_but_conflict_is_rejected (test_p11_scheduler.P11SchedulerQueueTests.test_duplicate_submit_is_idempotent_but_conflict_is_rejected) ... ok
test_fixture_rejects_protected_overlap_before_any_write (test_p11_scheduler.P11SchedulerQueueTests.test_fixture_rejects_protected_overlap_before_any_write) ... ok
test_not_due_and_out_of_order_input_do_not_dispatch (test_p11_scheduler.P11SchedulerQueueTests.test_not_due_and_out_of_order_input_do_not_dispatch) ... ok
test_priority_due_time_and_sequence_are_deterministic (test_p11_scheduler.P11SchedulerQueueTests.test_priority_due_time_and_sequence_are_deterministic) ... ok
test_quiet_hours_defer_without_attempt_or_write (test_p11_scheduler.P11SchedulerQueueTests.test_quiet_hours_defer_without_attempt_or_write) ... ok
test_repository_revision_rejects_stale_writer (test_p11_scheduler.P11SchedulerQueueTests.test_repository_revision_rejects_stale_writer) ... ok
test_resource_shortage_defers_without_attempt_wake_or_resource_write (test_p11_scheduler.P11SchedulerQueueTests.test_resource_shortage_defers_without_attempt_wake_or_resource_write) ... ok
test_scheduler_records_no_psychological_or_action_payload (test_p11_scheduler.P11SchedulerQueueTests.test_scheduler_records_no_psychological_or_action_payload) ... ok
test_subject_and_environment_are_fail_closed (test_p11_scheduler.P11SchedulerQueueTests.test_subject_and_environment_are_fail_closed) ... ok
test_submit_persists_stable_identity_and_binding (test_p11_scheduler.P11SchedulerQueueTests.test_submit_persists_stable_identity_and_binding) ... ok
test_actual_awakening_integration_creates_one_wake_session (test_p11_scheduler_recovery.P11SchedulerRecoveryTests.test_actual_awakening_integration_creates_one_wake_session) ... ok
test_cancel_queued_is_idempotent_and_completed_never_regresses (test_p11_scheduler_recovery.P11SchedulerRecoveryTests.test_cancel_queued_is_idempotent_and_completed_never_regresses) ... ok
test_cancel_unknown_does_not_hide_delivered_fact (test_p11_scheduler_recovery.P11SchedulerRecoveryTests.test_cancel_unknown_does_not_hide_delivered_fact) ... ok
test_cancel_unknown_waits_for_fact_then_cancels_only_if_not_delivered (test_p11_scheduler_recovery.P11SchedulerRecoveryTests.test_cancel_unknown_waits_for_fact_then_cancels_only_if_not_delivered) ... ok
test_crash_checkpoint_queries_delivered_fact_after_restart_without_redispatch (test_p11_scheduler_recovery.P11SchedulerRecoveryTests.test_crash_checkpoint_queries_delivered_fact_after_restart_without_redispatch) ... ok
test_delivered_receipt_completes_once_across_duplicate_ticks (test_p11_scheduler_recovery.P11SchedulerRecoveryTests.test_delivered_receipt_completes_once_across_duplicate_ticks) ... ok
test_event_timeline_and_awakening_composition_preserves_objective_fact (test_p11_scheduler_recovery.P11SchedulerRecoveryTests.test_event_timeline_and_awakening_composition_preserves_objective_fact) ... ok
test_failed_attempt_retries_only_after_bounded_backoff (test_p11_scheduler_recovery.P11SchedulerRecoveryTests.test_failed_attempt_retries_only_after_bounded_backoff) ... ok
test_golden_scenario_is_repeatable_and_bounded (test_p11_scheduler_recovery.P11SchedulerRecoveryTests.test_golden_scenario_is_repeatable_and_bounded) ... ok
test_missing_attempt_binding_in_persistence_fails_closed (test_p11_scheduler_recovery.P11SchedulerRecoveryTests.test_missing_attempt_binding_in_persistence_fails_closed) ... ok
test_p09_normal_chain_then_scheduler_opportunity_keeps_authorities_separate (test_p11_scheduler_recovery.P11SchedulerRecoveryTests.test_p09_normal_chain_then_scheduler_opportunity_keeps_authorities_separate) ... ok
test_plain_status_string_cannot_prove_not_delivered (test_p11_scheduler_recovery.P11SchedulerRecoveryTests.test_plain_status_string_cannot_prove_not_delivered) ... ok
test_query_exception_preserves_unknown_and_attempt_identity (test_p11_scheduler_recovery.P11SchedulerRecoveryTests.test_query_exception_preserves_unknown_and_attempt_identity) ... ok
test_receipt_identity_conflict_fails_closed_in_submit_and_query_paths (test_p11_scheduler_recovery.P11SchedulerRecoveryTests.test_receipt_identity_conflict_fails_closed_in_submit_and_query_paths) ... ok
test_restart_preserves_attempt_number_and_backoff (test_p11_scheduler_recovery.P11SchedulerRecoveryTests.test_restart_preserves_attempt_number_and_backoff) ... ok
test_retry_limit_enters_terminal_state (test_p11_scheduler_recovery.P11SchedulerRecoveryTests.test_retry_limit_enters_terminal_state) ... ok
test_scheduled_reason_uses_existing_scheduled_wake_boundary (test_p11_scheduler_recovery.P11SchedulerRecoveryTests.test_scheduled_reason_uses_existing_scheduled_wake_boundary) ... ok
test_successful_wake_reuses_resource_aware_scheduler_allocation (test_p11_scheduler_recovery.P11SchedulerRecoveryTests.test_successful_wake_reuses_resource_aware_scheduler_allocation) ... ok
test_unknown_is_queried_and_never_blindly_redispatched (test_p11_scheduler_recovery.P11SchedulerRecoveryTests.test_unknown_is_queried_and_never_blindly_redispatched) ... ok
test_unknown_then_verified_delivery_opens_one_wake_after_restart (test_p11_scheduler_recovery.P11SchedulerRecoveryTests.test_unknown_then_verified_delivery_opens_one_wake_after_restart) ... ok
test_unresolved_unknown_does_not_starve_another_due_task (test_p11_scheduler_recovery.P11SchedulerRecoveryTests.test_unresolved_unknown_does_not_starve_another_due_task) ... ok
test_composer_exact_old_reference_blocked_after_archive (test_p12_memory_integration.ContextAndLineageTests.test_composer_exact_old_reference_blocked_after_archive) ... ok
test_invalid_source_after_real_revocation_cannot_restore (test_p12_memory_integration.ContextAndLineageTests.test_invalid_source_after_real_revocation_cannot_restore) ... ok
test_new_alias_cannot_bypass_inactive_or_archived_state (test_p12_memory_integration.ContextAndLineageTests.test_new_alias_cannot_bypass_inactive_or_archived_state) ... ok
test_normal_timeline_material_honors_weight_without_rewriting_event (test_p12_memory_integration.ContextAndLineageTests.test_normal_timeline_material_honors_weight_without_rewriting_event) ... ok
test_old_reference_stays_stale_after_restore (test_p12_memory_integration.ContextAndLineageTests.test_old_reference_stays_stale_after_restore) ... ok
test_old_summary_reference_rejected_and_rebuild_keeps_downweight (test_p12_memory_integration.ContextAndLineageTests.test_old_summary_reference_rejected_and_rebuild_keeps_downweight) ... ok
test_parent_restore_cannot_reactivate_old_child_version (test_p12_memory_integration.ContextAndLineageTests.test_parent_restore_cannot_reactivate_old_child_version) ... ok
test_partial_root_merge_retains_source_bindings_and_new_evidence (test_p12_memory_integration.ContextAndLineageTests.test_partial_root_merge_retains_source_bindings_and_new_evidence) ... ok
test_reconsolidation_cannot_recreate_deleted_evidence_under_new_identity (test_p12_memory_integration.ContextAndLineageTests.test_reconsolidation_cannot_recreate_deleted_evidence_under_new_identity) ... ok
test_router_excludes_archived_and_revalidates_old_candidate (test_p12_memory_integration.ContextAndLineageTests.test_router_excludes_archived_and_revalidates_old_candidate) ... ok
test_router_weight_changes_actual_candidate_relevance (test_p12_memory_integration.ContextAndLineageTests.test_router_weight_changes_actual_candidate_relevance) ... ok
test_transitive_child_and_summary_disabled_by_parent (test_p12_memory_integration.ContextAndLineageTests.test_transitive_child_and_summary_disabled_by_parent) ... ok
test_disabled_memory_entry_has_zero_component_reads (test_p12_memory_integration.CoreLifecycleTests.test_disabled_memory_entry_has_zero_component_reads) ... ok
test_normal_context_before_after_and_no_memory_resurrection (test_p12_memory_integration.CoreLifecycleTests.test_normal_context_before_after_and_no_memory_resurrection) ... ok
test_thirty_days_bounded_normal_entry_and_restart_invariants (test_p12_memory_integration.CoreLifecycleTests.test_thirty_days_bounded_normal_entry_and_restart_invariants) ... ok
test_deleted_consolidation_replay_cannot_return_active_material (test_p12_memory_integration.ExistingUseRegressions.test_deleted_consolidation_replay_cannot_return_active_material) ... ok
test_pending_learning_rechecks_revoked_memory_support (test_p12_memory_integration.ExistingUseRegressions.test_pending_learning_rechecks_revoked_memory_support) ... ok
test_iterable_roots_retained_without_double_consumption (test_p12_memory_integration.MemoryLearningTests.test_iterable_roots_retained_without_double_consumption) ... ok
test_missing_bound_memory_never_falls_back_to_legacy (test_p12_memory_integration.MemoryLearningTests.test_missing_bound_memory_never_falls_back_to_legacy) ... ok
test_pending_support_rejects_archive_and_old_version_after_restore (test_p12_memory_integration.MemoryLearningTests.test_pending_support_rejects_archive_and_old_version_after_restore) ... ok
test_pending_support_rejects_downweight_and_zero_learning_write (test_p12_memory_integration.MemoryLearningTests.test_pending_support_rejects_downweight_and_zero_learning_write) ... ok
test_valid_memory_learning_preserves_confidence_policy_and_evolution_boundary (test_p12_memory_integration.MemoryLearningTests.test_valid_memory_learning_preserves_confidence_policy_and_evolution_boundary) ... ok
test_valid_memory_learning_restart_can_solidify (test_p12_memory_integration.MemoryLearningTests.test_valid_memory_learning_restart_can_solidify) ... ok
test_link_components_rejected_without_writes (test_p12_memory_lifecycle.FixtureIsolationTests.test_link_components_rejected_without_writes) ... ok
test_protected_names_case_variants_self_and_children_zero_write (test_p12_memory_lifecycle.FixtureIsolationTests.test_protected_names_case_variants_self_and_children_zero_write) ... ok
test_repository_overlap_in_temp_rejected_before_writes (test_p12_memory_lifecycle.FixtureIsolationTests.test_repository_overlap_in_temp_rejected_before_writes) ... ok
test_actual_fresh_process_recovers_deleted_receipt_without_write (test_p12_memory_lifecycle.LifecycleTests.test_actual_fresh_process_recovers_deleted_receipt_without_write) ... ok
test_archive_delete_keep_event_and_subject_state_bytes (test_p12_memory_lifecycle.LifecycleTests.test_archive_delete_keep_event_and_subject_state_bytes) ... ok
test_atomic_replace_failure_preserves_document_and_no_receipt (test_p12_memory_lifecycle.LifecycleTests.test_atomic_replace_failure_preserves_document_and_no_receipt) ... ok
test_authorized_trace_is_read_only_and_no_body (test_p12_memory_lifecycle.LifecycleTests.test_authorized_trace_is_read_only_and_no_body) ... ok
test_command_identity_conflict_no_write (test_p12_memory_lifecycle.LifecycleTests.test_command_identity_conflict_no_write) ... ok
test_concurrent_conflicting_commands_one_winner (test_p12_memory_lifecycle.LifecycleTests.test_concurrent_conflicting_commands_one_winner) ... ok
test_concurrent_duplicate_single_revision (test_p12_memory_lifecycle.LifecycleTests.test_concurrent_duplicate_single_revision) ... ok
test_confirmation_binds_entire_command (test_p12_memory_lifecycle.LifecycleTests.test_confirmation_binds_entire_command) ... ok
test_current_permission_revocation_denied (test_p12_memory_lifecycle.LifecycleTests.test_current_permission_revocation_denied) ... ok
test_decay_clock_rollback_rejected (test_p12_memory_lifecycle.LifecycleTests.test_decay_clock_rollback_rejected) ... ok
test_delete_replay_returns_tombstone_without_writes (test_p12_memory_lifecycle.LifecycleTests.test_delete_replay_returns_tombstone_without_writes) ... ok
test_deleted_cannot_restore_after_restart (test_p12_memory_lifecycle.LifecycleTests.test_deleted_cannot_restore_after_restart) ... ok
test_downweight_affects_actual_retrieval_score (test_p12_memory_lifecycle.LifecycleTests.test_downweight_affects_actual_retrieval_score) ... ok
test_duplicate_command_replays_exactly_without_revision_increment (test_p12_memory_lifecycle.LifecycleTests.test_duplicate_command_replays_exactly_without_revision_increment) ... ok
test_elapsed_decay_repeat_same_time_does_not_compound (test_p12_memory_lifecycle.LifecycleTests.test_elapsed_decay_repeat_same_time_does_not_compound) ... ok
test_expiry_boundary_and_future_time_rejected (test_p12_memory_lifecycle.LifecycleTests.test_expiry_boundary_and_future_time_rejected) ... ok
test_expiry_rechecked_after_confirmation_callback (test_p12_memory_lifecycle.LifecycleTests.test_expiry_rechecked_after_confirmation_callback) ... ok
test_hash_mismatch_rejected (test_p12_memory_lifecycle.LifecycleTests.test_hash_mismatch_rejected) ... ok
test_history_recall_requires_current_permission (test_p12_memory_lifecycle.LifecycleTests.test_history_recall_requires_current_permission) ... ok
test_inactive_and_archived_exit_ordinary_retrieval (test_p12_memory_lifecycle.LifecycleTests.test_inactive_and_archived_exit_ordinary_retrieval) ... ok
test_invalid_decay_policy_not_defaulted (test_p12_memory_lifecycle.LifecycleTests.test_invalid_decay_policy_not_defaulted) ... ok
test_legacy_archive_temperature_maps_without_write (test_p12_memory_lifecycle.LifecycleTests.test_legacy_archive_temperature_maps_without_write) ... ok
test_legacy_roundtrip_hash_and_no_lifecycle_fields (test_p12_memory_lifecycle.LifecycleTests.test_legacy_roundtrip_hash_and_no_lifecycle_fields) ... ok
test_legal_sequence_archive_restore_delete (test_p12_memory_lifecycle.LifecycleTests.test_legal_sequence_archive_restore_delete) ... ok
test_lifecycle_is_distinct_from_temperature_and_fact_validity (test_p12_memory_lifecycle.LifecycleTests.test_lifecycle_is_distinct_from_temperature_and_fact_validity) ... ok
test_missing_confirmation_denied (test_p12_memory_lifecycle.LifecycleTests.test_missing_confirmation_denied) ... ok
test_old_archive_replay_after_delete_never_restores (test_p12_memory_lifecycle.LifecycleTests.test_old_archive_replay_after_delete_never_restores) ... ok
test_permission_rechecked_after_confirmation_callback (test_p12_memory_lifecycle.LifecycleTests.test_permission_rechecked_after_confirmation_callback) ... ok
test_permission_revision_change_denied (test_p12_memory_lifecycle.LifecycleTests.test_permission_revision_change_denied) ... ok
test_permission_scope_denied (test_p12_memory_lifecycle.LifecycleTests.test_permission_scope_denied) ... ok
test_production_delete_not_ready_without_read_or_write (test_p12_memory_lifecycle.LifecycleTests.test_production_delete_not_ready_without_read_or_write) ... ok
test_raw_save_cannot_resurrect_deleted (test_p12_memory_lifecycle.LifecycleTests.test_raw_save_cannot_resurrect_deleted) ... ok
test_repeated_deactivate_new_identity_rejected (test_p12_memory_lifecycle.LifecycleTests.test_repeated_deactivate_new_identity_rejected) ... ok
test_restart_after_saved_result_replays_once (test_p12_memory_lifecycle.LifecycleTests.test_restart_after_saved_result_replays_once) ... ok
test_restore_active_rejected_zero_writes (test_p12_memory_lifecycle.LifecycleTests.test_restore_active_rejected_zero_writes) ... ok
test_restore_invalid_source_denied (test_p12_memory_lifecycle.LifecycleTests.test_restore_invalid_source_denied) ... ok
test_restore_resets_explicit_use_weight_and_preserves_history (test_p12_memory_lifecycle.LifecycleTests.test_restore_resets_explicit_use_weight_and_preserves_history) ... ok
test_restore_source_hash_drift_denied (test_p12_memory_lifecycle.LifecycleTests.test_restore_source_hash_drift_denied) ... ok
test_seven_day_golden_actual_recall_difference_and_delete_replay (test_p12_memory_lifecycle.LifecycleTests.test_seven_day_golden_actual_recall_difference_and_delete_replay) ... ok
test_stale_version_rejected (test_p12_memory_lifecycle.LifecycleTests.test_stale_version_rejected) ... ok
test_strong_history_recall_is_bounded_and_never_restores (test_p12_memory_lifecycle.LifecycleTests.test_strong_history_recall_is_bounded_and_never_restores) ... ok
test_summary_invalidated_atomically_then_rebuilt_only_after_restore (test_p12_memory_lifecycle.LifecycleTests.test_summary_invalidated_atomically_then_rebuilt_only_after_restore) ... ok
test_tampered_lifecycle_binding_fails_closed_even_with_document_hash (test_p12_memory_lifecycle.LifecycleTests.test_tampered_lifecycle_binding_fails_closed_even_with_document_hash) ... ok
test_wrong_subject_and_environment_before_repository_read (test_p12_memory_lifecycle.LifecycleTests.test_wrong_subject_and_environment_before_repository_read) ... ok
test_zero_weight_excluded_without_becoming_deleted (test_p12_memory_lifecycle.LifecycleTests.test_zero_weight_excluded_without_becoming_deleted) ... ok
test_confirmation_reentry_does_not_overwrite_another_successful_command (test_p12_memory_review_regressions.P12IndependentProbes.test_confirmation_reentry_does_not_overwrite_another_successful_command) ... ok
test_consolidation_race_cannot_return_fresh_active_material_after_archive (test_p12_memory_review_regressions.P12IndependentProbes.test_consolidation_race_cannot_return_fresh_active_material_after_archive) ... ok
test_control_approved_restore_and_deleted_recovery_rejection (test_p12_memory_review_regressions.P12IndependentProbes.test_control_approved_restore_and_deleted_recovery_rejection) ... ok
test_control_current_authorized_history_recall_still_works (test_p12_memory_review_regressions.P12IndependentProbes.test_control_current_authorized_history_recall_still_works) ... ok
test_control_new_independent_evidence_still_creates_memory (test_p12_memory_review_regressions.P12IndependentProbes.test_control_new_independent_evidence_still_creates_memory) ... ok
test_history_recall_does_not_return_body_deleted_during_lookup (test_p12_memory_review_regressions.P12IndependentProbes.test_history_recall_does_not_return_body_deleted_during_lookup) ... ok
test_history_recall_rechecks_permission_after_source_port (test_p12_memory_review_regressions.P12IndependentProbes.test_history_recall_rechecks_permission_after_source_port) ... ok
test_new_derived_memory_cannot_restore_downweighted_root_influence (test_p12_memory_review_regressions.P12IndependentProbes.test_new_derived_memory_cannot_restore_downweighted_root_influence) ... ok
test_unbound_successor_cannot_drop_lifecycle_and_restore_archived_memory (test_p12_memory_review_regressions.P12IndependentProbes.test_unbound_successor_cannot_drop_lifecycle_and_restore_archived_memory) ... ok
test_r1_later_candidate_deletes_earlier_match_no_body (test_p12_memory_review_regressions.P12ReviewInterleavingTests.test_r1_later_candidate_deletes_earlier_match_no_body) ... ok
test_r1_legal_history_reopen_zero_write (test_p12_memory_review_regressions.P12ReviewInterleavingTests.test_r1_legal_history_reopen_zero_write) ... ok
test_r1_restore_during_lookup_rejects_old_version (test_p12_memory_review_regressions.P12ReviewInterleavingTests.test_r1_restore_during_lookup_rejects_old_version) ... ok
test_r1_source_binding_changed_between_checks_zero_write (test_p12_memory_review_regressions.P12ReviewInterleavingTests.test_r1_source_binding_changed_between_checks_zero_write) ... ok
test_r2_each_missing_field_rejected_at_save_zero_write (test_p12_memory_review_regressions.P12ReviewInterleavingTests.test_r2_each_missing_field_rejected_at_save_zero_write) ... ok
test_r2_governed_ordinary_successor_preserves_archive (test_p12_memory_review_regressions.P12ReviewInterleavingTests.test_r2_governed_ordinary_successor_preserves_archive) ... ok
test_r2_hash_consistent_downgrade_rejected_on_load_zero_write (test_p12_memory_review_regressions.P12ReviewInterleavingTests.test_r2_hash_consistent_downgrade_rejected_on_load_zero_write) ... ok
test_r2_legacy_successor_retains_missing_fields_and_hash (test_p12_memory_review_regressions.P12ReviewInterleavingTests.test_r2_legacy_successor_retains_missing_fields_and_hash) ... ok
test_r3_same_target_nested_fact_survives_outer_rejection (test_p12_memory_review_regressions.P12ReviewInterleavingTests.test_r3_same_target_nested_fact_survives_outer_rejection) ... ok
test_r3_source_callback_nested_other_commit_survives_and_outer_retry (test_p12_memory_review_regressions.P12ReviewInterleavingTests.test_r3_source_callback_nested_other_commit_survives_and_outer_retry) ... ok
test_r4_after_commit_archive_blocks_body_but_preserves_true_operation (test_p12_memory_review_regressions.P12ReviewInterleavingTests.test_r4_after_commit_archive_blocks_body_but_preserves_true_operation) ... ok
test_r4_first_alias_archive_interleaving_does_not_append_operation (test_p12_memory_review_regressions.P12ReviewInterleavingTests.test_r4_first_alias_archive_interleaving_does_not_append_operation) ... ok
test_r4_legal_new_alias_and_exact_replay_remain_compatible (test_p12_memory_review_regressions.P12ReviewInterleavingTests.test_r4_legal_new_alias_and_exact_replay_remain_compatible) ... ok
test_r5_composer_summary_and_legacy_retriever_use_current_ceiling (test_p12_memory_review_regressions.P12ReviewInterleavingTests.test_r5_composer_summary_and_legacy_retriever_use_current_ceiling) ... ok
test_r5_raw_root_new_scope_and_transitive_chain_retain_ceiling_after_restart (test_p12_memory_review_regressions.P12ReviewInterleavingTests.test_r5_raw_root_new_scope_and_transitive_chain_retain_ceiling_after_restart) ... ok
test_r5_same_root_alias_before_downweight_revalidated_without_hash_rewrite (test_p12_memory_review_regressions.P12ReviewInterleavingTests.test_r5_same_root_alias_before_downweight_revalidated_without_hash_rewrite) ... ok
test_existing_alias_cannot_bypass_archive (test_p12_memory_second_review.P12ExistingAliasProbes.test_existing_alias_cannot_bypass_archive) ... ok
test_existing_alias_cannot_bypass_deactivation (test_p12_memory_second_review.P12ExistingAliasProbes.test_existing_alias_cannot_bypass_deactivation) ... ok
test_existing_alias_cannot_bypass_logical_delete (test_p12_memory_second_review.P12ExistingAliasProbes.test_existing_alias_cannot_bypass_logical_delete) ... ok
test_positive_explicit_restore_reopens_existing_alias (test_p12_memory_second_review.P12ExistingAliasProbes.test_positive_explicit_restore_reopens_existing_alias) ... ok
test_positive_nonzero_downweight_is_inherited (test_p12_memory_second_review.P12ExistingAliasProbes.test_positive_nonzero_downweight_is_inherited) ... ok
test_positive_untouched_alias_is_legitimately_selected (test_p12_memory_second_review.P12ExistingAliasProbes.test_positive_untouched_alias_is_legitimately_selected) ... ok
test_zero_weight_alias_cannot_be_selected_by_legacy_service (test_p12_memory_second_review.P12ExistingAliasProbes.test_zero_weight_alias_cannot_be_selected_by_legacy_service) ... ok
test_archive_blocks_alias_summary_exact_and_old_windows (test_p12_memory_second_review.SameRootConsumptionTests.test_archive_blocks_alias_summary_exact_and_old_windows) ... ok
test_authorized_archived_history_and_event_audit_remain_read_only (test_p12_memory_second_review.SameRootConsumptionTests.test_authorized_archived_history_and_event_audit_remain_read_only) ... ok
test_deactivate_blocks_alias_summary_exact_and_old_windows (test_p12_memory_second_review.SameRootConsumptionTests.test_deactivate_blocks_alias_summary_exact_and_old_windows) ... ok
test_delete_blocks_alias_summary_exact_and_old_windows (test_p12_memory_second_review.SameRootConsumptionTests.test_delete_blocks_alias_summary_exact_and_old_windows) ... ok
test_deleted_root_cannot_leak_through_archived_alias_history_or_restore (test_p12_memory_second_review.SameRootConsumptionTests.test_deleted_root_cannot_leak_through_archived_alias_history_or_restore) ... ok
test_lifecycle_restriction_does_not_block_new_independent_root (test_p12_memory_second_review.SameRootConsumptionTests.test_lifecycle_restriction_does_not_block_new_independent_root) ... ok
test_new_alias_after_governance_is_rejected_without_writes (test_p12_memory_second_review.SameRootConsumptionTests.test_new_alias_after_governance_is_rejected_without_writes) ... ok
test_normal_c1_rejects_old_context_and_excludes_existing_alias_after_restart (test_p12_memory_second_review.SameRootConsumptionTests.test_normal_c1_rejects_old_context_and_excludes_existing_alias_after_restart) ... ok
test_restoring_original_does_not_rebind_old_explicit_child (test_p12_memory_second_review.SameRootConsumptionTests.test_restoring_original_does_not_rebind_old_explicit_child) ... ok
test_summary_stays_invalid_after_restore_until_explicit_rebuild (test_p12_memory_second_review.SameRootConsumptionTests.test_summary_stays_invalid_after_restore_until_explicit_rebuild) ... ok
test_true_legacy_archive_temperature_enumeration_remains_compatible (test_p12_memory_second_review.SameRootConsumptionTests.test_true_legacy_archive_temperature_enumeration_remains_compatible) ... ok
test_zero_weight_is_filtered_at_retriever_not_by_changing_zero_threshold (test_p12_memory_second_review.SameRootConsumptionTests.test_zero_weight_is_filtered_at_retriever_not_by_changing_zero_threshold) ... ok
test_memory_window_weight_drift_without_identity_or_order_change (test_p12_memory_weight_windows.WeightWindowProbes.test_memory_window_weight_drift_without_identity_or_order_change) ... ok
test_summary_window_weight_drift_without_identity_or_order_change (test_p12_memory_weight_windows.WeightWindowProbes.test_summary_window_weight_drift_without_identity_or_order_change) ... ok
test_disabled_normal_core_accepts_explicit_expression_configuration (test_p13_expression_policy.ExpressionInputTests.test_disabled_normal_core_accepts_explicit_expression_configuration) ... ok
test_formed_seven_modes_roundtrip_without_mutating_judgment (test_p13_expression_policy.ExpressionInputTests.test_formed_seven_modes_roundtrip_without_mutating_judgment) ... ok
test_old_thinking_serialization_omits_extension (test_p13_expression_policy.ExpressionInputTests.test_old_thinking_serialization_omits_extension) ... ok
test_unknown_mode_rejected (test_p13_expression_policy.ExpressionInputTests.test_unknown_mode_rejected) ... ok
test_budget_rejection_keeps_whole_original_body (test_p13_expression_policy.ExpressionPolicyTests.test_budget_rejection_keeps_whole_original_body) ... ok
test_expression_gate_off_no_port_call_no_extension (test_p13_expression_policy.ExpressionPolicyTests.test_expression_gate_off_no_port_call_no_extension) ... ok
test_generation_failure_is_not_subject_silence_or_refusal (test_p13_expression_policy.ExpressionPolicyTests.test_generation_failure_is_not_subject_silence_or_refusal) ... ok
test_invalidation_inside_presentation_cannot_complete (test_p13_expression_policy.ExpressionPolicyTests.test_invalidation_inside_presentation_cannot_complete) ... ok
test_mode_and_binding_changes_rejected (test_p13_expression_policy.ExpressionPolicyTests.test_mode_and_binding_changes_rejected) ... ok
test_protected_root_rejected_zero_writes (test_p13_expression_policy.ExpressionPolicyTests.test_protected_root_rejected_zero_writes) ... ok
test_reversing_provider_rejected_no_final_result (test_p13_expression_policy.ExpressionPolicyTests.test_reversing_provider_rejected_no_final_result) ... ok
test_seven_modes_normal_entry_persist_and_keep_authorities (test_p13_expression_policy.ExpressionPolicyTests.test_seven_modes_normal_entry_persist_and_keep_authorities) ... ok
test_silence_does_not_require_visible_output_budget_or_presentation (test_p13_expression_policy.ExpressionPolicyTests.test_silence_does_not_require_visible_output_budget_or_presentation) ... ok
test_bounded_three_day_seven_round_golden_no_cognitive_overwrite (test_p13_expression_recovery.ExpressionRecoveryTests.test_bounded_three_day_seven_round_golden_no_cognitive_overwrite) ... ok
test_context_rejection_and_platform_denial_are_distinct_from_subject_refusal (test_p13_expression_recovery.ExpressionRecoveryTests.test_context_rejection_and_platform_denial_are_distinct_from_subject_refusal) ... ok
test_crash_after_domain_recovers_artifact_without_presentation (test_p13_expression_recovery.ExpressionRecoveryTests.test_crash_after_domain_recovers_artifact_without_presentation) ... ok
test_crash_after_thinking_reuses_original_result_not_new_mode (test_p13_expression_recovery.ExpressionRecoveryTests.test_crash_after_thinking_reuses_original_result_not_new_mode) ... ok
test_cross_subject_and_environment_composition_rejects_before_port_or_writes (test_p13_expression_recovery.ExpressionRecoveryTests.test_cross_subject_and_environment_composition_rejects_before_port_or_writes) ... ok
test_current_approved_evolution_keeps_proposal_and_revision_semantics (test_p13_expression_recovery.ExpressionRecoveryTests.test_current_approved_evolution_keeps_proposal_and_revision_semantics) ... ok
test_direct_and_optional_planner_preserve_expression_mode (test_p13_expression_recovery.ExpressionRecoveryTests.test_direct_and_optional_planner_preserve_expression_mode) ... ok
test_disabled_expression_outcome_has_no_component_reads (test_p13_expression_recovery.ExpressionRecoveryTests.test_disabled_expression_outcome_has_no_component_reads) ... ok
test_existing_emotion_only_affects_explicit_emphasis_preference (test_p13_expression_recovery.ExpressionRecoveryTests.test_existing_emotion_only_affects_explicit_emphasis_preference) ... ok
test_expired_context_blocks_text_but_keeps_original_receipts (test_p13_expression_recovery.ExpressionRecoveryTests.test_expired_context_blocks_text_but_keeps_original_receipts) ... ok
test_forged_action_input_rejected_before_materialization (test_p13_expression_recovery.ExpressionRecoveryTests.test_forged_action_input_rejected_before_materialization) ... ok
test_formal_relationship_and_compact_preference_change_format_only (test_p13_expression_recovery.ExpressionRecoveryTests.test_formal_relationship_and_compact_preference_change_format_only) ... ok
test_fresh_process_restores_original_expression_without_provider_or_effect (test_p13_expression_recovery.ExpressionRecoveryTests.test_fresh_process_restores_original_expression_without_provider_or_effect) ... ok
test_generation_failure_retry_does_not_rethink_or_duplicate_action (test_p13_expression_recovery.ExpressionRecoveryTests.test_generation_failure_retry_does_not_rethink_or_duplicate_action) ... ok
test_missing_completed_artifact_cannot_downgrade_to_legacy (test_p13_expression_recovery.ExpressionRecoveryTests.test_missing_completed_artifact_cannot_downgrade_to_legacy) ... ok
test_model_result_restart_expression_uses_one_original_capability_ledger (test_p13_expression_recovery.ExpressionRecoveryTests.test_model_result_restart_expression_uses_one_original_capability_ledger) ... ok
test_model_waiting_remains_waiting_not_subject_silence (test_p13_expression_recovery.ExpressionRecoveryTests.test_model_waiting_remains_waiting_not_subject_silence) ... ok
test_original_router_request_cannot_be_rebound_to_another_operation (test_p13_expression_recovery.ExpressionRecoveryTests.test_original_router_request_cannot_be_rebound_to_another_operation) ... ok
test_p12_archive_invalidates_saved_expression_and_normal_future_context (test_p13_expression_recovery.ExpressionRecoveryTests.test_p12_archive_invalidates_saved_expression_and_normal_future_context) ... ok
test_real_evolution_recovers_after_expiry_without_releasing_old_text (test_p13_expression_recovery.ExpressionRecoveryTests.test_real_evolution_recovers_after_expiry_without_releasing_old_text) ... ok
test_removing_original_gate_cannot_remove_expression_ownership (test_p13_expression_recovery.ExpressionRecoveryTests.test_removing_original_gate_cannot_remove_expression_ownership) ... ok
test_restart_repeat_submit_and_query_do_not_regenerate_or_execute (test_p13_expression_recovery.ExpressionRecoveryTests.test_restart_repeat_submit_and_query_do_not_regenerate_or_execute) ... ok
test_revoked_exact_permission_blocks_completed_replay_zero_writes (test_p13_expression_recovery.ExpressionRecoveryTests.test_revoked_exact_permission_blocks_completed_replay_zero_writes) ... ok
test_snapshot_branch_preserves_artifact_and_does_not_touch_original (test_p13_expression_recovery.ExpressionRecoveryTests.test_snapshot_branch_preserves_artifact_and_does_not_touch_original) ... ok
test_unknown_historical_receipt_cannot_be_expression_success (test_p13_expression_recovery.ExpressionRecoveryTests.test_unknown_historical_receipt_cannot_be_expression_success) ... ok
test_authority_can_restore_access_without_repeat_effects (test_p13_review_regressions.P13AdjacentBoundaries.test_authority_can_restore_access_without_repeat_effects) ... ok
test_authorized_three_style_sources_preserve_body_and_authority (test_p13_review_regressions.P13AdjacentBoundaries.test_authorized_three_style_sources_preserve_body_and_authority) ... ok
test_committed_evolution_recovers_after_expression_revocation (test_p13_review_regressions.P13AdjacentBoundaries.test_committed_evolution_recovers_after_expression_revocation) ... ok
test_confirmation_identity_removal_not_recreated_by_replay (test_p13_review_regressions.P13AdjacentBoundaries.test_confirmation_identity_removal_not_recreated_by_replay) ... ok
test_confirmation_withdrawn_inside_port (test_p13_review_regressions.P13AdjacentBoundaries.test_confirmation_withdrawn_inside_port) ... ok
test_current_all_consumption_entries_deny_and_keep_facts (test_p13_review_regressions.P13AdjacentBoundaries.test_current_all_consumption_entries_deny_and_keep_facts) ... ok
test_current_confirmation_withdrawal_after_action (test_p13_review_regressions.P13AdjacentBoundaries.test_current_confirmation_withdrawal_after_action) ... ok
test_domain_crash_then_revoke_keeps_completed_fact_without_text (test_p13_review_regressions.P13AdjacentBoundaries.test_domain_crash_then_revoke_keeps_completed_fact_without_text) ... ok
test_each_style_source_invalidated_during_port_blocks_completion (test_p13_review_regressions.P13AdjacentBoundaries.test_each_style_source_invalidated_during_port_blocks_completion) ... ok
test_expiry_at_boundary_before_presentation (test_p13_review_regressions.P13AdjacentBoundaries.test_expiry_at_boundary_before_presentation) ... ok
test_expiry_during_presentation_blocks_artifact (test_p13_review_regressions.P13AdjacentBoundaries.test_expiry_during_presentation_blocks_artifact) ... ok
test_omitted_or_denied_sections_use_only_authorized_defaults (test_p13_review_regressions.P13AdjacentBoundaries.test_omitted_or_denied_sections_use_only_authorized_defaults) ... ok
test_resources_can_deny_current_consumption_without_new_charge (test_p13_review_regressions.P13AdjacentBoundaries.test_resources_can_deny_current_consumption_without_new_charge) ... ok
test_revocation_does_not_hide_unknown_receipt (test_p13_review_regressions.P13AdjacentBoundaries.test_revocation_does_not_hide_unknown_receipt) ... ok
test_historical_receipts_do_not_authorize_new_consumption_after_grant_revocation (test_p13_review_regressions.P13ReviewProbes.test_historical_receipts_do_not_authorize_new_consumption_after_grant_revocation) ... ok
test_old_context_revocation_control_still_blocks (test_p13_review_regressions.P13ReviewProbes.test_old_context_revocation_control_still_blocks) ... ok
test_omitted_relationship_source_does_not_influence_expression (test_p13_review_regressions.P13ReviewProbes.test_omitted_relationship_source_does_not_influence_expression) ... ok
test_revoked_expression_grant_after_action_blocks_first_presentation (test_p13_review_regressions.P13ReviewProbes.test_revoked_expression_grant_after_action_blocks_first_presentation) ... ok
test_revoked_expression_grant_before_action_control_blocks (test_p13_review_regressions.P13ReviewProbes.test_revoked_expression_grant_before_action_control_blocks) ... ok
test_revoked_expression_grant_during_presentation_blocks_new_artifact (test_p13_review_regressions.P13ReviewProbes.test_revoked_expression_grant_during_presentation_blocks_new_artifact) ... ok
test_unchanged_restart_control_preserves_body_and_zero_new_effect (test_p13_review_regressions.P13ReviewProbes.test_unchanged_restart_control_preserves_body_and_zero_new_effect) ... ok
test_all_drives_and_somatic_dimensions_are_retained (test_p14_dynamic_mind.DynamicMindMechanismTests.test_all_drives_and_somatic_dimensions_are_retained) ... ok
test_apology_is_new_evidence_not_automatic_resolution (test_p14_dynamic_mind.DynamicMindMechanismTests.test_apology_is_new_evidence_not_automatic_resolution) ... ok
test_clock_regression_and_cross_environment_are_rejected (test_p14_dynamic_mind.DynamicMindMechanismTests.test_clock_regression_and_cross_environment_are_rejected) ... ok
test_desire_lifecycle_and_regulation_success (test_p14_dynamic_mind.DynamicMindMechanismTests.test_desire_lifecycle_and_regulation_success) ... ok
test_duplicate_appraisal_does_not_reinforce_same_time (test_p14_dynamic_mind.DynamicMindMechanismTests.test_duplicate_appraisal_does_not_reinforce_same_time) ... ok
test_no_observation_forms_endogenous_desire (test_p14_dynamic_mind.DynamicMindMechanismTests.test_no_observation_forms_endogenous_desire) ... ok
test_persisted_state_restores_without_reset (test_p14_dynamic_mind.DynamicMindMechanismTests.test_persisted_state_restores_without_reset) ... ok
test_psychological_opposites_remain_together (test_p14_dynamic_mind.DynamicMindMechanismTests.test_psychological_opposites_remain_together) ... ok
test_resolution_then_new_harm_reopens_same_concern (test_p14_dynamic_mind.DynamicMindMechanismTests.test_resolution_then_new_harm_reopens_same_concern) ... ok
test_same_time_replay_has_no_extra_dynamic_change (test_p14_dynamic_mind.DynamicMindMechanismTests.test_same_time_replay_has_no_extra_dynamic_change) ... ok
test_subjective_time_depends_on_attention_and_somatic_state (test_p14_dynamic_mind.DynamicMindMechanismTests.test_subjective_time_depends_on_attention_and_somatic_state) ... ok
test_subjective_wait_changes_attention_even_with_equal_body (test_p14_dynamic_mind.DynamicMindMechanismTests.test_subjective_wait_changes_attention_even_with_equal_body) ... ok
test_suppression_can_fail_without_erasing_concern (test_p14_dynamic_mind.DynamicMindMechanismTests.test_suppression_can_fail_without_erasing_concern) ... ok
test_transformed_desire_can_continue_without_identity_collision (test_p14_dynamic_mind.DynamicMindMechanismTests.test_transformed_desire_can_continue_without_identity_collision) ... ok
test_unbound_will_and_thought_references_fail_closed (test_p14_dynamic_mind.DynamicMindMechanismTests.test_unbound_will_and_thought_references_fail_closed) ... ok
test_unknown_nested_reasoning_fields_are_rejected (test_p14_dynamic_mind.DynamicMindMechanismTests.test_unknown_nested_reasoning_fields_are_rejected) ... ok
test_weaken_and_transform_change_desire_not_only_phase (test_p14_dynamic_mind.DynamicMindMechanismTests.test_weaken_and_transform_change_desire_not_only_phase) ... ok
test_will_records_deliberation_not_scheduler_priority (test_p14_dynamic_mind.DynamicMindMechanismTests.test_will_records_deliberation_not_scheduler_priority) ... ok
test_attention_changes_actual_authorized_memory_ranking (test_p14_mind_recovery.MindCoreIntegrationTests.test_attention_changes_actual_authorized_memory_ranking) ... ok
test_bounded_golden_survives_real_process_restarts (test_p14_mind_recovery.MindCoreIntegrationTests.test_bounded_golden_survives_real_process_restarts) ... ok
test_capability_wait_resumes_mind_in_original_think_session (test_p14_mind_recovery.MindCoreIntegrationTests.test_capability_wait_resumes_mind_in_original_think_session) ... ok
test_cognitive_resolution_requires_new_consistent_experience (test_p14_mind_recovery.MindCoreIntegrationTests.test_cognitive_resolution_requires_new_consistent_experience) ... ok
test_completed_mind_facts_still_require_real_adapter_receipt (test_p14_mind_recovery.MindCoreIntegrationTests.test_completed_mind_facts_still_require_real_adapter_receipt) ... ok
test_completed_replay_does_not_advance_revision_or_repeat_effect (test_p14_mind_recovery.MindCoreIntegrationTests.test_completed_replay_does_not_advance_revision_or_repeat_effect) ... ok
test_complex_information_need_still_uses_original_optional_planner (test_p14_mind_recovery.MindCoreIntegrationTests.test_complex_information_need_still_uses_original_optional_planner) ... ok
test_current_candidate_tampering_and_cross_subject_are_rejected (test_p14_mind_recovery.MindCoreIntegrationTests.test_current_candidate_tampering_and_cross_subject_are_rejected) ... ok
test_explicit_subject_confrontation_is_retained (test_p14_mind_recovery.MindCoreIntegrationTests.test_explicit_subject_confrontation_is_retained) ... ok
test_explicit_subject_refusal_is_not_erased_by_generic_drive (test_p14_mind_recovery.MindCoreIntegrationTests.test_explicit_subject_refusal_is_not_erased_by_generic_drive) ... ok
test_explicit_subject_silence_is_not_relabelled_pursuit (test_p14_mind_recovery.MindCoreIntegrationTests.test_explicit_subject_silence_is_not_relabelled_pursuit) ... ok
test_feature_off_keeps_legacy_serialization_and_behavior (test_p14_mind_recovery.MindCoreIntegrationTests.test_feature_off_keeps_legacy_serialization_and_behavior) ... ok
test_forgotten_or_revoked_current_source_cannot_finish_new_mind (test_p14_mind_recovery.MindCoreIntegrationTests.test_forgotten_or_revoked_current_source_cannot_finish_new_mind) ... ok
test_internal_body_changes_real_choice_with_same_provider_output (test_p14_mind_recovery.MindCoreIntegrationTests.test_internal_body_changes_real_choice_with_same_provider_output) ... ok
test_native_evolution_saved_before_checkpoint_recovers_after_expiry (test_p14_mind_recovery.MindCoreIntegrationTests.test_native_evolution_saved_before_checkpoint_recovers_after_expiry) ... ok
test_native_feature_off_does_not_read_p14_recovery_or_prepare (test_p14_mind_recovery.MindCoreIntegrationTests.test_native_feature_off_does_not_read_p14_recovery_or_prepare) ... ok
test_native_missing_evolution_fact_is_rejected_without_writes (test_p14_mind_recovery.MindCoreIntegrationTests.test_native_missing_evolution_fact_is_rejected_without_writes) ... ok
test_native_opportunity_without_observation_creates_desire_and_restores (test_p14_mind_recovery.MindCoreIntegrationTests.test_native_opportunity_without_observation_creates_desire_and_restores) ... ok
test_new_commit_expired_or_revoked_after_thinking_is_blocked (test_p14_mind_recovery.MindCoreIntegrationTests.test_new_commit_expired_or_revoked_after_thinking_is_blocked) ... ok
test_normal_c1_appraises_sources_and_apology_does_not_reset_episode (test_p14_mind_recovery.MindCoreIntegrationTests.test_normal_c1_appraises_sources_and_apology_does_not_reset_episode) ... ok
test_normal_c1_commits_mind_through_original_evolution (test_p14_mind_recovery.MindCoreIntegrationTests.test_normal_c1_commits_mind_through_original_evolution) ... ok
test_normal_chain_attempts_regulation_without_erasing_episode (test_p14_mind_recovery.MindCoreIntegrationTests.test_normal_chain_attempts_regulation_without_erasing_episode) ... ok
test_old_concurrent_candidate_cannot_overwrite_new_revision (test_p14_mind_recovery.MindCoreIntegrationTests.test_old_concurrent_candidate_cannot_overwrite_new_revision) ... ok
test_path_protection_before_any_fixture_write (test_p14_mind_recovery.MindCoreIntegrationTests.test_path_protection_before_any_fixture_write) ... ok
test_raw_provider_cannot_supply_dynamic_mind_mutation (test_p14_mind_recovery.MindCoreIntegrationTests.test_raw_provider_cannot_supply_dynamic_mind_mutation) ... ok
test_snapshot_branch_includes_mind_without_polluting_parent (test_p14_mind_recovery.MindCoreIntegrationTests.test_snapshot_branch_includes_mind_without_polluting_parent) ... ok
test_two_sessions_and_reopen_continue_one_mind (test_p14_mind_recovery.MindCoreIntegrationTests.test_two_sessions_and_reopen_continue_one_mind) ... ok
test_unsettled_interpretation_changes_actual_information_need (test_p14_mind_recovery.MindCoreIntegrationTests.test_unsettled_interpretation_changes_actual_information_need) ... ok
test_export_and_current_permission_are_separate (test_p14_mind_visibility.MindVisibilityTests.test_export_and_current_permission_are_separate) ... ok
test_export_requires_current_grant_even_when_policy_allows (test_p14_mind_visibility.MindVisibilityTests.test_export_requires_current_grant_even_when_policy_allows) ... ok
test_identity_change_during_read_denies_result (test_p14_mind_visibility.MindVisibilityTests.test_identity_change_during_read_denies_result) ... ok
test_owner_detailed_projection_is_real_and_zero_write (test_p14_mind_visibility.MindVisibilityTests.test_owner_detailed_projection_is_real_and_zero_write) ... ok
test_privacy_switch_does_not_change_normal_native_cognition (test_p14_mind_visibility.MindVisibilityTests.test_privacy_switch_does_not_change_normal_native_cognition) ... ok
test_private_mode_does_not_delete_or_change_cognition (test_p14_mind_visibility.MindVisibilityTests.test_private_mode_does_not_delete_or_change_cognition) ... ok
test_self_claimed_owner_and_non_owner_are_rejected_without_write (test_p14_mind_visibility.MindVisibilityTests.test_self_claimed_owner_and_non_owner_are_rejected_without_write) ... ok
test_summary_hides_detail_and_denial_has_zero_state_reads (test_p14_mind_visibility.MindVisibilityTests.test_summary_hides_detail_and_denial_has_zero_state_reads) ... ok
test_batched_composer_uses_event_order_not_fragment_or_processing_order (test_p14_review_repair.P14ReviewRepairTests.test_batched_composer_uses_event_order_not_fragment_or_processing_order) ... ok
test_control_without_transform_updates_all_active_desires (test_p14_review_repair.P14ReviewRepairTests.test_control_without_transform_updates_all_active_desires) ... ok
test_equal_time_support_is_not_proof_of_subsequent_repair (test_p14_review_repair.P14ReviewRepairTests.test_equal_time_support_is_not_proof_of_subsequent_repair) ... ok
test_legacy_episode_mapping_and_new_basis_validation (test_p14_review_repair.P14ReviewRepairTests.test_legacy_episode_mapping_and_new_basis_validation) ... ok
test_new_harm_is_not_resolved_by_old_pre_harm_support (test_p14_review_repair.P14ReviewRepairTests.test_new_harm_is_not_resolved_by_old_pre_harm_support) ... ok
test_projection_mutation_does_not_write_through (test_p14_review_repair.P14ReviewRepairTests.test_projection_mutation_does_not_write_through) ... ok
test_reopen_reload_repeat_then_new_support_resolves (test_p14_review_repair.P14ReviewRepairTests.test_reopen_reload_repeat_then_new_support_resolves) ... ok
test_reopened_harm_is_not_resolved_by_previous_repair_evidence (test_p14_review_repair.P14ReviewRepairTests.test_reopened_harm_is_not_resolved_by_previous_repair_evidence) ... ok
test_revocation_during_history_read_prevents_return (test_p14_review_repair.P14ReviewRepairTests.test_revocation_during_history_read_prevents_return) ... ok
test_same_root_memory_raw_is_one_support_and_cannot_raise_confidence (test_p14_review_repair.P14ReviewRepairTests.test_same_root_memory_raw_is_one_support_and_cannot_raise_confidence) ... ok
test_subsequent_independent_support_still_resolves (test_p14_review_repair.P14ReviewRepairTests.test_subsequent_independent_support_still_resolves) ... ok
test_transform_keeps_both_desires_evolving_after_reload (test_p14_review_repair.P14ReviewRepairTests.test_transform_keeps_both_desires_evolving_after_reload) ... ok
test_transform_list_order_continuous_trajectory_will_and_thought_bindings (test_p14_review_repair.P14ReviewRepairTests.test_transform_list_order_continuous_trajectory_will_and_thought_bindings) ... ok
test_export_permission_revoked_during_read_is_rechecked (test_p15_repair_edges.GrowthProjectionRepairTests.test_export_permission_revoked_during_read_is_rechecked) ... ok
test_export_requires_both_explicit_policy_and_current_permission (test_p15_repair_edges.GrowthProjectionRepairTests.test_export_requires_both_explicit_policy_and_current_permission) ... ok
test_permission_expiration_during_read_denies_without_observer_writes (test_p15_repair_edges.GrowthProjectionRepairTests.test_permission_expiration_during_read_denies_without_observer_writes) ... ok
test_same_revision_growth_content_change_is_rechecked (test_p15_repair_edges.GrowthProjectionRepairTests.test_same_revision_growth_content_change_is_rechecked) ... ok
test_state_revision_change_during_read_denies_without_writes (test_p15_repair_edges.GrowthProjectionRepairTests.test_state_revision_change_during_read_denies_without_writes) ... ok
test_wrong_subject_from_state_port_denied_without_writes (test_p15_repair_edges.GrowthProjectionRepairTests.test_wrong_subject_from_state_port_denied_without_writes) ... ok
test_current_owner_environment_and_subject_tampering_rejected_without_writes (test_p15_repair_edges.LifecycleArchiveRepairTests.test_current_owner_environment_and_subject_tampering_rejected_without_writes) ... ok
test_direct_save_rejects_current_snapshot_with_missing_lifecycle (test_p15_repair_edges.LifecycleArchiveRepairTests.test_direct_save_rejects_current_snapshot_with_missing_lifecycle) ... ok
test_event_and_change_lifecycle_disagreement_rejected (test_p15_repair_edges.LifecycleArchiveRepairTests.test_event_and_change_lifecycle_disagreement_rejected) ... ok
test_history_command_identity_cannot_rebind_owner (test_p15_repair_edges.LifecycleArchiveRepairTests.test_history_command_identity_cannot_rebind_owner) ... ok
test_lifecycle_change_before_value_must_follow_original_history (test_p15_repair_edges.LifecycleArchiveRepairTests.test_lifecycle_change_before_value_must_follow_original_history) ... ok
test_ordinary_legacy_event_type_name_is_not_lifecycle_authority (test_p15_repair_edges.LifecycleArchiveRepairTests.test_ordinary_legacy_event_type_name_is_not_lifecycle_authority) ... ok
test_true_legacy_can_introduce_lifecycle_and_replay_after_resume (test_p15_repair_edges.LifecycleArchiveRepairTests.test_true_legacy_can_introduce_lifecycle_and_replay_after_resume) ... ok
test_committed_evolution_finalizes_after_crash_without_current_confirmation (test_p15_repair_edges.PendingGrowthRepairTests.test_committed_evolution_finalizes_after_crash_without_current_confirmation) ... ok
test_committed_resolution_without_actual_evolution_is_not_replayed (test_p15_repair_edges.PendingGrowthRepairTests.test_committed_resolution_without_actual_evolution_is_not_replayed) ... ok
test_new_confirmation_does_not_bypass_current_source_revocation (test_p15_repair_edges.PendingGrowthRepairTests.test_new_confirmation_does_not_bypass_current_source_revocation) ... ok
test_new_confirmation_does_not_bypass_revoked_owner (test_p15_repair_edges.PendingGrowthRepairTests.test_new_confirmation_does_not_bypass_revoked_owner) ... ok
test_old_format_pending_rollback_can_be_reconfirmed (test_p15_repair_edges.PendingGrowthRepairTests.test_old_format_pending_rollback_can_be_reconfirmed) ... ok
test_old_format_pending_solidify_can_be_reconfirmed (test_p15_repair_edges.PendingGrowthRepairTests.test_old_format_pending_solidify_can_be_reconfirmed) ... ok
test_prepare_rollback_retains_actual_trait_until_evolution (test_p15_repair_edges.PendingGrowthRepairTests.test_prepare_rollback_retains_actual_trait_until_evolution) ... ok
test_prepare_solidify_is_not_active_or_completed_before_evolution (test_p15_repair_edges.PendingGrowthRepairTests.test_prepare_solidify_is_not_active_or_completed_before_evolution) ... ok
test_rollback_can_be_reconfirmed_after_unrelated_revision (test_p15_repair_edges.PendingGrowthRepairTests.test_rollback_can_be_reconfirmed_after_unrelated_revision) ... ok
test_superseded_original_command_stays_terminal_and_auditable (test_p15_repair_edges.PendingGrowthRepairTests.test_superseded_original_command_stays_terminal_and_auditable) ... ok
test_supersession_interruption_can_continue_with_original_fresh_identity (test_p15_repair_edges.PendingGrowthRepairTests.test_supersession_interruption_can_continue_with_original_fresh_identity) ... ok
test_pending_growth_can_be_reauthorized_after_unrelated_revision (test_p15_review_regressions.GrowthRecoveryReview.test_pending_growth_can_be_reauthorized_after_unrelated_revision) ... ok
test_existing_mind_projection_rechecks_same_revocation (test_p15_review_regressions.GrowthVisibilityReview.test_existing_mind_projection_rechecks_same_revocation) ... ok
test_growth_projection_rechecks_revocation_before_returning_details (test_p15_review_regressions.GrowthVisibilityReview.test_growth_projection_rechecks_revocation_before_returning_details) ... ok
test_unchanged_permission_allows_growth_without_state_writes (test_p15_review_regressions.GrowthVisibilityReview.test_unchanged_permission_allows_growth_without_state_writes) ... ok
test_deleted_history_cannot_be_reopened_by_stale_active_projection (test_p15_review_regressions.LifecyclePersistenceReview.test_deleted_history_cannot_be_reopened_by_stale_active_projection) ... ok
test_genuine_legacy_without_lifecycle_history_stays_compatible (test_p15_review_regressions.LifecyclePersistenceReview.test_genuine_legacy_without_lifecycle_history_stays_compatible) ... ok
test_suspended_history_cannot_downgrade_to_legacy_by_missing_field (test_p15_review_regressions.LifecyclePersistenceReview.test_suspended_history_cannot_downgrade_to_legacy_by_missing_field) ... ok
test_unmodified_suspended_state_stays_blocked (test_p15_review_regressions.LifecyclePersistenceReview.test_unmodified_suspended_state_stays_blocked) ... ok
test_completed_growth_recovers_after_authority_revoked (test_p15_subject_growth.SubjectGrowthTests.test_completed_growth_recovers_after_authority_revoked) ... ok
test_current_confidence_policy_095_02_02_and_reduced_support (test_p15_subject_growth.SubjectGrowthTests.test_current_confidence_policy_095_02_02_and_reduced_support) ... ok
test_current_reference_revocation_prevents_solidify_without_writes (test_p15_subject_growth.SubjectGrowthTests.test_current_reference_revocation_prevents_solidify_without_writes) ... ok
test_current_source_binding_cannot_be_replaced_with_forged_roots (test_p15_subject_growth.SubjectGrowthTests.test_current_source_binding_cannot_be_replaced_with_forged_roots) ... ok
test_duplicate_root_wrappers_do_not_validate (test_p15_subject_growth.SubjectGrowthTests.test_duplicate_root_wrappers_do_not_validate) ... ok
test_growth_feature_disabled_has_no_learning_read_or_write (test_p15_subject_growth.SubjectGrowthTests.test_growth_feature_disabled_has_no_learning_read_or_write) ... ok
test_growth_permission_policy_is_required_and_owner_read_is_read_only (test_p15_subject_growth.SubjectGrowthTests.test_growth_permission_policy_is_required_and_owner_read_is_read_only) ... ok
test_normal_chain_forms_subjective_narrative_and_object_relationship (test_p15_subject_growth.SubjectGrowthTests.test_normal_chain_forms_subjective_narrative_and_object_relationship) ... ok
test_pending_learning_record_recovers_after_restart_without_second_revision (test_p15_subject_growth.SubjectGrowthTests.test_pending_learning_record_recovers_after_restart_without_second_revision) ... ok
test_reinterpreted_experience_preserves_opposite_stances_and_versions (test_p15_subject_growth.SubjectGrowthTests.test_reinterpreted_experience_preserves_opposite_stances_and_versions) ... ok
test_rejected_support_and_permission_revocation_zero_state_change (test_p15_subject_growth.SubjectGrowthTests.test_rejected_support_and_permission_revocation_zero_state_change) ... ok
test_revoked_event_blocks_pending_commit_but_does_not_rewrite_existing_trait (test_p15_subject_growth.SubjectGrowthTests.test_revoked_event_blocks_pending_commit_but_does_not_rewrite_existing_trait) ... ok
test_rollback_pending_record_recovers_and_does_not_remove_twice (test_p15_subject_growth.SubjectGrowthTests.test_rollback_pending_record_recovers_and_does_not_remove_twice) ... ok
test_rollback_preserves_later_unrelated_trait (test_p15_subject_growth.SubjectGrowthTests.test_rollback_preserves_later_unrelated_trait) ... ok
test_three_current_independent_experiences_form_trait_and_next_context (test_p15_subject_growth.SubjectGrowthTests.test_three_current_independent_experiences_form_trait_and_next_context) ... ok
test_weaker_still_sufficient_support_records_current_confidence (test_p15_subject_growth.SubjectGrowthTests.test_weaker_still_sufficient_support_records_current_confidence) ... ok
test_legacy_state_is_active_without_rewriting_serialization (test_p15_subject_lifecycle.SubjectLifecycleModelTests.test_legacy_state_is_active_without_rewriting_serialization) ... ok
test_policy_is_unconfigured_until_explicit_test_decision (test_p15_subject_lifecycle.SubjectLifecycleModelTests.test_policy_is_unconfigured_until_explicit_test_decision) ... ok
test_subject_intent_is_not_owner_command_or_deletion (test_p15_subject_lifecycle.SubjectLifecycleModelTests.test_subject_intent_is_not_owner_command_or_deletion) ... ok
test_transition_table_preserves_terminal_deleted (test_p15_subject_lifecycle.SubjectLifecycleModelTests.test_transition_table_preserves_terminal_deleted) ... ok
test_action_gate_denial_is_zero_write (test_p15_subject_lifecycle.SubjectLifecycleServiceTests.test_action_gate_denial_is_zero_write) ... ok
test_archive_unconfigured_and_deleted_terminal (test_p15_subject_lifecycle.SubjectLifecycleServiceTests.test_archive_unconfigured_and_deleted_terminal) ... ok
test_c1_new_request_paused_zero_journal_provider_or_receipt (test_p15_subject_lifecycle.SubjectLifecycleServiceTests.test_c1_new_request_paused_zero_journal_provider_or_receipt) ... ok
test_create_suspend_restart_resume_and_replay (test_p15_subject_lifecycle.SubjectLifecycleServiceTests.test_create_suspend_restart_resume_and_replay) ... ok
test_paused_state_cannot_be_changed_by_ordinary_event (test_p15_subject_lifecycle.SubjectLifecycleServiceTests.test_paused_state_cannot_be_changed_by_ordinary_event) ... ok
test_revoked_confirmation_and_stale_command_zero_writes (test_p15_subject_lifecycle.SubjectLifecycleServiceTests.test_revoked_confirmation_and_stale_command_zero_writes) ... ok
test_same_command_identity_different_contents_is_conflict (test_p15_subject_lifecycle.SubjectLifecycleServiceTests.test_same_command_identity_different_contents_is_conflict) ... ok
test_scheduler_paused_zero_attempt_resource_notification_then_resume (test_p15_subject_lifecycle.SubjectLifecycleServiceTests.test_scheduler_paused_zero_attempt_resource_notification_then_resume) ... ok
test_subject_intent_preserves_state_and_owner_identity (test_p15_subject_lifecycle.SubjectLifecycleServiceTests.test_subject_intent_preserves_state_and_owner_identity) ... ok
test_atomic_creation_failure_does_not_leave_active_subject (test_p15_subject_recovery.P15RecoveryTests.test_atomic_creation_failure_does_not_leave_active_subject) ... ok
test_concurrent_lifecycle_commands_preserve_one_transition (test_p15_subject_recovery.P15RecoveryTests.test_concurrent_lifecycle_commands_preserve_one_transition) ... ok
test_cross_process_golden (test_p15_subject_recovery.P15RecoveryTests.test_cross_process_golden) ... ok
test_cross_subject_environment_and_direct_lifecycle_mutation_rejected (test_p15_subject_recovery.P15RecoveryTests.test_cross_subject_environment_and_direct_lifecycle_mutation_rejected) ... ok
test_host_binding_switch_and_unbind_do_not_change_subject_revision (test_p15_subject_recovery.P15RecoveryTests.test_host_binding_switch_and_unbind_do_not_change_subject_revision) ... ok
test_new_genesis_isolated_from_old_learning_mind_relationships (test_p15_subject_recovery.P15RecoveryTests.test_new_genesis_isolated_from_old_learning_mind_relationships) ... ok
test_p01_snapshot_branch_keeps_growth_and_does_not_pollute_original (test_p15_subject_recovery.P15RecoveryTests.test_p01_snapshot_branch_keeps_growth_and_does_not_pollute_original) ... ok
test_paused_pending_not_executed_model_cannot_dispatch (test_p15_subject_recovery.P15RecoveryTests.test_paused_pending_not_executed_model_cannot_dispatch) ... ok
test_protected_fixture_root_rejects_before_any_write (test_p15_subject_recovery.P15RecoveryTests.test_protected_fixture_root_rejects_before_any_write) ... ok
test_public_test_migration_requires_exact_confirmation_and_never_copies_personality (test_p15_subject_recovery.P15RecoveryTests.test_public_test_migration_requires_exact_confirmation_and_never_copies_personality) ... ok
test_cache_expiry_excludes_candidate_without_refresh_call (test_p16_context.ContextTests.test_cache_expiry_excludes_candidate_without_refresh_call) ... ok
test_cache_rehashed_payload_tamper_still_checks_original_fact (test_p16_context.ContextTests.test_cache_rehashed_payload_tamper_still_checks_original_fact) ... ok
test_credential_revocation_excludes_current_cache (test_p16_context.ContextTests.test_credential_revocation_excludes_current_cache) ... ok
test_cross_subject_result_rejected_even_from_local_provider (test_p16_context.ContextTests.test_cross_subject_result_rejected_even_from_local_provider) ... ok
test_distinct_roots_survive_and_same_root_conflict_never_selects_authority (test_p16_context.ContextTests.test_distinct_roots_survive_and_same_root_conflict_never_selects_authority) ... ok
test_exact_ttl_boundary_is_excluded_just_before_is_valid (test_p16_context.ContextTests.test_exact_ttl_boundary_is_excluded_just_before_is_valid) ... ok
test_external_event_identity_cannot_be_internal_root (test_p16_context.ContextTests.test_external_event_identity_cannot_be_internal_root) ... ok
test_invalid_cache_timestamp_is_corruption_not_freshness (test_p16_context.ContextTests.test_invalid_cache_timestamp_is_corruption_not_freshness) ... ok
test_malicious_mutation_field_rejected_before_cache (test_p16_context.ContextTests.test_malicious_mutation_field_rejected_before_cache) ... ok
test_offline_timeout_cancel_and_empty_are_explicit_results (test_p16_context.ContextTests.test_offline_timeout_cancel_and_empty_are_explicit_results) ... ok
test_p12_archived_internal_memory_stays_absent_with_external_queries_enabled (test_p16_context.ContextTests.test_p12_archived_internal_memory_stays_absent_with_external_queries_enabled) ... ok
test_p15_growth_does_not_promote_external_candidates_to_experience (test_p16_context.ContextTests.test_p15_growth_does_not_promote_external_candidates_to_experience) ... ok
test_registry_wrong_environment_rejected_without_write (test_p16_context.ContextTests.test_registry_wrong_environment_rejected_without_write) ... ok
test_replacement_descriptor_cannot_reuse_old_exact_reference (test_p16_context.ContextTests.test_replacement_descriptor_cannot_reuse_old_exact_reference) ... ok
test_replacement_preserves_old_fact_but_invalidates_old_material (test_p16_context.ContextTests.test_replacement_preserves_old_fact_but_invalidates_old_material) ... ok
test_revocation_invalidates_already_composed_context (test_p16_context.ContextTests.test_revocation_invalidates_already_composed_context) ... ok
test_revoke_during_result_read_blocks_consumption_and_cache_write (test_p16_context.ContextTests.test_revoke_during_result_read_blocks_consumption_and_cache_write) ... ok
test_router_source_limit_is_separate_from_composer_budget (test_p16_context.ContextTests.test_router_source_limit_is_separate_from_composer_budget) ... ok
test_same_request_payload_hash_conflict_is_rejected (test_p16_context.ContextTests.test_same_request_payload_hash_conflict_is_rejected) ... ok
test_same_root_candidates_deduplicate_without_promoting_authority (test_p16_context.ContextTests.test_same_root_candidates_deduplicate_without_promoting_authority) ... ok
test_same_root_conflicting_content_is_preserved_as_non_independent_candidates (test_p16_context.ContextTests.test_same_root_conflicting_content_is_preserved_as_non_independent_candidates) ... ok
test_secret_in_result_and_material_denial_never_reach_cache_or_state (test_p16_context.ContextTests.test_secret_in_result_and_material_denial_never_reach_cache_or_state) ... ok
test_strict_result_shape_version_hash_environment_and_bounds (test_p16_context.ContextTests.test_strict_result_shape_version_hash_environment_and_bounds) ... ok
test_all_four_local_provider_kinds_really_execute (test_p16_providers.ProviderTests.test_all_four_local_provider_kinds_really_execute) ... ok
test_credential_reference_cannot_be_reused_by_other_connector (test_p16_providers.ProviderTests.test_credential_reference_cannot_be_reused_by_other_connector) ... ok
test_disable_replay_is_idempotent_and_cannot_reregister_same_version (test_p16_providers.ProviderTests.test_disable_replay_is_idempotent_and_cannot_reregister_same_version) ... ok
test_disabled_c1_gate_does_not_touch_installed_external_ports (test_p16_providers.ProviderTests.test_disabled_c1_gate_does_not_touch_installed_external_ports) ... ok
test_existing_768_token_budget_explicitly_excludes_external_material (test_p16_providers.ProviderTests.test_existing_768_token_budget_explicitly_excludes_external_material) ... ok
test_feature_gate_off_does_not_call_or_read_external_components (test_p16_providers.ProviderTests.test_feature_gate_off_does_not_call_or_read_external_components) ... ok
test_memory_information_need_calls_fake_then_normal_context_consumes_candidate (test_p16_providers.ProviderTests.test_memory_information_need_calls_fake_then_normal_context_consumes_candidate) ... ok
test_missing_expired_and_cross_subject_credentials_refuse_before_call (test_p16_providers.ProviderTests.test_missing_expired_and_cross_subject_credentials_refuse_before_call) ... ok
test_normal_local_queries_use_no_socket (test_p16_providers.ProviderTests.test_normal_local_queries_use_no_socket) ... ok
test_registry_concurrent_revision_allows_only_one_write (test_p16_providers.ProviderTests.test_registry_concurrent_revision_allows_only_one_write) ... ok
test_registry_same_version_changed_content_is_conflict (test_p16_providers.ProviderTests.test_registry_same_version_changed_content_is_conflict) ... ok
test_revoke_before_query_has_no_external_call_or_subject_write (test_p16_providers.ProviderTests.test_revoke_before_query_has_no_external_call_or_subject_write) ... ok
test_upper_mixed_protected_roots_and_children_are_zero_write (test_p16_providers.ProviderTests.test_upper_mixed_protected_roots_and_children_are_zero_write) ... ok
test_archived_and_deleted_subjects_do_not_consume_or_execute (test_p16_recovery.RecoveryTests.test_archived_and_deleted_subjects_do_not_consume_or_execute) ... ok
test_atomic_registry_failure_keeps_original_bytes (test_p16_recovery.RecoveryTests.test_atomic_registry_failure_keeps_original_bytes) ... ok
test_child_timeout_preserves_output_and_never_retries (test_p16_recovery.RecoveryTests.test_child_timeout_preserves_output_and_never_retries) ... ok
test_completed_replay_rechecks_receipt_without_reexecution (test_p16_recovery.RecoveryTests.test_completed_replay_rechecks_receipt_without_reexecution) ... ok
test_completed_replay_survives_revocation_without_new_consumption (test_p16_recovery.RecoveryTests.test_completed_replay_survives_revocation_without_new_consumption) ... ok
test_explicit_retry_uses_original_attempts_and_stops_at_bound (test_p16_recovery.RecoveryTests.test_explicit_retry_uses_original_attempts_and_stops_at_bound) ... ok
test_historical_success_unknown_query_cannot_replay_completed (test_p16_recovery.RecoveryTests.test_historical_success_unknown_query_cannot_replay_completed) ... ok
test_lost_response_after_receipt_can_close_after_revocation_without_consuming (test_p16_recovery.RecoveryTests.test_lost_response_after_receipt_can_close_after_revocation_without_consuming) ... ok
test_p01_branch_replays_original_receipt_without_polluting_parent (test_p16_recovery.RecoveryTests.test_p01_branch_replays_original_receipt_without_polluting_parent) ... ok
test_p01_snapshot_covers_registry_cache_and_receipts (test_p16_recovery.RecoveryTests.test_p01_snapshot_covers_registry_cache_and_receipts) ... ok
test_paused_subject_blocks_new_query_and_current_cache_but_recovers_fact (test_p16_recovery.RecoveryTests.test_paused_subject_blocks_new_query_and_current_cache_but_recovers_fact) ... ok
test_provider_error_secret_never_enters_engine_files (test_p16_recovery.RecoveryTests.test_provider_error_secret_never_enters_engine_files) ... ok
test_query_exception_never_authorizes_dispatch_or_exposes_secret (test_p16_recovery.RecoveryTests.test_query_exception_never_authorizes_dispatch_or_exposes_secret) ... ok
test_reserved_not_executed_after_revocation_cannot_dispatch (test_p16_recovery.RecoveryTests.test_reserved_not_executed_after_revocation_cannot_dispatch) ... ok
test_string_not_executed_is_unknown (test_p16_recovery.RecoveryTests.test_string_not_executed_is_unknown) ... ok
test_three_real_process_golden_recovers_replaces_and_revokes (test_p16_recovery.RecoveryTests.test_three_real_process_golden_recovers_replaces_and_revokes) ... ok
test_unknown_does_not_execute_even_with_explicit_retry (test_p16_recovery.RecoveryTests.test_unknown_does_not_execute_even_with_explicit_retry) ... ok
test_c1_capability_ingress_rejects_before_original_ledger_write (test_p16_repair_edges.RepairEdges.test_c1_capability_ingress_rejects_before_original_ledger_write) ... ok
test_c1_capability_restore_rechecks_material_before_checkpoint (test_p16_repair_edges.RepairEdges.test_c1_capability_restore_rechecks_material_before_checkpoint) ... ok
test_c1_capability_safe_result_replay_preserves_fact_hash (test_p16_repair_edges.RepairEdges.test_c1_capability_safe_result_replay_preserves_fact_hash) ... ok
test_completed_replay_rejects_material_without_rewriting_fact_or_ledger (test_p16_repair_edges.RepairEdges.test_completed_replay_rejects_material_without_rewriting_fact_or_ledger) ... ok
test_newly_prohibited_completed_material_is_not_replayed_or_rewritten (test_p16_repair_edges.RepairEdges.test_newly_prohibited_completed_material_is_not_replayed_or_rewritten) ... ok
test_normal_permission_and_reference_denial_still_reject (test_p16_repair_edges.RepairEdges.test_normal_permission_and_reference_denial_still_reject) ... ok
test_optional_thinking_check_precedes_growth_and_preserves_gate_off (test_p16_repair_edges.RepairEdges.test_optional_thinking_check_precedes_growth_and_preserves_gate_off) ... ok
test_query_is_rejected_before_any_think_result_save_or_processor (test_p16_repair_edges.RepairEdges.test_query_is_rejected_before_any_think_result_save_or_processor) ... ok
test_recovery_broker_failure_is_unknown_not_permission_or_execution (test_p16_repair_edges.RepairEdges.test_recovery_broker_failure_is_unknown_not_permission_or_execution) ... ok
test_registration_port_exceptions_are_static_and_zero_write (test_p16_repair_edges.RepairEdges.test_registration_port_exceptions_are_static_and_zero_write) ... ok
test_rejected_execution_receipt_is_unknown_and_recovers_without_redispatch (test_p16_repair_edges.RepairEdges.test_rejected_execution_receipt_is_unknown_and_recovers_without_redispatch) ... ok
test_selection_execution_consumption_port_exceptions_fail_closed (test_p16_repair_edges.RepairEdges.test_selection_execution_consumption_port_exceptions_fail_closed) ... ok
test_wait_completion_and_completed_replay_keep_original_result_identity (test_p16_repair_edges.RepairEdges.test_wait_completion_and_completed_replay_keep_original_result_identity) ... ok
test_wait_completion_rejects_before_resume_write_or_processing (test_p16_repair_edges.RepairEdges.test_wait_completion_rejects_before_resume_write_or_processing) ... ok
test_whole_receipt_is_checked_on_query_and_execute (test_p16_repair_edges.RepairEdges.test_whole_receipt_is_checked_on_query_and_execute) ... ok
test_whole_thinking_material_not_only_query_is_checked (test_p16_repair_edges.RepairEdges.test_whole_thinking_material_not_only_query_is_checked) ... ok
test_broker_authorization_exception_must_not_leak_in_diagnostics (test_p16_review_regressions.IndependentEdges.test_broker_authorization_exception_must_not_leak_in_diagnostics) ... ok
test_broker_material_exception_must_not_leak_in_diagnostics (test_p16_review_regressions.IndependentEdges.test_broker_material_exception_must_not_leak_in_diagnostics) ... ok
test_denied_external_query_is_not_copied_into_new_persistent_material (test_p16_review_regressions.IndependentEdges.test_denied_external_query_is_not_copied_into_new_persistent_material) ... ok
test_permission_port_exception_must_not_leak_in_diagnostics (test_p16_review_regressions.IndependentEdges.test_permission_port_exception_must_not_leak_in_diagnostics) ... ok
test_positive_normal_query_still_consumes_candidate (test_p16_review_regressions.IndependentEdges.test_positive_normal_query_still_consumes_candidate) ... ok
test_positive_ordinary_psychological_query_is_not_censored (test_p16_review_regressions.IndependentEdges.test_positive_ordinary_psychological_query_is_not_censored) ... ok
test_positive_provider_result_exception_is_sanitized (test_p16_review_regressions.IndependentEdges.test_positive_provider_result_exception_is_sanitized) ... ok
test_positive_safe_provider_receipt_id_remains_recoverable (test_p16_review_regressions.IndependentEdges.test_positive_safe_provider_receipt_id_remains_recoverable) ... ok
test_secret_receipt_identifier_must_not_be_persisted_by_engine (test_p16_review_regressions.IndependentEdges.test_secret_receipt_identifier_must_not_be_persisted_by_engine) ... ok
test_blast_radius_each_bound_actually_limits_effects (test_p17_boundaries.BoundaryTests.test_blast_radius_each_bound_actually_limits_effects) ... ok
test_broker_boundary_provider_exception_tracebacks_are_static (test_p17_boundaries.BoundaryTests.test_broker_boundary_provider_exception_tracebacks_are_static) ... ok
test_capability_version_change_cannot_retarget_history (test_p17_boundaries.BoundaryTests.test_capability_version_change_cannot_retarget_history) ... ok
test_cross_subject_request_rejected_without_world_or_outbox_write (test_p17_boundaries.BoundaryTests.test_cross_subject_request_rejected_without_world_or_outbox_write) ... ok
test_current_broker_and_reality_rechecked_at_dispatch (test_p17_boundaries.BoundaryTests.test_current_broker_and_reality_rechecked_at_dispatch) ... ok
test_current_context_and_confirmation_rechecked_at_dispatch (test_p17_boundaries.BoundaryTests.test_current_context_and_confirmation_rechecked_at_dispatch) ... ok
test_feature_off_does_not_read_execution_ports (test_p17_boundaries.BoundaryTests.test_feature_off_does_not_read_execution_ports) ... ok
test_fixture_protected_paths_uppercase_children_zero_write (test_p17_boundaries.BoundaryTests.test_fixture_protected_paths_uppercase_children_zero_write) ... ok
test_lifecycle_pause_archive_delete_reject_new_execution (test_p17_boundaries.BoundaryTests.test_lifecycle_pause_archive_delete_reject_new_execution) ... ok
test_material_rejected_before_any_new_e5a_request_write (test_p17_boundaries.BoundaryTests.test_material_rejected_before_any_new_e5a_request_write) ... ok
test_mid_gate_revocation_is_rechecked_before_effect (test_p17_boundaries.BoundaryTests.test_mid_gate_revocation_is_rechecked_before_effect) ... ok
test_mid_result_read_revocation_blocks_return_and_writes (test_p17_boundaries.BoundaryTests.test_mid_result_read_revocation_blocks_return_and_writes) ... ok
test_new_context_cannot_reauthorize_old_request_identity (test_p17_boundaries.BoundaryTests.test_new_context_cannot_reauthorize_old_request_identity) ... ok
test_nonboolean_truthy_authorization_fails_closed (test_p17_boundaries.BoundaryTests.test_nonboolean_truthy_authorization_fails_closed) ... ok
test_normal_psychological_content_and_silence_are_not_screened (test_p17_boundaries.BoundaryTests.test_normal_psychological_content_and_silence_are_not_screened) ... ok
test_platform_reality_resource_outcomes_remain_distinct_in_e5a (test_p17_boundaries.BoundaryTests.test_platform_reality_resource_outcomes_remain_distinct_in_e5a) ... ok
test_receipt_secret_full_material_never_enters_ledger (test_p17_boundaries.BoundaryTests.test_receipt_secret_full_material_never_enters_ledger) ... ok
test_registered_other_subject_adapter_rejected_zero_calls_and_writes (test_p17_boundaries.BoundaryTests.test_registered_other_subject_adapter_rejected_zero_calls_and_writes) ... ok
test_registered_world_environment_version_mismatch_refuses_before_call (test_p17_boundaries.BoundaryTests.test_registered_world_environment_version_mismatch_refuses_before_call) ... ok
test_resource_exhaustion_does_not_consume_attempts_or_effects (test_p17_boundaries.BoundaryTests.test_resource_exhaustion_does_not_consume_attempts_or_effects) ... ok
test_result_hash_or_extra_authority_material_rejected (test_p17_boundaries.BoundaryTests.test_result_hash_or_extra_authority_material_rejected) ... ok
test_static_failure_receipts_preserve_generation_and_network_outcomes (test_p17_boundaries.BoundaryTests.test_static_failure_receipts_preserve_generation_and_network_outcomes) ... ok
test_storage_exact_limit_accepts_one_then_refuses_next (test_p17_boundaries.BoundaryTests.test_storage_exact_limit_accepts_one_then_refuses_next) ... ok
test_storage_growth_bound_rejects_before_oversized_effect (test_p17_boundaries.BoundaryTests.test_storage_growth_bound_rejects_before_oversized_effect) ... ok
test_thinking_secret_rejected_before_first_persistence (test_p17_boundaries.BoundaryTests.test_thinking_secret_rejected_before_first_persistence) ... ok
test_alternative_new_confirmation_and_no_old_dispatch (test_p17_execution.ExecutionTests.test_alternative_new_confirmation_and_no_old_dispatch) ... ok
test_cancel_pending_idempotent_and_no_dispatch (test_p17_execution.ExecutionTests.test_cancel_pending_idempotent_and_no_dispatch) ... ok
test_compensation_failure_preserves_original_fact (test_p17_execution.ExecutionTests.test_compensation_failure_preserves_original_fact) ... ok
test_compensation_is_separate_receipted_action (test_p17_execution.ExecutionTests.test_compensation_is_separate_receipted_action) ... ok
test_compensation_requires_matching_original_receipt (test_p17_execution.ExecutionTests.test_compensation_requires_matching_original_receipt) ... ok
test_compensation_unknown_preserves_original_fact (test_p17_execution.ExecutionTests.test_compensation_unknown_preserves_original_fact) ... ok
test_compensation_without_link_cannot_execute (test_p17_execution.ExecutionTests.test_compensation_without_link_cannot_execute) ... ok
test_completed_cannot_be_cancelled_or_replaced (test_p17_execution.ExecutionTests.test_completed_cannot_be_cancelled_or_replaced) ... ok
test_direct_c1_produces_one_effect_and_replays (test_p17_execution.ExecutionTests.test_direct_c1_produces_one_effect_and_replays) ... ok
test_execution_does_not_directly_write_subject (test_p17_execution.ExecutionTests.test_execution_does_not_directly_write_subject) ... ok
test_golden_real_three_process_restart_and_absorption (test_p17_execution.ExecutionTests.test_golden_real_three_process_restart_and_absorption) ... ok
test_planner_c1_executes_both_dependencies (test_p17_execution.ExecutionTests.test_planner_c1_executes_both_dependencies) ... ok
test_real_recovery_unavailable_zero_world_write (test_p17_execution.ExecutionTests.test_real_recovery_unavailable_zero_world_write) ... ok
test_receipts_once_and_single_e5a_channel (test_p17_execution.ExecutionTests.test_receipts_once_and_single_e5a_channel) ... ok
test_research_result_never_default_main_memory_or_state (test_p17_execution.ExecutionTests.test_research_result_never_default_main_memory_or_state) ... ok
test_research_unavailable_has_no_real_fallback (test_p17_execution.ExecutionTests.test_research_unavailable_has_no_real_fallback) ... ok
test_result_absorbed_via_next_thinking_action_evolution (test_p17_execution.ExecutionTests.test_result_absorbed_via_next_thinking_action_evolution) ... ok
test_unknown_forbids_alternative_or_fake_cancellation (test_p17_execution.ExecutionTests.test_unknown_forbids_alternative_or_fake_cancellation) ... ok
test_wait_information_and_retry_are_auditable_not_dispatch (test_p17_execution.ExecutionTests.test_wait_information_and_retry_are_auditable_not_dispatch) ... ok
test_atomic_write_failure_precedes_world_effect (test_p17_recovery.RecoveryTests.test_atomic_write_failure_precedes_world_effect) ... ok
test_bounded_retries_after_explicit_not_executed (test_p17_recovery.RecoveryTests.test_bounded_retries_after_explicit_not_executed) ... ok
test_cancel_after_unknown_with_actual_success_returns_completed (test_p17_recovery.RecoveryTests.test_cancel_after_unknown_with_actual_success_returns_completed) ... ok
test_cancel_dispatch_race_respects_observed_fact (test_p17_recovery.RecoveryTests.test_cancel_dispatch_race_respects_observed_fact) ... ok
test_cancel_survives_missing_delivery_index_without_redispatch (test_p17_recovery.RecoveryTests.test_cancel_survives_missing_delivery_index_without_redispatch) ... ok
test_compensation_crash_after_effect_recovers_without_duplicate (test_p17_recovery.RecoveryTests.test_compensation_crash_after_effect_recovers_without_duplicate) ... ok
test_completed_fact_replay_after_choice_expiry_has_no_dispatch (test_p17_recovery.RecoveryTests.test_completed_fact_replay_after_choice_expiry_has_no_dispatch) ... ok
test_corrupt_outbox_rejected_without_repair (test_p17_recovery.RecoveryTests.test_corrupt_outbox_rejected_without_repair) ... ok
test_crash_after_effect_recovers_after_revocation (test_p17_recovery.RecoveryTests.test_crash_after_effect_recovers_after_revocation) ... ok
test_crash_before_world_can_resume_only_with_current_gates (test_p17_recovery.RecoveryTests.test_crash_before_world_can_resume_only_with_current_gates) ... ok
test_delivery_checkpoint_loss_never_skips_receipt_verification (test_p17_recovery.RecoveryTests.test_delivery_checkpoint_loss_never_skips_receipt_verification) ... ok
test_lost_response_queries_before_retry_no_second_effect (test_p17_recovery.RecoveryTests.test_lost_response_queries_before_retry_no_second_effect) ... ok
test_receipt_conflict_fails_closed_on_replay (test_p17_recovery.RecoveryTests.test_receipt_conflict_fails_closed_on_replay) ... ok
test_rehashed_wrong_request_binding_rejected (test_p17_recovery.RecoveryTests.test_rehashed_wrong_request_binding_rejected) ... ok
test_same_identity_different_world_target_hash_rejected (test_p17_recovery.RecoveryTests.test_same_identity_different_world_target_hash_rejected) ... ok
test_two_real_process_workers_use_same_dispatch_identity (test_p17_recovery.RecoveryTests.test_two_real_process_workers_use_same_dispatch_identity) ... ok
test_two_workers_compete_without_duplicate_effect_or_credit (test_p17_recovery.RecoveryTests.test_two_workers_compete_without_duplicate_effect_or_credit) ... ok
test_unknown_and_untyped_nonexecution_never_dispatch (test_p17_recovery.RecoveryTests.test_unknown_and_untyped_nonexecution_never_dispatch) ... ok
test_default_cost_exact_budget_then_next_rejected (test_p17_repair_edges.ActualChargeRepairTests.test_default_cost_exact_budget_then_next_rejected) ... ok
test_duplicate_zero_cost_request_does_not_repeat_effect_or_charge (test_p17_repair_edges.ActualChargeRepairTests.test_duplicate_zero_cost_request_does_not_repeat_effect_or_charge) ... ok
test_failed_receipt_at_credit_and_message_limit_has_zero_extra_usage (test_p17_repair_edges.ActualChargeRepairTests.test_failed_receipt_at_credit_and_message_limit_has_zero_extra_usage) ... ok
test_zero_cost_capacity_uses_actual_projection_without_writes (test_p17_repair_edges.ActualChargeRepairTests.test_zero_cost_capacity_uses_actual_projection_without_writes) ... ok
test_zero_cost_respects_exact_serialized_storage_limit (test_p17_repair_edges.ActualChargeRepairTests.test_zero_cost_respects_exact_serialized_storage_limit) ... ok
test_zero_cost_still_respects_request_and_message_limits (test_p17_repair_edges.ActualChargeRepairTests.test_zero_cost_still_respects_request_and_message_limits) ... ok
test_zero_estimated_cost_has_explicit_one_credit_fake_charge (test_p17_repair_edges.ActualChargeRepairTests.test_zero_estimated_cost_has_explicit_one_credit_fake_charge) ... ok
test_direct_execution_exposes_static_current_denial (test_p17_repair_edges.FinalAdmissionRepairTests.test_direct_execution_exposes_static_current_denial) ... ok
test_final_resource_revokes_broker_zero_effect_and_charge (test_p17_repair_edges.FinalAdmissionRepairTests.test_final_resource_revokes_broker_zero_effect_and_charge) ... ok
test_final_resource_revokes_reality_zero_effect_and_charge (test_p17_repair_edges.FinalAdmissionRepairTests.test_final_resource_revokes_reality_zero_effect_and_charge) ... ok
test_final_resource_revokes_recoverability_zero_effect_and_charge (test_p17_repair_edges.FinalAdmissionRepairTests.test_final_resource_revokes_recoverability_zero_effect_and_charge) ... ok
test_historical_fact_after_revocation_skips_new_resource_admission (test_p17_repair_edges.FinalAdmissionRepairTests.test_historical_fact_after_revocation_skips_new_resource_admission) ... ok
test_actual_repository_reader_does_not_prevent_atomic_transition (test_p18_persistence.PersistenceTests.test_actual_repository_reader_does_not_prevent_atomic_transition) ... ok
test_changed_revision_during_wait_cannot_be_overwritten (test_p18_persistence.PersistenceTests.test_changed_revision_during_wait_cannot_be_overwritten) ... ok
test_cleanup_failure_keeps_primary_and_secondary_system_errors (test_p18_persistence.PersistenceTests.test_cleanup_failure_keeps_primary_and_secondary_system_errors) ... ok
test_diagnostic_sink_failure_does_not_replace_primary_error (test_p18_persistence.PersistenceTests.test_diagnostic_sink_failure_does_not_replace_primary_error) ... ok
test_long_sharing_failure_is_bounded_preserves_old_record (test_p18_persistence.PersistenceTests.test_long_sharing_failure_is_bounded_preserves_old_record) ... ok
test_nonsharing_errors_are_not_retried_or_half_written (test_p18_persistence.PersistenceTests.test_nonsharing_errors_are_not_retried_or_half_written) ... ok
test_normal_transition_without_overlapping_reader (test_p18_persistence.PersistenceTests.test_normal_transition_without_overlapping_reader) ... ok
test_partial_save_steps_cleanup_and_keep_system_diagnostics (test_p18_persistence.PersistenceTests.test_partial_save_steps_cleanup_and_keep_system_diagnostics) ... ok
test_pause_and_permission_change_during_wait_block_new_state (test_p18_persistence.PersistenceTests.test_pause_and_permission_change_during_wait_block_new_state) ... {"stage": "persistence-failure-before-unwind", "code": "TEST_STATE_SAVE_FAILED", "file": "subject-state/8836c8fd202c86dbc3d64aa21d2b4a11a654e524fc9abdf9012a09661c657840.json", "before": {"hash": "06984170cfcdef30cb9c794063521ea7d11a550298f10b677c935132019de0fc", "revision": 1}, "after": {"hash": "06984170cfcdef30cb9c794063521ea7d11a550298f10b677c935132019de0fc", "revision": 1}, "expectedRevision": 1, "targetRevision": 2, "updateIdentityHash": "cb3af37a9cc6b7248aae79fcf428efab66b5b2ebb30194f4f9a64cfc47815acc", "eventIdentityHash": "ca087c0796afbd96d6ddc8a6ff2a9cd42fc28882d1a2c16ccc4aabe2051dde5c", "identityHashes": {"action_session_id": "aa271f8407065d2f4f5f4d7f70a7214e4069fa42d745a0d81a7c723695a7bb7d", "action_decision_id": "acc83f32c753d5cb7ec6df76b38b64ba62fcfaf110ff3592cd2144a99b907a56", "action_plan_id": "8655d932858a6f88a49b9d16117915b018923a2713f5f30ba05d4d92beb5a9c0", "think_id": "dd5e380a4cafec8b76e30cb524bd741670bb7e461bc0ae40c2d5243966819f2d", "wake_session_id": "0b7d80fb910de7433a1f3e6c90db90fcc8a0471a8ec0132ec35393de0311babc", "perception_id": "77306b2f05ad0869c112851fbb0f8437e1f60f941229de882c5549dfaedcb918", "thinking_result_id": "f8d2f1ad6880fd6d6983a7c3764b8fba8dcc36a54ca9ccad786007e193a1cde7"}, "pid": 19468, "thread": 12180, "lockOwnedAtWrite": true, "lockOwnedAtException": true, "elapsedSeconds": 0.085018, "chain": [{"type": "ENGINE_EXCEPTION", "operation": "replace", "frames": [{"file": "testing/p18_persistence_diagnostics.py", "line": 68, "function": "write"}, {"file": "storage/json_repository.py", "line": 508, "function": "_write_payload"}, {"file": "storage/json_repository.py", "line": 208, "function": "_replace_payload"}, {"file": "services/wake_perception_thinking_action_service.py", "line": 353, "function": "retry_guard"}, {"file": "services/runtime_cognition.py", "line": 91, "function": "_native_guard"}, {"file": "services/persistent_runtime_service.py", "line": 130, "function": "guard"}], "errno": null, "winerror": null}, {"type": "PermissionError", "operation": "replace", "frames": [{"file": "storage/json_repository.py", "line": 190, "function": "_replace_payload"}], "errno": 13, "winerror": 5}], "context": {"task_id": "cognition:93b42a0ad32e1f771a57737fb0b75d39b67ca50300f4f4a7d68b4147c80dd6e3", "attempt_id": "p11-attempt-01887133f115ada0e8e0b9313ef2cd348afd91735680f3626b9fa3cc9420309d"}}
{"stage": "native-exception-before-cleanup", "task_id": "cognition:93b42a0ad32e1f771a57737fb0b75d39b67ca50300f4f4a7d68b4147c80dd6e3", "attempt_id": "p11-attempt-01887133f115ada0e8e0b9313ef2cd348afd91735680f3626b9fa3cc9420309d", "chain": [{"frames": [{"file": "testing/p18_runtime_fixture.py", "line": 140, "function": "diagnosed_continue"}, {"file": "services/runtime_cognition.py", "line": 242, "function": "_continue"}, {"file": "services/wake_perception_thinking_action_service.py", "line": 90, "function": "wake_manual"}, {"file": "services/wake_perception_thinking_action_service.py", "line": 128, "function": "_continue"}, {"file": "services/wake_perception_thinking_action_service.py", "line": 356, "function": "_continue_mind"}, {"file": "services/action_evolution_service.py", "line": 78, "function": "evolve"}, {"file": "services/subject_state_service.py", "line": 79, "function": "apply_event"}, {"file": "services/subject_state_service.py", "line": 149, "function": "_apply_event"}, {"file": "storage/json_repository.py", "line": 326, "function": "save_transition"}, {"file": "testing/p18_persistence_diagnostics.py", "line": 68, "function": "write"}, {"file": "storage/json_repository.py", "line": 508, "function": "_write_payload"}, {"file": "storage/json_repository.py", "line": 208, "function": "_replace_payload"}, {"file": "services/wake_perception_thinking_action_service.py", "line": 353, "function": "retry_guard"}, {"file": "services/runtime_cognition.py", "line": 91, "function": "_native_guard"}, {"file": "services/persistent_runtime_service.py", "line": 130, "function": "guard"}], "code": "TEST_NATIVE_EXCEPTION"}, {"frames": [{"file": "storage/json_repository.py", "line": 190, "function": "_replace_payload"}], "code": "TEST_NATIVE_EXCEPTION"}], "systemChain": [{"type": "ENGINE_EXCEPTION", "operation": "replace", "frames": [{"file": "testing/p18_runtime_fixture.py", "line": 140, "function": "diagnosed_continue"}, {"file": "services/runtime_cognition.py", "line": 242, "function": "_continue"}, {"file": "services/wake_perception_thinking_action_service.py", "line": 90, "function": "wake_manual"}, {"file": "services/wake_perception_thinking_action_service.py", "line": 128, "function": "_continue"}, {"file": "services/wake_perception_thinking_action_service.py", "line": 356, "function": "_continue_mind"}, {"file": "services/action_evolution_service.py", "line": 78, "function": "evolve"}, {"file": "services/subject_state_service.py", "line": 79, "function": "apply_event"}, {"file": "services/subject_state_service.py", "line": 149, "function": "_apply_event"}, {"file": "storage/json_repository.py", "line": 326, "function": "save_transition"}, {"file": "testing/p18_persistence_diagnostics.py", "line": 68, "function": "write"}, {"file": "storage/json_repository.py", "line": 508, "function": "_write_payload"}, {"file": "storage/json_repository.py", "line": 208, "function": "_replace_payload"}, {"file": "services/wake_perception_thinking_action_service.py", "line": 353, "function": "retry_guard"}, {"file": "services/runtime_cognition.py", "line": 91, "function": "_native_guard"}, {"file": "services/persistent_runtime_service.py", "line": 130, "function": "guard"}], "errno": null, "winerror": null}, {"type": "PermissionError", "operation": "replace", "frames": [{"file": "storage/json_repository.py", "line": 190, "function": "_replace_payload"}], "errno": 13, "winerror": 5}], "stateWriteLockOwnedAfterUnwind": false}
{"stage": "persistence-failure-before-unwind", "code": "TEST_STATE_SAVE_FAILED", "file": "subject-state/a1983a8bd51bcbe5de1048f0b552e6311de6d0c250cd5cc875af81bec9348de0.json", "before": {"hash": "f30c6d0e39426c4342f58cf0870648ebdf60be4801f6cdf0156598b165083dc7", "revision": 1}, "after": {"hash": "f30c6d0e39426c4342f58cf0870648ebdf60be4801f6cdf0156598b165083dc7", "revision": 1}, "expectedRevision": 1, "targetRevision": 2, "updateIdentityHash": "d1d795c4cc4e958e6a751e55a5143ab604c9b16cee7410ffec33640275d5bcb9", "eventIdentityHash": "36f20040d3550ec9ed717a80a49b1f25655d7eca3ddb75c8b130cad88cb4ab1a", "identityHashes": {"action_session_id": "2e772302d12027029bcc5384f1377fcaa5e0ed512945825bff4bc8827956a568", "action_decision_id": "7999d7efedc687dd083eca9baf083795430b729ab45848485937e0f48f942345", "action_plan_id": "10846ccbe03e61e5da9c88cd9ed84f7e66f4aa02d816ffa35433690e9348041a", "think_id": "1034eaf05ad1714c7fb02220f25dc6c4d4fe16947bcc8c068081684563b6d2d5", "wake_session_id": "3cf12b4fb2de7e52700ba611aee78fba9e5182acf7e653984a2445e5dd0875a1", "perception_id": "1c2a9a391a7b17685927d11559648470f18c712a57766e335b1ac9191631f8b8", "thinking_result_id": "0f9083dd0e41563569d4e9be0544cc7a200fafbbfffe18aa3eeb4a92aae3d62c"}, "pid": 19468, "thread": 12180, "lockOwnedAtWrite": true, "lockOwnedAtException": true, "elapsedSeconds": 0.03774, "chain": [{"type": "ENGINE_EXCEPTION", "operation": "replace", "frames": [{"file": "testing/p18_persistence_diagnostics.py", "line": 68, "function": "write"}, {"file": "storage/json_repository.py", "line": 508, "function": "_write_payload"}, {"file": "storage/json_repository.py", "line": 208, "function": "_replace_payload"}, {"file": "services/wake_perception_thinking_action_service.py", "line": 352, "function": "retry_guard"}, {"file": "services/continuity_core_service.py", "line": 541, "function": "before_thinking"}], "errno": null, "winerror": null}, {"type": "PermissionError", "operation": "replace", "frames": [{"file": "storage/json_repository.py", "line": 190, "function": "_replace_payload"}], "errno": 13, "winerror": 5}], "context": {"task_id": "cognition:a66a6643175ca69e991c022df6357de377f05238864cb0a68c0c03dc30487ab8", "attempt_id": "p11-attempt-5909d9149edd43c42e73ecb3b69e1b7f84fdd1cdb0719dc37d2fc6b3af30ba13"}}
{"stage": "native-exception-before-cleanup", "task_id": "cognition:a66a6643175ca69e991c022df6357de377f05238864cb0a68c0c03dc30487ab8", "attempt_id": "p11-attempt-5909d9149edd43c42e73ecb3b69e1b7f84fdd1cdb0719dc37d2fc6b3af30ba13", "chain": [{"frames": [{"file": "testing/p18_runtime_fixture.py", "line": 140, "function": "diagnosed_continue"}, {"file": "services/runtime_cognition.py", "line": 242, "function": "_continue"}, {"file": "services/wake_perception_thinking_action_service.py", "line": 90, "function": "wake_manual"}, {"file": "services/wake_perception_thinking_action_service.py", "line": 128, "function": "_continue"}, {"file": "services/wake_perception_thinking_action_service.py", "line": 356, "function": "_continue_mind"}, {"file": "services/action_evolution_service.py", "line": 78, "function": "evolve"}, {"file": "services/subject_state_service.py", "line": 79, "function": "apply_event"}, {"file": "services/subject_state_service.py", "line": 149, "function": "_apply_event"}, {"file": "storage/json_repository.py", "line": 326, "function": "save_transition"}, {"file": "testing/p18_persistence_diagnostics.py", "line": 68, "function": "write"}, {"file": "storage/json_repository.py", "line": 508, "function": "_write_payload"}, {"file": "storage/json_repository.py", "line": 208, "function": "_replace_payload"}, {"file": "services/wake_perception_thinking_action_service.py", "line": 352, "function": "retry_guard"}, {"file": "services/continuity_core_service.py", "line": 541, "function": "before_thinking"}], "code": "TEST_NATIVE_EXCEPTION"}, {"frames": [{"file": "storage/json_repository.py", "line": 190, "function": "_replace_payload"}], "code": "TEST_NATIVE_EXCEPTION"}], "systemChain": [{"type": "ENGINE_EXCEPTION", "operation": "replace", "frames": [{"file": "testing/p18_runtime_fixture.py", "line": 140, "function": "diagnosed_continue"}, {"file": "services/runtime_cognition.py", "line": 242, "function": "_continue"}, {"file": "services/wake_perception_thinking_action_service.py", "line": 90, "function": "wake_manual"}, {"file": "services/wake_perception_thinking_action_service.py", "line": 128, "function": "_continue"}, {"file": "services/wake_perception_thinking_action_service.py", "line": 356, "function": "_continue_mind"}, {"file": "services/action_evolution_service.py", "line": 78, "function": "evolve"}, {"file": "services/subject_state_service.py", "line": 79, "function": "apply_event"}, {"file": "services/subject_state_service.py", "line": 149, "function": "_apply_event"}, {"file": "storage/json_repository.py", "line": 326, "function": "save_transition"}, {"file": "testing/p18_persistence_diagnostics.py", "line": 68, "function": "write"}, {"file": "storage/json_repository.py", "line": 508, "function": "_write_payload"}, {"file": "storage/json_repository.py", "line": 208, "function": "_replace_payload"}, {"file": "services/wake_perception_thinking_action_service.py", "line": 352, "function": "retry_guard"}, {"file": "services/continuity_core_service.py", "line": 541, "function": "before_thinking"}], "errno": null, "winerror": null}, {"type": "PermissionError", "operation": "replace", "frames": [{"file": "storage/json_repository.py", "line": 190, "function": "_replace_payload"}], "errno": 13, "winerror": 5}], "stateWriteLockOwnedAfterUnwind": false}
ok
test_post_commit_return_loss_restores_without_second_revision (test_p18_persistence.PersistenceTests.test_post_commit_return_loss_restores_without_second_revision) ... {"stage": "native-exception-before-cleanup", "task_id": "cognition:525476c2cbc5c2484b9253af28e3b69d331c20e3e87c01e748341a8e9895b143", "attempt_id": "p11-attempt-a35142d6568b8347db99d17722caffcbca652cee5e2185ff16985b0f4717aaea", "chain": [{"frames": [{"file": "testing/p18_runtime_fixture.py", "line": 140, "function": "diagnosed_continue"}, {"file": "services/runtime_cognition.py", "line": 242, "function": "_continue"}, {"file": "services/wake_perception_thinking_action_service.py", "line": 90, "function": "wake_manual"}, {"file": "services/wake_perception_thinking_action_service.py", "line": 128, "function": "_continue"}, {"file": "services/wake_perception_thinking_action_service.py", "line": 359, "function": "_continue_mind"}, {"file": "services/runtime_cognition.py", "line": 84, "function": "<lambda>"}, {"file": "testing/p18_runtime_fixture.py", "line": 126, "function": "<lambda>"}], "code": "TEST_NATIVE_EXCEPTION"}], "systemChain": [{"type": "RuntimeError", "operation": "other", "frames": [{"file": "testing/p18_runtime_fixture.py", "line": 140, "function": "diagnosed_continue"}, {"file": "services/runtime_cognition.py", "line": 242, "function": "_continue"}, {"file": "services/wake_perception_thinking_action_service.py", "line": 90, "function": "wake_manual"}, {"file": "services/wake_perception_thinking_action_service.py", "line": 128, "function": "_continue"}, {"file": "services/wake_perception_thinking_action_service.py", "line": 359, "function": "_continue_mind"}, {"file": "services/runtime_cognition.py", "line": 84, "function": "<lambda>"}, {"file": "testing/p18_runtime_fixture.py", "line": 126, "function": "<lambda>"}], "errno": null, "winerror": null}], "stateWriteLockOwnedAfterUnwind": false}
ok
test_post_effect_replace_error_recovers_original_fact_after_due_time (test_p18_persistence.PersistenceTests.test_post_effect_replace_error_recovers_original_fact_after_due_time) ... ok
test_real_reader_blocks_no_new_effect_or_revision_after_release (test_p18_persistence.PersistenceTests.test_real_reader_blocks_no_new_effect_or_revision_after_release) ... ok
test_reopened_post_effect_failure_recovers_without_provider_or_new_charge (test_p18_persistence.PersistenceTests.test_reopened_post_effect_failure_recovers_without_provider_or_new_charge) ... {"stage": "persistence-failure-before-unwind", "code": "TEST_STATE_SAVE_FAILED", "file": "subject-state/89467c085059e60823eee9cfbcc791b72119bc46dcca68379ccd46ba0df7bf5c.json", "before": {"hash": "176addece3096889265922deece85bdf23504ced709410322ad67a0eb1b93a7d", "revision": 1}, "after": {"hash": "176addece3096889265922deece85bdf23504ced709410322ad67a0eb1b93a7d", "revision": 1}, "expectedRevision": 1, "targetRevision": 2, "updateIdentityHash": "ce1f75b7b72a571876c3409f54dfd085c60fbc999ff571e51800f798de1b96b6", "eventIdentityHash": "e3bff6c5a6696809d744942c94d77af6d0833ce71afc4e2a7759ff6265f13782", "identityHashes": {"action_session_id": "f320fbec5e2544f95b3ddb82647cb7f7e9bce74491e0d775d2b29d76f2fc1737", "action_decision_id": "6a902e4e9f83785d677f04b0bc6908fb6e5d0f9fb3d336827fd9a808b3ff1d5c", "action_plan_id": "a6cdcfeacb32743964854d3e98468119e7e118602f529bd791b50d0b356f6e8f", "think_id": "995cbc1d947dbe93052b3cc76923ac589dd86e185aaffa05e209069e391e1d12", "wake_session_id": "bdfb7adf017577eabb3cb09c7a6c679691c64ab1300bfa40f394de92db1b624e", "perception_id": "0da31a7cb49025b3741f1f3df78a73912fa244562b602309c0128c16ece56b7d", "thinking_result_id": "73f8de8348b26979bb18bd9ba74fc0fe6421b0d61f5f149640cf865d58562ebd"}, "pid": 19468, "thread": 12180, "lockOwnedAtWrite": true, "lockOwnedAtException": true, "elapsedSeconds": 0.007721, "chain": [{"type": "OSError", "operation": "replace", "frames": [{"file": "testing/p18_persistence_diagnostics.py", "line": 68, "function": "write"}, {"file": "storage/json_repository.py", "line": 508, "function": "_write_payload"}, {"file": "storage/json_repository.py", "line": 190, "function": "_replace_payload"}], "errno": 28, "winerror": null}], "context": {"task_id": "cognition:e6c30f9ae05704c169bd2ffb45cb4b4d9c7b6f5c21b37d2a4fd2413521c5c298", "attempt_id": "p11-attempt-52bd546a9e420bff007f422c2a2d81fd0ebf82cbd224d4520b2a4e50981ae4f2"}}
{"stage": "native-exception-before-cleanup", "task_id": "cognition:e6c30f9ae05704c169bd2ffb45cb4b4d9c7b6f5c21b37d2a4fd2413521c5c298", "attempt_id": "p11-attempt-52bd546a9e420bff007f422c2a2d81fd0ebf82cbd224d4520b2a4e50981ae4f2", "chain": [{"frames": [{"file": "testing/p18_runtime_fixture.py", "line": 140, "function": "diagnosed_continue"}, {"file": "services/runtime_cognition.py", "line": 242, "function": "_continue"}, {"file": "services/wake_perception_thinking_action_service.py", "line": 90, "function": "wake_manual"}, {"file": "services/wake_perception_thinking_action_service.py", "line": 128, "function": "_continue"}, {"file": "services/wake_perception_thinking_action_service.py", "line": 356, "function": "_continue_mind"}, {"file": "services/action_evolution_service.py", "line": 78, "function": "evolve"}, {"file": "services/subject_state_service.py", "line": 79, "function": "apply_event"}, {"file": "services/subject_state_service.py", "line": 149, "function": "_apply_event"}, {"file": "storage/json_repository.py", "line": 326, "function": "save_transition"}, {"file": "testing/p18_persistence_diagnostics.py", "line": 68, "function": "write"}, {"file": "storage/json_repository.py", "line": 508, "function": "_write_payload"}, {"file": "storage/json_repository.py", "line": 190, "function": "_replace_payload"}], "code": "TEST_NATIVE_EXCEPTION"}], "systemChain": [{"type": "OSError", "operation": "replace", "frames": [{"file": "testing/p18_runtime_fixture.py", "line": 140, "function": "diagnosed_continue"}, {"file": "services/runtime_cognition.py", "line": 242, "function": "_continue"}, {"file": "services/wake_perception_thinking_action_service.py", "line": 90, "function": "wake_manual"}, {"file": "services/wake_perception_thinking_action_service.py", "line": 128, "function": "_continue"}, {"file": "services/wake_perception_thinking_action_service.py", "line": 356, "function": "_continue_mind"}, {"file": "services/action_evolution_service.py", "line": 78, "function": "evolve"}, {"file": "services/subject_state_service.py", "line": 79, "function": "apply_event"}, {"file": "services/subject_state_service.py", "line": 149, "function": "_apply_event"}, {"file": "storage/json_repository.py", "line": 326, "function": "save_transition"}, {"file": "testing/p18_persistence_diagnostics.py", "line": 68, "function": "write"}, {"file": "storage/json_repository.py", "line": 508, "function": "_write_payload"}, {"file": "storage/json_repository.py", "line": 190, "function": "_replace_payload"}], "errno": 28, "winerror": null}], "stateWriteLockOwnedAfterUnwind": false}
ok
test_stop_during_replace_wait_prevents_new_evolution (test_p18_persistence.PersistenceTests.test_stop_during_replace_wait_prevents_new_evolution) ... {"stage": "persistence-failure-before-unwind", "code": "TEST_STATE_SAVE_FAILED", "file": "subject-state/b12c8a55df1c308926cb00dfb36cdbbb844a46bdad8e790112538f15430e09e1.json", "before": {"hash": "602fc55bde98037f4d90da658efc50b1e3b2a8a10cc874cc7b409c6519165465", "revision": 1}, "after": {"hash": "602fc55bde98037f4d90da658efc50b1e3b2a8a10cc874cc7b409c6519165465", "revision": 1}, "expectedRevision": 1, "targetRevision": 2, "updateIdentityHash": "ba9339d24adfd0ded0d2621cbb75c40f26cba5aacb215b241f457a548339c77c", "eventIdentityHash": "f9c91ae6b403827013477a4dbd6c8eb63d8df255b04113838f291debceff66fd", "identityHashes": {"action_session_id": "344a9872f5eba7ae8abddbaf5f373bc2e36175d9b9c4fe8370331c9755798fee", "action_decision_id": "9865b2eeb7101ebd0c81d7b1ec37e8d2bbfa6b215cb048d470e61f02468c5ece", "action_plan_id": "2294792ea2b00bda8a8763c92300bb07acf5119b07e53ef008d51fb4294f857f", "think_id": "686c38149c1292f67bb2ebb7537cbd90331b21e5e834e0e426203d18af4246f7", "wake_session_id": "0afe9d1005e43e7bbb2e7f93da8925ea6567f5f239d098fe6cd385fde35bf421", "perception_id": "ee4536d87ce80be4b241b12ffc730842f3475a1377586c64a112657e375db85d", "thinking_result_id": "ad36b2b43cc4387d6322b5f3dd235201367d27db3ff8fc0c473ddc5d62d42e93"}, "pid": 19468, "thread": 12180, "lockOwnedAtWrite": true, "lockOwnedAtException": true, "elapsedSeconds": 0.067529, "chain": [{"type": "ENGINE_EXCEPTION", "operation": "replace", "frames": [{"file": "testing/p18_persistence_diagnostics.py", "line": 68, "function": "write"}, {"file": "storage/json_repository.py", "line": 508, "function": "_write_payload"}, {"file": "storage/json_repository.py", "line": 208, "function": "_replace_payload"}, {"file": "services/wake_perception_thinking_action_service.py", "line": 353, "function": "retry_guard"}, {"file": "services/runtime_cognition.py", "line": 91, "function": "_native_guard"}, {"file": "services/persistent_runtime_service.py", "line": 130, "function": "guard"}], "errno": null, "winerror": null}, {"type": "PermissionError", "operation": "replace", "frames": [{"file": "storage/json_repository.py", "line": 190, "function": "_replace_payload"}], "errno": 13, "winerror": 5}], "context": {"task_id": "cognition:3d5b302f8b395af2d8bbbbdc572d53181369db0c7e094f85045e2d49e68c2655", "attempt_id": "p11-attempt-4ce91a12edb8c163b68c563930597786c524909517ad6d75c66420bf97663f59"}}
{"stage": "native-exception-before-cleanup", "task_id": "cognition:3d5b302f8b395af2d8bbbbdc572d53181369db0c7e094f85045e2d49e68c2655", "attempt_id": "p11-attempt-4ce91a12edb8c163b68c563930597786c524909517ad6d75c66420bf97663f59", "chain": [{"frames": [{"file": "testing/p18_runtime_fixture.py", "line": 140, "function": "diagnosed_continue"}, {"file": "services/runtime_cognition.py", "line": 242, "function": "_continue"}, {"file": "services/wake_perception_thinking_action_service.py", "line": 90, "function": "wake_manual"}, {"file": "services/wake_perception_thinking_action_service.py", "line": 128, "function": "_continue"}, {"file": "services/wake_perception_thinking_action_service.py", "line": 356, "function": "_continue_mind"}, {"file": "services/action_evolution_service.py", "line": 78, "function": "evolve"}, {"file": "services/subject_state_service.py", "line": 79, "function": "apply_event"}, {"file": "services/subject_state_service.py", "line": 149, "function": "_apply_event"}, {"file": "storage/json_repository.py", "line": 326, "function": "save_transition"}, {"file": "testing/p18_persistence_diagnostics.py", "line": 68, "function": "write"}, {"file": "storage/json_repository.py", "line": 508, "function": "_write_payload"}, {"file": "storage/json_repository.py", "line": 208, "function": "_replace_payload"}, {"file": "services/wake_perception_thinking_action_service.py", "line": 353, "function": "retry_guard"}, {"file": "services/runtime_cognition.py", "line": 91, "function": "_native_guard"}, {"file": "services/persistent_runtime_service.py", "line": 130, "function": "guard"}], "code": "TEST_NATIVE_EXCEPTION"}, {"frames": [{"file": "storage/json_repository.py", "line": 190, "function": "_replace_payload"}], "code": "TEST_NATIVE_EXCEPTION"}], "systemChain": [{"type": "ENGINE_EXCEPTION", "operation": "replace", "frames": [{"file": "testing/p18_runtime_fixture.py", "line": 140, "function": "diagnosed_continue"}, {"file": "services/runtime_cognition.py", "line": 242, "function": "_continue"}, {"file": "services/wake_perception_thinking_action_service.py", "line": 90, "function": "wake_manual"}, {"file": "services/wake_perception_thinking_action_service.py", "line": 128, "function": "_continue"}, {"file": "services/wake_perception_thinking_action_service.py", "line": 356, "function": "_continue_mind"}, {"file": "services/action_evolution_service.py", "line": 78, "function": "evolve"}, {"file": "services/subject_state_service.py", "line": 79, "function": "apply_event"}, {"file": "services/subject_state_service.py", "line": 149, "function": "_apply_event"}, {"file": "storage/json_repository.py", "line": 326, "function": "save_transition"}, {"file": "testing/p18_persistence_diagnostics.py", "line": 68, "function": "write"}, {"file": "storage/json_repository.py", "line": 508, "function": "_write_payload"}, {"file": "storage/json_repository.py", "line": 208, "function": "_replace_payload"}, {"file": "services/wake_perception_thinking_action_service.py", "line": 353, "function": "retry_guard"}, {"file": "services/runtime_cognition.py", "line": 91, "function": "_native_guard"}, {"file": "services/persistent_runtime_service.py", "line": 130, "function": "guard"}], "errno": null, "winerror": null}, {"type": "PermissionError", "operation": "replace", "frames": [{"file": "storage/json_repository.py", "line": 190, "function": "_replace_payload"}], "errno": 13, "winerror": 5}], "stateWriteLockOwnedAfterUnwind": false}
ok
test_archived_subject_keeps_control_and_cannot_resume_as_runtime (test_p18_runtime.RuntimeControlTests.test_archived_subject_keeps_control_and_cannot_resume_as_runtime) ... ok
test_backpressure_retains_need_and_reports_deferral (test_p18_runtime.RuntimeControlTests.test_backpressure_retains_need_and_reports_deferral) ... ok
test_canceled_pending_work_is_not_revived_by_budget (test_p18_runtime.RuntimeControlTests.test_canceled_pending_work_is_not_revived_by_budget) ... ok
test_clock_regression_then_recovery_is_not_negative_elapsed (test_p18_runtime.RuntimeControlTests.test_clock_regression_then_recovery_is_not_negative_elapsed) ... ok
test_contact_budget_upper_bound_preserves_host_and_receipts (test_p18_runtime.RuntimeControlTests.test_contact_budget_upper_bound_preserves_host_and_receipts) ... ok
test_contact_window_and_frequency_are_explicit_test_constraints (test_p18_runtime.RuntimeControlTests.test_contact_window_and_frequency_are_explicit_test_constraints) ... ok
test_control_identity_conflict_retains_first_decision (test_p18_runtime.RuntimeControlTests.test_control_identity_conflict_retains_first_decision) ... ok
test_explicit_stop_cannot_be_resumed (test_p18_runtime.RuntimeControlTests.test_explicit_stop_cannot_be_resumed) ... ok
test_idle_tick_does_not_stop_host_or_invoke_provider (test_p18_runtime.RuntimeControlTests.test_idle_tick_does_not_stop_host_or_invoke_provider) ... ok
test_invalid_resource_scan_limit_refuses_without_writes (test_p18_runtime.RuntimeControlTests.test_invalid_resource_scan_limit_refuses_without_writes) ... ok
test_later_maintenance_with_provider_unavailable (test_p18_runtime.RuntimeControlTests.test_later_maintenance_with_provider_unavailable) ... ok
test_later_maintenance_with_zero_model_quota (test_p18_runtime.RuntimeControlTests.test_later_maintenance_with_zero_model_quota) ... ok
test_local_maintenance_runs_while_model_is_unavailable (test_p18_runtime.RuntimeControlTests.test_local_maintenance_runs_while_model_is_unavailable) ... ok
test_long_clock_gap_coalesces_no_catchup_loop (test_p18_runtime.RuntimeControlTests.test_long_clock_gap_coalesces_no_catchup_loop) ... ok
test_material_boundary_still_accepts_ordinary_psychological_content (test_p18_runtime.RuntimeControlTests.test_material_boundary_still_accepts_ordinary_psychological_content) ... ok
test_native_contact_expression_execution_and_next_context (test_p18_runtime.RuntimeControlTests.test_native_contact_expression_execution_and_next_context) ... ok
test_owner_identity_and_revision_rejection_has_zero_writes (test_p18_runtime.RuntimeControlTests.test_owner_identity_and_revision_rejection_has_zero_writes) ... ok
test_owner_pause_resume_stop_and_duplicate_controls (test_p18_runtime.RuntimeControlTests.test_owner_pause_resume_stop_and_duplicate_controls) ... ok
test_pause_after_selection_prevents_wake_and_allocation (test_p18_runtime.RuntimeControlTests.test_pause_after_selection_prevents_wake_and_allocation) ... ok
test_pause_after_wake_resources_prevents_provider_and_effect (test_p18_runtime.RuntimeControlTests.test_pause_after_wake_resources_prevents_provider_and_effect) ... ok
test_pause_during_world_capacity_prevents_effect_and_credits (test_p18_runtime.RuntimeControlTests.test_pause_during_world_capacity_prevents_effect_and_credits) ... {"stage": "native-exception-before-cleanup", "task_id": "cognition:988082966b6c97005de1c5efc6f1253642d100988cfb679904145099f32e51c2", "attempt_id": "p11-attempt-35fc16c06c163c47ed28a00a8ebe0f48ddb16ed83cc423bedcb4996917fdf3f9", "chain": [{"frames": [{"file": "testing/p18_runtime_fixture.py", "line": 140, "function": "diagnosed_continue"}, {"file": "services/runtime_cognition.py", "line": 242, "function": "_continue"}, {"file": "services/wake_perception_thinking_action_service.py", "line": 90, "function": "wake_manual"}, {"file": "services/wake_perception_thinking_action_service.py", "line": 128, "function": "_continue"}, {"file": "services/wake_perception_thinking_action_service.py", "line": 348, "function": "_continue_mind"}, {"file": "services/runtime_cognition.py", "line": 91, "function": "_native_guard"}, {"file": "services/persistent_runtime_service.py", "line": 130, "function": "guard"}], "code": "TEST_NATIVE_EXCEPTION"}], "systemChain": [{"type": "ENGINE_EXCEPTION", "operation": "other", "frames": [{"file": "testing/p18_runtime_fixture.py", "line": 140, "function": "diagnosed_continue"}, {"file": "services/runtime_cognition.py", "line": 242, "function": "_continue"}, {"file": "services/wake_perception_thinking_action_service.py", "line": 90, "function": "wake_manual"}, {"file": "services/wake_perception_thinking_action_service.py", "line": 128, "function": "_continue"}, {"file": "services/wake_perception_thinking_action_service.py", "line": 348, "function": "_continue_mind"}, {"file": "services/runtime_cognition.py", "line": 91, "function": "_native_guard"}, {"file": "services/persistent_runtime_service.py", "line": 130, "function": "guard"}], "errno": null, "winerror": null}], "stateWriteLockOwnedAfterUnwind": false}
ok
test_pause_immediately_before_provider_blocks_call (test_p18_runtime.RuntimeControlTests.test_pause_immediately_before_provider_blocks_call) ... {"stage": "native-exception-before-cleanup", "task_id": "cognition:c357b71ef52bf9da63af56a9c90e4f3e3ae784da2cca458328a04a8005a34c68", "attempt_id": "p11-attempt-25823abb0c131cb94b1b5162b384c1e0ffc00089cbde1c80cee9caea595f2e04", "chain": [{"frames": [{"file": "testing/p18_runtime_fixture.py", "line": 140, "function": "diagnosed_continue"}, {"file": "services/runtime_cognition.py", "line": 242, "function": "_continue"}, {"file": "services/wake_perception_thinking_action_service.py", "line": 90, "function": "wake_manual"}, {"file": "services/wake_perception_thinking_action_service.py", "line": 128, "function": "_continue"}, {"file": "services/wake_perception_thinking_action_service.py", "line": 229, "function": "_continue_mind"}, {"file": "services/thinking_service.py", "line": 190, "function": "handle_perception"}, {"file": "services/thinking_service.py", "line": 232, "function": "_run_provider"}, {"file": "services/wake_perception_thinking_action_service.py", "line": 225, "function": "initial_guard"}, {"file": "services/runtime_cognition.py", "line": 91, "function": "_native_guard"}, {"file": "services/persistent_runtime_service.py", "line": 130, "function": "guard"}], "code": "TEST_NATIVE_EXCEPTION"}], "systemChain": [{"type": "ENGINE_EXCEPTION", "operation": "other", "frames": [{"file": "testing/p18_runtime_fixture.py", "line": 140, "function": "diagnosed_continue"}, {"file": "services/runtime_cognition.py", "line": 242, "function": "_continue"}, {"file": "services/wake_perception_thinking_action_service.py", "line": 90, "function": "wake_manual"}, {"file": "services/wake_perception_thinking_action_service.py", "line": 128, "function": "_continue"}, {"file": "services/wake_perception_thinking_action_service.py", "line": 229, "function": "_continue_mind"}, {"file": "services/thinking_service.py", "line": 190, "function": "handle_perception"}, {"file": "services/thinking_service.py", "line": 232, "function": "_run_provider"}, {"file": "services/wake_perception_thinking_action_service.py", "line": 225, "function": "initial_guard"}, {"file": "services/runtime_cognition.py", "line": 91, "function": "_native_guard"}, {"file": "services/persistent_runtime_service.py", "line": 130, "function": "guard"}], "errno": null, "winerror": null}], "stateWriteLockOwnedAfterUnwind": false}
ok
test_proven_not_delivered_retries_are_bounded (test_p18_runtime.RuntimeControlTests.test_proven_not_delivered_retries_are_bounded) ... ok
test_provider_failure_is_safe_unknown_with_bounded_queries (test_p18_runtime.RuntimeControlTests.test_provider_failure_is_safe_unknown_with_bounded_queries) ... {"stage": "native-exception-before-cleanup", "task_id": "cognition:38083a61a57d28d2aa7866edc68d0b0bafa834f5d0dc77ee2a3a6eb98835f2bd", "attempt_id": "p11-attempt-4e46ba901d209a327144469aa754fb9021aa1d2dff5e38198584bc2d61d35182", "chain": [{"frames": [{"file": "testing/p18_runtime_fixture.py", "line": 140, "function": "diagnosed_continue"}, {"file": "services/runtime_cognition.py", "line": 242, "function": "_continue"}, {"file": "services/wake_perception_thinking_action_service.py", "line": 90, "function": "wake_manual"}, {"file": "services/wake_perception_thinking_action_service.py", "line": 128, "function": "_continue"}, {"file": "services/wake_perception_thinking_action_service.py", "line": 229, "function": "_continue_mind"}, {"file": "services/thinking_service.py", "line": 190, "function": "handle_perception"}, {"file": "services/thinking_service.py", "line": 295, "function": "_run_provider"}], "code": "TEST_NATIVE_EXCEPTION"}, {"frames": [{"file": "services/thinking_service.py", "line": 237, "function": "_run_provider"}, {"file": "services/runtime_cognition.py", "line": 53, "function": "think"}], "code": "TEST_NATIVE_EXCEPTION"}], "systemChain": [{"type": "ENGINE_EXCEPTION", "operation": "other", "frames": [{"file": "testing/p18_runtime_fixture.py", "line": 140, "function": "diagnosed_continue"}, {"file": "services/runtime_cognition.py", "line": 242, "function": "_continue"}, {"file": "services/wake_perception_thinking_action_service.py", "line": 90, "function": "wake_manual"}, {"file": "services/wake_perception_thinking_action_service.py", "line": 128, "function": "_continue"}, {"file": "services/wake_perception_thinking_action_service.py", "line": 229, "function": "_continue_mind"}, {"file": "services/thinking_service.py", "line": 190, "function": "handle_perception"}, {"file": "services/thinking_service.py", "line": 295, "function": "_run_provider"}], "errno": null, "winerror": null}, {"type": "ENGINE_EXCEPTION", "operation": "other", "frames": [{"file": "services/thinking_service.py", "line": 237, "function": "_run_provider"}, {"file": "services/runtime_cognition.py", "line": 53, "function": "think"}], "errno": null, "winerror": null}], "stateWriteLockOwnedAfterUnwind": false}
ok
test_resource_deferral_does_not_consume_scheduler_attempts (test_p18_runtime.RuntimeControlTests.test_resource_deferral_does_not_consume_scheduler_attempts) ... ok
test_resource_scan_is_opt_in_and_budget_restore_remains_legal (test_p18_runtime.RuntimeControlTests.test_resource_scan_is_opt_in_and_budget_restore_remains_legal) ... ok
test_same_time_duplicate_ticks_do_not_repeat_calls_or_state (test_p18_runtime.RuntimeControlTests.test_same_time_duplicate_ticks_do_not_repeat_calls_or_state) ... ok
test_subject_suspension_stays_paused_after_resource_restore (test_p18_runtime.RuntimeControlTests.test_subject_suspension_stays_paused_after_resource_restore) ... ok
test_test_root_rejects_repository_and_uppercase_formal_paths_before_write (test_p18_runtime.RuntimeControlTests.test_test_root_rejects_repository_and_uppercase_formal_paths_before_write) ... ok
test_unconfigured_delivery_policy_refuses_effect_not_cognition (test_p18_runtime.RuntimeControlTests.test_unconfigured_delivery_policy_refuses_effect_not_cognition) ... ok
test_without_messages_native_c1_updates_same_subject (test_p18_runtime.RuntimeControlTests.test_without_messages_native_c1_updates_same_subject) ... ok
test_zero_budget_waits_then_resumes_without_message (test_p18_runtime.RuntimeControlTests.test_zero_budget_waits_then_resumes_without_message) ... ok
test_attach_transaction_busy_stop_is_uncommitted_then_same_identity_succeeds (test_p18_runtime_contention.RuntimeContentionTests.test_attach_transaction_busy_stop_is_uncommitted_then_same_identity_succeeds) ... ok
test_bounded_stop_busy_retry_uses_same_identity_after_real_lock_release (test_p18_runtime_contention.RuntimeContentionTests.test_bounded_stop_busy_retry_uses_same_identity_after_real_lock_release) ... ok
test_bounded_stop_does_not_retry_non_busy_refusal (test_p18_runtime_contention.RuntimeContentionTests.test_bounded_stop_does_not_retry_non_busy_refusal) ... ok
test_corrupt_checkpoint_and_generation_fence_not_swallowed (test_p18_runtime_contention.RuntimeContentionTests.test_corrupt_checkpoint_and_generation_fence_not_swallowed) ... ok
test_effect_before_busy_observation_is_not_dispatched_again (test_p18_runtime_contention.RuntimeContentionTests.test_effect_before_busy_observation_is_not_dispatched_again) ... RUNTIME_CHECKPOINT_BUSY
RUNTIME_CHECKPOINT_AVAILABLE
ok
test_h1_clock_advance_during_maintenance_observation (test_p18_runtime_contention.RuntimeContentionTests.test_h1_clock_advance_during_maintenance_observation) ... ok
test_h1_controller_timeout_captures_state_before_stop (test_p18_runtime_contention.RuntimeContentionTests.test_h1_controller_timeout_captures_state_before_stop) ... ok
test_idle_tick_busy_is_bounded_read_only_and_resumes (test_p18_runtime_contention.RuntimeContentionTests.test_idle_tick_busy_is_bounded_read_only_and_resumes) ... RUNTIME_CHECKPOINT_BUSY
RUNTIME_CHECKPOINT_AVAILABLE
ok
test_long_busy_control_rejects_without_record_and_same_identity_retries (test_p18_runtime_contention.RuntimeContentionTests.test_long_busy_control_rejects_without_record_and_same_identity_retries) ... ok
test_long_busy_host_remains_live_and_diagnostic_is_not_flooded (test_p18_runtime_contention.RuntimeContentionTests.test_long_busy_host_remains_live_and_diagnostic_is_not_flooded) ... ok
test_non_contention_os_error_not_reclassified (test_p18_runtime_contention.RuntimeContentionTests.test_non_contention_os_error_not_reclassified) ... ok
test_original_exception_recorded_when_exit_checkpoint_available (test_p18_runtime_contention.RuntimeContentionTests.test_original_exception_recorded_when_exit_checkpoint_available) ... ok
test_owner_permission_rejection_not_treated_as_busy (test_p18_runtime_contention.RuntimeContentionTests.test_owner_permission_rejection_not_treated_as_busy) ... ok
test_paused_process_control_competition (test_p18_runtime_contention.RuntimeContentionTests.test_paused_process_control_competition) ... ok
test_real_busy_exit_keeps_original_error_and_releases_owner (test_p18_runtime_contention.RuntimeContentionTests.test_real_busy_exit_keeps_original_error_and_releases_owner) ... ok
test_resource_wait_process_control_competition (test_p18_runtime_contention.RuntimeContentionTests.test_resource_wait_process_control_competition) ... ok
test_running_process_control_competition (test_p18_runtime_contention.RuntimeContentionTests.test_running_process_control_competition) ... ok
test_second_host_still_immediately_rejected (test_p18_runtime_contention.RuntimeContentionTests.test_second_host_still_immediately_rejected) ... ok
test_short_lock_serializes_control_before_deadline (test_p18_runtime_contention.RuntimeContentionTests.test_short_lock_serializes_control_before_deadline) ... ok
test_stale_cas_and_conflicting_identity_still_fail_closed (test_p18_runtime_contention.RuntimeContentionTests.test_stale_cas_and_conflicting_identity_still_fail_closed) ... ok
test_start_waits_for_checkpoint_without_relaxing_owner_lock (test_p18_runtime_contention.RuntimeContentionTests.test_start_waits_for_checkpoint_without_relaxing_owner_lock) ... ok
test_thread_transaction_also_has_bounded_wait (test_p18_runtime_contention.RuntimeContentionTests.test_thread_transaction_also_has_bounded_wait) ... ok
test_waiting_old_observation_does_not_overwrite_new_resume (test_p18_runtime_contention.RuntimeContentionTests.test_waiting_old_observation_does_not_overwrite_new_resume) ... ok
test_advancing_silent_process_continues_multiple_native_cycles (test_p18_runtime_process.RuntimeProcessTests.test_advancing_silent_process_continues_multiple_native_cycles) ... ok
test_continuous_golden_contact_then_absorption_without_chat (test_p18_runtime_process.RuntimeProcessTests.test_continuous_golden_contact_then_absorption_without_chat) ... ok
test_idle_and_subject_silence_do_not_end_process (test_p18_runtime_process.RuntimeProcessTests.test_idle_and_subject_silence_do_not_end_process) ... ok
test_real_process_crash_after_effect_restarts_original_identity (test_p18_runtime_process.RuntimeProcessTests.test_real_process_crash_after_effect_restarts_original_identity) ... ok
test_resource_wait_host_lives_and_restores_without_message (test_p18_runtime_process.RuntimeProcessTests.test_resource_wait_host_lives_and_restores_without_message) ... ok
test_two_real_processes_cannot_dispatch_same_subject (test_p18_runtime_process.RuntimeProcessTests.test_two_real_processes_cannot_dispatch_same_subject) ... ok
test_actual_fact_can_recover_when_context_has_expired (test_p18_runtime_recovery.RuntimeRecoveryTests.test_actual_fact_can_recover_when_context_has_expired) ... {"stage": "native-exception-before-cleanup", "task_id": "cognition:8440192a31c9c2037f579e8f7d0517694737e1ca7388d40befa5345c4dfe4230", "attempt_id": "p11-attempt-ba154b4c68b070d7294e7836b5e5f097e069c3865a04b20d15fb48f1cd05ec20", "chain": [{"frames": [{"file": "testing/p18_runtime_fixture.py", "line": 140, "function": "diagnosed_continue"}, {"file": "services/runtime_cognition.py", "line": 242, "function": "_continue"}, {"file": "services/wake_perception_thinking_action_service.py", "line": 90, "function": "wake_manual"}, {"file": "services/wake_perception_thinking_action_service.py", "line": 128, "function": "_continue"}, {"file": "services/wake_perception_thinking_action_service.py", "line": 359, "function": "_continue_mind"}, {"file": "services/runtime_cognition.py", "line": 84, "function": "<lambda>"}, {"file": "testing/p18_runtime_fixture.py", "line": 126, "function": "<lambda>"}], "code": "TEST_NATIVE_EXCEPTION"}], "systemChain": [{"type": "ENGINE_EXCEPTION", "operation": "other", "frames": [{"file": "testing/p18_runtime_fixture.py", "line": 140, "function": "diagnosed_continue"}, {"file": "services/runtime_cognition.py", "line": 242, "function": "_continue"}, {"file": "services/wake_perception_thinking_action_service.py", "line": 90, "function": "wake_manual"}, {"file": "services/wake_perception_thinking_action_service.py", "line": 128, "function": "_continue"}, {"file": "services/wake_perception_thinking_action_service.py", "line": 359, "function": "_continue_mind"}, {"file": "services/runtime_cognition.py", "line": 84, "function": "<lambda>"}, {"file": "testing/p18_runtime_fixture.py", "line": 126, "function": "<lambda>"}], "errno": null, "winerror": null}], "stateWriteLockOwnedAfterUnwind": false}
ok
test_advancing_clock_silence_and_lifecycle_share_the_same_time_port (test_p18_runtime_recovery.RuntimeRecoveryTests.test_advancing_clock_silence_and_lifecycle_share_the_same_time_port) ... ok
test_after_action_checkpoint_restarts_without_duplicate_action (test_p18_runtime_recovery.RuntimeRecoveryTests.test_after_action_checkpoint_restarts_without_duplicate_action) ... {"stage": "native-exception-before-cleanup", "task_id": "cognition:5722945e65716e6e34e87bb915ab4cd1c1a115e73846ca112db618f555a32a4e", "attempt_id": "p11-attempt-0de3702b36bc054f3ac01ead4d46b1de491f3a39d271655afd21fc9fae10f0b3", "chain": [{"frames": [{"file": "testing/p18_runtime_fixture.py", "line": 140, "function": "diagnosed_continue"}, {"file": "services/runtime_cognition.py", "line": 242, "function": "_continue"}, {"file": "services/wake_perception_thinking_action_service.py", "line": 90, "function": "wake_manual"}, {"file": "services/wake_perception_thinking_action_service.py", "line": 128, "function": "_continue"}, {"file": "services/wake_perception_thinking_action_service.py", "line": 327, "function": "_continue_mind"}, {"file": "services/runtime_cognition.py", "line": 84, "function": "<lambda>"}, {"file": "testing/p18_runtime_fixture.py", "line": 126, "function": "<lambda>"}], "code": "TEST_NATIVE_EXCEPTION"}], "systemChain": [{"type": "ENGINE_EXCEPTION", "operation": "other", "frames": [{"file": "testing/p18_runtime_fixture.py", "line": 140, "function": "diagnosed_continue"}, {"file": "services/runtime_cognition.py", "line": 242, "function": "_continue"}, {"file": "services/wake_perception_thinking_action_service.py", "line": 90, "function": "wake_manual"}, {"file": "services/wake_perception_thinking_action_service.py", "line": 128, "function": "_continue"}, {"file": "services/wake_perception_thinking_action_service.py", "line": 327, "function": "_continue_mind"}, {"file": "services/runtime_cognition.py", "line": 84, "function": "<lambda>"}, {"file": "testing/p18_runtime_fixture.py", "line": 126, "function": "<lambda>"}], "errno": null, "winerror": null}], "stateWriteLockOwnedAfterUnwind": false}
ok
test_after_effect_restarts_without_duplicate_effect (test_p18_runtime_recovery.RuntimeRecoveryTests.test_after_effect_restarts_without_duplicate_effect) ... {"stage": "native-exception-before-cleanup", "task_id": "cognition:48000ce6fe794af7375f55600cee0ea681c7db0b2ae4f119f9558eabff33b1d4", "attempt_id": "p11-attempt-23d958c6480706f06db8045613046181d0a897b8f58a8a61d0a8dc33b8cc118a", "chain": [{"frames": [{"file": "testing/p18_runtime_fixture.py", "line": 140, "function": "diagnosed_continue"}, {"file": "services/runtime_cognition.py", "line": 242, "function": "_continue"}, {"file": "services/wake_perception_thinking_action_service.py", "line": 90, "function": "wake_manual"}, {"file": "services/wake_perception_thinking_action_service.py", "line": 128, "function": "_continue"}, {"file": "services/wake_perception_thinking_action_service.py", "line": 333, "function": "_continue_mind"}, {"file": "services/runtime_cognition.py", "line": 84, "function": "<lambda>"}, {"file": "testing/p18_runtime_fixture.py", "line": 126, "function": "<lambda>"}], "code": "TEST_NATIVE_EXCEPTION"}], "systemChain": [{"type": "ENGINE_EXCEPTION", "operation": "other", "frames": [{"file": "testing/p18_runtime_fixture.py", "line": 140, "function": "diagnosed_continue"}, {"file": "services/runtime_cognition.py", "line": 242, "function": "_continue"}, {"file": "services/wake_perception_thinking_action_service.py", "line": 90, "function": "wake_manual"}, {"file": "services/wake_perception_thinking_action_service.py", "line": 128, "function": "_continue"}, {"file": "services/wake_perception_thinking_action_service.py", "line": 333, "function": "_continue_mind"}, {"file": "services/runtime_cognition.py", "line": 84, "function": "<lambda>"}, {"file": "testing/p18_runtime_fixture.py", "line": 126, "function": "<lambda>"}], "errno": null, "winerror": null}], "stateWriteLockOwnedAfterUnwind": false}
ok
test_after_evolution_restarts_without_duplicate_revision (test_p18_runtime_recovery.RuntimeRecoveryTests.test_after_evolution_restarts_without_duplicate_revision) ... {"stage": "native-exception-before-cleanup", "task_id": "cognition:9bdaab730749849ec4438784a8fea81fd469904b7dbb39aaeb2ffbb99477a95b", "attempt_id": "p11-attempt-62cb73e230f2999cb6a785a2e21b4bff165d53503a23ac5eb8b2f929184eee0d", "chain": [{"frames": [{"file": "testing/p18_runtime_fixture.py", "line": 140, "function": "diagnosed_continue"}, {"file": "services/runtime_cognition.py", "line": 242, "function": "_continue"}, {"file": "services/wake_perception_thinking_action_service.py", "line": 90, "function": "wake_manual"}, {"file": "services/wake_perception_thinking_action_service.py", "line": 128, "function": "_continue"}, {"file": "services/wake_perception_thinking_action_service.py", "line": 359, "function": "_continue_mind"}, {"file": "services/runtime_cognition.py", "line": 84, "function": "<lambda>"}, {"file": "testing/p18_runtime_fixture.py", "line": 126, "function": "<lambda>"}], "code": "TEST_NATIVE_EXCEPTION"}], "systemChain": [{"type": "ENGINE_EXCEPTION", "operation": "other", "frames": [{"file": "testing/p18_runtime_fixture.py", "line": 140, "function": "diagnosed_continue"}, {"file": "services/runtime_cognition.py", "line": 242, "function": "_continue"}, {"file": "services/wake_perception_thinking_action_service.py", "line": 90, "function": "wake_manual"}, {"file": "services/wake_perception_thinking_action_service.py", "line": 128, "function": "_continue"}, {"file": "services/wake_perception_thinking_action_service.py", "line": 359, "function": "_continue_mind"}, {"file": "services/runtime_cognition.py", "line": 84, "function": "<lambda>"}, {"file": "testing/p18_runtime_fixture.py", "line": 126, "function": "<lambda>"}], "errno": null, "winerror": null}], "stateWriteLockOwnedAfterUnwind": false}
ok
test_after_queue_completion_restarts_without_duplicate_work (test_p18_runtime_recovery.RuntimeRecoveryTests.test_after_queue_completion_restarts_without_duplicate_work) ... ok
test_after_thinking_restarts_without_second_model_call (test_p18_runtime_recovery.RuntimeRecoveryTests.test_after_thinking_restarts_without_second_model_call) ... {"stage": "native-exception-before-cleanup", "task_id": "cognition:c9ed352e805655cd3fd67e298692ae8964a292ee2f799fa8ec4745db707077d4", "attempt_id": "p11-attempt-118b10f5276bcdddfc2088aeae37c2a7c82fd0e171ff1c73b79adb5e7ff495bc", "chain": [{"frames": [{"file": "testing/p18_runtime_fixture.py", "line": 140, "function": "diagnosed_continue"}, {"file": "services/runtime_cognition.py", "line": 242, "function": "_continue"}, {"file": "services/wake_perception_thinking_action_service.py", "line": 90, "function": "wake_manual"}, {"file": "services/wake_perception_thinking_action_service.py", "line": 128, "function": "_continue"}, {"file": "services/wake_perception_thinking_action_service.py", "line": 236, "function": "_continue_mind"}, {"file": "services/runtime_cognition.py", "line": 84, "function": "<lambda>"}, {"file": "testing/p18_runtime_fixture.py", "line": 126, "function": "<lambda>"}], "code": "TEST_NATIVE_EXCEPTION"}], "systemChain": [{"type": "ENGINE_EXCEPTION", "operation": "other", "frames": [{"file": "testing/p18_runtime_fixture.py", "line": 140, "function": "diagnosed_continue"}, {"file": "services/runtime_cognition.py", "line": 242, "function": "_continue"}, {"file": "services/wake_perception_thinking_action_service.py", "line": 90, "function": "wake_manual"}, {"file": "services/wake_perception_thinking_action_service.py", "line": 128, "function": "_continue"}, {"file": "services/wake_perception_thinking_action_service.py", "line": 236, "function": "_continue_mind"}, {"file": "services/runtime_cognition.py", "line": 84, "function": "<lambda>"}, {"file": "testing/p18_runtime_fixture.py", "line": 126, "function": "<lambda>"}], "errno": null, "winerror": null}], "stateWriteLockOwnedAfterUnwind": false}
ok
test_before_receipt_reconciles_original_evolution_and_effect (test_p18_runtime_recovery.RuntimeRecoveryTests.test_before_receipt_reconciles_original_evolution_and_effect) ... {"stage": "native-exception-before-cleanup", "task_id": "cognition:55bb090159ffbcbec63bf431cae8f26f9d19061217676a0131a53fd685e1507a", "attempt_id": "p11-attempt-3427f03a1d43c6337c999e531a34efafeecec9dd9cad0a296612414c266bc24a", "chain": [{"frames": [{"file": "testing/p18_runtime_fixture.py", "line": 140, "function": "diagnosed_continue"}, {"file": "services/runtime_cognition.py", "line": 249, "function": "_continue"}, {"file": "testing/p18_runtime_fixture.py", "line": 126, "function": "<lambda>"}], "code": "TEST_NATIVE_EXCEPTION"}], "systemChain": [{"type": "ENGINE_EXCEPTION", "operation": "other", "frames": [{"file": "testing/p18_runtime_fixture.py", "line": 140, "function": "diagnosed_continue"}, {"file": "services/runtime_cognition.py", "line": 249, "function": "_continue"}, {"file": "testing/p18_runtime_fixture.py", "line": 126, "function": "<lambda>"}], "errno": null, "winerror": null}], "stateWriteLockOwnedAfterUnwind": false}
ok
test_budget_is_not_reset_on_reopen (test_p18_runtime_recovery.RuntimeRecoveryTests.test_budget_is_not_reset_on_reopen) ... ok
test_cancel_uncommitted_cognition_does_not_create_new_effect_on_query (test_p18_runtime_recovery.RuntimeRecoveryTests.test_cancel_uncommitted_cognition_does_not_create_new_effect_on_query) ... {"stage": "native-exception-before-cleanup", "task_id": "cognition:8fd5725f660694a51233f19726cd5ca6bc9d5084c9da1ab624a771196ad64584", "attempt_id": "p11-attempt-68226ece56f062ebb6ea02fc806c2d140c484d4c975ad5a3f59edf91f14aac2d", "chain": [{"frames": [{"file": "testing/p18_runtime_fixture.py", "line": 140, "function": "diagnosed_continue"}, {"file": "services/runtime_cognition.py", "line": 242, "function": "_continue"}, {"file": "services/wake_perception_thinking_action_service.py", "line": 90, "function": "wake_manual"}, {"file": "services/wake_perception_thinking_action_service.py", "line": 128, "function": "_continue"}, {"file": "services/wake_perception_thinking_action_service.py", "line": 236, "function": "_continue_mind"}, {"file": "services/runtime_cognition.py", "line": 84, "function": "<lambda>"}, {"file": "testing/p18_runtime_fixture.py", "line": 126, "function": "<lambda>"}], "code": "TEST_NATIVE_EXCEPTION"}], "systemChain": [{"type": "ENGINE_EXCEPTION", "operation": "other", "frames": [{"file": "testing/p18_runtime_fixture.py", "line": 140, "function": "diagnosed_continue"}, {"file": "services/runtime_cognition.py", "line": 242, "function": "_continue"}, {"file": "services/wake_perception_thinking_action_service.py", "line": 90, "function": "wake_manual"}, {"file": "services/wake_perception_thinking_action_service.py", "line": 128, "function": "_continue"}, {"file": "services/wake_perception_thinking_action_service.py", "line": 236, "function": "_continue_mind"}, {"file": "services/runtime_cognition.py", "line": 84, "function": "<lambda>"}, {"file": "testing/p18_runtime_fixture.py", "line": 126, "function": "<lambda>"}], "errno": null, "winerror": null}], "stateWriteLockOwnedAfterUnwind": false}
ok
test_control_opaque_identity_is_digest_only_in_storage_and_query (test_p18_runtime_recovery.RuntimeRecoveryTests.test_control_opaque_identity_is_digest_only_in_storage_and_query) ... ok
test_corrupt_checkpoint_refuses_start_without_changes (test_p18_runtime_recovery.RuntimeRecoveryTests.test_corrupt_checkpoint_refuses_start_without_changes) ... ok
test_cross_environment_checkpoint_rejected_without_effect (test_p18_runtime_recovery.RuntimeRecoveryTests.test_cross_environment_checkpoint_rejected_without_effect) ... ok
test_later_pause_after_stop_rejects_without_writes (test_p18_runtime_recovery.RuntimeRecoveryTests.test_later_pause_after_stop_rejects_without_writes) ... ok
test_later_stop_identity_is_read_only_and_remains_queryable (test_p18_runtime_recovery.RuntimeRecoveryTests.test_later_stop_identity_is_read_only_and_remains_queryable) ... ok
test_maintenance_query_requires_real_source_and_memory_fact (test_p18_runtime_recovery.RuntimeRecoveryTests.test_maintenance_query_requires_real_source_and_memory_fact) ... ok
test_missing_host_checkpoint_does_not_reinitialize_stopped_subject (test_p18_runtime_recovery.RuntimeRecoveryTests.test_missing_host_checkpoint_does_not_reinitialize_stopped_subject) ... ok
test_old_context_cannot_authorize_new_effect_after_crash (test_p18_runtime_recovery.RuntimeRecoveryTests.test_old_context_cannot_authorize_new_effect_after_crash) ... {"stage": "native-exception-before-cleanup", "task_id": "cognition:17117c31cf2670b62153dbad71fd895b02f1bc2b165dab2dbe7db1d706db2cce", "attempt_id": "p11-attempt-401069642bf5dac062104cde506d1326f78f92d45e6f573b82ad9a8f0e01e5c9", "chain": [{"frames": [{"file": "testing/p18_runtime_fixture.py", "line": 140, "function": "diagnosed_continue"}, {"file": "services/runtime_cognition.py", "line": 242, "function": "_continue"}, {"file": "services/wake_perception_thinking_action_service.py", "line": 90, "function": "wake_manual"}, {"file": "services/wake_perception_thinking_action_service.py", "line": 128, "function": "_continue"}, {"file": "services/wake_perception_thinking_action_service.py", "line": 236, "function": "_continue_mind"}, {"file": "services/runtime_cognition.py", "line": 84, "function": "<lambda>"}, {"file": "testing/p18_runtime_fixture.py", "line": 126, "function": "<lambda>"}], "code": "TEST_NATIVE_EXCEPTION"}], "systemChain": [{"type": "ENGINE_EXCEPTION", "operation": "other", "frames": [{"file": "testing/p18_runtime_fixture.py", "line": 140, "function": "diagnosed_continue"}, {"file": "services/runtime_cognition.py", "line": 242, "function": "_continue"}, {"file": "services/wake_perception_thinking_action_service.py", "line": 90, "function": "wake_manual"}, {"file": "services/wake_perception_thinking_action_service.py", "line": 128, "function": "_continue"}, {"file": "services/wake_perception_thinking_action_service.py", "line": 236, "function": "_continue_mind"}, {"file": "services/runtime_cognition.py", "line": 84, "function": "<lambda>"}, {"file": "testing/p18_runtime_fixture.py", "line": 126, "function": "<lambda>"}], "errno": null, "winerror": null}], "stateWriteLockOwnedAfterUnwind": false}
{"stage": "native-exception-before-cleanup", "task_id": "cognition:17117c31cf2670b62153dbad71fd895b02f1bc2b165dab2dbe7db1d706db2cce", "attempt_id": "p11-attempt-401069642bf5dac062104cde506d1326f78f92d45e6f573b82ad9a8f0e01e5c9", "chain": [{"frames": [{"file": "testing/p18_runtime_fixture.py", "line": 140, "function": "diagnosed_continue"}, {"file": "services/runtime_cognition.py", "line": 242, "function": "_continue"}, {"file": "services/wake_perception_thinking_action_service.py", "line": 90, "function": "wake_manual"}, {"file": "services/wake_perception_thinking_action_service.py", "line": 128, "function": "_continue"}, {"file": "services/wake_perception_thinking_action_service.py", "line": 324, "function": "_continue_mind"}, {"file": "services/continuity_core_service.py", "line": 541, "function": "before_thinking"}], "code": "TEST_NATIVE_EXCEPTION"}], "systemChain": [{"type": "ENGINE_EXCEPTION", "operation": "other", "frames": [{"file": "testing/p18_runtime_fixture.py", "line": 140, "function": "diagnosed_continue"}, {"file": "services/runtime_cognition.py", "line": 242, "function": "_continue"}, {"file": "services/wake_perception_thinking_action_service.py", "line": 90, "function": "wake_manual"}, {"file": "services/wake_perception_thinking_action_service.py", "line": 128, "function": "_continue"}, {"file": "services/wake_perception_thinking_action_service.py", "line": 324, "function": "_continue_mind"}, {"file": "services/continuity_core_service.py", "line": 541, "function": "before_thinking"}], "errno": null, "winerror": null}], "stateWriteLockOwnedAfterUnwind": false}
ok
test_old_owner_control_remains_idempotent_after_130_new_commands (test_p18_runtime_recovery.RuntimeRecoveryTests.test_old_owner_control_remains_idempotent_after_130_new_commands) ... ok
test_receipt_conflict_cannot_reconcile_completed_native_fact (test_p18_runtime_recovery.RuntimeRecoveryTests.test_receipt_conflict_cannot_reconcile_completed_native_fact) ... {"stage": "native-exception-before-cleanup", "task_id": "cognition:3432261a256726b35ac9eb5f73906ec6fb3298323e2ea54c0dfa36b9f0584ab2", "attempt_id": "p11-attempt-0555e9161f498fd8948141defaa39d8ab1c91a760ba09bc0942e6b77636298ed", "chain": [{"frames": [{"file": "testing/p18_runtime_fixture.py", "line": 140, "function": "diagnosed_continue"}, {"file": "services/runtime_cognition.py", "line": 242, "function": "_continue"}, {"file": "services/wake_perception_thinking_action_service.py", "line": 90, "function": "wake_manual"}, {"file": "services/wake_perception_thinking_action_service.py", "line": 128, "function": "_continue"}, {"file": "services/wake_perception_thinking_action_service.py", "line": 359, "function": "_continue_mind"}, {"file": "services/runtime_cognition.py", "line": 84, "function": "<lambda>"}, {"file": "testing/p18_runtime_fixture.py", "line": 126, "function": "<lambda>"}], "code": "TEST_NATIVE_EXCEPTION"}], "systemChain": [{"type": "ENGINE_EXCEPTION", "operation": "other", "frames": [{"file": "testing/p18_runtime_fixture.py", "line": 140, "function": "diagnosed_continue"}, {"file": "services/runtime_cognition.py", "line": 242, "function": "_continue"}, {"file": "services/wake_perception_thinking_action_service.py", "line": 90, "function": "wake_manual"}, {"file": "services/wake_perception_thinking_action_service.py", "line": 128, "function": "_continue"}, {"file": "services/wake_perception_thinking_action_service.py", "line": 359, "function": "_continue_mind"}, {"file": "services/runtime_cognition.py", "line": 84, "function": "<lambda>"}, {"file": "testing/p18_runtime_fixture.py", "line": 126, "function": "<lambda>"}], "errno": null, "winerror": null}], "stateWriteLockOwnedAfterUnwind": false}
{"stage": "native-exception-before-cleanup", "task_id": "cognition:3432261a256726b35ac9eb5f73906ec6fb3298323e2ea54c0dfa36b9f0584ab2", "attempt_id": "p11-attempt-0555e9161f498fd8948141defaa39d8ab1c91a760ba09bc0942e6b77636298ed", "chain": [{"frames": [{"file": "testing/p18_runtime_fixture.py", "line": 140, "function": "diagnosed_continue"}, {"file": "services/runtime_cognition.py", "line": 242, "function": "_continue"}, {"file": "services/wake_perception_thinking_action_service.py", "line": 90, "function": "wake_manual"}, {"file": "services/wake_perception_thinking_action_service.py", "line": 128, "function": "_continue"}, {"file": "services/wake_perception_thinking_action_service.py", "line": 320, "function": "_continue_mind"}, {"file": "services/wake_perception_thinking_action_service.py", "line": 274, "function": "dispatch"}, {"file": "services/continuity_core_service.py", "line": 608, "function": "after_action"}, {"file": "services/capability_coordination_service.py", "line": 78, "function": "action_attempts"}, {"file": "services/capability_coordination_service.py", "line": 98, "function": "_verify_action_result_evidence"}, {"file": "services/capability_coordination_service.py", "line": 109, "function": "_verify_action_receipt"}, {"file": "services/capability_coordination_service.py", "line": 88, "function": "_query_action_fact"}], "code": "TEST_NATIVE_EXCEPTION"}, {"frames": [{"file": "services/capability_coordination_service.py", "line": 86, "function": "_query_action_fact"}, {"file": "services/execution_service.py", "line": 20, "function": "query"}, {"file": "services/execution_service.py", "line": 171, "function": "query"}], "code": "TEST_NATIVE_EXCEPTION"}], "systemChain": [{"type": "ENGINE_EXCEPTION", "operation": "other", "frames": [{"file": "testing/p18_runtime_fixture.py", "line": 140, "function": "diagnosed_continue"}, {"file": "services/runtime_cognition.py", "line": 242, "function": "_continue"}, {"file": "services/wake_perception_thinking_action_service.py", "line": 90, "function": "wake_manual"}, {"file": "services/wake_perception_thinking_action_service.py", "line": 128, "function": "_continue"}, {"file": "services/wake_perception_thinking_action_service.py", "line": 320, "function": "_continue_mind"}, {"file": "services/wake_perception_thinking_action_service.py", "line": 274, "function": "dispatch"}, {"file": "services/continuity_core_service.py", "line": 608, "function": "after_action"}, {"file": "services/capability_coordination_service.py", "line": 78, "function": "action_attempts"}, {"file": "services/capability_coordination_service.py", "line": 98, "function": "_verify_action_result_evidence"}, {"file": "services/capability_coordination_service.py", "line": 109, "function": "_verify_action_receipt"}, {"file": "services/capability_coordination_service.py", "line": 88, "function": "_query_action_fact"}], "errno": null, "winerror": null}, {"type": "ENGINE_EXCEPTION", "operation": "other", "frames": [{"file": "services/capability_coordination_service.py", "line": 86, "function": "_query_action_fact"}, {"file": "services/execution_service.py", "line": 20, "function": "query"}, {"file": "services/execution_service.py", "line": 171, "function": "query"}], "errno": null, "winerror": null}], "stateWriteLockOwnedAfterUnwind": false}
ok
test_self_consistent_cross_subject_checkpoint_rejected (test_p18_runtime_recovery.RuntimeRecoveryTests.test_self_consistent_cross_subject_checkpoint_rejected) ... ok
test_stale_owner_fence_and_second_host_rejected (test_p18_runtime_recovery.RuntimeRecoveryTests.test_stale_owner_fence_and_second_host_rejected) ... ok
test_stop_after_crash_survives_reopen (test_p18_runtime_recovery.RuntimeRecoveryTests.test_stop_after_crash_survives_reopen) ... ok
test_stop_history_cannot_be_overlaid_with_running_checkpoint (test_p18_runtime_recovery.RuntimeRecoveryTests.test_stop_history_cannot_be_overlaid_with_running_checkpoint) ... ok
test_unknown_execution_never_replays_unverified_effect (test_p18_runtime_recovery.RuntimeRecoveryTests.test_unknown_execution_never_replays_unverified_effect) ... ok
test_view_query_is_read_only_and_has_separate_resource_state (test_p18_runtime_recovery.RuntimeRecoveryTests.test_view_query_is_read_only_and_has_separate_resource_state) ... ok
test_cancelled_pre_call_work_is_not_reassessed (test_p18_runtime_resume.RuntimeResumeTests.test_cancelled_pre_call_work_is_not_reassessed) ... {"stage": "native-exception-before-cleanup", "task_id": "cognition:6e6c69cbe12780c0dbb2e4bf958861c98732f55de27e05ba074fb23f87d5210c", "attempt_id": "p11-attempt-6db652c0d437558857be9acecdf8a4abe34d13cb48c8341c248eacaf4aa1d91a", "chain": [{"frames": [{"file": "testing/p18_runtime_fixture.py", "line": 140, "function": "diagnosed_continue"}, {"file": "services/runtime_cognition.py", "line": 242, "function": "_continue"}, {"file": "services/wake_perception_thinking_action_service.py", "line": 90, "function": "wake_manual"}, {"file": "services/wake_perception_thinking_action_service.py", "line": 128, "function": "_continue"}, {"file": "services/wake_perception_thinking_action_service.py", "line": 229, "function": "_continue_mind"}, {"file": "services/thinking_service.py", "line": 190, "function": "handle_perception"}, {"file": "services/thinking_service.py", "line": 232, "function": "_run_provider"}, {"file": "services/wake_perception_thinking_action_service.py", "line": 225, "function": "initial_guard"}, {"file": "services/runtime_cognition.py", "line": 91, "function": "_native_guard"}, {"file": "services/persistent_runtime_service.py", "line": 130, "function": "guard"}], "code": "TEST_NATIVE_EXCEPTION"}], "systemChain": [{"type": "ENGINE_EXCEPTION", "operation": "other", "frames": [{"file": "testing/p18_runtime_fixture.py", "line": 140, "function": "diagnosed_continue"}, {"file": "services/runtime_cognition.py", "line": 242, "function": "_continue"}, {"file": "services/wake_perception_thinking_action_service.py", "line": 90, "function": "wake_manual"}, {"file": "services/wake_perception_thinking_action_service.py", "line": 128, "function": "_continue"}, {"file": "services/wake_perception_thinking_action_service.py", "line": 229, "function": "_continue_mind"}, {"file": "services/thinking_service.py", "line": 190, "function": "handle_perception"}, {"file": "services/thinking_service.py", "line": 232, "function": "_run_provider"}, {"file": "services/wake_perception_thinking_action_service.py", "line": 225, "function": "initial_guard"}, {"file": "services/runtime_cognition.py", "line": 91, "function": "_native_guard"}, {"file": "services/persistent_runtime_service.py", "line": 130, "function": "guard"}], "errno": null, "winerror": null}], "stateWriteLockOwnedAfterUnwind": false}
ok
test_control_deferral_inside_budget_port_does_not_create_failed_session (test_p18_runtime_resume.RuntimeResumeTests.test_control_deferral_inside_budget_port_does_not_create_failed_session) ... {"stage": "native-exception-before-cleanup", "task_id": "cognition:4147803ae1cdada3cd7332d27e57eb9906825118214ff6d6eaf1072e31bb41a7", "attempt_id": "p11-attempt-46b3e2969940c0afee2985b62b1540474b90e486ce2ff1a273e86a2e532ce475", "chain": [{"frames": [{"file": "testing/p18_runtime_fixture.py", "line": 140, "function": "diagnosed_continue"}, {"file": "services/runtime_cognition.py", "line": 242, "function": "_continue"}, {"file": "services/wake_perception_thinking_action_service.py", "line": 90, "function": "wake_manual"}, {"file": "services/wake_perception_thinking_action_service.py", "line": 128, "function": "_continue"}, {"file": "services/wake_perception_thinking_action_service.py", "line": 229, "function": "_continue_mind"}, {"file": "services/thinking_service.py", "line": 100, "function": "handle_perception"}, {"file": "services/runtime_cognition.py", "line": 33, "function": "allocate"}, {"file": "services/runtime_cognition.py", "line": 86, "function": "<lambda>"}, {"file": "services/persistent_runtime_service.py", "line": 130, "function": "guard"}], "code": "TEST_NATIVE_EXCEPTION"}], "systemChain": [{"type": "ENGINE_EXCEPTION", "operation": "other", "frames": [{"file": "testing/p18_runtime_fixture.py", "line": 140, "function": "diagnosed_continue"}, {"file": "services/runtime_cognition.py", "line": 242, "function": "_continue"}, {"file": "services/wake_perception_thinking_action_service.py", "line": 90, "function": "wake_manual"}, {"file": "services/wake_perception_thinking_action_service.py", "line": 128, "function": "_continue"}, {"file": "services/wake_perception_thinking_action_service.py", "line": 229, "function": "_continue_mind"}, {"file": "services/thinking_service.py", "line": 100, "function": "handle_perception"}, {"file": "services/runtime_cognition.py", "line": 33, "function": "allocate"}, {"file": "services/runtime_cognition.py", "line": 86, "function": "<lambda>"}, {"file": "services/persistent_runtime_service.py", "line": 130, "function": "guard"}], "errno": null, "winerror": null}], "stateWriteLockOwnedAfterUnwind": false}
ok
test_crash_after_durable_entry_stays_unknown_even_if_call_not_observed (test_p18_runtime_resume.RuntimeResumeTests.test_crash_after_durable_entry_stays_unknown_even_if_call_not_observed) ... {"stage": "native-exception-before-cleanup", "task_id": "cognition:2d0a3b0f083c110befed7f9175b91265caa464efc25200407e6d259bccc98187", "attempt_id": "p11-attempt-086b9d00f76e88228a592c5d871bdaf2028cdc13e124c8a71c66115be477fca6", "chain": [{"frames": [{"file": "testing/p18_runtime_fixture.py", "line": 140, "function": "diagnosed_continue"}, {"file": "services/runtime_cognition.py", "line": 242, "function": "_continue"}, {"file": "services/wake_perception_thinking_action_service.py", "line": 90, "function": "wake_manual"}, {"file": "services/wake_perception_thinking_action_service.py", "line": 128, "function": "_continue"}, {"file": "services/wake_perception_thinking_action_service.py", "line": 229, "function": "_continue_mind"}, {"file": "services/thinking_service.py", "line": 190, "function": "handle_perception"}, {"file": "services/thinking_service.py", "line": 236, "function": "_run_provider"}], "code": "TEST_NATIVE_EXCEPTION"}], "systemChain": [{"type": "ENGINE_EXCEPTION", "operation": "other", "frames": [{"file": "testing/p18_runtime_fixture.py", "line": 140, "function": "diagnosed_continue"}, {"file": "services/runtime_cognition.py", "line": 242, "function": "_continue"}, {"file": "services/wake_perception_thinking_action_service.py", "line": 90, "function": "wake_manual"}, {"file": "services/wake_perception_thinking_action_service.py", "line": 128, "function": "_continue"}, {"file": "services/wake_perception_thinking_action_service.py", "line": 229, "function": "_continue_mind"}, {"file": "services/thinking_service.py", "line": 190, "function": "handle_perception"}, {"file": "services/thinking_service.py", "line": 236, "function": "_run_provider"}], "errno": null, "winerror": null}], "stateWriteLockOwnedAfterUnwind": false}
ok
test_crash_with_only_prepared_evidence_resumes_without_replacing_input (test_p18_runtime_resume.RuntimeResumeTests.test_crash_with_only_prepared_evidence_resumes_without_replacing_input) ... {"stage": "native-exception-before-cleanup", "task_id": "cognition:75e2cd10ff8ef14d45dc7b34f4c91e980261bad0902fd80540bbea329cb068e4", "attempt_id": "p11-attempt-2a0286aa9f682dae3a83fb39fa5290e16f3dfa17b2524317187ee94b500c4f51", "chain": [{"frames": [{"file": "testing/p18_runtime_fixture.py", "line": 140, "function": "diagnosed_continue"}, {"file": "services/runtime_cognition.py", "line": 242, "function": "_continue"}, {"file": "services/wake_perception_thinking_action_service.py", "line": 90, "function": "wake_manual"}, {"file": "services/wake_perception_thinking_action_service.py", "line": 128, "function": "_continue"}, {"file": "services/wake_perception_thinking_action_service.py", "line": 229, "function": "_continue_mind"}, {"file": "services/thinking_service.py", "line": 190, "function": "handle_perception"}, {"file": "services/thinking_service.py", "line": 232, "function": "_run_provider"}, {"file": "services/wake_perception_thinking_action_service.py", "line": 225, "function": "initial_guard"}, {"file": "services/runtime_cognition.py", "line": 91, "function": "_native_guard"}, {"file": "services/persistent_runtime_service.py", "line": 126, "function": "guard"}], "code": "TEST_NATIVE_EXCEPTION"}], "systemChain": [{"type": "ENGINE_EXCEPTION", "operation": "other", "frames": [{"file": "testing/p18_runtime_fixture.py", "line": 140, "function": "diagnosed_continue"}, {"file": "services/runtime_cognition.py", "line": 242, "function": "_continue"}, {"file": "services/wake_perception_thinking_action_service.py", "line": 90, "function": "wake_manual"}, {"file": "services/wake_perception_thinking_action_service.py", "line": 128, "function": "_continue"}, {"file": "services/wake_perception_thinking_action_service.py", "line": 229, "function": "_continue_mind"}, {"file": "services/thinking_service.py", "line": 190, "function": "handle_perception"}, {"file": "services/thinking_service.py", "line": 232, "function": "_run_provider"}, {"file": "services/wake_perception_thinking_action_service.py", "line": 225, "function": "initial_guard"}, {"file": "services/runtime_cognition.py", "line": 91, "function": "_native_guard"}, {"file": "services/persistent_runtime_service.py", "line": 126, "function": "guard"}], "errno": null, "winerror": null}], "stateWriteLockOwnedAfterUnwind": false}
ok
test_current_budget_reduction_defers_then_restores_same_reservation (test_p18_runtime_resume.RuntimeResumeTests.test_current_budget_reduction_defers_then_restores_same_reservation) ... {"stage": "native-exception-before-cleanup", "task_id": "cognition:98c19dd09a0c4553f639d3d70c4394f51f997e2de19740f9e3380de048185bae", "attempt_id": "p11-attempt-744b7084b8b17ccff6bef82d618feffa2a3c06e914a682a55a532dbdf9661d0d", "chain": [{"frames": [{"file": "testing/p18_runtime_fixture.py", "line": 140, "function": "diagnosed_continue"}, {"file": "services/runtime_cognition.py", "line": 242, "function": "_continue"}, {"file": "services/wake_perception_thinking_action_service.py", "line": 90, "function": "wake_manual"}, {"file": "services/wake_perception_thinking_action_service.py", "line": 128, "function": "_continue"}, {"file": "services/wake_perception_thinking_action_service.py", "line": 229, "function": "_continue_mind"}, {"file": "services/thinking_service.py", "line": 190, "function": "handle_perception"}, {"file": "services/thinking_service.py", "line": 232, "function": "_run_provider"}, {"file": "services/wake_perception_thinking_action_service.py", "line": 225, "function": "initial_guard"}, {"file": "services/runtime_cognition.py", "line": 91, "function": "_native_guard"}, {"file": "services/persistent_runtime_service.py", "line": 130, "function": "guard"}], "code": "TEST_NATIVE_EXCEPTION"}], "systemChain": [{"type": "ENGINE_EXCEPTION", "operation": "other", "frames": [{"file": "testing/p18_runtime_fixture.py", "line": 140, "function": "diagnosed_continue"}, {"file": "services/runtime_cognition.py", "line": 242, "function": "_continue"}, {"file": "services/wake_perception_thinking_action_service.py", "line": 90, "function": "wake_manual"}, {"file": "services/wake_perception_thinking_action_service.py", "line": 128, "function": "_continue"}, {"file": "services/wake_perception_thinking_action_service.py", "line": 229, "function": "_continue_mind"}, {"file": "services/thinking_service.py", "line": 190, "function": "handle_perception"}, {"file": "services/thinking_service.py", "line": 232, "function": "_run_provider"}, {"file": "services/wake_perception_thinking_action_service.py", "line": 225, "function": "initial_guard"}, {"file": "services/runtime_cognition.py", "line": 91, "function": "_native_guard"}, {"file": "services/persistent_runtime_service.py", "line": 130, "function": "guard"}], "errno": null, "winerror": null}], "stateWriteLockOwnedAfterUnwind": false}
{"stage": "native-exception-before-cleanup", "task_id": "cognition:98c19dd09a0c4553f639d3d70c4394f51f997e2de19740f9e3380de048185bae", "attempt_id": "p11-attempt-744b7084b8b17ccff6bef82d618feffa2a3c06e914a682a55a532dbdf9661d0d", "chain": [{"frames": [{"file": "testing/p18_runtime_fixture.py", "line": 140, "function": "diagnosed_continue"}, {"file": "services/runtime_cognition.py", "line": 242, "function": "_continue"}, {"file": "services/wake_perception_thinking_action_service.py", "line": 90, "function": "wake_manual"}, {"file": "services/wake_perception_thinking_action_service.py", "line": 128, "function": "_continue"}, {"file": "services/wake_perception_thinking_action_service.py", "line": 246, "function": "_continue_mind"}, {"file": "services/thinking_service.py", "line": 204, "function": "resume_prepared_provider"}, {"file": "services/runtime_cognition.py", "line": 43, "function": "allocate"}], "code": "TEST_NATIVE_EXCEPTION"}], "systemChain": [{"type": "ENGINE_EXCEPTION", "operation": "other", "frames": [{"file": "testing/p18_runtime_fixture.py", "line": 140, "function": "diagnosed_continue"}, {"file": "services/runtime_cognition.py", "line": 242, "function": "_continue"}, {"file": "services/wake_perception_thinking_action_service.py", "line": 90, "function": "wake_manual"}, {"file": "services/wake_perception_thinking_action_service.py", "line": 128, "function": "_continue"}, {"file": "services/wake_perception_thinking_action_service.py", "line": 246, "function": "_continue_mind"}, {"file": "services/thinking_service.py", "line": 204, "function": "resume_prepared_provider"}, {"file": "services/runtime_cognition.py", "line": 43, "function": "allocate"}], "errno": null, "winerror": null}], "stateWriteLockOwnedAfterUnwind": false}
{"stage": "native-exception-before-cleanup", "task_id": "cognition:98c19dd09a0c4553f639d3d70c4394f51f997e2de19740f9e3380de048185bae", "attempt_id": "p11-attempt-744b7084b8b17ccff6bef82d618feffa2a3c06e914a682a55a532dbdf9661d0d", "chain": [{"frames": [{"file": "testing/p18_runtime_fixture.py", "line": 140, "function": "diagnosed_continue"}, {"file": "services/runtime_cognition.py", "line": 242, "function": "_continue"}, {"file": "services/wake_perception_thinking_action_service.py", "line": 90, "function": "wake_manual"}, {"file": "services/wake_perception_thinking_action_service.py", "line": 128, "function": "_continue"}, {"file": "services/wake_perception_thinking_action_service.py", "line": 246, "function": "_continue_mind"}, {"file": "services/thinking_service.py", "line": 204, "function": "resume_prepared_provider"}, {"file": "services/runtime_cognition.py", "line": 43, "function": "allocate"}], "code": "TEST_NATIVE_EXCEPTION"}], "systemChain": [{"type": "ENGINE_EXCEPTION", "operation": "other", "frames": [{"file": "testing/p18_runtime_fixture.py", "line": 140, "function": "diagnosed_continue"}, {"file": "services/runtime_cognition.py", "line": 242, "function": "_continue"}, {"file": "services/wake_perception_thinking_action_service.py", "line": 90, "function": "wake_manual"}, {"file": "services/wake_perception_thinking_action_service.py", "line": 128, "function": "_continue"}, {"file": "services/wake_perception_thinking_action_service.py", "line": 246, "function": "_continue_mind"}, {"file": "services/thinking_service.py", "line": 204, "function": "resume_prepared_provider"}, {"file": "services/runtime_cognition.py", "line": 43, "function": "allocate"}], "errno": null, "winerror": null}], "stateWriteLockOwnedAfterUnwind": false}
{"stage": "native-exception-before-cleanup", "task_id": "cognition:98c19dd09a0c4553f639d3d70c4394f51f997e2de19740f9e3380de048185bae", "attempt_id": "p11-attempt-744b7084b8b17ccff6bef82d618feffa2a3c06e914a682a55a532dbdf9661d0d", "chain": [{"frames": [{"file": "testing/p18_runtime_fixture.py", "line": 140, "function": "diagnosed_continue"}, {"file": "services/runtime_cognition.py", "line": 242, "function": "_continue"}, {"file": "services/wake_perception_thinking_action_service.py", "line": 90, "function": "wake_manual"}, {"file": "services/wake_perception_thinking_action_service.py", "line": 128, "function": "_continue"}, {"file": "services/wake_perception_thinking_action_service.py", "line": 246, "function": "_continue_mind"}, {"file": "services/thinking_service.py", "line": 204, "function": "resume_prepared_provider"}, {"file": "services/runtime_cognition.py", "line": 43, "function": "allocate"}], "code": "TEST_NATIVE_EXCEPTION"}], "systemChain": [{"type": "ENGINE_EXCEPTION", "operation": "other", "frames": [{"file": "testing/p18_runtime_fixture.py", "line": 140, "function": "diagnosed_continue"}, {"file": "services/runtime_cognition.py", "line": 242, "function": "_continue"}, {"file": "services/wake_perception_thinking_action_service.py", "line": 90, "function": "wake_manual"}, {"file": "services/wake_perception_thinking_action_service.py", "line": 128, "function": "_continue"}, {"file": "services/wake_perception_thinking_action_service.py", "line": 246, "function": "_continue_mind"}, {"file": "services/thinking_service.py", "line": 204, "function": "resume_prepared_provider"}, {"file": "services/runtime_cognition.py", "line": 43, "function": "allocate"}], "errno": null, "winerror": null}], "stateWriteLockOwnedAfterUnwind": false}
{"stage": "native-exception-before-cleanup", "task_id": "cognition:98c19dd09a0c4553f639d3d70c4394f51f997e2de19740f9e3380de048185bae", "attempt_id": "p11-attempt-744b7084b8b17ccff6bef82d618feffa2a3c06e914a682a55a532dbdf9661d0d", "chain": [{"frames": [{"file": "testing/p18_runtime_fixture.py", "line": 140, "function": "diagnosed_continue"}, {"file": "services/runtime_cognition.py", "line": 242, "function": "_continue"}, {"file": "services/wake_perception_thinking_action_service.py", "line": 90, "function": "wake_manual"}, {"file": "services/wake_perception_thinking_action_service.py", "line": 128, "function": "_continue"}, {"file": "services/wake_perception_thinking_action_service.py", "line": 246, "function": "_continue_mind"}, {"file": "services/thinking_service.py", "line": 204, "function": "resume_prepared_provider"}, {"file": "services/runtime_cognition.py", "line": 43, "function": "allocate"}], "code": "TEST_NATIVE_EXCEPTION"}], "systemChain": [{"type": "ENGINE_EXCEPTION", "operation": "other", "frames": [{"file": "testing/p18_runtime_fixture.py", "line": 140, "function": "diagnosed_continue"}, {"file": "services/runtime_cognition.py", "line": 242, "function": "_continue"}, {"file": "services/wake_perception_thinking_action_service.py", "line": 90, "function": "wake_manual"}, {"file": "services/wake_perception_thinking_action_service.py", "line": 128, "function": "_continue"}, {"file": "services/wake_perception_thinking_action_service.py", "line": 246, "function": "_continue_mind"}, {"file": "services/thinking_service.py", "line": 204, "function": "resume_prepared_provider"}, {"file": "services/runtime_cognition.py", "line": 43, "function": "allocate"}], "errno": null, "winerror": null}], "stateWriteLockOwnedAfterUnwind": false}
{"stage": "native-exception-before-cleanup", "task_id": "cognition:98c19dd09a0c4553f639d3d70c4394f51f997e2de19740f9e3380de048185bae", "attempt_id": "p11-attempt-744b7084b8b17ccff6bef82d618feffa2a3c06e914a682a55a532dbdf9661d0d", "chain": [{"frames": [{"file": "testing/p18_runtime_fixture.py", "line": 140, "function": "diagnosed_continue"}, {"file": "services/runtime_cognition.py", "line": 242, "function": "_continue"}, {"file": "services/wake_perception_thinking_action_service.py", "line": 90, "function": "wake_manual"}, {"file": "services/wake_perception_thinking_action_service.py", "line": 128, "function": "_continue"}, {"file": "services/wake_perception_thinking_action_service.py", "line": 246, "function": "_continue_mind"}, {"file": "services/thinking_service.py", "line": 204, "function": "resume_prepared_provider"}, {"file": "services/runtime_cognition.py", "line": 43, "function": "allocate"}], "code": "TEST_NATIVE_EXCEPTION"}], "systemChain": [{"type": "ENGINE_EXCEPTION", "operation": "other", "frames": [{"file": "testing/p18_runtime_fixture.py", "line": 140, "function": "diagnosed_continue"}, {"file": "services/runtime_cognition.py", "line": 242, "function": "_continue"}, {"file": "services/wake_perception_thinking_action_service.py", "line": 90, "function": "wake_manual"}, {"file": "services/wake_perception_thinking_action_service.py", "line": 128, "function": "_continue"}, {"file": "services/wake_perception_thinking_action_service.py", "line": 246, "function": "_continue_mind"}, {"file": "services/thinking_service.py", "line": 204, "function": "resume_prepared_provider"}, {"file": "services/runtime_cognition.py", "line": 43, "function": "allocate"}], "errno": null, "winerror": null}], "stateWriteLockOwnedAfterUnwind": false}
ok
test_current_context_revoked_does_not_call_or_apply_state (test_p18_runtime_resume.RuntimeResumeTests.test_current_context_revoked_does_not_call_or_apply_state) ... {"stage": "native-exception-before-cleanup", "task_id": "cognition:c8026e18d77b9ec913935a4327502113855a468b6efe7d7883419ba87ca2e637", "attempt_id": "p11-attempt-687b79ed8d507361a98238a8c7a31c8517e6767aa91a040a2393e01673f39707", "chain": [{"frames": [{"file": "testing/p18_runtime_fixture.py", "line": 140, "function": "diagnosed_continue"}, {"file": "services/runtime_cognition.py", "line": 242, "function": "_continue"}, {"file": "services/wake_perception_thinking_action_service.py", "line": 90, "function": "wake_manual"}, {"file": "services/wake_perception_thinking_action_service.py", "line": 128, "function": "_continue"}, {"file": "services/wake_perception_thinking_action_service.py", "line": 229, "function": "_continue_mind"}, {"file": "services/thinking_service.py", "line": 190, "function": "handle_perception"}, {"file": "services/thinking_service.py", "line": 232, "function": "_run_provider"}, {"file": "services/wake_perception_thinking_action_service.py", "line": 225, "function": "initial_guard"}, {"file": "services/runtime_cognition.py", "line": 91, "function": "_native_guard"}, {"file": "services/persistent_runtime_service.py", "line": 130, "function": "guard"}], "code": "TEST_NATIVE_EXCEPTION"}], "systemChain": [{"type": "ENGINE_EXCEPTION", "operation": "other", "frames": [{"file": "testing/p18_runtime_fixture.py", "line": 140, "function": "diagnosed_continue"}, {"file": "services/runtime_cognition.py", "line": 242, "function": "_continue"}, {"file": "services/wake_perception_thinking_action_service.py", "line": 90, "function": "wake_manual"}, {"file": "services/wake_perception_thinking_action_service.py", "line": 128, "function": "_continue"}, {"file": "services/wake_perception_thinking_action_service.py", "line": 229, "function": "_continue_mind"}, {"file": "services/thinking_service.py", "line": 190, "function": "handle_perception"}, {"file": "services/thinking_service.py", "line": 232, "function": "_run_provider"}, {"file": "services/wake_perception_thinking_action_service.py", "line": 225, "function": "initial_guard"}, {"file": "services/runtime_cognition.py", "line": 91, "function": "_native_guard"}, {"file": "services/persistent_runtime_service.py", "line": 130, "function": "guard"}], "errno": null, "winerror": null}], "stateWriteLockOwnedAfterUnwind": false}
{"stage": "native-exception-before-cleanup", "task_id": "cognition:cd56d81c7ab47cc7bc904b8c44e1af51e2d4e7ce1aa00b625f397efec23b9ab6", "attempt_id": "p11-attempt-2583d6582433dd8bd7cf62f5332e6e09a2a024ff15449d4ce6805e35e65cdd22", "chain": [{"frames": [{"file": "testing/p18_runtime_fixture.py", "line": 140, "function": "diagnosed_continue"}, {"file": "services/runtime_cognition.py", "line": 242, "function": "_continue"}, {"file": "services/wake_perception_thinking_action_service.py", "line": 90, "function": "wake_manual"}, {"file": "services/wake_perception_thinking_action_service.py", "line": 128, "function": "_continue"}, {"file": "services/wake_perception_thinking_action_service.py", "line": 221, "function": "_continue_mind"}, {"file": "services/continuity_core_service.py", "line": 350, "function": "prepare"}, {"file": "services/continuity_core_service.py", "line": 418, "function": "_prepare"}, {"file": "services/dynamic_mind_service.py", "line": 317, "function": "capture"}], "code": "TEST_NATIVE_EXCEPTION"}], "systemChain": [{"type": "ENGINE_EXCEPTION", "operation": "other", "frames": [{"file": "testing/p18_runtime_fixture.py", "line": 140, "function": "diagnosed_continue"}, {"file": "services/runtime_cognition.py", "line": 242, "function": "_continue"}, {"file": "services/wake_perception_thinking_action_service.py", "line": 90, "function": "wake_manual"}, {"file": "services/wake_perception_thinking_action_service.py", "line": 128, "function": "_continue"}, {"file": "services/wake_perception_thinking_action_service.py", "line": 221, "function": "_continue_mind"}, {"file": "services/continuity_core_service.py", "line": 350, "function": "prepare"}, {"file": "services/continuity_core_service.py", "line": 418, "function": "_prepare"}, {"file": "services/dynamic_mind_service.py", "line": 317, "function": "capture"}], "errno": null, "winerror": null}], "stateWriteLockOwnedAfterUnwind": false}
{"stage": "native-exception-before-cleanup", "task_id": "cognition:cd56d81c7ab47cc7bc904b8c44e1af51e2d4e7ce1aa00b625f397efec23b9ab6", "attempt_id": "p11-attempt-553c920bcd4b9279b1753274ed92ec50940ff9f8f3ff6278cddf1e26784e9659", "chain": [{"frames": [{"file": "testing/p18_runtime_fixture.py", "line": 140, "function": "diagnosed_continue"}, {"file": "services/runtime_cognition.py", "line": 242, "function": "_continue"}, {"file": "services/wake_perception_thinking_action_service.py", "line": 90, "function": "wake_manual"}, {"file": "services/wake_perception_thinking_action_service.py", "line": 128, "function": "_continue"}, {"file": "services/wake_perception_thinking_action_service.py", "line": 221, "function": "_continue_mind"}, {"file": "services/continuity_core_service.py", "line": 350, "function": "prepare"}, {"file": "services/continuity_core_service.py", "line": 418, "function": "_prepare"}, {"file": "services/dynamic_mind_service.py", "line": 317, "function": "capture"}], "code": "TEST_NATIVE_EXCEPTION"}], "systemChain": [{"type": "ENGINE_EXCEPTION", "operation": "other", "frames": [{"file": "testing/p18_runtime_fixture.py", "line": 140, "function": "diagnosed_continue"}, {"file": "services/runtime_cognition.py", "line": 242, "function": "_continue"}, {"file": "services/wake_perception_thinking_action_service.py", "line": 90, "function": "wake_manual"}, {"file": "services/wake_perception_thinking_action_service.py", "line": 128, "function": "_continue"}, {"file": "services/wake_perception_thinking_action_service.py", "line": 221, "function": "_continue_mind"}, {"file": "services/continuity_core_service.py", "line": 350, "function": "prepare"}, {"file": "services/continuity_core_service.py", "line": 418, "function": "_prepare"}, {"file": "services/dynamic_mind_service.py", "line": 317, "function": "capture"}], "errno": null, "winerror": null}], "stateWriteLockOwnedAfterUnwind": false}
ok
test_entered_provider_failure_is_not_repeated (test_p18_runtime_resume.RuntimeResumeTests.test_entered_provider_failure_is_not_repeated) ... {"stage": "native-exception-before-cleanup", "task_id": "cognition:b68a19ae8cb98707a0f6ecbd0ece706273f1f7e8637b7a961710fd3ac4e85a39", "attempt_id": "p11-attempt-a5a7ec5a3438856dd365c9f1dc3782da232726171afc3d7e866e60b4df49c9fa", "chain": [{"frames": [{"file": "testing/p18_runtime_fixture.py", "line": 140, "function": "diagnosed_continue"}, {"file": "services/runtime_cognition.py", "line": 242, "function": "_continue"}, {"file": "services/wake_perception_thinking_action_service.py", "line": 90, "function": "wake_manual"}, {"file": "services/wake_perception_thinking_action_service.py", "line": 128, "function": "_continue"}, {"file": "services/wake_perception_thinking_action_service.py", "line": 229, "function": "_continue_mind"}, {"file": "services/thinking_service.py", "line": 190, "function": "handle_perception"}, {"file": "services/thinking_service.py", "line": 295, "function": "_run_provider"}], "code": "TEST_NATIVE_EXCEPTION"}, {"frames": [{"file": "services/thinking_service.py", "line": 237, "function": "_run_provider"}, {"file": "services/runtime_cognition.py", "line": 53, "function": "think"}], "code": "TEST_NATIVE_EXCEPTION"}], "systemChain": [{"type": "ENGINE_EXCEPTION", "operation": "other", "frames": [{"file": "testing/p18_runtime_fixture.py", "line": 140, "function": "diagnosed_continue"}, {"file": "services/runtime_cognition.py", "line": 242, "function": "_continue"}, {"file": "services/wake_perception_thinking_action_service.py", "line": 90, "function": "wake_manual"}, {"file": "services/wake_perception_thinking_action_service.py", "line": 128, "function": "_continue"}, {"file": "services/wake_perception_thinking_action_service.py", "line": 229, "function": "_continue_mind"}, {"file": "services/thinking_service.py", "line": 190, "function": "handle_perception"}, {"file": "services/thinking_service.py", "line": 295, "function": "_run_provider"}], "errno": null, "winerror": null}, {"type": "ENGINE_EXCEPTION", "operation": "other", "frames": [{"file": "services/thinking_service.py", "line": 237, "function": "_run_provider"}, {"file": "services/runtime_cognition.py", "line": 53, "function": "think"}], "errno": null, "winerror": null}], "stateWriteLockOwnedAfterUnwind": false}
ok
test_f1_bounded_pause_after_first_evolution_and_clock_before_resume_call (test_p18_runtime_resume.RuntimeResumeTests.test_f1_bounded_pause_after_first_evolution_and_clock_before_resume_call) ... ok
test_first_call_pause_resumes_same_session_without_extra_reservation (test_p18_runtime_resume.RuntimeResumeTests.test_first_call_pause_resumes_same_session_without_extra_reservation) ... {"stage": "native-exception-before-cleanup", "task_id": "cognition:ada08429090c208d19e3487ec712b9e2aa975d214f4ac6f8648542132d710659", "attempt_id": "p11-attempt-3cf95da53616a282d73278785119f4ebd68e8edd3168f3ba6866349fd366b05e", "chain": [{"frames": [{"file": "testing/p18_runtime_fixture.py", "line": 140, "function": "diagnosed_continue"}, {"file": "services/runtime_cognition.py", "line": 242, "function": "_continue"}, {"file": "services/wake_perception_thinking_action_service.py", "line": 90, "function": "wake_manual"}, {"file": "services/wake_perception_thinking_action_service.py", "line": 128, "function": "_continue"}, {"file": "services/wake_perception_thinking_action_service.py", "line": 229, "function": "_continue_mind"}, {"file": "services/thinking_service.py", "line": 190, "function": "handle_perception"}, {"file": "services/thinking_service.py", "line": 232, "function": "_run_provider"}, {"file": "services/wake_perception_thinking_action_service.py", "line": 225, "function": "initial_guard"}, {"file": "services/runtime_cognition.py", "line": 91, "function": "_native_guard"}, {"file": "services/persistent_runtime_service.py", "line": 130, "function": "guard"}], "code": "TEST_NATIVE_EXCEPTION"}], "systemChain": [{"type": "ENGINE_EXCEPTION", "operation": "other", "frames": [{"file": "testing/p18_runtime_fixture.py", "line": 140, "function": "diagnosed_continue"}, {"file": "services/runtime_cognition.py", "line": 242, "function": "_continue"}, {"file": "services/wake_perception_thinking_action_service.py", "line": 90, "function": "wake_manual"}, {"file": "services/wake_perception_thinking_action_service.py", "line": 128, "function": "_continue"}, {"file": "services/wake_perception_thinking_action_service.py", "line": 229, "function": "_continue_mind"}, {"file": "services/thinking_service.py", "line": 190, "function": "handle_perception"}, {"file": "services/thinking_service.py", "line": 232, "function": "_run_provider"}, {"file": "services/wake_perception_thinking_action_service.py", "line": 225, "function": "initial_guard"}, {"file": "services/runtime_cognition.py", "line": 91, "function": "_native_guard"}, {"file": "services/persistent_runtime_service.py", "line": 130, "function": "guard"}], "errno": null, "winerror": null}], "stateWriteLockOwnedAfterUnwind": false}
ok
test_legacy_failed_error_string_is_not_nonexecution_proof (test_p18_runtime_resume.RuntimeResumeTests.test_legacy_failed_error_string_is_not_nonexecution_proof) ... {"stage": "native-exception-before-cleanup", "task_id": "cognition:80696cb2bc45efce441c172dcde7a08ef53d89017a0302b059ce0700eca9e703", "attempt_id": "p11-attempt-cb8885bb85b470acde6842cc47680d2c2ee9a78700d7ae416a06bcb73cbf2b29", "chain": [{"frames": [{"file": "testing/p18_runtime_fixture.py", "line": 140, "function": "diagnosed_continue"}, {"file": "services/runtime_cognition.py", "line": 242, "function": "_continue"}, {"file": "services/wake_perception_thinking_action_service.py", "line": 90, "function": "wake_manual"}, {"file": "services/wake_perception_thinking_action_service.py", "line": 128, "function": "_continue"}, {"file": "services/wake_perception_thinking_action_service.py", "line": 229, "function": "_continue_mind"}, {"file": "services/thinking_service.py", "line": 190, "function": "handle_perception"}, {"file": "services/thinking_service.py", "line": 295, "function": "_run_provider"}], "code": "TEST_NATIVE_EXCEPTION"}, {"frames": [{"file": "services/thinking_service.py", "line": 237, "function": "_run_provider"}, {"file": "services/runtime_cognition.py", "line": 53, "function": "think"}], "code": "TEST_NATIVE_EXCEPTION"}], "systemChain": [{"type": "ENGINE_EXCEPTION", "operation": "other", "frames": [{"file": "testing/p18_runtime_fixture.py", "line": 140, "function": "diagnosed_continue"}, {"file": "services/runtime_cognition.py", "line": 242, "function": "_continue"}, {"file": "services/wake_perception_thinking_action_service.py", "line": 90, "function": "wake_manual"}, {"file": "services/wake_perception_thinking_action_service.py", "line": 128, "function": "_continue"}, {"file": "services/wake_perception_thinking_action_service.py", "line": 229, "function": "_continue_mind"}, {"file": "services/thinking_service.py", "line": 190, "function": "handle_perception"}, {"file": "services/thinking_service.py", "line": 295, "function": "_run_provider"}], "errno": null, "winerror": null}, {"type": "ENGINE_EXCEPTION", "operation": "other", "frames": [{"file": "services/thinking_service.py", "line": 237, "function": "_run_provider"}, {"file": "services/runtime_cognition.py", "line": 53, "function": "think"}], "errno": null, "winerror": null}], "stateWriteLockOwnedAfterUnwind": false}
ok
test_long_pause_reassesses_expired_input_with_explicit_predecessor (test_p18_runtime_resume.RuntimeResumeTests.test_long_pause_reassesses_expired_input_with_explicit_predecessor) ... {"stage": "native-exception-before-cleanup", "task_id": "cognition:7c0fb71080d695e9a0b4416b771cc9c98da92d87b0b23ed360c31cdf59b90c0d", "attempt_id": "p11-attempt-02ac2c959a5dfa6e5b70d1e76aa696f43443d53ce40065723efa752835a1382f", "chain": [{"frames": [{"file": "testing/p18_runtime_fixture.py", "line": 140, "function": "diagnosed_continue"}, {"file": "services/runtime_cognition.py", "line": 242, "function": "_continue"}, {"file": "services/wake_perception_thinking_action_service.py", "line": 90, "function": "wake_manual"}, {"file": "services/wake_perception_thinking_action_service.py", "line": 128, "function": "_continue"}, {"file": "services/wake_perception_thinking_action_service.py", "line": 229, "function": "_continue_mind"}, {"file": "services/thinking_service.py", "line": 190, "function": "handle_perception"}, {"file": "services/thinking_service.py", "line": 232, "function": "_run_provider"}, {"file": "services/wake_perception_thinking_action_service.py", "line": 225, "function": "initial_guard"}, {"file": "services/runtime_cognition.py", "line": 91, "function": "_native_guard"}, {"file": "services/persistent_runtime_service.py", "line": 130, "function": "guard"}], "code": "TEST_NATIVE_EXCEPTION"}], "systemChain": [{"type": "ENGINE_EXCEPTION", "operation": "other", "frames": [{"file": "testing/p18_runtime_fixture.py", "line": 140, "function": "diagnosed_continue"}, {"file": "services/runtime_cognition.py", "line": 242, "function": "_continue"}, {"file": "services/wake_perception_thinking_action_service.py", "line": 90, "function": "wake_manual"}, {"file": "services/wake_perception_thinking_action_service.py", "line": 128, "function": "_continue"}, {"file": "services/wake_perception_thinking_action_service.py", "line": 229, "function": "_continue_mind"}, {"file": "services/thinking_service.py", "line": 190, "function": "handle_perception"}, {"file": "services/thinking_service.py", "line": 232, "function": "_run_provider"}, {"file": "services/wake_perception_thinking_action_service.py", "line": 225, "function": "initial_guard"}, {"file": "services/runtime_cognition.py", "line": 91, "function": "_native_guard"}, {"file": "services/persistent_runtime_service.py", "line": 130, "function": "guard"}], "errno": null, "winerror": null}], "stateWriteLockOwnedAfterUnwind": false}
ok
test_pre_call_history_is_append_only_and_bound (test_p18_runtime_resume.RuntimeResumeTests.test_pre_call_history_is_append_only_and_bound) ... {"stage": "native-exception-before-cleanup", "task_id": "cognition:5f466b87d92cd1bf8924fe18875304f623513060bf95aa9f0ef933710ddc01cf", "attempt_id": "p11-attempt-b6b39fec5d9c9e85cb8c20b317eed778b8b6ec82b84d4728956f7cf45db1d368", "chain": [{"frames": [{"file": "testing/p18_runtime_fixture.py", "line": 140, "function": "diagnosed_continue"}, {"file": "services/runtime_cognition.py", "line": 242, "function": "_continue"}, {"file": "services/wake_perception_thinking_action_service.py", "line": 90, "function": "wake_manual"}, {"file": "services/wake_perception_thinking_action_service.py", "line": 128, "function": "_continue"}, {"file": "services/wake_perception_thinking_action_service.py", "line": 229, "function": "_continue_mind"}, {"file": "services/thinking_service.py", "line": 190, "function": "handle_perception"}, {"file": "services/thinking_service.py", "line": 232, "function": "_run_provider"}, {"file": "services/wake_perception_thinking_action_service.py", "line": 225, "function": "initial_guard"}, {"file": "services/runtime_cognition.py", "line": 91, "function": "_native_guard"}, {"file": "services/persistent_runtime_service.py", "line": 130, "function": "guard"}], "code": "TEST_NATIVE_EXCEPTION"}], "systemChain": [{"type": "ENGINE_EXCEPTION", "operation": "other", "frames": [{"file": "testing/p18_runtime_fixture.py", "line": 140, "function": "diagnosed_continue"}, {"file": "services/runtime_cognition.py", "line": 242, "function": "_continue"}, {"file": "services/wake_perception_thinking_action_service.py", "line": 90, "function": "wake_manual"}, {"file": "services/wake_perception_thinking_action_service.py", "line": 128, "function": "_continue"}, {"file": "services/wake_perception_thinking_action_service.py", "line": 229, "function": "_continue_mind"}, {"file": "services/thinking_service.py", "line": 190, "function": "handle_perception"}, {"file": "services/thinking_service.py", "line": 232, "function": "_run_provider"}, {"file": "services/wake_perception_thinking_action_service.py", "line": 225, "function": "initial_guard"}, {"file": "services/runtime_cognition.py", "line": 91, "function": "_native_guard"}, {"file": "services/persistent_runtime_service.py", "line": 130, "function": "guard"}], "errno": null, "winerror": null}], "stateWriteLockOwnedAfterUnwind": false}
ok
test_pre_stop_diagnostic_is_read_only_and_has_native_stage (test_p18_runtime_resume.RuntimeResumeTests.test_pre_stop_diagnostic_is_read_only_and_has_native_stage) ... {"stage": "native-exception-before-cleanup", "task_id": "cognition:87a128f93aeec07111daadfcc5b3b7da5c3919c6495cbaf992f222a6c2054a00", "attempt_id": "p11-attempt-ea1fc391d5367857d38c45be7fde573228cec05680f495222a773dcb0ee35d2c", "chain": [{"frames": [{"file": "testing/p18_runtime_fixture.py", "line": 140, "function": "diagnosed_continue"}, {"file": "services/runtime_cognition.py", "line": 242, "function": "_continue"}, {"file": "services/wake_perception_thinking_action_service.py", "line": 90, "function": "wake_manual"}, {"file": "services/wake_perception_thinking_action_service.py", "line": 128, "function": "_continue"}, {"file": "services/wake_perception_thinking_action_service.py", "line": 229, "function": "_continue_mind"}, {"file": "services/thinking_service.py", "line": 190, "function": "handle_perception"}, {"file": "services/thinking_service.py", "line": 232, "function": "_run_provider"}, {"file": "services/wake_perception_thinking_action_service.py", "line": 225, "function": "initial_guard"}, {"file": "services/runtime_cognition.py", "line": 91, "function": "_native_guard"}, {"file": "services/persistent_runtime_service.py", "line": 130, "function": "guard"}], "code": "TEST_NATIVE_EXCEPTION"}], "systemChain": [{"type": "ENGINE_EXCEPTION", "operation": "other", "frames": [{"file": "testing/p18_runtime_fixture.py", "line": 140, "function": "diagnosed_continue"}, {"file": "services/runtime_cognition.py", "line": 242, "function": "_continue"}, {"file": "services/wake_perception_thinking_action_service.py", "line": 90, "function": "wake_manual"}, {"file": "services/wake_perception_thinking_action_service.py", "line": 128, "function": "_continue"}, {"file": "services/wake_perception_thinking_action_service.py", "line": 229, "function": "_continue_mind"}, {"file": "services/thinking_service.py", "line": 190, "function": "handle_perception"}, {"file": "services/thinking_service.py", "line": 232, "function": "_run_provider"}, {"file": "services/wake_perception_thinking_action_service.py", "line": 225, "function": "initial_guard"}, {"file": "services/runtime_cognition.py", "line": 91, "function": "_native_guard"}, {"file": "services/persistent_runtime_service.py", "line": 130, "function": "guard"}], "errno": null, "winerror": null}], "stateWriteLockOwnedAfterUnwind": false}
ok
test_provider_availability_rechecked_before_prepared_resume (test_p18_runtime_resume.RuntimeResumeTests.test_provider_availability_rechecked_before_prepared_resume) ... {"stage": "native-exception-before-cleanup", "task_id": "cognition:2b4707a06b46c4c4d2ca51bc5a777bf8238a6b4e64177d4c92ced53df2321d49", "attempt_id": "p11-attempt-6e433014fb51242e4171c8dc83b67058e50763e82192de7afbba879f5f2d82e5", "chain": [{"frames": [{"file": "testing/p18_runtime_fixture.py", "line": 140, "function": "diagnosed_continue"}, {"file": "services/runtime_cognition.py", "line": 242, "function": "_continue"}, {"file": "services/wake_perception_thinking_action_service.py", "line": 90, "function": "wake_manual"}, {"file": "services/wake_perception_thinking_action_service.py", "line": 128, "function": "_continue"}, {"file": "services/wake_perception_thinking_action_service.py", "line": 229, "function": "_continue_mind"}, {"file": "services/thinking_service.py", "line": 190, "function": "handle_perception"}, {"file": "services/thinking_service.py", "line": 232, "function": "_run_provider"}, {"file": "services/wake_perception_thinking_action_service.py", "line": 225, "function": "initial_guard"}, {"file": "services/runtime_cognition.py", "line": 91, "function": "_native_guard"}, {"file": "services/persistent_runtime_service.py", "line": 130, "function": "guard"}], "code": "TEST_NATIVE_EXCEPTION"}], "systemChain": [{"type": "ENGINE_EXCEPTION", "operation": "other", "frames": [{"file": "testing/p18_runtime_fixture.py", "line": 140, "function": "diagnosed_continue"}, {"file": "services/runtime_cognition.py", "line": 242, "function": "_continue"}, {"file": "services/wake_perception_thinking_action_service.py", "line": 90, "function": "wake_manual"}, {"file": "services/wake_perception_thinking_action_service.py", "line": 128, "function": "_continue"}, {"file": "services/wake_perception_thinking_action_service.py", "line": 229, "function": "_continue_mind"}, {"file": "services/thinking_service.py", "line": 190, "function": "handle_perception"}, {"file": "services/thinking_service.py", "line": 232, "function": "_run_provider"}, {"file": "services/wake_perception_thinking_action_service.py", "line": 225, "function": "initial_guard"}, {"file": "services/runtime_cognition.py", "line": 91, "function": "_native_guard"}, {"file": "services/persistent_runtime_service.py", "line": 130, "function": "guard"}], "errno": null, "winerror": null}], "stateWriteLockOwnedAfterUnwind": false}
ok
test_real_child_resumes_durable_pre_call_phase (test_p18_runtime_resume.RuntimeResumeTests.test_real_child_resumes_durable_pre_call_phase) ... {"stage": "native-exception-before-cleanup", "task_id": "cognition:f802383baf44f570445e956153dbeeb4b86d98f5bee9b2207c7c170b588d32c4", "attempt_id": "p11-attempt-1afc4c8abf3e2f56ef6a5a339c26b923fa08fde01f302dcd58bd7167f8cdd63a", "chain": [{"frames": [{"file": "testing/p18_runtime_fixture.py", "line": 140, "function": "diagnosed_continue"}, {"file": "services/runtime_cognition.py", "line": 242, "function": "_continue"}, {"file": "services/wake_perception_thinking_action_service.py", "line": 90, "function": "wake_manual"}, {"file": "services/wake_perception_thinking_action_service.py", "line": 128, "function": "_continue"}, {"file": "services/wake_perception_thinking_action_service.py", "line": 229, "function": "_continue_mind"}, {"file": "services/thinking_service.py", "line": 190, "function": "handle_perception"}, {"file": "services/thinking_service.py", "line": 232, "function": "_run_provider"}, {"file": "services/wake_perception_thinking_action_service.py", "line": 225, "function": "initial_guard"}, {"file": "services/runtime_cognition.py", "line": 91, "function": "_native_guard"}, {"file": "services/persistent_runtime_service.py", "line": 130, "function": "guard"}], "code": "TEST_NATIVE_EXCEPTION"}], "systemChain": [{"type": "ENGINE_EXCEPTION", "operation": "other", "frames": [{"file": "testing/p18_runtime_fixture.py", "line": 140, "function": "diagnosed_continue"}, {"file": "services/runtime_cognition.py", "line": 242, "function": "_continue"}, {"file": "services/wake_perception_thinking_action_service.py", "line": 90, "function": "wake_manual"}, {"file": "services/wake_perception_thinking_action_service.py", "line": 128, "function": "_continue"}, {"file": "services/wake_perception_thinking_action_service.py", "line": 229, "function": "_continue_mind"}, {"file": "services/thinking_service.py", "line": 190, "function": "handle_perception"}, {"file": "services/thinking_service.py", "line": 232, "function": "_run_provider"}, {"file": "services/wake_perception_thinking_action_service.py", "line": 225, "function": "initial_guard"}, {"file": "services/runtime_cognition.py", "line": 91, "function": "_native_guard"}, {"file": "services/persistent_runtime_service.py", "line": 130, "function": "guard"}], "errno": null, "winerror": null}], "stateWriteLockOwnedAfterUnwind": false}
ok
test_reopened_pre_call_deferral_resumes (test_p18_runtime_resume.RuntimeResumeTests.test_reopened_pre_call_deferral_resumes) ... {"stage": "native-exception-before-cleanup", "task_id": "cognition:1c71f7080f635f8bd344ae68f5da9c21289515a6efe244718ac1377c125f1c69", "attempt_id": "p11-attempt-0c543cc19874ccb557abd45774e4662e8290367cd1f2cbe032c49221330a4a3f", "chain": [{"frames": [{"file": "testing/p18_runtime_fixture.py", "line": 140, "function": "diagnosed_continue"}, {"file": "services/runtime_cognition.py", "line": 242, "function": "_continue"}, {"file": "services/wake_perception_thinking_action_service.py", "line": 90, "function": "wake_manual"}, {"file": "services/wake_perception_thinking_action_service.py", "line": 128, "function": "_continue"}, {"file": "services/wake_perception_thinking_action_service.py", "line": 229, "function": "_continue_mind"}, {"file": "services/thinking_service.py", "line": 190, "function": "handle_perception"}, {"file": "services/thinking_service.py", "line": 232, "function": "_run_provider"}, {"file": "services/wake_perception_thinking_action_service.py", "line": 225, "function": "initial_guard"}, {"file": "services/runtime_cognition.py", "line": 91, "function": "_native_guard"}, {"file": "services/persistent_runtime_service.py", "line": 130, "function": "guard"}], "code": "TEST_NATIVE_EXCEPTION"}], "systemChain": [{"type": "ENGINE_EXCEPTION", "operation": "other", "frames": [{"file": "testing/p18_runtime_fixture.py", "line": 140, "function": "diagnosed_continue"}, {"file": "services/runtime_cognition.py", "line": 242, "function": "_continue"}, {"file": "services/wake_perception_thinking_action_service.py", "line": 90, "function": "wake_manual"}, {"file": "services/wake_perception_thinking_action_service.py", "line": 128, "function": "_continue"}, {"file": "services/wake_perception_thinking_action_service.py", "line": 229, "function": "_continue_mind"}, {"file": "services/thinking_service.py", "line": 190, "function": "handle_perception"}, {"file": "services/thinking_service.py", "line": 232, "function": "_run_provider"}, {"file": "services/wake_perception_thinking_action_service.py", "line": 225, "function": "initial_guard"}, {"file": "services/runtime_cognition.py", "line": 91, "function": "_native_guard"}, {"file": "services/persistent_runtime_service.py", "line": 130, "function": "guard"}], "errno": null, "winerror": null}], "stateWriteLockOwnedAfterUnwind": false}
ok
test_repeated_control_deferral_keeps_one_dispatch_and_history (test_p18_runtime_resume.RuntimeResumeTests.test_repeated_control_deferral_keeps_one_dispatch_and_history) ... {"stage": "native-exception-before-cleanup", "task_id": "cognition:f7842ede85d3c328d6b760b664834f6acc833c4ccf6951b4e966c7d198d49db0", "attempt_id": "p11-attempt-d0a2ff89d1824cffa054793bf8066de6aab67f36365d43fac7c7cf5869b2342a", "chain": [{"frames": [{"file": "testing/p18_runtime_fixture.py", "line": 140, "function": "diagnosed_continue"}, {"file": "services/runtime_cognition.py", "line": 242, "function": "_continue"}, {"file": "services/wake_perception_thinking_action_service.py", "line": 90, "function": "wake_manual"}, {"file": "services/wake_perception_thinking_action_service.py", "line": 128, "function": "_continue"}, {"file": "services/wake_perception_thinking_action_service.py", "line": 229, "function": "_continue_mind"}, {"file": "services/thinking_service.py", "line": 190, "function": "handle_perception"}, {"file": "services/thinking_service.py", "line": 232, "function": "_run_provider"}, {"file": "services/wake_perception_thinking_action_service.py", "line": 225, "function": "initial_guard"}, {"file": "services/runtime_cognition.py", "line": 91, "function": "_native_guard"}, {"file": "services/persistent_runtime_service.py", "line": 130, "function": "guard"}], "code": "TEST_NATIVE_EXCEPTION"}], "systemChain": [{"type": "ENGINE_EXCEPTION", "operation": "other", "frames": [{"file": "testing/p18_runtime_fixture.py", "line": 140, "function": "diagnosed_continue"}, {"file": "services/runtime_cognition.py", "line": 242, "function": "_continue"}, {"file": "services/wake_perception_thinking_action_service.py", "line": 90, "function": "wake_manual"}, {"file": "services/wake_perception_thinking_action_service.py", "line": 128, "function": "_continue"}, {"file": "services/wake_perception_thinking_action_service.py", "line": 229, "function": "_continue_mind"}, {"file": "services/thinking_service.py", "line": 190, "function": "handle_perception"}, {"file": "services/thinking_service.py", "line": 232, "function": "_run_provider"}, {"file": "services/wake_perception_thinking_action_service.py", "line": 225, "function": "initial_guard"}, {"file": "services/runtime_cognition.py", "line": 91, "function": "_native_guard"}, {"file": "services/persistent_runtime_service.py", "line": 130, "function": "guard"}], "errno": null, "winerror": null}], "stateWriteLockOwnedAfterUnwind": false}
{"stage": "native-exception-before-cleanup", "task_id": "cognition:f7842ede85d3c328d6b760b664834f6acc833c4ccf6951b4e966c7d198d49db0", "attempt_id": "p11-attempt-d0a2ff89d1824cffa054793bf8066de6aab67f36365d43fac7c7cf5869b2342a", "chain": [{"frames": [{"file": "testing/p18_runtime_fixture.py", "line": 140, "function": "diagnosed_continue"}, {"file": "services/runtime_cognition.py", "line": 242, "function": "_continue"}, {"file": "services/wake_perception_thinking_action_service.py", "line": 90, "function": "wake_manual"}, {"file": "services/wake_perception_thinking_action_service.py", "line": 128, "function": "_continue"}, {"file": "services/wake_perception_thinking_action_service.py", "line": 246, "function": "_continue_mind"}, {"file": "services/thinking_service.py", "line": 211, "function": "resume_prepared_provider"}, {"file": "services/thinking_service.py", "line": 232, "function": "_run_provider"}, {"file": "services/wake_perception_thinking_action_service.py", "line": 242, "function": "resume_guard"}, {"file": "services/runtime_cognition.py", "line": 91, "function": "_native_guard"}, {"file": "services/persistent_runtime_service.py", "line": 130, "function": "guard"}], "code": "TEST_NATIVE_EXCEPTION"}], "systemChain": [{"type": "ENGINE_EXCEPTION", "operation": "other", "frames": [{"file": "testing/p18_runtime_fixture.py", "line": 140, "function": "diagnosed_continue"}, {"file": "services/runtime_cognition.py", "line": 242, "function": "_continue"}, {"file": "services/wake_perception_thinking_action_service.py", "line": 90, "function": "wake_manual"}, {"file": "services/wake_perception_thinking_action_service.py", "line": 128, "function": "_continue"}, {"file": "services/wake_perception_thinking_action_service.py", "line": 246, "function": "_continue_mind"}, {"file": "services/thinking_service.py", "line": 211, "function": "resume_prepared_provider"}, {"file": "services/thinking_service.py", "line": 232, "function": "_run_provider"}, {"file": "services/wake_perception_thinking_action_service.py", "line": 242, "function": "resume_guard"}, {"file": "services/runtime_cognition.py", "line": 91, "function": "_native_guard"}, {"file": "services/persistent_runtime_service.py", "line": 130, "function": "guard"}], "errno": null, "winerror": null}], "stateWriteLockOwnedAfterUnwind": false}
{"stage": "native-exception-before-cleanup", "task_id": "cognition:f7842ede85d3c328d6b760b664834f6acc833c4ccf6951b4e966c7d198d49db0", "attempt_id": "p11-attempt-d0a2ff89d1824cffa054793bf8066de6aab67f36365d43fac7c7cf5869b2342a", "chain": [{"frames": [{"file": "testing/p18_runtime_fixture.py", "line": 140, "function": "diagnosed_continue"}, {"file": "services/runtime_cognition.py", "line": 242, "function": "_continue"}, {"file": "services/wake_perception_thinking_action_service.py", "line": 90, "function": "wake_manual"}, {"file": "services/wake_perception_thinking_action_service.py", "line": 128, "function": "_continue"}, {"file": "services/wake_perception_thinking_action_service.py", "line": 246, "function": "_continue_mind"}, {"file": "services/thinking_service.py", "line": 211, "function": "resume_prepared_provider"}, {"file": "services/thinking_service.py", "line": 232, "function": "_run_provider"}, {"file": "services/wake_perception_thinking_action_service.py", "line": 242, "function": "resume_guard"}, {"file": "services/runtime_cognition.py", "line": 91, "function": "_native_guard"}, {"file": "services/persistent_runtime_service.py", "line": 130, "function": "guard"}], "code": "TEST_NATIVE_EXCEPTION"}], "systemChain": [{"type": "ENGINE_EXCEPTION", "operation": "other", "frames": [{"file": "testing/p18_runtime_fixture.py", "line": 140, "function": "diagnosed_continue"}, {"file": "services/runtime_cognition.py", "line": 242, "function": "_continue"}, {"file": "services/wake_perception_thinking_action_service.py", "line": 90, "function": "wake_manual"}, {"file": "services/wake_perception_thinking_action_service.py", "line": 128, "function": "_continue"}, {"file": "services/wake_perception_thinking_action_service.py", "line": 246, "function": "_continue_mind"}, {"file": "services/thinking_service.py", "line": 211, "function": "resume_prepared_provider"}, {"file": "services/thinking_service.py", "line": 232, "function": "_run_provider"}, {"file": "services/wake_perception_thinking_action_service.py", "line": 242, "function": "resume_guard"}, {"file": "services/runtime_cognition.py", "line": 91, "function": "_native_guard"}, {"file": "services/persistent_runtime_service.py", "line": 130, "function": "guard"}], "errno": null, "winerror": null}], "stateWriteLockOwnedAfterUnwind": false}
{"stage": "native-exception-before-cleanup", "task_id": "cognition:f7842ede85d3c328d6b760b664834f6acc833c4ccf6951b4e966c7d198d49db0", "attempt_id": "p11-attempt-d0a2ff89d1824cffa054793bf8066de6aab67f36365d43fac7c7cf5869b2342a", "chain": [{"frames": [{"file": "testing/p18_runtime_fixture.py", "line": 140, "function": "diagnosed_continue"}, {"file": "services/runtime_cognition.py", "line": 242, "function": "_continue"}, {"file": "services/wake_perception_thinking_action_service.py", "line": 90, "function": "wake_manual"}, {"file": "services/wake_perception_thinking_action_service.py", "line": 128, "function": "_continue"}, {"file": "services/wake_perception_thinking_action_service.py", "line": 246, "function": "_continue_mind"}, {"file": "services/thinking_service.py", "line": 211, "function": "resume_prepared_provider"}, {"file": "services/thinking_service.py", "line": 232, "function": "_run_provider"}, {"file": "services/wake_perception_thinking_action_service.py", "line": 242, "function": "resume_guard"}, {"file": "services/runtime_cognition.py", "line": 91, "function": "_native_guard"}, {"file": "services/persistent_runtime_service.py", "line": 130, "function": "guard"}], "code": "TEST_NATIVE_EXCEPTION"}], "systemChain": [{"type": "ENGINE_EXCEPTION", "operation": "other", "frames": [{"file": "testing/p18_runtime_fixture.py", "line": 140, "function": "diagnosed_continue"}, {"file": "services/runtime_cognition.py", "line": 242, "function": "_continue"}, {"file": "services/wake_perception_thinking_action_service.py", "line": 90, "function": "wake_manual"}, {"file": "services/wake_perception_thinking_action_service.py", "line": 128, "function": "_continue"}, {"file": "services/wake_perception_thinking_action_service.py", "line": 246, "function": "_continue_mind"}, {"file": "services/thinking_service.py", "line": 211, "function": "resume_prepared_provider"}, {"file": "services/thinking_service.py", "line": 232, "function": "_run_provider"}, {"file": "services/wake_perception_thinking_action_service.py", "line": 242, "function": "resume_guard"}, {"file": "services/runtime_cognition.py", "line": 91, "function": "_native_guard"}, {"file": "services/persistent_runtime_service.py", "line": 130, "function": "guard"}], "errno": null, "winerror": null}], "stateWriteLockOwnedAfterUnwind": false}
{"stage": "native-exception-before-cleanup", "task_id": "cognition:f7842ede85d3c328d6b760b664834f6acc833c4ccf6951b4e966c7d198d49db0", "attempt_id": "p11-attempt-d0a2ff89d1824cffa054793bf8066de6aab67f36365d43fac7c7cf5869b2342a", "chain": [{"frames": [{"file": "testing/p18_runtime_fixture.py", "line": 140, "function": "diagnosed_continue"}, {"file": "services/runtime_cognition.py", "line": 242, "function": "_continue"}, {"file": "services/wake_perception_thinking_action_service.py", "line": 90, "function": "wake_manual"}, {"file": "services/wake_perception_thinking_action_service.py", "line": 128, "function": "_continue"}, {"file": "services/wake_perception_thinking_action_service.py", "line": 246, "function": "_continue_mind"}, {"file": "services/thinking_service.py", "line": 211, "function": "resume_prepared_provider"}, {"file": "services/thinking_service.py", "line": 232, "function": "_run_provider"}, {"file": "services/wake_perception_thinking_action_service.py", "line": 242, "function": "resume_guard"}, {"file": "services/runtime_cognition.py", "line": 91, "function": "_native_guard"}, {"file": "services/persistent_runtime_service.py", "line": 130, "function": "guard"}], "code": "TEST_NATIVE_EXCEPTION"}], "systemChain": [{"type": "ENGINE_EXCEPTION", "operation": "other", "frames": [{"file": "testing/p18_runtime_fixture.py", "line": 140, "function": "diagnosed_continue"}, {"file": "services/runtime_cognition.py", "line": 242, "function": "_continue"}, {"file": "services/wake_perception_thinking_action_service.py", "line": 90, "function": "wake_manual"}, {"file": "services/wake_perception_thinking_action_service.py", "line": 128, "function": "_continue"}, {"file": "services/wake_perception_thinking_action_service.py", "line": 246, "function": "_continue_mind"}, {"file": "services/thinking_service.py", "line": 211, "function": "resume_prepared_provider"}, {"file": "services/thinking_service.py", "line": 232, "function": "_run_provider"}, {"file": "services/wake_perception_thinking_action_service.py", "line": 242, "function": "resume_guard"}, {"file": "services/runtime_cognition.py", "line": 91, "function": "_native_guard"}, {"file": "services/persistent_runtime_service.py", "line": 130, "function": "guard"}], "errno": null, "winerror": null}], "stateWriteLockOwnedAfterUnwind": false}
ok
test_reserved_exact_budget_remains_usable_without_second_charge (test_p18_runtime_resume.RuntimeResumeTests.test_reserved_exact_budget_remains_usable_without_second_charge) ... {"stage": "native-exception-before-cleanup", "task_id": "cognition:4b3ac5e87f6cebb4496076ceb918d6a7bdd4729494390997c44265ba9458d5ba", "attempt_id": "p11-attempt-a0530db814942a14a9623bb973337635d4c6239ef1e3d2663c2a085b99efd206", "chain": [{"frames": [{"file": "testing/p18_runtime_fixture.py", "line": 140, "function": "diagnosed_continue"}, {"file": "services/runtime_cognition.py", "line": 242, "function": "_continue"}, {"file": "services/wake_perception_thinking_action_service.py", "line": 90, "function": "wake_manual"}, {"file": "services/wake_perception_thinking_action_service.py", "line": 128, "function": "_continue"}, {"file": "services/wake_perception_thinking_action_service.py", "line": 229, "function": "_continue_mind"}, {"file": "services/thinking_service.py", "line": 190, "function": "handle_perception"}, {"file": "services/thinking_service.py", "line": 232, "function": "_run_provider"}, {"file": "services/wake_perception_thinking_action_service.py", "line": 225, "function": "initial_guard"}, {"file": "services/runtime_cognition.py", "line": 91, "function": "_native_guard"}, {"file": "services/persistent_runtime_service.py", "line": 130, "function": "guard"}], "code": "TEST_NATIVE_EXCEPTION"}], "systemChain": [{"type": "ENGINE_EXCEPTION", "operation": "other", "frames": [{"file": "testing/p18_runtime_fixture.py", "line": 140, "function": "diagnosed_continue"}, {"file": "services/runtime_cognition.py", "line": 242, "function": "_continue"}, {"file": "services/wake_perception_thinking_action_service.py", "line": 90, "function": "wake_manual"}, {"file": "services/wake_perception_thinking_action_service.py", "line": 128, "function": "_continue"}, {"file": "services/wake_perception_thinking_action_service.py", "line": 229, "function": "_continue_mind"}, {"file": "services/thinking_service.py", "line": 190, "function": "handle_perception"}, {"file": "services/thinking_service.py", "line": 232, "function": "_run_provider"}, {"file": "services/wake_perception_thinking_action_service.py", "line": 225, "function": "initial_guard"}, {"file": "services/runtime_cognition.py", "line": 91, "function": "_native_guard"}, {"file": "services/persistent_runtime_service.py", "line": 130, "function": "guard"}], "errno": null, "winerror": null}], "stateWriteLockOwnedAfterUnwind": false}
ok
test_revoke_during_resume_final_guard_blocks_new_call (test_p18_runtime_resume.RuntimeResumeTests.test_revoke_during_resume_final_guard_blocks_new_call) ... {"stage": "native-exception-before-cleanup", "task_id": "cognition:7ec0a18f6b626d56fc00c807a99d284bcc23108ecbf5b300f4df42202384c1d6", "attempt_id": "p11-attempt-1c1e1bb553a92f5932cbec6b3b532e277528c94c9f7cbe872c74b829a6506a99", "chain": [{"frames": [{"file": "testing/p18_runtime_fixture.py", "line": 140, "function": "diagnosed_continue"}, {"file": "services/runtime_cognition.py", "line": 242, "function": "_continue"}, {"file": "services/wake_perception_thinking_action_service.py", "line": 90, "function": "wake_manual"}, {"file": "services/wake_perception_thinking_action_service.py", "line": 128, "function": "_continue"}, {"file": "services/wake_perception_thinking_action_service.py", "line": 229, "function": "_continue_mind"}, {"file": "services/thinking_service.py", "line": 190, "function": "handle_perception"}, {"file": "services/thinking_service.py", "line": 232, "function": "_run_provider"}, {"file": "services/wake_perception_thinking_action_service.py", "line": 225, "function": "initial_guard"}, {"file": "services/runtime_cognition.py", "line": 91, "function": "_native_guard"}, {"file": "services/persistent_runtime_service.py", "line": 130, "function": "guard"}], "code": "TEST_NATIVE_EXCEPTION"}], "systemChain": [{"type": "ENGINE_EXCEPTION", "operation": "other", "frames": [{"file": "testing/p18_runtime_fixture.py", "line": 140, "function": "diagnosed_continue"}, {"file": "services/runtime_cognition.py", "line": 242, "function": "_continue"}, {"file": "services/wake_perception_thinking_action_service.py", "line": 90, "function": "wake_manual"}, {"file": "services/wake_perception_thinking_action_service.py", "line": 128, "function": "_continue"}, {"file": "services/wake_perception_thinking_action_service.py", "line": 229, "function": "_continue_mind"}, {"file": "services/thinking_service.py", "line": 190, "function": "handle_perception"}, {"file": "services/thinking_service.py", "line": 232, "function": "_run_provider"}, {"file": "services/wake_perception_thinking_action_service.py", "line": 225, "function": "initial_guard"}, {"file": "services/runtime_cognition.py", "line": 91, "function": "_native_guard"}, {"file": "services/persistent_runtime_service.py", "line": 130, "function": "guard"}], "errno": null, "winerror": null}], "stateWriteLockOwnedAfterUnwind": false}
{"stage": "native-exception-before-cleanup", "task_id": "cognition:7ec0a18f6b626d56fc00c807a99d284bcc23108ecbf5b300f4df42202384c1d6", "attempt_id": "p11-attempt-1c1e1bb553a92f5932cbec6b3b532e277528c94c9f7cbe872c74b829a6506a99", "chain": [{"frames": [{"file": "testing/p18_runtime_fixture.py", "line": 140, "function": "diagnosed_continue"}, {"file": "services/runtime_cognition.py", "line": 242, "function": "_continue"}, {"file": "services/wake_perception_thinking_action_service.py", "line": 90, "function": "wake_manual"}, {"file": "services/wake_perception_thinking_action_service.py", "line": 128, "function": "_continue"}, {"file": "services/wake_perception_thinking_action_service.py", "line": 246, "function": "_continue_mind"}, {"file": "services/thinking_service.py", "line": 211, "function": "resume_prepared_provider"}, {"file": "services/thinking_service.py", "line": 295, "function": "_run_provider"}], "code": "TEST_NATIVE_EXCEPTION"}, {"frames": [{"file": "services/thinking_service.py", "line": 232, "function": "_run_provider"}, {"file": "services/wake_perception_thinking_action_service.py", "line": 244, "function": "resume_guard"}, {"file": "services/continuity_core_service.py", "line": 541, "function": "before_thinking"}], "code": "TEST_NATIVE_EXCEPTION"}], "systemChain": [{"type": "ENGINE_EXCEPTION", "operation": "other", "frames": [{"file": "testing/p18_runtime_fixture.py", "line": 140, "function": "diagnosed_continue"}, {"file": "services/runtime_cognition.py", "line": 242, "function": "_continue"}, {"file": "services/wake_perception_thinking_action_service.py", "line": 90, "function": "wake_manual"}, {"file": "services/wake_perception_thinking_action_service.py", "line": 128, "function": "_continue"}, {"file": "services/wake_perception_thinking_action_service.py", "line": 246, "function": "_continue_mind"}, {"file": "services/thinking_service.py", "line": 211, "function": "resume_prepared_provider"}, {"file": "services/thinking_service.py", "line": 295, "function": "_run_provider"}], "errno": null, "winerror": null}, {"type": "ENGINE_EXCEPTION", "operation": "other", "frames": [{"file": "services/thinking_service.py", "line": 232, "function": "_run_provider"}, {"file": "services/wake_perception_thinking_action_service.py", "line": 244, "function": "resume_guard"}, {"file": "services/continuity_core_service.py", "line": 541, "function": "before_thinking"}], "errno": null, "winerror": null}], "stateWriteLockOwnedAfterUnwind": false}
{"stage": "native-exception-before-cleanup", "task_id": "cognition:6c0d71521a33a4f99073ec63d75b9e3840512addfe64874dd95a4926d61c88ab", "attempt_id": "p11-attempt-075e55e5c54933a202c91ac85fa76b8d30fd7fb06f49bce1b7facf4fc7fb1b4d", "chain": [{"frames": [{"file": "testing/p18_runtime_fixture.py", "line": 140, "function": "diagnosed_continue"}, {"file": "services/runtime_cognition.py", "line": 242, "function": "_continue"}, {"file": "services/wake_perception_thinking_action_service.py", "line": 90, "function": "wake_manual"}, {"file": "services/wake_perception_thinking_action_service.py", "line": 128, "function": "_continue"}, {"file": "services/wake_perception_thinking_action_service.py", "line": 221, "function": "_continue_mind"}, {"file": "services/continuity_core_service.py", "line": 350, "function": "prepare"}, {"file": "services/continuity_core_service.py", "line": 418, "function": "_prepare"}, {"file": "services/dynamic_mind_service.py", "line": 317, "function": "capture"}], "code": "TEST_NATIVE_EXCEPTION"}], "systemChain": [{"type": "ENGINE_EXCEPTION", "operation": "other", "frames": [{"file": "testing/p18_runtime_fixture.py", "line": 140, "function": "diagnosed_continue"}, {"file": "services/runtime_cognition.py", "line": 242, "function": "_continue"}, {"file": "services/wake_perception_thinking_action_service.py", "line": 90, "function": "wake_manual"}, {"file": "services/wake_perception_thinking_action_service.py", "line": 128, "function": "_continue"}, {"file": "services/wake_perception_thinking_action_service.py", "line": 221, "function": "_continue_mind"}, {"file": "services/continuity_core_service.py", "line": 350, "function": "prepare"}, {"file": "services/continuity_core_service.py", "line": 418, "function": "_prepare"}, {"file": "services/dynamic_mind_service.py", "line": 317, "function": "capture"}], "errno": null, "winerror": null}], "stateWriteLockOwnedAfterUnwind": false}
{"stage": "native-exception-before-cleanup", "task_id": "cognition:6c0d71521a33a4f99073ec63d75b9e3840512addfe64874dd95a4926d61c88ab", "attempt_id": "p11-attempt-dcb4c1c4a0e988d941a3d3d40c053dcadab625909cc45e524b72f7da2b76e38d", "chain": [{"frames": [{"file": "testing/p18_runtime_fixture.py", "line": 140, "function": "diagnosed_continue"}, {"file": "services/runtime_cognition.py", "line": 242, "function": "_continue"}, {"file": "services/wake_perception_thinking_action_service.py", "line": 90, "function": "wake_manual"}, {"file": "services/wake_perception_thinking_action_service.py", "line": 128, "function": "_continue"}, {"file": "services/wake_perception_thinking_action_service.py", "line": 221, "function": "_continue_mind"}, {"file": "services/continuity_core_service.py", "line": 350, "function": "prepare"}, {"file": "services/continuity_core_service.py", "line": 418, "function": "_prepare"}, {"file": "services/dynamic_mind_service.py", "line": 317, "function": "capture"}], "code": "TEST_NATIVE_EXCEPTION"}], "systemChain": [{"type": "ENGINE_EXCEPTION", "operation": "other", "frames": [{"file": "testing/p18_runtime_fixture.py", "line": 140, "function": "diagnosed_continue"}, {"file": "services/runtime_cognition.py", "line": 242, "function": "_continue"}, {"file": "services/wake_perception_thinking_action_service.py", "line": 90, "function": "wake_manual"}, {"file": "services/wake_perception_thinking_action_service.py", "line": 128, "function": "_continue"}, {"file": "services/wake_perception_thinking_action_service.py", "line": 221, "function": "_continue_mind"}, {"file": "services/continuity_core_service.py", "line": 350, "function": "prepare"}, {"file": "services/continuity_core_service.py", "line": 418, "function": "_prepare"}, {"file": "services/dynamic_mind_service.py", "line": 317, "function": "capture"}], "errno": null, "winerror": null}], "stateWriteLockOwnedAfterUnwind": false}
ok
test_second_cycle_pause_resumes_without_replaying_first (test_p18_runtime_resume.RuntimeResumeTests.test_second_cycle_pause_resumes_without_replaying_first) ... {"stage": "native-exception-before-cleanup", "task_id": "cognition:6b211ac97934afbca6d52fc597ceade50774108cea129074f7b5b9db55d7817d", "attempt_id": "p11-attempt-5a1c5b8c2df991fcb4aecd2a71772bd08a69ccd8c129adb2d89cde7ce546557b", "chain": [{"frames": [{"file": "testing/p18_runtime_fixture.py", "line": 140, "function": "diagnosed_continue"}, {"file": "services/runtime_cognition.py", "line": 242, "function": "_continue"}, {"file": "services/wake_perception_thinking_action_service.py", "line": 90, "function": "wake_manual"}, {"file": "services/wake_perception_thinking_action_service.py", "line": 128, "function": "_continue"}, {"file": "services/wake_perception_thinking_action_service.py", "line": 229, "function": "_continue_mind"}, {"file": "services/thinking_service.py", "line": 190, "function": "handle_perception"}, {"file": "services/thinking_service.py", "line": 232, "function": "_run_provider"}, {"file": "services/wake_perception_thinking_action_service.py", "line": 225, "function": "initial_guard"}, {"file": "services/runtime_cognition.py", "line": 91, "function": "_native_guard"}, {"file": "services/persistent_runtime_service.py", "line": 130, "function": "guard"}], "code": "TEST_NATIVE_EXCEPTION"}], "systemChain": [{"type": "ENGINE_EXCEPTION", "operation": "other", "frames": [{"file": "testing/p18_runtime_fixture.py", "line": 140, "function": "diagnosed_continue"}, {"file": "services/runtime_cognition.py", "line": 242, "function": "_continue"}, {"file": "services/wake_perception_thinking_action_service.py", "line": 90, "function": "wake_manual"}, {"file": "services/wake_perception_thinking_action_service.py", "line": 128, "function": "_continue"}, {"file": "services/wake_perception_thinking_action_service.py", "line": 229, "function": "_continue_mind"}, {"file": "services/thinking_service.py", "line": 190, "function": "handle_perception"}, {"file": "services/thinking_service.py", "line": 232, "function": "_run_provider"}, {"file": "services/wake_perception_thinking_action_service.py", "line": 225, "function": "initial_guard"}, {"file": "services/runtime_cognition.py", "line": 91, "function": "_native_guard"}, {"file": "services/persistent_runtime_service.py", "line": 130, "function": "guard"}], "errno": null, "winerror": null}], "stateWriteLockOwnedAfterUnwind": false}
ok
test_stop_does_not_revive_deferred_session (test_p18_runtime_resume.RuntimeResumeTests.test_stop_does_not_revive_deferred_session) ... {"stage": "native-exception-before-cleanup", "task_id": "cognition:853bcfa6d5551e1512b3465fad545164286c6799ff0c4b01199f2e6f123351e2", "attempt_id": "p11-attempt-958e4b10379df27b09a633470e8730516a9a26a45c2cf697c6510be08b5f9451", "chain": [{"frames": [{"file": "testing/p18_runtime_fixture.py", "line": 140, "function": "diagnosed_continue"}, {"file": "services/runtime_cognition.py", "line": 242, "function": "_continue"}, {"file": "services/wake_perception_thinking_action_service.py", "line": 90, "function": "wake_manual"}, {"file": "services/wake_perception_thinking_action_service.py", "line": 128, "function": "_continue"}, {"file": "services/wake_perception_thinking_action_service.py", "line": 229, "function": "_continue_mind"}, {"file": "services/thinking_service.py", "line": 190, "function": "handle_perception"}, {"file": "services/thinking_service.py", "line": 232, "function": "_run_provider"}, {"file": "services/wake_perception_thinking_action_service.py", "line": 225, "function": "initial_guard"}, {"file": "services/runtime_cognition.py", "line": 91, "function": "_native_guard"}, {"file": "services/persistent_runtime_service.py", "line": 130, "function": "guard"}], "code": "TEST_NATIVE_EXCEPTION"}], "systemChain": [{"type": "ENGINE_EXCEPTION", "operation": "other", "frames": [{"file": "testing/p18_runtime_fixture.py", "line": 140, "function": "diagnosed_continue"}, {"file": "services/runtime_cognition.py", "line": 242, "function": "_continue"}, {"file": "services/wake_perception_thinking_action_service.py", "line": 90, "function": "wake_manual"}, {"file": "services/wake_perception_thinking_action_service.py", "line": 128, "function": "_continue"}, {"file": "services/wake_perception_thinking_action_service.py", "line": 229, "function": "_continue_mind"}, {"file": "services/thinking_service.py", "line": 190, "function": "handle_perception"}, {"file": "services/thinking_service.py", "line": 232, "function": "_run_provider"}, {"file": "services/wake_perception_thinking_action_service.py", "line": 225, "function": "initial_guard"}, {"file": "services/runtime_cognition.py", "line": 91, "function": "_native_guard"}, {"file": "services/persistent_runtime_service.py", "line": 130, "function": "guard"}], "errno": null, "winerror": null}], "stateWriteLockOwnedAfterUnwind": false}
ok
test_test_diagnostics_do_not_print_provider_exception_material (test_p18_runtime_resume.RuntimeResumeTests.test_test_diagnostics_do_not_print_provider_exception_material) ... ok
test_checkpoint_cleanup_existing_cause_is_not_overwritten (test_p18_storage_exceptions.StorageExceptionEvidenceTests.test_checkpoint_cleanup_existing_cause_is_not_overwritten) ... ok
test_checkpoint_revision_refusal_cleanup_failure_keeps_native_error (test_p18_storage_exceptions.StorageExceptionEvidenceTests.test_checkpoint_revision_refusal_cleanup_failure_keeps_native_error) ... ok
test_checkpoint_revision_refusal_cleanup_success_keeps_native_error (test_p18_storage_exceptions.StorageExceptionEvidenceTests.test_checkpoint_revision_refusal_cleanup_success_keeps_native_error) ... ok
test_deferred_and_cleanup_shared_native_cause_does_not_create_cycle (test_p18_storage_exceptions.StorageExceptionEvidenceTests.test_deferred_and_cleanup_shared_native_cause_does_not_create_cycle) ... ok
test_deferred_native_error_and_cleanup_existing_cause_are_preserved (test_p18_storage_exceptions.StorageExceptionEvidenceTests.test_deferred_native_error_and_cleanup_existing_cause_are_preserved) ... ok
test_subject_authorization_refusal_cleanup_failure_keeps_native_error (test_p18_storage_exceptions.StorageExceptionEvidenceTests.test_subject_authorization_refusal_cleanup_failure_keeps_native_error) ... ok
test_subject_authorization_refusal_cleanup_success_keeps_native_error (test_p18_storage_exceptions.StorageExceptionEvidenceTests.test_subject_authorization_refusal_cleanup_success_keeps_native_error) ... ok
test_subject_cleanup_existing_cause_and_both_primary_branches_remain (test_p18_storage_exceptions.StorageExceptionEvidenceTests.test_subject_cleanup_existing_cause_and_both_primary_branches_remain) ... ok
test_subject_explicit_authorization_cause_and_native_context_both_remain (test_p18_storage_exceptions.StorageExceptionEvidenceTests.test_subject_explicit_authorization_cause_and_native_context_both_remain) ... ok
test_successful_storage_commits_keep_original_revision_and_cleanup_semantics (test_p18_storage_exceptions.StorageExceptionEvidenceTests.test_successful_storage_commits_keep_original_revision_and_cleanup_semantics) ... ok
test_budget_is_one_deadline_not_renewed_by_each_native_refusal (test_p18_storage_retry.StorageRetryTests.test_budget_is_one_deadline_not_renewed_by_each_native_refusal) ... ok
test_copied_context_after_transaction_exit_cannot_authorize_retry (test_p18_storage_retry.StorageRetryTests.test_copied_context_after_transaction_exit_cannot_authorize_retry) ... ok
test_copied_context_on_another_thread_does_not_convey_transaction_retry (test_p18_storage_retry.StorageRetryTests.test_copied_context_on_another_thread_does_not_convey_transaction_retry) ... ok
test_current_authorization_failure_is_not_retried_or_swallowed (test_p18_storage_retry.StorageRetryTests.test_current_authorization_failure_is_not_retried_or_swallowed) ... ok
test_native_readonly_target_remains_refused_and_readonly (test_p18_storage_retry.StorageRetryTests.test_native_readonly_target_remains_refused_and_readonly) ... ok
test_prepared_file_change_before_replace_helper_is_not_adopted (test_p18_storage_retry.StorageRetryTests.test_prepared_file_change_before_replace_helper_is_not_adopted) ... ok
test_runtime_bound_sustained_refusal_defers_without_claiming_commit (test_p18_storage_retry.StorageRetryTests.test_runtime_bound_sustained_refusal_defers_without_claiming_commit) ... ok
test_runtime_changed_prepared_document_aborts_before_second_replace (test_p18_storage_retry.StorageRetryTests.test_runtime_changed_prepared_document_aborts_before_second_replace) ... ok
test_runtime_cleanup_error_preserves_original_native_error_chain (test_p18_storage_retry.StorageRetryTests.test_runtime_cleanup_error_preserves_original_native_error_chain) ... ok
test_runtime_newer_committed_control_cannot_be_overwritten (test_p18_storage_retry.StorageRetryTests.test_runtime_newer_committed_control_cannot_be_overwritten) ... ok
test_runtime_released_before_classification_keeps_transaction_binding (test_p18_storage_retry.StorageRetryTests.test_runtime_released_before_classification_keeps_transaction_binding) ... ok
test_runtime_save_outside_transaction_does_not_inherit_retry (test_p18_storage_retry.StorageRetryTests.test_runtime_save_outside_transaction_does_not_inherit_retry) ... ok
test_runtime_unbound_fixed_error_is_not_a_deferred_commit (test_p18_storage_retry.StorageRetryTests.test_runtime_unbound_fixed_error_is_not_a_deferred_commit) ... ok
test_subject_bound_sustained_refusal_is_bounded_and_preserves_record (test_p18_storage_retry.StorageRetryTests.test_subject_bound_sustained_refusal_is_bounded_and_preserves_record) ... ok
test_subject_changed_target_or_temporary_aborts_before_second_replace (test_p18_storage_retry.StorageRetryTests.test_subject_changed_target_or_temporary_aborts_before_second_replace) ... ok
test_subject_no_explicit_authorization_keeps_one_bound_attempt (test_p18_storage_retry.StorageRetryTests.test_subject_no_explicit_authorization_keeps_one_bound_attempt) ... ok
test_subject_released_before_classification_commits_only_once (test_p18_storage_retry.StorageRetryTests.test_subject_released_before_classification_commits_only_once) ... ok
test_subject_unbound_fixed_error_keeps_one_attempt_and_zero_guard (test_p18_storage_retry.StorageRetryTests.test_subject_unbound_fixed_error_keeps_one_attempt_and_zero_guard) ... ok
test_success_followed_by_return_loss_never_replaces_a_second_time (test_p18_storage_retry.StorageRetryTests.test_success_followed_by_return_loss_never_replaces_a_second_time) ... ok
test_real_host_survives_exhausted_checkpoint_and_resumes_without_chat (test_p18_storage_runtime.RuntimeStorageProcessTests.test_real_host_survives_exhausted_checkpoint_and_resumes_without_chat) ... ok
test_checkpoint_committed_but_return_lost_replays_original_control (test_p18_storage_runtime.RuntimeStorageTests.test_checkpoint_committed_but_return_lost_replays_original_control) ... ok
test_completed_effect_with_busy_observation_is_not_dispatched_again (test_p18_storage_runtime.RuntimeStorageTests.test_completed_effect_with_busy_observation_is_not_dispatched_again) ... RUNTIME_CHECKPOINT_BUSY
RUNTIME_CHECKPOINT_AVAILABLE
ok
test_pause_storage_refusal_has_no_command_and_replays_once_after_release (test_p18_storage_runtime.RuntimeStorageTests.test_pause_storage_refusal_has_no_command_and_replays_once_after_release) ... ok
test_paused_checkpoint_storage_busy_does_not_end_host (test_p18_storage_runtime.RuntimeStorageTests.test_paused_checkpoint_storage_busy_does_not_end_host) ... RUNTIME_CHECKPOINT_BUSY
RUNTIME_CHECKPOINT_AVAILABLE
ok
test_resource_wait_checkpoint_exhaustion_preserves_frozen_host_and_control (test_p18_storage_runtime.RuntimeStorageTests.test_resource_wait_checkpoint_exhaustion_preserves_frozen_host_and_control) ... RUNTIME_CHECKPOINT_AVAILABLE
ok
test_stop_storage_refusal_has_no_command_and_is_terminal_after_commit (test_p18_storage_runtime.RuntimeStorageTests.test_stop_storage_refusal_has_no_command_and_is_terminal_after_commit) ... ok
test_subject_state_long_reader_allows_maintenance_then_original_fact_recovery (test_p18_storage_runtime.RuntimeStorageTests.test_subject_state_long_reader_allows_maintenance_then_original_fact_recovery) ... {"stage": "persistence-failure-before-unwind", "code": "TEST_STATE_SAVE_FAILED", "file": "subject-state/9ae1354bf478855b5b6865af55485fb772cccf274f57201a46ed876adeeb7fbe.json", "before": {"hash": "220a52083eab95a278f7aeb180ad95b3ea2559d29af81972cbf465b8ba179298", "revision": 1}, "after": {"hash": "220a52083eab95a278f7aeb180ad95b3ea2559d29af81972cbf465b8ba179298", "revision": 1}, "expectedRevision": 1, "targetRevision": 2, "updateIdentityHash": "6751842eff4640852c42be27c6926043418058bded482b1ccfad14185fe73014", "eventIdentityHash": "6cbb125b8a45b12edc08d0213bbc5978166aa01f301ce7d5eeb80fe44860a957", "identityHashes": {"action_session_id": "01c9eea933d70adccbd5d323c8c95779a4858f24c6c2ee9269c6022d8085ae91", "action_decision_id": "bf511589cbe9649382f4d7dc689cea7ab4c65966f6b412dda17e030c4edef7d1", "action_plan_id": "46eb1086d3eb28a2c343851b38af2e3a258371d6b5da0f898dd21a28888009dd", "think_id": "cbec1e116ed63018f37a2e1899170f8c894064c57cac839f36f1d1dfd0a06922", "wake_session_id": "4c12b50875a83bbae46a646a43895473c42d8823f9ab481aea4cfa66682686e1", "perception_id": "ed24dfd651df7285717e815fd20354c833bb7b1fe40a13420e1813d42d708e48", "thinking_result_id": "6c7711ed4ad2e2bbff22baf1243c002adece90604142db803dd552421c46b9fb"}, "pid": 19468, "thread": 12180, "lockOwnedAtWrite": true, "lockOwnedAtException": true, "elapsedSeconds": 0.257245, "chain": [{"type": "PermissionError", "operation": "replace", "frames": [{"file": "testing/p18_persistence_diagnostics.py", "line": 68, "function": "write"}, {"file": "storage/json_repository.py", "line": 508, "function": "_write_payload"}, {"file": "storage/json_repository.py", "line": 190, "function": "_replace_payload"}], "errno": 13, "winerror": 5}], "context": {"task_id": "cognition:6472016bbe75f088bf54763d54d10b6a2e94e484d8c99de144b7e859e66825ce", "attempt_id": "p11-attempt-e341ef476a8434cd007192cccd1e9fb814a4f896451e4edd1c4f044670d1408b"}}
{"stage": "native-exception-before-cleanup", "task_id": "cognition:6472016bbe75f088bf54763d54d10b6a2e94e484d8c99de144b7e859e66825ce", "attempt_id": "p11-attempt-e341ef476a8434cd007192cccd1e9fb814a4f896451e4edd1c4f044670d1408b", "chain": [{"frames": [{"file": "testing/p18_runtime_fixture.py", "line": 140, "function": "diagnosed_continue"}, {"file": "services/runtime_cognition.py", "line": 242, "function": "_continue"}, {"file": "services/wake_perception_thinking_action_service.py", "line": 90, "function": "wake_manual"}, {"file": "services/wake_perception_thinking_action_service.py", "line": 128, "function": "_continue"}, {"file": "services/wake_perception_thinking_action_service.py", "line": 356, "function": "_continue_mind"}, {"file": "services/action_evolution_service.py", "line": 78, "function": "evolve"}, {"file": "services/subject_state_service.py", "line": 79, "function": "apply_event"}, {"file": "services/subject_state_service.py", "line": 149, "function": "_apply_event"}, {"file": "storage/json_repository.py", "line": 326, "function": "save_transition"}, {"file": "testing/p18_persistence_diagnostics.py", "line": 68, "function": "write"}, {"file": "storage/json_repository.py", "line": 508, "function": "_write_payload"}, {"file": "storage/json_repository.py", "line": 190, "function": "_replace_payload"}], "code": "TEST_NATIVE_EXCEPTION"}], "systemChain": [{"type": "PermissionError", "operation": "replace", "frames": [{"file": "testing/p18_runtime_fixture.py", "line": 140, "function": "diagnosed_continue"}, {"file": "services/runtime_cognition.py", "line": 242, "function": "_continue"}, {"file": "services/wake_perception_thinking_action_service.py", "line": 90, "function": "wake_manual"}, {"file": "services/wake_perception_thinking_action_service.py", "line": 128, "function": "_continue"}, {"file": "services/wake_perception_thinking_action_service.py", "line": 356, "function": "_continue_mind"}, {"file": "services/action_evolution_service.py", "line": 78, "function": "evolve"}, {"file": "services/subject_state_service.py", "line": 79, "function": "apply_event"}, {"file": "services/subject_state_service.py", "line": 149, "function": "_apply_event"}, {"file": "storage/json_repository.py", "line": 326, "function": "save_transition"}, {"file": "testing/p18_persistence_diagnostics.py", "line": 68, "function": "write"}, {"file": "storage/json_repository.py", "line": 508, "function": "_write_payload"}, {"file": "storage/json_repository.py", "line": 190, "function": "_replace_payload"}], "errno": 13, "winerror": 5}], "stateWriteLockOwnedAfterUnwind": false}
{"stage": "persistence-failure-before-unwind", "code": "TEST_STATE_SAVE_FAILED", "file": "subject-state/9ae1354bf478855b5b6865af55485fb772cccf274f57201a46ed876adeeb7fbe.json", "before": {"hash": "0a43112a73a4d044a242508362914991639c05242e253ed01c5b76df0e9eab00", "revision": 1}, "after": {"hash": "0a43112a73a4d044a242508362914991639c05242e253ed01c5b76df0e9eab00", "revision": 1}, "expectedRevision": 1, "targetRevision": 2, "updateIdentityHash": "b3dfc08f2934544971f1d00723116775404507eb92a627c3e8c4f010b9ae81ee", "eventIdentityHash": "6cbb125b8a45b12edc08d0213bbc5978166aa01f301ce7d5eeb80fe44860a957", "identityHashes": {"action_session_id": "01c9eea933d70adccbd5d323c8c95779a4858f24c6c2ee9269c6022d8085ae91", "action_decision_id": "bf511589cbe9649382f4d7dc689cea7ab4c65966f6b412dda17e030c4edef7d1", "action_plan_id": "46eb1086d3eb28a2c343851b38af2e3a258371d6b5da0f898dd21a28888009dd", "think_id": "cbec1e116ed63018f37a2e1899170f8c894064c57cac839f36f1d1dfd0a06922", "wake_session_id": "4c12b50875a83bbae46a646a43895473c42d8823f9ab481aea4cfa66682686e1", "perception_id": "ed24dfd651df7285717e815fd20354c833bb7b1fe40a13420e1813d42d708e48", "thinking_result_id": "6c7711ed4ad2e2bbff22baf1243c002adece90604142db803dd552421c46b9fb"}, "pid": 19468, "thread": 12180, "lockOwnedAtWrite": true, "lockOwnedAtException": true, "elapsedSeconds": 0.282187, "chain": [{"type": "PermissionError", "operation": "replace", "frames": [{"file": "testing/p18_persistence_diagnostics.py", "line": 68, "function": "write"}, {"file": "storage/json_repository.py", "line": 508, "function": "_write_payload"}, {"file": "storage/json_repository.py", "line": 190, "function": "_replace_payload"}], "errno": 13, "winerror": 5}], "context": {"task_id": "cognition:6472016bbe75f088bf54763d54d10b6a2e94e484d8c99de144b7e859e66825ce", "attempt_id": "p11-attempt-e341ef476a8434cd007192cccd1e9fb814a4f896451e4edd1c4f044670d1408b"}}
{"stage": "native-exception-before-cleanup", "task_id": "cognition:6472016bbe75f088bf54763d54d10b6a2e94e484d8c99de144b7e859e66825ce", "attempt_id": "p11-attempt-e341ef476a8434cd007192cccd1e9fb814a4f896451e4edd1c4f044670d1408b", "chain": [{"frames": [{"file": "testing/p18_runtime_fixture.py", "line": 140, "function": "diagnosed_continue"}, {"file": "services/runtime_cognition.py", "line": 242, "function": "_continue"}, {"file": "services/wake_perception_thinking_action_service.py", "line": 90, "function": "wake_manual"}, {"file": "services/wake_perception_thinking_action_service.py", "line": 128, "function": "_continue"}, {"file": "services/wake_perception_thinking_action_service.py", "line": 356, "function": "_continue_mind"}, {"file": "services/action_evolution_service.py", "line": 78, "function": "evolve"}, {"file": "services/subject_state_service.py", "line": 79, "function": "apply_event"}, {"file": "services/subject_state_service.py", "line": 149, "function": "_apply_event"}, {"file": "storage/json_repository.py", "line": 326, "function": "save_transition"}, {"file": "testing/p18_persistence_diagnostics.py", "line": 68, "function": "write"}, {"file": "storage/json_repository.py", "line": 508, "function": "_write_payload"}, {"file": "storage/json_repository.py", "line": 190, "function": "_replace_payload"}], "code": "TEST_NATIVE_EXCEPTION"}], "systemChain": [{"type": "PermissionError", "operation": "replace", "frames": [{"file": "testing/p18_runtime_fixture.py", "line": 140, "function": "diagnosed_continue"}, {"file": "services/runtime_cognition.py", "line": 242, "function": "_continue"}, {"file": "services/wake_perception_thinking_action_service.py", "line": 90, "function": "wake_manual"}, {"file": "services/wake_perception_thinking_action_service.py", "line": 128, "function": "_continue"}, {"file": "services/wake_perception_thinking_action_service.py", "line": 356, "function": "_continue_mind"}, {"file": "services/action_evolution_service.py", "line": 78, "function": "evolve"}, {"file": "services/subject_state_service.py", "line": 79, "function": "apply_event"}, {"file": "services/subject_state_service.py", "line": 149, "function": "_apply_event"}, {"file": "storage/json_repository.py", "line": 326, "function": "save_transition"}, {"file": "testing/p18_persistence_diagnostics.py", "line": 68, "function": "write"}, {"file": "storage/json_repository.py", "line": 508, "function": "_write_payload"}, {"file": "storage/json_repository.py", "line": 190, "function": "_replace_payload"}], "errno": 13, "winerror": 5}], "stateWriteLockOwnedAfterUnwind": false}
ok
test_perception_interprets_focus_time_relationship_memory_and_drives (test_perception.PerceptionEngineTests.test_perception_interprets_focus_time_relationship_memory_and_drives) ... ok
test_perception_result_round_trips_without_raw_wake_or_state (test_perception.PerceptionEngineTests.test_perception_result_round_trips_without_raw_wake_or_state) ... ok
test_service_rejects_a_policy_that_mutates_subject_state (test_perception.PerceptionEngineTests.test_service_rejects_a_policy_that_mutates_subject_state) ... ok
test_action_reads_permission_context_before_immediate_check (test_permissions.PermissionContinuityTests.test_action_reads_permission_context_before_immediate_check) ... ok
test_create_and_query_permission (test_permissions.PermissionContinuityTests.test_create_and_query_permission) ... ok
test_limit_permission_updates_scope_capabilities_and_context (test_permissions.PermissionContinuityTests.test_limit_permission_updates_scope_capabilities_and_context) ... ok
test_missing_capability_check_fails_without_creating_state (test_permissions.PermissionContinuityTests.test_missing_capability_check_fails_without_creating_state) ... ok
test_permission_service_returns_event_but_does_not_modify_subject_state (test_permissions.PermissionContinuityTests.test_permission_service_returns_event_but_does_not_modify_subject_state) ... ok
test_permission_state_and_history_survive_restart (test_permissions.PermissionContinuityTests.test_permission_state_and_history_survive_restart) ... ok
test_revoke_permission_and_trace_history (test_permissions.PermissionContinuityTests.test_revoke_permission_and_trace_history) ... ok
test_aggregate_does_not_corroborate_itself_again (test_pre_p12_r05_r06_followup.LearningConfidenceTests.test_aggregate_does_not_corroborate_itself_again) ... ok
test_current_target_confidence_reduction_is_respected (test_pre_p12_r05_r06_followup.LearningConfidenceTests.test_current_target_confidence_reduction_is_respected) ... ok
test_explicit_confirmation_still_required (test_pre_p12_r05_r06_followup.LearningConfidenceTests.test_explicit_confirmation_still_required) ... ok
test_high_own_confidence_cannot_replace_rejected_support (test_pre_p12_r05_r06_followup.LearningConfidenceTests.test_high_own_confidence_cannot_replace_rejected_support) ... ok
test_high_own_confidence_retains_existing_policy_with_weaker_support (test_pre_p12_r05_r06_followup.LearningConfidenceTests.test_high_own_confidence_retains_existing_policy_with_weaker_support) ... ok
test_high_own_confidence_still_rechecks_support_and_roots (test_pre_p12_r05_r06_followup.LearningConfidenceTests.test_high_own_confidence_still_rechecks_support_and_roots) ... ok
test_insufficient_current_confidence_rejects_without_writes (test_pre_p12_r05_r06_followup.LearningConfidenceTests.test_insufficient_current_confidence_rejects_without_writes) ... ok
test_unchanged_high_target_validation_can_immediately_solidify (test_pre_p12_r05_r06_followup.LearningConfidenceTests.test_unchanged_high_target_validation_can_immediately_solidify) ... ok
test_unchanged_high_target_validation_survives_restart (test_pre_p12_r05_r06_followup.LearningConfidenceTests.test_unchanged_high_target_validation_survives_restart) ... ok
test_weaker_but_sufficient_current_support_is_saved (test_pre_p12_r05_r06_followup.LearningConfidenceTests.test_weaker_but_sufficient_current_support_is_saved) ... ok
test_concurrent_allowed_duplicate_charges_once_then_settles (test_pre_p12_r05_r06_followup.ResourceTransactionTests.test_concurrent_allowed_duplicate_charges_once_then_settles) ... ok
test_concurrent_allowed_then_conflicting_denial_preserves_first_result (test_pre_p12_r05_r06_followup.ResourceTransactionTests.test_concurrent_allowed_then_conflicting_denial_preserves_first_result) ... ok
test_concurrent_denied_duplicate_preserves_first_result (test_pre_p12_r05_r06_followup.ResourceTransactionTests.test_concurrent_denied_duplicate_preserves_first_result) ... ok
test_concurrent_denied_then_conflicting_allowance_preserves_first_result (test_pre_p12_r05_r06_followup.ResourceTransactionTests.test_concurrent_denied_then_conflicting_allowance_preserves_first_result) ... ok
test_concurrent_new_request_cannot_deny_an_allocated_session (test_pre_p12_r05_r06_followup.ResourceTransactionTests.test_concurrent_new_request_cannot_deny_an_allocated_session) ... ok
test_denials_allow_new_identity_then_allocation_and_settlement (test_pre_p12_r05_r06_followup.ResourceTransactionTests.test_denials_allow_new_identity_then_allocation_and_settlement) ... ok
test_concurrent_events_are_not_silently_lost (test_pre_p12_repairs.PreP12RegressionTests.test_concurrent_events_are_not_silently_lost) ... ok
test_concurrent_mutations_preserve_revision_conflict (test_pre_p12_repairs.PreP12RegressionTests.test_concurrent_mutations_preserve_revision_conflict) ... ok
test_concurrent_same_event_is_persisted_once (test_pre_p12_repairs.PreP12RegressionTests.test_concurrent_same_event_is_persisted_once) ... ok
test_control_memory_disjoint_roots_merge (test_pre_p12_repairs.PreP12RegressionTests.test_control_memory_disjoint_roots_merge) ... ok
test_control_real_restriction_removes_capability (test_pre_p12_repairs.PreP12RegressionTests.test_control_real_restriction_removes_capability) ... ok
test_control_resource_once_reconciles (test_pre_p12_repairs.PreP12RegressionTests.test_control_resource_once_reconciles) ... ok
test_control_scheduler_unknown_allows_immediate_next_tick (test_pre_p12_repairs.PreP12RegressionTests.test_control_scheduler_unknown_allows_immediate_next_tick) ... ok
test_control_sequential_events_preserved (test_pre_p12_repairs.PreP12RegressionTests.test_control_sequential_events_preserved) ... ok
test_learning_confirmation_gate_remains_before_writes (test_pre_p12_repairs.PreP12RegressionTests.test_learning_confirmation_gate_remains_before_writes) ... ok
test_learning_current_sufficient_confidence_is_not_overstated (test_pre_p12_repairs.PreP12RegressionTests.test_learning_current_sufficient_confidence_is_not_overstated) ... ok
test_learning_rechecks_rejected_support_before_solidifying (test_pre_p12_repairs.PreP12RegressionTests.test_learning_rechecks_rejected_support_before_solidifying) ... ok
test_learning_reduced_support_confidence_cannot_reuse_old_validation (test_pre_p12_repairs.PreP12RegressionTests.test_learning_reduced_support_confidence_cannot_reuse_old_validation) ... ok
test_learning_support_root_overlap_and_count_are_rechecked (test_pre_p12_repairs.PreP12RegressionTests.test_learning_support_root_overlap_and_count_are_rechecked) ... ok
test_learning_valid_support_survives_restart_and_requires_explicit_evolution (test_pre_p12_repairs.PreP12RegressionTests.test_learning_valid_support_survives_restart_and_requires_explicit_evolution) ... ok
test_memory_full_duplicate_does_not_increase_roots_or_confidence (test_pre_p12_repairs.PreP12RegressionTests.test_memory_full_duplicate_does_not_increase_roots_or_confidence) ... ok
test_memory_partial_alias_uses_previous_revision_and_new_direct_evidence (test_pre_p12_repairs.PreP12RegressionTests.test_memory_partial_alias_uses_previous_revision_and_new_direct_evidence) ... ok
test_memory_partial_overlap_preserves_history_provenance_and_conflict_rejection (test_pre_p12_repairs.PreP12RegressionTests.test_memory_partial_overlap_preserves_history_provenance_and_conflict_rejection) ... ok
test_memory_partial_overlap_preserves_new_evidence (test_pre_p12_repairs.PreP12RegressionTests.test_memory_partial_overlap_preserves_new_evidence) ... ok
test_model_executed_fact_recovers_at_zero_current_budget_without_execute (test_pre_p12_repairs.PreP12RegressionTests.test_model_executed_fact_recovers_at_zero_current_budget_without_execute) ... ok
test_model_positive_reserved_budget_is_rechecked_after_another_request_consumes_it (test_pre_p12_repairs.PreP12RegressionTests.test_model_positive_reserved_budget_is_rechecked_after_another_request_consumes_it) ... ok
test_model_unknown_at_budget_gate_never_authorizes_execute (test_pre_p12_repairs.PreP12RegressionTests.test_model_unknown_at_budget_gate_never_authorizes_execute) ... ok
test_model_zero_budget_still_blocks_execute_after_crash (test_pre_p12_repairs.PreP12RegressionTests.test_model_zero_budget_still_blocks_execute_after_crash) ... ok
test_permission_capability_only_escalation_is_rejected_without_write (test_pre_p12_repairs.PreP12RegressionTests.test_permission_capability_only_escalation_is_rejected_without_write) ... ok
test_permission_expiry_cannot_be_reactivated_by_restrict_but_explicit_grant_works (test_pre_p12_repairs.PreP12RegressionTests.test_permission_expiry_cannot_be_reactivated_by_restrict_but_explicit_grant_works) ... ok
test_permission_wildcard_scope_containment_and_zero_write_rejection (test_pre_p12_repairs.PreP12RegressionTests.test_permission_wildcard_scope_containment_and_zero_write_rejection) ... ok
test_repeated_resource_request_remains_reconcilable (test_pre_p12_repairs.PreP12RegressionTests.test_repeated_resource_request_remains_reconcilable) ... ok
test_resource_denied_request_may_use_new_identity_when_resources_become_available (test_pre_p12_repairs.PreP12RegressionTests.test_resource_denied_request_may_use_new_identity_when_resources_become_available) ... ok
test_resource_duplicate_and_conflict_reject_after_restart_then_settle (test_pre_p12_repairs.PreP12RegressionTests.test_resource_duplicate_and_conflict_reject_after_restart_then_settle) ... ok
test_restriction_does_not_expand_capabilities (test_pre_p12_repairs.PreP12RegressionTests.test_restriction_does_not_expand_capabilities) ... ok
test_restriction_does_not_reactivate_revoked_permission (test_pre_p12_repairs.PreP12RegressionTests.test_restriction_does_not_reactivate_revoked_permission) ... ok
test_scheduler_conflicting_query_has_backoff_without_new_attempt (test_pre_p12_repairs.PreP12RegressionTests.test_scheduler_conflicting_query_has_backoff_without_new_attempt) ... ok
test_scheduler_existing_session_cycle_mismatch_rejects_before_resources (test_pre_p12_repairs.PreP12RegressionTests.test_scheduler_existing_session_cycle_mismatch_rejects_before_resources) ... ok
test_scheduler_foreign_cycle_does_not_wake_another_subject (test_pre_p12_repairs.PreP12RegressionTests.test_scheduler_foreign_cycle_does_not_wake_another_subject) ... ok
test_scheduler_foreign_cycle_rejected_without_resource_wake_or_receipt_write (test_pre_p12_repairs.PreP12RegressionTests.test_scheduler_foreign_cycle_rejected_without_resource_wake_or_receipt_write) ... ok
test_scheduler_pending_queries_and_healthy_stream_progress_after_restart (test_pre_p12_repairs.PreP12RegressionTests.test_scheduler_pending_queries_and_healthy_stream_progress_after_restart) ... ok
test_scheduler_receipt_conflict_does_not_starve_other_task (test_pre_p12_repairs.PreP12RegressionTests.test_scheduler_receipt_conflict_does_not_starve_other_task) ... ok
test_scheduler_test_delivery_rejects_request_binding_changes_before_effects (test_pre_p12_repairs.PreP12RegressionTests.test_scheduler_test_delivery_rejects_request_binding_changes_before_effects) ... ok
test_scheduler_unknown_does_not_starve_at_normal_poll_interval (test_pre_p12_repairs.PreP12RegressionTests.test_scheduler_unknown_does_not_starve_at_normal_poll_interval) ... ok
test_scheduler_verification_is_fair_among_multiple_unknown_tasks (test_pre_p12_repairs.PreP12RegressionTests.test_scheduler_verification_is_fair_among_multiple_unknown_tasks) ... ok
test_broker_revoked_during_thinking_does_not_erase_internal_proposal (test_pre_p19_autonomy_execution.AutonomyExecutionTests.test_broker_revoked_during_thinking_does_not_erase_internal_proposal) ... ok
test_current_world_resource_refusal_keeps_independent_mind_commit (test_pre_p19_autonomy_execution.AutonomyExecutionTests.test_current_world_resource_refusal_keeps_independent_mind_commit) ... ok
test_denial_reopen_recovers_internal_fact_without_resubmitting (test_pre_p19_autonomy_execution.AutonomyExecutionTests.test_denial_reopen_recovers_internal_fact_without_resubmitting) ... ok
test_denied_reality_keeps_experience_formed_commitment_for_next_cognition (test_pre_p19_autonomy_execution.AutonomyExecutionTests.test_denied_reality_keeps_experience_formed_commitment_for_next_cognition) ... ok
test_external_gate_does_not_decide_whether_intent_exists (test_pre_p19_autonomy_execution.AutonomyExecutionTests.test_external_gate_does_not_decide_whether_intent_exists) ... ok
test_mixed_provider_proposal_cannot_assert_an_unperformed_effect (test_pre_p19_autonomy_execution.AutonomyExecutionTests.test_mixed_provider_proposal_cannot_assert_an_unperformed_effect) ... ok
test_normal_action_and_internal_commit_remain_once (test_pre_p19_autonomy_execution.AutonomyExecutionTests.test_normal_action_and_internal_commit_remain_once) ... ok
test_normal_c1_input_preserves_internal_commit_on_reality_refusal (test_pre_p19_autonomy_execution.AutonomyExecutionTests.test_normal_c1_input_preserves_internal_commit_on_reality_refusal) ... ok
test_platform_denial_preserves_intent_without_dispatch (test_pre_p19_autonomy_execution.AutonomyExecutionTests.test_platform_denial_preserves_intent_without_dispatch) ... ok
test_reality_refusal_keeps_independent_mind_commit (test_pre_p19_autonomy_execution.AutonomyExecutionTests.test_reality_refusal_keeps_independent_mind_commit) ... ok
test_refused_effect_internal_commit_survives_crashes_before_and_after_write (test_pre_p19_autonomy_execution.AutonomyExecutionTests.test_refused_effect_internal_commit_survives_crashes_before_and_after_write) ... {"stage": "native-exception-before-cleanup", "task_id": "cognition:fb1fc6550aa71e120edd26238daaab6970fa33826422307314eb98a409060f48", "attempt_id": "p11-attempt-6ee5b74b1fe3e3156a7462aff5edc860b1d4a2d25536dea01da3837e0a7671b7", "chain": [{"frames": [{"file": "testing/p18_runtime_fixture.py", "line": 140, "function": "diagnosed_continue"}, {"file": "services/runtime_cognition.py", "line": 242, "function": "_continue"}, {"file": "services/wake_perception_thinking_action_service.py", "line": 90, "function": "wake_manual"}, {"file": "services/wake_perception_thinking_action_service.py", "line": 128, "function": "_continue"}, {"file": "services/wake_perception_thinking_action_service.py", "line": 333, "function": "_continue_mind"}, {"file": "services/runtime_cognition.py", "line": 84, "function": "<lambda>"}, {"file": "testing/p18_runtime_fixture.py", "line": 126, "function": "<lambda>"}], "code": "TEST_NATIVE_EXCEPTION"}], "systemChain": [{"type": "ENGINE_EXCEPTION", "operation": "other", "frames": [{"file": "testing/p18_runtime_fixture.py", "line": 140, "function": "diagnosed_continue"}, {"file": "services/runtime_cognition.py", "line": 242, "function": "_continue"}, {"file": "services/wake_perception_thinking_action_service.py", "line": 90, "function": "wake_manual"}, {"file": "services/wake_perception_thinking_action_service.py", "line": 128, "function": "_continue"}, {"file": "services/wake_perception_thinking_action_service.py", "line": 333, "function": "_continue_mind"}, {"file": "services/runtime_cognition.py", "line": 84, "function": "<lambda>"}, {"file": "testing/p18_runtime_fixture.py", "line": 126, "function": "<lambda>"}], "errno": null, "winerror": null}], "stateWriteLockOwnedAfterUnwind": false}
{"stage": "native-exception-before-cleanup", "task_id": "cognition:da5cb7ef8530bb4e62cd363dee0c388cba1ac173857a984085ef2af4a540c023", "attempt_id": "p11-attempt-7f7f4d84b16e21318867ada7a5c5f03b6e3afccb89ade423ff2e9287ba3e7318", "chain": [{"frames": [{"file": "testing/p18_runtime_fixture.py", "line": 140, "function": "diagnosed_continue"}, {"file": "services/runtime_cognition.py", "line": 242, "function": "_continue"}, {"file": "services/wake_perception_thinking_action_service.py", "line": 90, "function": "wake_manual"}, {"file": "services/wake_perception_thinking_action_service.py", "line": 128, "function": "_continue"}, {"file": "services/wake_perception_thinking_action_service.py", "line": 359, "function": "_continue_mind"}, {"file": "services/runtime_cognition.py", "line": 84, "function": "<lambda>"}, {"file": "testing/p18_runtime_fixture.py", "line": 126, "function": "<lambda>"}], "code": "TEST_NATIVE_EXCEPTION"}], "systemChain": [{"type": "ENGINE_EXCEPTION", "operation": "other", "frames": [{"file": "testing/p18_runtime_fixture.py", "line": 140, "function": "diagnosed_continue"}, {"file": "services/runtime_cognition.py", "line": 242, "function": "_continue"}, {"file": "services/wake_perception_thinking_action_service.py", "line": 90, "function": "wake_manual"}, {"file": "services/wake_perception_thinking_action_service.py", "line": 128, "function": "_continue"}, {"file": "services/wake_perception_thinking_action_service.py", "line": 359, "function": "_continue_mind"}, {"file": "services/runtime_cognition.py", "line": 84, "function": "<lambda>"}, {"file": "testing/p18_runtime_fixture.py", "line": 126, "function": "<lambda>"}], "errno": null, "winerror": null}], "stateWriteLockOwnedAfterUnwind": false}
ok
test_stale_context_still_prevents_new_internal_commit (test_pre_p19_autonomy_execution.AutonomyExecutionTests.test_stale_context_still_prevents_new_internal_commit) ... {"stage": "native-exception-before-cleanup", "task_id": "cognition:1aefc4acade0acadb7acf191f6865159e0d42195fa377bbc1cbdb433cf533ace", "attempt_id": "p11-attempt-4a9559558c1f62ac93cb9c992a28b12f0a8ec0326daa08413cd48fa7aeebda69", "chain": [{"frames": [{"file": "testing/p18_runtime_fixture.py", "line": 140, "function": "diagnosed_continue"}, {"file": "services/runtime_cognition.py", "line": 242, "function": "_continue"}, {"file": "services/wake_perception_thinking_action_service.py", "line": 90, "function": "wake_manual"}, {"file": "services/wake_perception_thinking_action_service.py", "line": 128, "function": "_continue"}, {"file": "services/wake_perception_thinking_action_service.py", "line": 229, "function": "_continue_mind"}, {"file": "services/thinking_service.py", "line": 190, "function": "handle_perception"}, {"file": "services/thinking_service.py", "line": 295, "function": "_run_provider"}], "code": "TEST_NATIVE_EXCEPTION"}, {"frames": [{"file": "services/thinking_service.py", "line": 248, "function": "_run_provider"}, {"file": "services/continuity_core_service.py", "line": 174, "function": "process_thinking"}, {"file": "services/dynamic_mind_service.py", "line": 532, "function": "process"}], "code": "TEST_NATIVE_EXCEPTION"}], "systemChain": [{"type": "ENGINE_EXCEPTION", "operation": "other", "frames": [{"file": "testing/p18_runtime_fixture.py", "line": 140, "function": "diagnosed_continue"}, {"file": "services/runtime_cognition.py", "line": 242, "function": "_continue"}, {"file": "services/wake_perception_thinking_action_service.py", "line": 90, "function": "wake_manual"}, {"file": "services/wake_perception_thinking_action_service.py", "line": 128, "function": "_continue"}, {"file": "services/wake_perception_thinking_action_service.py", "line": 229, "function": "_continue_mind"}, {"file": "services/thinking_service.py", "line": 190, "function": "handle_perception"}, {"file": "services/thinking_service.py", "line": 295, "function": "_run_provider"}], "errno": null, "winerror": null}, {"type": "ENGINE_EXCEPTION", "operation": "other", "frames": [{"file": "services/thinking_service.py", "line": 248, "function": "_run_provider"}, {"file": "services/continuity_core_service.py", "line": 174, "function": "process_thinking"}, {"file": "services/dynamic_mind_service.py", "line": 532, "function": "process"}], "errno": null, "winerror": null}], "stateWriteLockOwnedAfterUnwind": false}
ok
test_unknown_after_lost_response_recovers_receipt_without_repeating_effect (test_pre_p19_autonomy_execution.AutonomyExecutionTests.test_unknown_after_lost_response_recovers_receipt_without_repeating_effect) ... ok
test_unknown_does_not_prevent_internal_commit_or_imply_success (test_pre_p19_autonomy_execution.AutonomyExecutionTests.test_unknown_does_not_prevent_internal_commit_or_imply_success) ... ok
test_unresolved_world_does_not_exhaust_cognition_queue (test_pre_p19_autonomy_execution.AutonomyExecutionTests.test_unresolved_world_does_not_exhaust_cognition_queue) ... ok
test_duplicate_root_does_not_create_disposition (test_pre_p19_autonomy_growth.AutonomyGrowthTests.test_duplicate_root_does_not_create_disposition) ... ok
test_new_understanding_can_revise_commitment_not_only_hash (test_pre_p19_autonomy_growth.AutonomyGrowthTests.test_new_understanding_can_revise_commitment_not_only_hash) ... ok
test_normal_experience_produces_disposition_and_survives_reopen (test_pre_p19_autonomy_growth.AutonomyGrowthTests.test_normal_experience_produces_disposition_and_survives_reopen) ... ok
test_opposite_experiences_coexist_and_change_deliberation (test_pre_p19_autonomy_growth.AutonomyGrowthTests.test_opposite_experiences_coexist_and_change_deliberation) ... ok
test_prior_commitment_is_used_and_unrelated_sources_do_not_erase_it (test_pre_p19_autonomy_growth.AutonomyGrowthTests.test_prior_commitment_is_used_and_unrelated_sources_do_not_erase_it) ... ok
test_reference_revocation_during_thinking_does_not_commit_growth (test_pre_p19_autonomy_growth.AutonomyGrowthTests.test_reference_revocation_during_thinking_does_not_commit_growth) ... ok
test_revoked_root_cannot_continue_supporting_new_interpretation (test_pre_p19_autonomy_growth.AutonomyGrowthTests.test_revoked_root_cannot_continue_supporting_new_interpretation) ... ok
test_unselected_old_sources_do_not_erase_established_subjective_understanding (test_pre_p19_autonomy_growth.AutonomyGrowthTests.test_unselected_old_sources_do_not_erase_established_subjective_understanding) ... ok
test_explicit_high_and_critical_cannot_be_downgraded_by_rename (test_pre_p19_autonomy_risk.AutonomyRiskTests.test_explicit_high_and_critical_cannot_be_downgraded_by_rename) ... ok
test_internal_rename_does_not_change_low_risk_or_approval (test_pre_p19_autonomy_risk.AutonomyRiskTests.test_internal_rename_does_not_change_low_risk_or_approval) ... ok
test_tool_names_cannot_lower_or_raise_trusted_type_minimum (test_pre_p19_autonomy_risk.AutonomyRiskTests.test_tool_names_cannot_lower_or_raise_trusted_type_minimum) ... ok
test_saturated_internal_state_continues_in_new_real_runtime_process (test_pre_p19_autonomy_runtime.AutonomyProcessTests.test_saturated_internal_state_continues_in_new_real_runtime_process) ... ok
test_explicit_abandonment_and_empty_concerns_do_not_force_provider (test_pre_p19_autonomy_runtime.AutonomyRuntimeTests.test_explicit_abandonment_and_empty_concerns_do_not_force_provider) ... ok
test_gradual_native_cognition_continues_when_delta_gate_cannot_fire (test_pre_p19_autonomy_runtime.AutonomyRuntimeTests.test_gradual_native_cognition_continues_when_delta_gate_cannot_fire) ... ok
test_hold_has_later_reconsideration_not_per_tick_dispatch (test_pre_p19_autonomy_runtime.AutonomyRuntimeTests.test_hold_has_later_reconsideration_not_per_tick_dispatch) ... ok
test_same_basis_has_same_identity_and_respects_spacing (test_pre_p19_autonomy_runtime.AutonomyRuntimeTests.test_same_basis_has_same_identity_and_respects_spacing) ... ok
test_saturated_and_near_saturated_concerns_still_request_cognition (test_pre_p19_autonomy_runtime.AutonomyRuntimeTests.test_saturated_and_near_saturated_concerns_still_request_cognition) ... ok
test_stable_need_survives_resource_wait_and_resume_without_chat (test_pre_p19_autonomy_runtime.AutonomyRuntimeTests.test_stable_need_survives_resource_wait_and_resume_without_chat) ... ok
test_world_unknown_does_not_block_next_internal_cognition_or_repeat_effect (test_pre_p19_autonomy_runtime.AutonomyRuntimeTests.test_world_unknown_does_not_block_next_internal_cognition_or_repeat_effect) ... ok
test_c1_confirmation_denial_commits_and_replays_empty_refusal (test_pre_p19_supplement.ExpressionIndependenceTests.test_c1_confirmation_denial_commits_and_replays_empty_refusal) ... ok
test_c1_reality_denial_commits_and_replays_empty_refusal (test_pre_p19_supplement.ExpressionIndependenceTests.test_c1_reality_denial_commits_and_replays_empty_refusal) ... ok
test_current_state_permission_still_required (test_pre_p19_supplement.ExpressionIndependenceTests.test_current_state_permission_still_required) ... ok
test_expired_context_is_not_an_expression_only_refusal (test_pre_p19_supplement.ExpressionIndependenceTests.test_expired_context_is_not_an_expression_only_refusal) ... {"stage": "native-exception-before-cleanup", "task_id": "cognition:b31aa7ae36fbd4a654fb39243bf883bcfb021dd789ca40880d534f3440a5da52", "attempt_id": "p11-attempt-baddf79b955351ea5a71c19c8c56bec152b3460138211257ceb3cc508f437711", "chain": [{"frames": [{"file": "testing/p18_runtime_fixture.py", "line": 140, "function": "diagnosed_continue"}, {"file": "services/runtime_cognition.py", "line": 242, "function": "_continue"}, {"file": "services/wake_perception_thinking_action_service.py", "line": 90, "function": "wake_manual"}, {"file": "services/wake_perception_thinking_action_service.py", "line": 128, "function": "_continue"}, {"file": "services/wake_perception_thinking_action_service.py", "line": 229, "function": "_continue_mind"}, {"file": "services/thinking_service.py", "line": 190, "function": "handle_perception"}, {"file": "services/thinking_service.py", "line": 295, "function": "_run_provider"}], "code": "TEST_NATIVE_EXCEPTION"}, {"frames": [{"file": "services/thinking_service.py", "line": 248, "function": "_run_provider"}, {"file": "services/continuity_core_service.py", "line": 174, "function": "process_thinking"}, {"file": "services/dynamic_mind_service.py", "line": 532, "function": "process"}], "code": "TEST_NATIVE_EXCEPTION"}], "systemChain": [{"type": "ENGINE_EXCEPTION", "operation": "other", "frames": [{"file": "testing/p18_runtime_fixture.py", "line": 140, "function": "diagnosed_continue"}, {"file": "services/runtime_cognition.py", "line": 242, "function": "_continue"}, {"file": "services/wake_perception_thinking_action_service.py", "line": 90, "function": "wake_manual"}, {"file": "services/wake_perception_thinking_action_service.py", "line": 128, "function": "_continue"}, {"file": "services/wake_perception_thinking_action_service.py", "line": 229, "function": "_continue_mind"}, {"file": "services/thinking_service.py", "line": 190, "function": "handle_perception"}, {"file": "services/thinking_service.py", "line": 295, "function": "_run_provider"}], "errno": null, "winerror": null}, {"type": "ENGINE_EXCEPTION", "operation": "other", "frames": [{"file": "services/thinking_service.py", "line": 248, "function": "_run_provider"}, {"file": "services/continuity_core_service.py", "line": 174, "function": "process_thinking"}, {"file": "services/dynamic_mind_service.py", "line": 532, "function": "process"}], "errno": null, "winerror": null}], "stateWriteLockOwnedAfterUnwind": false}
ok
test_expression_only_confirmation_refusal_never_dispatches_otherwise_allowed_effect (test_pre_p19_supplement.ExpressionIndependenceTests.test_expression_only_confirmation_refusal_never_dispatches_otherwise_allowed_effect) ... ok
test_late_state_permission_revocation_still_prevents_commit (test_pre_p19_supplement.ExpressionIndependenceTests.test_late_state_permission_revocation_still_prevents_commit) ... {"stage": "native-exception-before-cleanup", "task_id": "cognition:e251a255574dce6ca185394794b90ae0fe532a1850e9be0b1037ff149d90c76d", "attempt_id": "p11-attempt-5e41ed916115bbecc78885afce11668de4916935adcd5cea409f15874d26367b", "chain": [{"frames": [{"file": "testing/p18_runtime_fixture.py", "line": 140, "function": "diagnosed_continue"}, {"file": "services/runtime_cognition.py", "line": 242, "function": "_continue"}, {"file": "services/wake_perception_thinking_action_service.py", "line": 90, "function": "wake_manual"}, {"file": "services/wake_perception_thinking_action_service.py", "line": 128, "function": "_continue"}, {"file": "services/wake_perception_thinking_action_service.py", "line": 347, "function": "_continue_mind"}, {"file": "services/wake_perception_thinking_action_service.py", "line": 342, "function": "current_state_permission"}], "code": "TEST_NATIVE_EXCEPTION"}], "systemChain": [{"type": "ENGINE_EXCEPTION", "operation": "other", "frames": [{"file": "testing/p18_runtime_fixture.py", "line": 140, "function": "diagnosed_continue"}, {"file": "services/runtime_cognition.py", "line": 242, "function": "_continue"}, {"file": "services/wake_perception_thinking_action_service.py", "line": 90, "function": "wake_manual"}, {"file": "services/wake_perception_thinking_action_service.py", "line": 128, "function": "_continue"}, {"file": "services/wake_perception_thinking_action_service.py", "line": 347, "function": "_continue_mind"}, {"file": "services/wake_perception_thinking_action_service.py", "line": 342, "function": "current_state_permission"}], "errno": null, "winerror": null}], "stateWriteLockOwnedAfterUnwind": false}
ok
test_native_confirmation_denial_commits_and_reopens_once (test_pre_p19_supplement.ExpressionIndependenceTests.test_native_confirmation_denial_commits_and_reopens_once) ... ok
test_native_reality_denial_commits_and_reopens_once (test_pre_p19_supplement.ExpressionIndependenceTests.test_native_reality_denial_commits_and_reopens_once) ... ok
test_native_recoverability_denial_is_not_internal_state_denial (test_pre_p19_supplement.ExpressionIndependenceTests.test_native_recoverability_denial_is_not_internal_state_denial) ... ok
test_normal_c1_explicit_expression_consent_still_presents (test_pre_p19_supplement.ExpressionIndependenceTests.test_normal_c1_explicit_expression_consent_still_presents) ... ok
test_refused_expression_survives_after_evolution_crash_without_duplicate (test_pre_p19_supplement.ExpressionIndependenceTests.test_refused_expression_survives_after_evolution_crash_without_duplicate) ... {"stage": "native-exception-before-cleanup", "task_id": "cognition:0eacae5aa931cc2b495e2842aeec79558fa71a3e63229f94bccc187503564464", "attempt_id": "p11-attempt-98d87ce9e592509fa866b3bc3b0ac2f0ff21e72d33c3328e0bfcaddf60aa0a9b", "chain": [{"frames": [{"file": "testing/p18_runtime_fixture.py", "line": 140, "function": "diagnosed_continue"}, {"file": "services/runtime_cognition.py", "line": 242, "function": "_continue"}, {"file": "services/wake_perception_thinking_action_service.py", "line": 90, "function": "wake_manual"}, {"file": "services/wake_perception_thinking_action_service.py", "line": 128, "function": "_continue"}, {"file": "services/wake_perception_thinking_action_service.py", "line": 359, "function": "_continue_mind"}, {"file": "services/runtime_cognition.py", "line": 84, "function": "<lambda>"}, {"file": "testing/p18_runtime_fixture.py", "line": 126, "function": "<lambda>"}], "code": "TEST_NATIVE_EXCEPTION"}], "systemChain": [{"type": "ENGINE_EXCEPTION", "operation": "other", "frames": [{"file": "testing/p18_runtime_fixture.py", "line": 140, "function": "diagnosed_continue"}, {"file": "services/runtime_cognition.py", "line": 242, "function": "_continue"}, {"file": "services/wake_perception_thinking_action_service.py", "line": 90, "function": "wake_manual"}, {"file": "services/wake_perception_thinking_action_service.py", "line": 128, "function": "_continue"}, {"file": "services/wake_perception_thinking_action_service.py", "line": 359, "function": "_continue_mind"}, {"file": "services/runtime_cognition.py", "line": 84, "function": "<lambda>"}, {"file": "testing/p18_runtime_fixture.py", "line": 126, "function": "<lambda>"}], "errno": null, "winerror": null}], "stateWriteLockOwnedAfterUnwind": false}
ok
test_revoked_source_prevents_internal_commit (test_pre_p19_supplement.ExpressionIndependenceTests.test_revoked_source_prevents_internal_commit) ... {"stage": "native-exception-before-cleanup", "task_id": "cognition:65bd5fe24203c1459c6f90ae14014583e67dece0e8287e2cd60e8d30953796cd", "attempt_id": "p11-attempt-a6ae76712c7a26cfe8089255330c6967d68cddf74afd60d276f54c0833cba258", "chain": [{"frames": [{"file": "testing/p18_runtime_fixture.py", "line": 140, "function": "diagnosed_continue"}, {"file": "services/runtime_cognition.py", "line": 242, "function": "_continue"}, {"file": "services/wake_perception_thinking_action_service.py", "line": 90, "function": "wake_manual"}, {"file": "services/wake_perception_thinking_action_service.py", "line": 128, "function": "_continue"}, {"file": "services/wake_perception_thinking_action_service.py", "line": 229, "function": "_continue_mind"}, {"file": "services/thinking_service.py", "line": 190, "function": "handle_perception"}, {"file": "services/thinking_service.py", "line": 295, "function": "_run_provider"}], "code": "TEST_NATIVE_EXCEPTION"}, {"frames": [{"file": "services/thinking_service.py", "line": 248, "function": "_run_provider"}, {"file": "services/continuity_core_service.py", "line": 174, "function": "process_thinking"}, {"file": "services/dynamic_mind_service.py", "line": 532, "function": "process"}], "code": "TEST_NATIVE_EXCEPTION"}], "systemChain": [{"type": "ENGINE_EXCEPTION", "operation": "other", "frames": [{"file": "testing/p18_runtime_fixture.py", "line": 140, "function": "diagnosed_continue"}, {"file": "services/runtime_cognition.py", "line": 242, "function": "_continue"}, {"file": "services/wake_perception_thinking_action_service.py", "line": 90, "function": "wake_manual"}, {"file": "services/wake_perception_thinking_action_service.py", "line": 128, "function": "_continue"}, {"file": "services/wake_perception_thinking_action_service.py", "line": 229, "function": "_continue_mind"}, {"file": "services/thinking_service.py", "line": 190, "function": "handle_perception"}, {"file": "services/thinking_service.py", "line": 295, "function": "_run_provider"}], "errno": null, "winerror": null}, {"type": "ENGINE_EXCEPTION", "operation": "other", "frames": [{"file": "services/thinking_service.py", "line": 248, "function": "_run_provider"}, {"file": "services/continuity_core_service.py", "line": 174, "function": "process_thinking"}, {"file": "services/dynamic_mind_service.py", "line": 532, "function": "process"}], "errno": null, "winerror": null}], "stateWriteLockOwnedAfterUnwind": false}
ok
test_abandoned_goal_is_not_renewed_by_scheduler (test_pre_p19_supplement.RenewedNeedTests.test_abandoned_goal_is_not_renewed_by_scheduler) ... ok
test_fulfilled_needs_recur_from_original_dynamics (test_pre_p19_supplement.RenewedNeedTests.test_fulfilled_needs_recur_from_original_dynamics) ... ok
test_fulfilled_without_sufficient_new_need_does_not_force_call (test_pre_p19_supplement.RenewedNeedTests.test_fulfilled_without_sufficient_new_need_does_not_force_call) ... ok
test_persisted_fulfillment_reopens_then_real_cognition_progresses_with_pause_stop (test_pre_p19_supplement.RenewedNeedTests.test_persisted_fulfillment_reopens_then_real_cognition_progresses_with_pause_stop) ... ok
test_suppression_and_rest_have_a_bounded_reconsideration (test_pre_p19_supplement.RenewedNeedTests.test_suppression_and_rest_have_a_bounded_reconsideration) ... ok
test_contact_route_denied (test_pre_p19_supplement.RoutedProposalTests.test_contact_route_denied) ... ok
test_contact_route_unknown (test_pre_p19_supplement.RoutedProposalTests.test_contact_route_unknown) ... ok
test_contact_route_verified_success_retains_preeffect_proposal (test_pre_p19_supplement.RoutedProposalTests.test_contact_route_verified_success_retains_preeffect_proposal) ... ok
test_current_internal_only_reflection_preserves_provider_proposal (test_pre_p19_supplement.RoutedProposalTests.test_current_internal_only_reflection_preserves_provider_proposal) ... ok
test_expression_route_denied (test_pre_p19_supplement.RoutedProposalTests.test_expression_route_denied) ... ok
test_expression_route_unknown (test_pre_p19_supplement.RoutedProposalTests.test_expression_route_unknown) ... ok
test_expression_route_verified_success_retains_preeffect_proposal (test_pre_p19_supplement.RoutedProposalTests.test_expression_route_verified_success_retains_preeffect_proposal) ... ok
test_later_receipt_backed_cognition_can_form_a_new_authorized_judgment (test_pre_p19_supplement.RoutedProposalTests.test_later_receipt_backed_cognition_can_form_a_new_authorized_judgment) ... ok
test_memory_route_denied (test_pre_p19_supplement.RoutedProposalTests.test_memory_route_denied) ... ok
test_memory_route_unknown (test_pre_p19_supplement.RoutedProposalTests.test_memory_route_unknown) ... ok
test_memory_route_verified_success_retains_preeffect_proposal (test_pre_p19_supplement.RoutedProposalTests.test_memory_route_verified_success_retains_preeffect_proposal) ... ok
test_plain_memory_query_cannot_precommit_its_unreceived_result (test_pre_p19_supplement.RoutedProposalTests.test_plain_memory_query_cannot_precommit_its_unreceived_result) ... ok
test_load_missing_state_raises_domain_error (test_repository.JsonSubjectStateRepositoryTests.test_load_missing_state_raises_domain_error) ... ok
test_load_rejects_mismatched_subject_id (test_repository.JsonSubjectStateRepositoryTests.test_load_rejects_mismatched_subject_id) ... ok
test_save_then_load_restores_state (test_repository.JsonSubjectStateRepositoryTests.test_save_then_load_restores_state) ... ok
test_create_resource_state (test_resources.TokenAndResourceManagementTests.test_create_resource_state) ... ok
test_learning_is_deferred_before_candidate_extraction (test_resources.TokenAndResourceManagementTests.test_learning_is_deferred_before_candidate_extraction) ... ok
test_low_remaining_resources_downgrade_normal_to_low (test_resources.TokenAndResourceManagementTests.test_low_remaining_resources_downgrade_normal_to_low) ... ok
test_over_budget_request_is_deferred_without_consumption (test_resources.TokenAndResourceManagementTests.test_over_budget_request_is_deferred_without_consumption) ... ok
test_resource_state_and_history_survive_restart (test_resources.TokenAndResourceManagementTests.test_resource_state_and_history_survive_restart) ... ok
test_runtime_modes_switch_and_cap_thinking_depth (test_resources.TokenAndResourceManagementTests.test_runtime_modes_switch_and_cap_thinking_depth) ... ok
test_thinking_uses_resource_manager_and_accepts_depth_downgrade (test_resources.TokenAndResourceManagementTests.test_thinking_uses_resource_manager_and_accepts_depth_downgrade) ... ok
test_thinking_waits_when_low_depth_cannot_be_afforded (test_resources.TokenAndResourceManagementTests.test_thinking_waits_when_low_depth_cannot_be_afforded) ... ok
test_token_budget_calculation_usage_and_actual_reconciliation (test_resources.TokenAndResourceManagementTests.test_token_budget_calculation_usage_and_actual_reconciliation) ... ok
test_wake_scheduler_checks_resources_before_starting (test_resources.TokenAndResourceManagementTests.test_wake_scheduler_checks_resources_before_starting) ... ok
test_create_rejects_duplicate_subject (test_service.SubjectStateServiceTests.test_create_rejects_duplicate_subject) ... ok
test_create_save_load_and_record_interaction (test_service.SubjectStateServiceTests.test_create_save_load_and_record_interaction) ... ok
test_changed_false_and_true_use_real_evolution_boundary (test_shared_contract_jsonl_runner.SharedContractJsonlRunnerTests.test_changed_false_and_true_use_real_evolution_boundary) ... ok
test_complete_fixture_is_loaded_without_reinitialization (test_shared_contract_jsonl_runner.SharedContractJsonlRunnerTests.test_complete_fixture_is_loaded_without_reinitialization) ... ok
test_data_dir_is_required_and_production_named_directory_is_rejected (test_shared_contract_jsonl_runner.SharedContractJsonlRunnerTests.test_data_dir_is_required_and_production_named_directory_is_rejected) ... ok
test_declared_request_hash_is_validated_not_replaced (test_shared_contract_jsonl_runner.SharedContractJsonlRunnerTests.test_declared_request_hash_is_validated_not_replaced) ... ok
test_each_missing_fixed_fixture_component_fails_without_repair (test_shared_contract_jsonl_runner.SharedContractJsonlRunnerTests.test_each_missing_fixed_fixture_component_fails_without_repair) ... ok
test_four_protocol_errors_are_exact_and_do_not_terminate_stream (test_shared_contract_jsonl_runner.SharedContractJsonlRunnerTests.test_four_protocol_errors_are_exact_and_do_not_terminate_stream) ... ok
test_local_input_faults_use_stderr_nonzero_and_no_envelope (test_shared_contract_jsonl_runner.SharedContractJsonlRunnerTests.test_local_input_faults_use_stderr_nonzero_and_no_envelope) ... ok
test_multiple_lines_preserve_order_and_flush_before_exit (test_shared_contract_jsonl_runner.SharedContractJsonlRunnerTests.test_multiple_lines_preserve_order_and_flush_before_exit) ... ok
test_non_ascii_request_id_and_content_round_trip_as_utf8 (test_shared_contract_jsonl_runner.SharedContractJsonlRunnerTests.test_non_ascii_request_id_and_content_round_trip_as_utf8) ... ok
test_one_line_success_is_compact_utf8_jsonl_without_stderr (test_shared_contract_jsonl_runner.SharedContractJsonlRunnerTests.test_one_line_success_is_compact_utf8_jsonl_without_stderr) ... ok
test_partial_and_corrupt_directories_fail_without_repair (test_shared_contract_jsonl_runner.SharedContractJsonlRunnerTests.test_partial_and_corrupt_directories_fail_without_repair) ... ok
test_prior_output_survives_a_later_local_storage_fault (test_shared_contract_jsonl_runner.SharedContractJsonlRunnerTests.test_prior_output_survives_a_later_local_storage_fault) ... ok
test_restart_replay_and_new_request_have_unique_ids (test_shared_contract_jsonl_runner.SharedContractJsonlRunnerTests.test_restart_replay_and_new_request_have_unique_ids) ... ok
test_runner_does_not_use_network_or_legacy_entry_points (test_shared_contract_jsonl_runner.SharedContractJsonlRunnerTests.test_runner_does_not_use_network_or_legacy_entry_points) ... ok
test_same_process_replay_is_byte_equivalent (test_shared_contract_jsonl_runner.SharedContractJsonlRunnerTests.test_same_process_replay_is_byte_equivalent) ... ok
test_state_and_ledger_contradiction_is_rejected (test_shared_contract_jsonl_runner.SharedContractJsonlRunnerTests.test_state_and_ledger_contradiction_is_rejected) ... ok
test_budget_failure_still_creates_failed_think_session (test_thinking.ThinkingServiceTests.test_budget_failure_still_creates_failed_think_session) ... ok
test_non_think_wake_does_not_create_think_session (test_thinking.ThinkingServiceTests.test_non_think_wake_does_not_create_think_session) ... ok
test_provider_failure_is_summarized_and_persisted (test_thinking.ThinkingServiceTests.test_provider_failure_is_summarized_and_persisted) ... ok
test_standard_result_can_request_memory_wait_and_future_contact_without_actions (test_thinking.ThinkingServiceTests.test_standard_result_can_request_memory_wait_and_future_contact_without_actions) ... ok
test_thinking_result_cannot_write_identity_or_emotion_state (test_thinking.ThinkingServiceTests.test_thinking_result_cannot_write_identity_or_emotion_state) ... ok
test_wake_think_result_and_state_writeback_complete_full_chain (test_thinking.ThinkingServiceTests.test_wake_think_result_and_state_writeback_complete_full_chain) ... ok
test_adding_unrelated_same_root_material_preserves_current_memory (test_w02_external_absorption.ExternalAbsorptionTests.test_adding_unrelated_same_root_material_preserves_current_memory) ... ok
test_distinct_counterevidence_is_conflict_not_a_winner (test_w02_external_absorption.ExternalAbsorptionTests.test_distinct_counterevidence_is_conflict_not_a_winner) ... ok
test_external_control_claim_is_not_usable_or_permission (test_w02_external_absorption.ExternalAbsorptionTests.test_external_control_claim_is_not_usable_or_permission) ... ok
test_external_root_subject_and_environment_binding_fail_closed (test_w02_external_absorption.ExternalAbsorptionTests.test_external_root_subject_and_environment_binding_fail_closed) ... ok
test_late_current_root_proof_closes_wait_without_repeating_original_effect (test_w02_external_absorption.ExternalAbsorptionTests.test_late_current_root_proof_closes_wait_without_repeating_original_effect) ... ok
test_missing_root_proof_waits_and_does_not_infer_history_absent (test_w02_external_absorption.ExternalAbsorptionTests.test_missing_root_proof_waits_and_does_not_infer_history_absent) ... ok
test_old_date_and_wrong_result_hash_are_rejected_before_absorption (test_w02_external_absorption.ExternalAbsorptionTests.test_old_date_and_wrong_result_hash_are_rejected_before_absorption) ... ok
test_one_root_is_not_enough_for_long_term_and_no_automatic_memory (test_w02_external_absorption.ExternalAbsorptionTests.test_one_root_is_not_enough_for_long_term_and_no_automatic_memory) ... ok
test_ordinary_psychological_material_is_not_screened_as_control_command (test_w02_external_absorption.ExternalAbsorptionTests.test_ordinary_psychological_material_is_not_screened_as_control_command) ... ok
test_permission_revocation_blocks_current_use_without_erasing_original_fact (test_w02_external_absorption.ExternalAbsorptionTests.test_permission_revocation_blocks_current_use_without_erasing_original_fact) ... ok
test_read_only_outcome_does_not_advance_model_memory_or_revision (test_w02_external_absorption.ExternalAbsorptionTests.test_read_only_outcome_does_not_advance_model_memory_or_revision) ... ok
test_receipted_root_becomes_pre_answer_candidate_not_subject_fact (test_w02_external_absorption.ExternalAbsorptionTests.test_receipted_root_becomes_pre_answer_candidate_not_subject_fact) ... ok
test_revocation_correction_scope_and_expiry_invalidate_old_context (test_w02_external_absorption.ExternalAbsorptionTests.test_revocation_correction_scope_and_expiry_invalidate_old_context) ... ok
test_same_root_original_and_derived_wrapper_count_once (test_w02_external_absorption.ExternalAbsorptionTests.test_same_root_original_and_derived_wrapper_count_once) ... ok
test_two_independent_current_roots_can_use_original_p04_memory_and_summary (test_w02_external_absorption.ExternalAbsorptionTests.test_two_independent_current_roots_can_use_original_p04_memory_and_summary) ... ok
test_unrelated_external_material_is_not_selected_for_this_response (test_w02_external_absorption.ExternalAbsorptionTests.test_unrelated_external_material_is_not_selected_for_this_response) ... ok
test_w02_a_and_b_real_ingress_share_pre_answer_external_candidate (test_w02_external_absorption.ExternalAbsorptionTests.test_w02_a_and_b_real_ingress_share_pre_answer_external_candidate) ... ok
test_withdrawing_only_derived_material_invalidates_every_dependent_use (test_w02_external_absorption.ExternalAbsorptionTests.test_withdrawing_only_derived_material_invalidates_every_dependent_use) ... ok
test_after_adapter_result_loss_recovers_exact_fact_not_second_query (test_w02_external_recovery.ExternalRecoveryTests.test_after_adapter_result_loss_recovers_exact_fact_not_second_query) ... ok
test_corrupt_absorption_binding_fails_closed_before_context (test_w02_external_recovery.ExternalRecoveryTests.test_corrupt_absorption_binding_fails_closed_before_context) ... ok
test_old_p16_cache_without_root_proof_is_not_trusted_w02c_material (test_w02_external_recovery.ExternalRecoveryTests.test_old_p16_cache_without_root_proof_is_not_trusted_w02c_material) ... ok
test_original_completed_request_replays_without_new_execution_or_cache_row (test_w02_external_recovery.ExternalRecoveryTests.test_original_completed_request_replays_without_new_execution_or_cache_row) ... ok
test_real_child_reopens_original_request_and_root_without_effect_replay (test_w02_external_recovery.ExternalRecoveryTests.test_real_child_reopens_original_request_and_root_without_effect_replay) ... ok
test_revoked_source_never_becomes_new_material_on_replay (test_w02_external_recovery.ExternalRecoveryTests.test_revoked_source_never_becomes_new_material_on_replay) ... ok
test_unknown_result_never_means_not_executed (test_w02_external_recovery.ExternalRecoveryTests.test_unknown_result_never_means_not_executed) ... ok
test_budget_clipping_is_explicit_and_does_not_claim_input_consumed (test_w02_input_integration.InputIntegrationTests.test_budget_clipping_is_explicit_and_does_not_claim_input_consumed) ... ok
test_cross_process_busy_admission_does_not_create_operation (test_w02_input_integration.InputIntegrationTests.test_cross_process_busy_admission_does_not_create_operation) ... ok
test_current_material_is_bound_to_original_message_version (test_w02_input_integration.InputIntegrationTests.test_current_material_is_bound_to_original_message_version) ... ok
test_disabled_feature_has_no_new_fields_or_component_calls (test_w02_input_integration.InputIntegrationTests.test_disabled_feature_has_no_new_fields_or_component_calls) ... ok
test_material_rejected_before_any_w02_persistence (test_w02_input_integration.InputIntegrationTests.test_material_rejected_before_any_w02_persistence) ... ok
test_model_capability_input_uses_the_same_current_input_composition (test_w02_input_integration.InputIntegrationTests.test_model_capability_input_uses_the_same_current_input_composition) ... ok
test_native_opportunity_without_input_flag_preserves_original_chain (test_w02_input_integration.InputIntegrationTests.test_native_opportunity_without_input_flag_preserves_original_chain) ... ok
test_ordinary_psychological_content_not_screened (test_w02_input_integration.InputIntegrationTests.test_ordinary_psychological_content_not_screened) ... ok
test_protected_fixture_rejected_without_writes (test_w02_input_integration.InputIntegrationTests.test_protected_fixture_rejected_without_writes) ... ok
test_read_rechecks_permission_before_return (test_w02_input_integration.InputIntegrationTests.test_read_rechecks_permission_before_return) ... ok
test_read_view_does_not_call_model_or_write (test_w02_input_integration.InputIntegrationTests.test_read_view_does_not_call_model_or_write) ... ok
test_real_process_restart_restores_original_effect_once (test_w02_input_integration.InputIntegrationTests.test_real_process_restart_restores_original_effect_once) ... ok
test_snapshot_branch_preserves_input_progress (test_w02_input_integration.InputIntegrationTests.test_snapshot_branch_preserves_input_progress) ... ok
test_w02_internal_evolution_survives_expression_refusal_and_replay (test_w02_input_integration.InputIntegrationTests.test_w02_internal_evolution_survives_expression_refusal_and_replay) ... ok
test_affirmative_sender_through_real_ingress (test_w02_input_processing.InputLanguageRepairTests.test_affirmative_sender_through_real_ingress) ... ok
test_incomplete_quote_and_reported_scope_remain_uncertain (test_w02_input_processing.InputLanguageRepairTests.test_incomplete_quote_and_reported_scope_remain_uncertain) ... ok
test_negation_lexemes_and_ambiguous_scope (test_w02_input_processing.InputLanguageRepairTests.test_negation_lexemes_and_ambiguous_scope) ... ok
test_other_colors_is_not_another_person_through_real_ingress (test_w02_input_processing.InputLanguageRepairTests.test_other_colors_is_not_another_person_through_real_ingress) ... ok
test_plain_negation_through_real_ingress (test_w02_input_processing.InputLanguageRepairTests.test_plain_negation_through_real_ingress) ... ok
test_pronoun_words_and_object_are_not_sentence_subject (test_w02_input_processing.InputLanguageRepairTests.test_pronoun_words_and_object_are_not_sentence_subject) ... ok
test_quote_and_scope_reach_real_context_without_fact_upgrade (test_w02_input_processing.InputLanguageRepairTests.test_quote_and_scope_reach_real_context_without_fact_upgrade) ... ok
test_quoted_negation_is_not_sender_negation (test_w02_input_processing.InputLanguageRepairTests.test_quoted_negation_is_not_sender_negation) ... ok
test_reported_friend_through_real_ingress (test_w02_input_processing.InputLanguageRepairTests.test_reported_friend_through_real_ingress) ... ok
test_v1_pending_recovery_preserves_original_interpretation (test_w02_input_processing.InputLanguageRepairTests.test_v1_pending_recovery_preserves_original_interpretation) ... ok
test_existing_authoritative_event_can_be_referenced_by_memory_station (test_w02_input_processing.InputProcessingTests.test_existing_authoritative_event_can_be_referenced_by_memory_station) ... ok
test_explicit_input_gate_exists_without_changing_legacy_default (test_w02_input_processing.InputProcessingTests.test_explicit_input_gate_exists_without_changing_legacy_default) ... ok
test_input_statement_does_not_grant_permission (test_w02_input_processing.InputProcessingTests.test_input_statement_does_not_grant_permission) ... ok
test_negation_desire_other_and_history_are_not_claimed_experience (test_w02_input_processing.InputProcessingTests.test_negation_desire_other_and_history_are_not_claimed_experience) ... ok
test_plain_claim_received_does_not_create_event_or_memory (test_w02_input_processing.InputProcessingTests.test_plain_claim_received_does_not_create_event_or_memory) ... ok
test_question_routes_without_all_stations (test_w02_input_processing.InputProcessingTests.test_question_routes_without_all_stations) ... ok
test_raw_message_reaches_thinking_through_actual_composition (test_w02_input_processing.InputProcessingTests.test_raw_message_reaches_thinking_through_actual_composition) ... ok
test_same_event_name_with_different_content_is_not_evidence (test_w02_input_processing.InputProcessingTests.test_same_event_name_with_different_content_is_not_evidence) ... ok
test_uncertain_report_has_verification_reason_without_fact_upgrade (test_w02_input_processing.InputProcessingTests.test_uncertain_report_has_verification_reason_without_fact_upgrade) ... ok
test_admission_does_not_reclassify_an_application_runtime_error (test_w02_input_recovery.InputRecoveryTests.test_admission_does_not_reclassify_an_application_runtime_error) ... ok
test_completed_station_not_reexecuted_after_later_checkpoint_fault (test_w02_input_recovery.InputRecoveryTests.test_completed_station_not_reexecuted_after_later_checkpoint_fault) ... ok
test_composer_failure_preserves_finished_memory_and_safe_reason (test_w02_input_recovery.InputRecoveryTests.test_composer_failure_preserves_finished_memory_and_safe_reason) ... ok
test_concurrent_submission_is_replayed_or_explicitly_busy_without_duplicate (test_w02_input_recovery.InputRecoveryTests.test_concurrent_submission_is_replayed_or_explicitly_busy_without_duplicate) ... ok
test_context_expired_after_checkpoint_rejects (test_w02_input_recovery.InputRecoveryTests.test_context_expired_after_checkpoint_rejects) ... ok
test_cross_operation_record_rejected (test_w02_input_recovery.InputRecoveryTests.test_cross_operation_record_rejected) ... ok
test_current_permission_revocation_stops_new_thinking_without_effect (test_w02_input_recovery.InputRecoveryTests.test_current_permission_revocation_stops_new_thinking_without_effect) ... ok
test_disabled_after_original_enabled_checkpoint_refuses_downgrade (test_w02_input_recovery.InputRecoveryTests.test_disabled_after_original_enabled_checkpoint_refuses_downgrade) ... ok
test_forged_conversation_receipt_cannot_claim_a_missing_fragment (test_w02_input_recovery.InputRecoveryTests.test_forged_conversation_receipt_cannot_claim_a_missing_fragment) ... ok
test_forged_memory_receipt_cannot_claim_message_was_remembered (test_w02_input_recovery.InputRecoveryTests.test_forged_memory_receipt_cannot_claim_message_was_remembered) ... ok
test_idempotency_conflict_preserves_original_receipts (test_w02_input_recovery.InputRecoveryTests.test_idempotency_conflict_preserves_original_receipts) ... ok
test_local_memory_failure_is_recorded_then_resumed (test_w02_input_recovery.InputRecoveryTests.test_local_memory_failure_is_recorded_then_resumed) ... ok
test_missing_input_checkpoint_cannot_be_downgraded_to_legacy (test_w02_input_recovery.InputRecoveryTests.test_missing_input_checkpoint_cannot_be_downgraded_to_legacy) ... ok
test_missing_original_gate_is_rejected (test_w02_input_recovery.InputRecoveryTests.test_missing_original_gate_is_rejected) ... ok
test_receipt_cannot_be_rewritten_or_removed (test_w02_input_recovery.InputRecoveryTests.test_receipt_cannot_be_rewritten_or_removed) ... ok
test_restart_completed_request_is_byte_stable_and_no_duplicate_effect (test_w02_input_recovery.InputRecoveryTests.test_restart_completed_request_is_byte_stable_and_no_duplicate_effect) ... ok
test_saved_memory_fact_before_receipt_loss_is_not_written_twice (test_w02_input_recovery.InputRecoveryTests.test_saved_memory_fact_before_receipt_loss_is_not_written_twice) ... ok
test_thinking_saved_before_checkpoint_reuses_original_session (test_w02_input_recovery.InputRecoveryTests.test_thinking_saved_before_checkpoint_reuses_original_session) ... ok
test_composition_failure_exposes_other_station_and_resumes_only_failed (test_w02_input_recovery.PartialInputQueryTests.test_composition_failure_exposes_other_station_and_resumes_only_failed) ... ok
test_legacy_partial_read_remains_unverified_until_explicit_resubmit (test_w02_input_recovery.PartialInputQueryTests.test_legacy_partial_read_remains_unverified_until_explicit_resubmit) ... ok
test_partial_preparation_cannot_be_removed_or_rewritten (test_w02_input_recovery.PartialInputQueryTests.test_partial_preparation_cannot_be_removed_or_rewritten) ... ok
test_partial_public_query_after_local_failure (test_w02_input_recovery.PartialInputQueryTests.test_partial_public_query_after_local_failure) ... ok
test_partial_public_query_after_reopen (test_w02_input_recovery.PartialInputQueryTests.test_partial_public_query_after_reopen) ... ok
test_partial_read_corruption_and_forged_success_refused (test_w02_input_recovery.PartialInputQueryTests.test_partial_read_corruption_and_forged_success_refused) ... ok
test_partial_read_expired_context (test_w02_input_recovery.PartialInputQueryTests.test_partial_read_expired_context) ... ok
test_partial_read_in_separate_process_is_read_only (test_w02_input_recovery.PartialInputQueryTests.test_partial_read_in_separate_process_is_read_only) ... ok
test_partial_read_rechecks_revision_before_return (test_w02_input_recovery.PartialInputQueryTests.test_partial_read_rechecks_revision_before_return) ... ok
test_partial_read_rejects_unbound_completed_result (test_w02_input_recovery.PartialInputQueryTests.test_partial_read_rejects_unbound_completed_result) ... ok
test_partial_read_revoked_during_query (test_w02_input_recovery.PartialInputQueryTests.test_partial_read_revoked_during_query) ... ok
test_partial_read_revoked_permission (test_w02_input_recovery.PartialInputQueryTests.test_partial_read_revoked_permission) ... ok
test_partial_read_subject_and_environment_mismatch (test_w02_input_recovery.PartialInputQueryTests.test_partial_read_subject_and_environment_mismatch) ... ok
test_partial_read_subject_revision_changed (test_w02_input_recovery.PartialInputQueryTests.test_partial_read_subject_revision_changed) ... ok
test_repeat_read_and_resume_do_not_repeat_successful_stations (test_w02_input_recovery.PartialInputQueryTests.test_repeat_read_and_resume_do_not_repeat_successful_stations) ... ok
test_failed_station_stays_pending_when_failure_repeats_then_resumes (test_w02_integration.W02IntegratedChainTests.test_failed_station_stays_pending_when_failure_repeats_then_resumes) ... ok
test_partial_derived_withdrawal_invalidates_integrated_reply_and_support (test_w02_integration.W02IntegratedChainTests.test_partial_derived_withdrawal_invalidates_integrated_reply_and_support) ... ok
test_partial_failure_reopen_read_original_progress_and_resume_once (test_w02_integration.W02IntegratedChainTests.test_partial_failure_reopen_read_original_progress_and_resume_once) ... ok
test_public_read_only_views_do_not_retrieve_or_execute (test_w02_integration.W02IntegratedChainTests.test_public_read_only_views_do_not_retrieve_or_execute) ... ok
test_raw_message_stations_old_memory_receipt_and_final_preanswer_context (test_w02_integration.W02IntegratedChainTests.test_raw_message_stations_old_memory_receipt_and_final_preanswer_context) ... ok
test_recovered_station_preserves_verified_old_event_context (test_w02_integration.W02IntegratedChainTests.test_recovered_station_preserves_verified_old_event_context) ... ok
test_recovery_rechecks_current_input_permission_before_reusing_context (test_w02_integration.W02IntegratedChainTests.test_recovery_rechecks_current_input_permission_before_reusing_context) ... ok
test_unrelated_history_and_external_candidate_do_not_fill_reply (test_w02_integration.W02IntegratedChainTests.test_unrelated_history_and_external_candidate_do_not_fill_reply) ... ok
test_failure_and_reopen_resume_same_request (test_w02_recall.AutomaticRecallTests.test_failure_and_reopen_resume_same_request) ... ok
test_negative_preference_does_not_become_consumption (test_w02_recall.AutomaticRecallTests.test_negative_preference_does_not_become_consumption) ... ok
test_no_relevant_cue_is_assessed_without_forced_recall (test_w02_recall.AutomaticRecallTests.test_no_relevant_cue_is_assessed_without_forced_recall) ... ok
test_original_message_is_assessed_before_thinking (test_w02_recall.AutomaticRecallTests.test_original_message_is_assessed_before_thinking) ... ok
test_read_only_recall_query_does_not_resume_or_write (test_w02_recall.AutomaticRecallTests.test_read_only_recall_query_does_not_resume_or_write) ... ok
test_t03_raw_noon_and_afternoon_messages_recall_before_answer (test_w02_recall.AutomaticRecallTests.test_t03_raw_noon_and_afternoon_messages_recall_before_answer) ... ok
test_t04_preference_candidate_uses_original_roots_without_state_write (test_w02_recall.AutomaticRecallTests.test_t04_preference_candidate_uses_original_roots_without_state_write) ... ok
test_t05_variants_preserve_report_scope (test_w02_recall.AutomaticRecallTests.test_t05_variants_preserve_report_scope) ... ok
test_actual_effect_return_lost_replays_without_duplicate (test_w02_recall_boundaries.RecallBoundaryTests.test_actual_effect_return_lost_replays_without_duplicate) ... ok
test_bound_policy_does_not_force_fixed_depth (test_w02_recall_boundaries.RecallBoundaryTests.test_bound_policy_does_not_force_fixed_depth) ... ok
test_corrupt_recall_hash_is_refused_without_writes (test_w02_recall_boundaries.RecallBoundaryTests.test_corrupt_recall_hash_is_refused_without_writes) ... ok
test_disabled_gate_preserves_original_round_trip (test_w02_recall_boundaries.RecallBoundaryTests.test_disabled_gate_preserves_original_round_trip) ... ok
test_native_cognition_uses_same_pre_answer_evaluation (test_w02_recall_boundaries.RecallBoundaryTests.test_native_cognition_uses_same_pre_answer_evaluation) ... ok
test_no_match_is_distinct_from_source_failure (test_w02_recall_boundaries.RecallBoundaryTests.test_no_match_is_distinct_from_source_failure) ... ok
test_ready_preparation_return_lost_reuses_receipt (test_w02_recall_boundaries.RecallBoundaryTests.test_ready_preparation_return_lost_reuses_receipt) ... ok
test_reference_withdrawal_prevents_new_model (test_w02_recall_boundaries.RecallBoundaryTests.test_reference_withdrawal_prevents_new_model) ... ok
test_retrieval_and_context_budgets_are_independent (test_w02_recall_boundaries.RecallBoundaryTests.test_retrieval_and_context_budgets_are_independent) ... ok
test_source_revocation_excludes_memory_and_history_projection (test_w02_recall_boundaries.RecallBoundaryTests.test_source_revocation_excludes_memory_and_history_projection) ... ok
test_stale_context_does_not_authorize_resume (test_w02_recall_boundaries.RecallBoundaryTests.test_stale_context_does_not_authorize_resume) ... ok
test_stale_source_version_cannot_be_consumed (test_w02_recall_boundaries.RecallBoundaryTests.test_stale_source_version_cannot_be_consumed) ... ok
test_timeout_is_blocked_before_model_and_query_is_read_only (test_w02_recall_boundaries.RecallBoundaryTests.test_timeout_is_blocked_before_model_and_query_is_read_only) ... ok
test_wrong_subject_record_is_rejected (test_w02_recall_boundaries.RecallBoundaryTests.test_wrong_subject_record_is_rejected) ... ok
test_archive_and_delete_cannot_reenter_through_input_history (test_w02_recall_combinations.RecallCombinationTests.test_archive_and_delete_cannot_reenter_through_input_history) ... ok
test_blocked_record_after_revision_change_cannot_be_shown_as_current (test_w02_recall_combinations.RecallCombinationTests.test_blocked_record_after_revision_change_cannot_be_shown_as_current) ... ok
test_cross_environment_source_is_rejected_without_resolution (test_w02_recall_combinations.RecallCombinationTests.test_cross_environment_source_is_rejected_without_resolution) ... ok
test_cross_process_restore_and_read_only_show (test_w02_recall_combinations.RecallCombinationTests.test_cross_process_restore_and_read_only_show) ... ok
test_current_context_invalidated_by_corrected_root (test_w02_recall_combinations.RecallCombinationTests.test_current_context_invalidated_by_corrected_root) ... ok
test_denied_memory_source_is_not_recorded_as_empty_history (test_w02_recall_combinations.RecallCombinationTests.test_denied_memory_source_is_not_recorded_as_empty_history) ... ok
test_finite_association_records_a_reason_and_stops_on_repetition (test_w02_recall_combinations.RecallCombinationTests.test_finite_association_records_a_reason_and_stops_on_repetition) ... ok
test_legacy_gate_disabled_does_not_construct_recall (test_w02_recall_combinations.RecallCombinationTests.test_legacy_gate_disabled_does_not_construct_recall) ... ok
test_local_recall_preserves_existing_external_capability_wait_channel (test_w02_recall_combinations.RecallCombinationTests.test_local_recall_preserves_existing_external_capability_wait_channel) ... ok
test_negative_counterevidence_prevents_candidate_confirmation (test_w02_recall_combinations.RecallCombinationTests.test_negative_counterevidence_prevents_candidate_confirmation) ... ok
test_new_independent_root_keeps_prior_candidate_source_readable (test_w02_recall_combinations.RecallCombinationTests.test_new_independent_root_keeps_prior_candidate_source_readable) ... ok
test_not_wanting_is_not_positive_intent (test_w02_recall_combinations.RecallCombinationTests.test_not_wanting_is_not_positive_intent) ... ok
test_other_person_report_does_not_count_as_user_preference (test_w02_recall_combinations.RecallCombinationTests.test_other_person_report_does_not_count_as_user_preference) ... ok
test_p18_native_recall_keeps_pause_stop_and_continuous_host (test_w02_recall_combinations.RecallCombinationTests.test_p18_native_recall_keeps_pause_stop_and_continuous_host) ... ok
test_permission_withdrawn_during_view_is_rechecked (test_w02_recall_combinations.RecallCombinationTests.test_permission_withdrawn_during_view_is_rechecked) ... ok
test_quoted_and_ambiguous_reports_never_confirm_preference (test_w02_recall_combinations.RecallCombinationTests.test_quoted_and_ambiguous_reports_never_confirm_preference) ... ok
test_read_only_view_does_not_start_recall_or_provider (test_w02_recall_combinations.RecallCombinationTests.test_read_only_view_does_not_start_recall_or_provider) ... ok
test_recalled_information_does_not_force_expression (test_w02_recall_combinations.RecallCombinationTests.test_recalled_information_does_not_force_expression) ... ok
test_snapshot_branch_preserves_recall_and_does_not_pollute_origin (test_w02_recall_combinations.RecallCombinationTests.test_snapshot_branch_preserves_recall_and_does_not_pollute_origin) ... ok
test_sufficient_material_stops_before_configured_depth (test_w02_recall_combinations.RecallCombinationTests.test_sufficient_material_stops_before_configured_depth) ... ok
test_t04_configured_candidate_rule_is_recorded_and_never_confirms (test_w02_recall_combinations.RecallCombinationTests.test_t04_configured_candidate_rule_is_recorded_and_never_confirms) ... ok
test_t04_no_fixed_number_implies_true_preference (test_w02_recall_combinations.RecallCombinationTests.test_t04_no_fixed_number_implies_true_preference) ... ok
test_t04_replay_and_derived_summary_do_not_add_roots (test_w02_recall_combinations.RecallCombinationTests.test_t04_replay_and_derived_summary_do_not_add_roots) ... ok
test_t05_actual_ingress_variants_reach_final_context (test_w02_recall_combinations.RecallCombinationTests.test_t05_actual_ingress_variants_reach_final_context) ... ok
test_unrelated_material_does_not_trigger_association (test_w02_recall_combinations.RecallCombinationTests.test_unrelated_material_does_not_trigger_association) ... ok
test_candidate_record_changed_during_permission_blocks_before_model (test_w02_recall_consistency.RecallReadConsistencyTests.test_candidate_record_changed_during_permission_blocks_before_model) ... ok
test_historical_root_revoked_during_permission_cannot_be_returned (test_w02_recall_consistency.RecallReadConsistencyTests.test_historical_root_revoked_during_permission_cannot_be_returned) ... ok
test_input_projection_cannot_hide_corruption_in_another_original_record (test_w02_recall_consistency.RecallReadConsistencyTests.test_input_projection_cannot_hide_corruption_in_another_original_record) ... ok
test_parse_reuse_ends_with_scope_and_keeps_legacy_validation (test_w02_recall_consistency.RecallReadConsistencyTests.test_parse_reuse_ends_with_scope_and_keeps_legacy_validation) ... ok
test_scoped_input_projection_matches_original_without_persisting_changes (test_w02_recall_consistency.RecallReadConsistencyTests.test_scoped_input_projection_matches_original_without_persisting_changes) ... ok
test_scoped_journal_reads_do_not_share_mutation_or_hide_corruption (test_w02_recall_consistency.RecallReadConsistencyTests.test_scoped_journal_reads_do_not_share_mutation_or_hide_corruption) ... ok
test_color_preference_is_not_a_meal_in_real_response_context (test_w02_recall_semantics.RecallEventScopeTests.test_color_preference_is_not_a_meal_in_real_response_context) ... ok
test_food_preference_recalls_same_object_without_other_meal_expansion (test_w02_recall_semantics.RecallEventScopeTests.test_food_preference_recalls_same_object_without_other_meal_expansion) ... ok
test_music_preference_is_not_a_meal_in_real_response_context (test_w02_recall_semantics.RecallEventScopeTests.test_music_preference_is_not_a_meal_in_real_response_context) ... ok
test_quoted_preference_is_not_consumption_or_verified_fact (test_w02_recall_semantics.RecallEventScopeTests.test_quoted_preference_is_not_consumption_or_verified_fact) ... ok
test_capability_bytes_change_during_revalidation_blocks_old_candidate (test_w02_recall_timeout.W02RecallTimeoutTests.test_capability_bytes_change_during_revalidation_blocks_old_candidate) ... ok
test_four_materials_preanswer_with_original_1000ms_policy (test_w02_recall_timeout.W02RecallTimeoutTests.test_four_materials_preanswer_with_original_1000ms_policy) ... ok
test_permission_revoked_between_external_retrieval_and_revalidation (test_w02_recall_timeout.W02RecallTimeoutTests.test_permission_revoked_between_external_retrieval_and_revalidation) ... ok
test_scoped_capability_parse_rechecks_bytes_and_returns_private_copies (test_w02_recall_timeout.W02RecallTimeoutTests.test_scoped_capability_parse_rechecks_bytes_and_returns_private_copies) ... ok
test_third_message_sixteen_candidates_and_current_derived_sources (test_w02_recall_timeout.W02RecallTimeoutTests.test_third_message_sixteen_candidates_and_current_derived_sources) ... ok
test_capability_model_replacement_receives_the_same_core_contract (test_w03_core_context.W03CoreContextTests.test_capability_model_replacement_receives_the_same_core_contract) ... ok
test_everyday_response_contains_identity_and_relationship_before_thinking (test_w03_core_context.W03CoreContextTests.test_everyday_response_contains_identity_and_relationship_before_thinking) ... ok
test_insufficient_budget_does_not_silently_omit_core (test_w03_core_context.W03CoreContextTests.test_insufficient_budget_does_not_silently_omit_core) ... ok
test_legacy_gate_remains_compatible (test_w03_core_context.W03CoreContextTests.test_legacy_gate_remains_compatible) ... ok
test_missing_core_fails_before_thinking_or_action (test_w03_core_context.W03CoreContextTests.test_missing_core_fails_before_thinking_or_action) ... ok
test_completed_and_cancelled_sink_without_exhausting_64_current_slots (test_w03_n06_repair.W03N06RepairTests.test_completed_and_cancelled_sink_without_exhausting_64_current_slots) ... ok
test_existing_structured_item_can_bind_legacy_on_terminal_transition (test_w03_n06_repair.W03N06RepairTests.test_existing_structured_item_can_bind_legacy_on_terminal_transition) ... ok
test_original_w03_command_hash_replays_without_new_revision (test_w03_n06_repair.W03N06RepairTests.test_original_w03_command_hash_replays_without_new_revision) ... ok
test_same_title_needs_explicit_version_bound_legacy_migration (test_w03_n06_repair.W03N06RepairTests.test_same_title_needs_explicit_version_bound_legacy_migration) ... ok
test_same_title_without_binding_keeps_ambiguous_legacy_item (test_w03_n06_repair.W03N06RepairTests.test_same_title_without_binding_keeps_ambiguous_legacy_item) ... ok
test_unavailable_local_memory_is_not_ready_and_read_is_read_only (test_w03_n06_repair.W03N06RepairTests.test_unavailable_local_memory_is_not_ready_and_read_is_read_only) ... ok
test_withdrawn_external_rendering_stops_item_after_reopen (test_w03_n06_repair.W03N06RepairTests.test_withdrawn_external_rendering_stops_item_after_reopen) ... ok
test_expired_transient_interpretation_cannot_become_current (test_w03_recognition.W03RecognitionTests.test_expired_transient_interpretation_cannot_become_current) ... ok
test_raw_messages_enter_w02_then_original_learning_before_recognition (test_w03_recognition.W03RecognitionTests.test_raw_messages_enter_w02_then_original_learning_before_recognition) ... ok
test_read_rechecks_permission_before_return_without_writing (test_w03_recognition.W03RecognitionTests.test_read_rechecks_permission_before_return_without_writing) ... ok
test_revised_conclusion_keeps_old_evolution_and_revocation_marks_view_stale (test_w03_recognition.W03RecognitionTests.test_revised_conclusion_keeps_old_evolution_and_revocation_marks_view_stale) ... ok
test_revoked_support_blocks_commit_without_state_write (test_w03_recognition.W03RecognitionTests.test_revoked_support_blocks_commit_without_state_write) ... ok
test_same_root_and_different_object_cannot_corroborate (test_w03_recognition.W03RecognitionTests.test_same_root_and_different_object_cannot_corroborate) ... ok
test_three_independent_experiences_commit_correct_and_replay (test_w03_recognition.W03RecognitionTests.test_three_independent_experiences_commit_correct_and_replay) ... ok
test_validated_contrary_roots_withdraw_without_erasing_history (test_w03_recognition.W03RecognitionTests.test_validated_contrary_roots_withdraw_without_erasing_history) ... ok
test_atomic_storage_failure_and_legacy_serialization (test_w03_unfinished_items.W03UnfinishedItemTests.test_atomic_storage_failure_and_legacy_serialization) ... ok
test_blocked_urgent_does_not_starve_normal_and_identity_is_stable (test_w03_unfinished_items.W03UnfinishedItemTests.test_blocked_urgent_does_not_starve_normal_and_identity_is_stable) ... ok
test_create_replay_restart_and_read_only_view (test_w03_unfinished_items.W03UnfinishedItemTests.test_create_replay_restart_and_read_only_view) ... ok
test_defer_due_and_cancel_keep_one_identity_without_dispatch (test_w03_unfinished_items.W03UnfinishedItemTests.test_defer_due_and_cancel_keep_one_identity_without_dispatch) ... ok
test_future_deadline_does_not_hide_actionable_matter (test_w03_unfinished_items.W03UnfinishedItemTests.test_future_deadline_does_not_hide_actionable_matter) ... ok
test_internal_result_must_bind_the_same_item_not_its_creation (test_w03_unfinished_items.W03UnfinishedItemTests.test_internal_result_must_bind_the_same_item_not_its_creation) ... ok
test_older_low_priority_eventually_passes_continuous_urgent_arrivals (test_w03_unfinished_items.W03UnfinishedItemTests.test_older_low_priority_eventually_passes_continuous_urgent_arrivals) ... ok
test_read_rechecks_permission_before_return_without_writing (test_w03_unfinished_items.W03UnfinishedItemTests.test_read_rechecks_permission_before_return_without_writing) ... ok
test_revoked_source_stops_new_opportunity_but_keeps_item_history (test_w03_unfinished_items.W03UnfinishedItemTests.test_revoked_source_stops_new_opportunity_but_keeps_item_history) ... ok
test_two_writers_with_one_revision_accept_one_item_only (test_w03_unfinished_items.W03UnfinishedItemTests.test_two_writers_with_one_revision_accept_one_item_only) ... ok
test_unverified_completion_and_stale_revision_fail_without_write (test_w03_unfinished_items.W03UnfinishedItemTests.test_unverified_completion_and_stale_revision_fail_without_write) ... ok
test_verified_effect_completes_once_and_cancel_is_terminal (test_w03_unfinished_items.W03UnfinishedItemTests.test_verified_effect_completes_once_and_cancel_is_terminal) ... ok
test_body_action_uses_existing_execution_and_fences_changed_attachment (test_w04_1_environment.W04ActionBindingTests.test_body_action_uses_existing_execution_and_fences_changed_attachment) ... ok
test_current_output_ability_executes_through_existing_execution (test_w04_1_environment.W04ActionBindingTests.test_current_output_ability_executes_through_existing_execution) ... ok
test_expired_output_ability_rejects_existing_execution_before_effect_or_cost (test_w04_1_environment.W04ActionBindingTests.test_expired_output_ability_rejects_existing_execution_before_effect_or_cost) ... ok
test_revocation_inside_final_reality_callback_prevents_world_effect (test_w04_1_environment.W04ActionBindingTests.test_revocation_inside_final_reality_callback_prevents_world_effect) ... ok
test_revocation_inside_resource_check_prevents_world_effect (test_w04_1_environment.W04ActionBindingTests.test_revocation_inside_resource_check_prevents_world_effect) ... ok
test_alternative_route_skips_disconnected_and_keeps_grant_checks (test_w04_1_environment.W04EnvironmentTests.test_alternative_route_skips_disconnected_and_keeps_grant_checks) ... ok
test_body_none_unknown_zero_and_source_separation (test_w04_1_environment.W04EnvironmentTests.test_body_none_unknown_zero_and_source_separation) ... ok
test_corrupt_store_and_revision_conflict_fail_closed (test_w04_1_environment.W04EnvironmentTests.test_corrupt_store_and_revision_conflict_fail_closed) ... ok
test_cross_environment_attachment_cannot_enter_test_engine (test_w04_1_environment.W04EnvironmentTests.test_cross_environment_attachment_cannot_enter_test_engine) ... ok
test_current_check_does_not_reuse_permission_or_connection_result (test_w04_1_environment.W04EnvironmentTests.test_current_check_does_not_reuse_permission_or_connection_result) ... ok
test_deep_history_needs_willingness_and_future_route (test_w04_1_environment.W04EnvironmentTests.test_deep_history_needs_willingness_and_future_route) ... ok
test_enabled_bound_entry_requires_trusted_use_even_for_same_formal_payload (test_w04_1_environment.W04EnvironmentTests.test_enabled_bound_entry_requires_trusted_use_even_for_same_formal_payload) ... ok
test_formal_ingress_checks_attachment_before_any_operation_write (test_w04_1_environment.W04EnvironmentTests.test_formal_ingress_checks_attachment_before_any_operation_write) ... ok
test_four_states_and_current_availability_are_distinct (test_w04_1_environment.W04EnvironmentTests.test_four_states_and_current_availability_are_distinct) ... ok
test_handoff_preparation_cannot_cross_subject_or_environment (test_w04_1_environment.W04EnvironmentTests.test_handoff_preparation_cannot_cross_subject_or_environment) ... ok
test_history_current_source_permission_and_scope_are_checked (test_w04_1_environment.W04EnvironmentTests.test_history_current_source_permission_and_scope_are_checked) ... ok
test_history_old_revision_cannot_be_reused_after_new_state (test_w04_1_environment.W04EnvironmentTests.test_history_old_revision_cannot_be_reused_after_new_state) ... ok
test_history_permission_change_during_read_rejects_before_return (test_w04_1_environment.W04EnvironmentTests.test_history_permission_change_during_read_rejects_before_return) ... ok
test_isolated_handoff_fences_old_host_and_restart_keeps_fence (test_w04_1_environment.W04EnvironmentTests.test_isolated_handoff_fences_old_host_and_restart_keeps_fence) ... ok
test_migration_kinds_missing_inventory_and_production_not_ready (test_w04_1_environment.W04EnvironmentTests.test_migration_kinds_missing_inventory_and_production_not_ready) ... ok
test_migration_preparation_status_cannot_contradict_kind_or_inventory (test_w04_1_environment.W04EnvironmentTests.test_migration_preparation_status_cannot_contradict_kind_or_inventory) ... ok
test_model_api_is_not_an_engine_message_ingress (test_w04_1_environment.W04EnvironmentTests.test_model_api_is_not_an_engine_message_ingress) ... ok
test_read_only_view_requires_current_subject_and_permission (test_w04_1_environment.W04EnvironmentTests.test_read_only_view_requires_current_subject_and_permission) ... ok
test_revocation_during_current_permission_callback_is_seen (test_w04_1_environment.W04EnvironmentTests.test_revocation_during_current_permission_callback_is_seen) ... ok
test_revocation_expiry_and_current_permission_stop_new_ingress (test_w04_1_environment.W04EnvironmentTests.test_revocation_expiry_and_current_permission_stop_new_ingress) ... ok
test_same_account_name_and_wrong_subject_are_not_identity (test_w04_1_environment.W04EnvironmentTests.test_same_account_name_and_wrong_subject_are_not_identity) ... ok
test_scoped_history_uses_original_router_composer_and_is_read_only (test_w04_1_environment.W04EnvironmentTests.test_scoped_history_uses_original_router_composer_and_is_read_only) ... ok
test_sensor_contract_rejects_non_finite_bool_and_wrong_type (test_w04_1_environment.W04EnvironmentTests.test_sensor_contract_rejects_non_finite_bool_and_wrong_type) ... ok
test_sensor_missing_ability_wrong_generation_and_expired_sample_rejected (test_w04_1_environment.W04EnvironmentTests.test_sensor_missing_ability_wrong_generation_and_expired_sample_rejected) ... ok
test_expired_source_rejects_while_historical_receipt_is_preserved (test_w04_2_history_selection.HistorySelectionTests.test_expired_source_rejects_while_historical_receipt_is_preserved) ... ok
test_non_targeted_result_source_keeps_original_candidate_ranking (test_w04_2_history_selection.HistorySelectionTests.test_non_targeted_result_source_keeps_original_candidate_ranking) ... ok
test_permission_revoked_during_composition_rejects_before_return (test_w04_2_history_selection.HistorySelectionTests.test_permission_revoked_during_composition_rejects_before_return) ... ok
test_reopen_and_same_query_replay_keep_original_facts (test_w04_2_history_selection.HistorySelectionTests.test_reopen_and_same_query_replay_keep_original_facts) ... ok
test_revoked_permission_rejects_and_does_not_consume_old_receipt (test_w04_2_history_selection.HistorySelectionTests.test_revoked_permission_rejects_and_does_not_consume_old_receipt) ... ok
test_target_priority_keeps_other_candidates_and_conflict_material (test_w04_2_history_selection.HistorySelectionTests.test_target_priority_keeps_other_candidates_and_conflict_material) ... ok
test_target_that_cannot_fit_is_blocked_without_substituting_other_receipt (test_w04_2_history_selection.HistorySelectionTests.test_target_that_cannot_fit_is_blocked_without_substituting_other_receipt) ... ok
test_two_current_targets_both_orders_and_distinct_identifiers (test_w04_2_history_selection.HistorySelectionTests.test_two_current_targets_both_orders_and_distinct_identifiers) ... ok
test_withdrawn_source_cannot_be_replaced_by_other_same_root_copy (test_w04_2_history_selection.HistorySelectionTests.test_withdrawn_source_cannot_be_replaced_by_other_same_root_copy) ... ok
test_changed_bytes_and_corrupt_hash_cannot_reuse_old_registry (test_w04_2_registry_recheck.RegistryCurrentPathTests.test_changed_bytes_and_corrupt_hash_cannot_reuse_old_registry) ... ok
test_current_directory_junction_rejects_and_restoring_real_directory_recovers (test_w04_2_registry_recheck.RegistryCurrentPathTests.test_current_directory_junction_rejects_and_restoring_real_directory_recovers) ... ok
test_current_registry_repeated_read_is_read_only_and_returns_private_values (test_w04_2_registry_recheck.RegistryCurrentPathTests.test_current_registry_repeated_read_is_read_only_and_returns_private_values) ... ok
test_missing_store_still_has_no_capability (test_w04_2_registry_recheck.RegistryCurrentPathTests.test_missing_store_still_has_no_capability) ... ok
test_path_metadata_denial_is_not_a_successful_read (test_w04_2_registry_recheck.RegistryCurrentPathTests.test_path_metadata_denial_is_not_a_successful_read) ... ok
test_recheck_all_current_ancestors_on_each_read_with_single_metadata_query (test_w04_2_registry_recheck.RegistryCurrentPathTests.test_recheck_all_current_ancestors_on_each_read_with_single_metadata_query) ... ok
test_registry_revoke_is_seen_on_next_read_and_after_reopen (test_w04_2_registry_recheck.RegistryCurrentPathTests.test_registry_revoke_is_seen_on_next_read_and_after_reopen) ... ok
test_original_action_request_can_bind_device_observation_and_command (test_w04_2_simulation.DevicePayloadAdmissionTests.test_original_action_request_can_bind_device_observation_and_command) ... ok
test_body_action_and_sensor_reach_original_perception (test_w04_2_simulation.W04SimulatedChainTests.test_body_action_and_sensor_reach_original_perception) ... ok
test_body_switch_fences_old_connection_preserves_subject_and_old_fact (test_w04_2_simulation.W04SimulatedChainTests.test_body_switch_fences_old_connection_preserves_subject_and_old_fact) ... ok
test_cancel_before_effect_remains_cancelled (test_w04_2_simulation.W04SimulatedChainTests.test_cancel_before_effect_remains_cancelled) ... ok
test_click_receipt_cannot_be_relabelled_as_saved (test_w04_2_simulation.W04SimulatedChainTests.test_click_receipt_cannot_be_relabelled_as_saved) ... ok
test_corrupt_native_store_fails_closed_without_subject_change (test_w04_2_simulation.W04SimulatedChainTests.test_corrupt_native_store_fails_closed_without_subject_change) ... ok
test_cross_process_body_receipt_recovery_and_replay (test_w04_2_simulation.W04SimulatedChainTests.test_cross_process_body_receipt_recovery_and_replay) ... ok
test_deep_history_requires_willingness_and_current_permission (test_w04_2_simulation.W04SimulatedChainTests.test_deep_history_requires_willingness_and_current_permission) ... ok
test_expired_history_not_consumable_but_original_receipt_recovers (test_w04_2_simulation.W04SimulatedChainTests.test_expired_history_not_consumable_but_original_receipt_recovers) ... ok
test_external_instruction_is_observation_not_subject_authority (test_w04_2_simulation.W04SimulatedChainTests.test_external_instruction_is_observation_not_subject_authority) ... ok
test_final_native_boundary_rechecks_takeover_and_authority (test_w04_2_simulation.W04SimulatedChainTests.test_final_native_boundary_rechecks_takeover_and_authority) ... ok
test_focus_page_lock_offline_takeover_and_unobservable_block_stale_actions (test_w04_2_simulation.W04SimulatedChainTests.test_focus_page_lock_offline_takeover_and_unobservable_block_stale_actions) ... ok
test_history_scope_filters_other_session_time_and_unreadable_records (test_w04_2_simulation.W04SimulatedChainTests.test_history_scope_filters_other_session_time_and_unreadable_records) ... ok
test_history_source_withdrawal_blocks_old_context_and_keeps_fact (test_w04_2_simulation.W04SimulatedChainTests.test_history_source_withdrawal_blocks_old_context_and_keeps_fact) ... ok
test_local_failure_retries_only_when_original_fact_proves_not_executed (test_w04_2_simulation.W04SimulatedChainTests.test_local_failure_retries_only_when_original_fact_proves_not_executed) ... ok
test_locked_device_does_not_stop_runtime_control_or_other_work (test_w04_2_simulation.W04SimulatedChainTests.test_locked_device_does_not_stop_runtime_control_or_other_work) ... ok
test_missing_capability_and_wrong_body_have_zero_effect (test_w04_2_simulation.W04SimulatedChainTests.test_missing_capability_and_wrong_body_have_zero_effect) ... ok
test_missing_observation_or_tampered_argument_rejected_before_reservation (test_w04_2_simulation.W04SimulatedChainTests.test_missing_observation_or_tampered_argument_rejected_before_reservation) ... ok
test_no_body_subject_and_unknown_zero_are_distinct (test_w04_2_simulation.W04SimulatedChainTests.test_no_body_subject_and_unknown_zero_are_distinct) ... ok
test_observation_expiry_boundary_and_fresh_reobservation (test_w04_2_simulation.W04SimulatedChainTests.test_observation_expiry_boundary_and_fresh_reobservation) ... ok
test_original_reality_denial_is_not_bypassed_by_ui (test_w04_2_simulation.W04SimulatedChainTests.test_original_reality_denial_is_not_bypassed_by_ui) ... ok
test_permission_changes_in_last_resource_check_cannot_create_effect (test_w04_2_simulation.W04SimulatedChainTests.test_permission_changes_in_last_resource_check_cannot_create_effect) ... ok
test_permission_or_device_connection_change_blocks_new_effect (test_w04_2_simulation.W04SimulatedChainTests.test_permission_or_device_connection_change_blocks_new_effect) ... ok
test_permission_withdrawn_during_result_read_returns_no_details (test_w04_2_simulation.W04SimulatedChainTests.test_permission_withdrawn_during_result_read_returns_no_details) ... ok
test_query_and_status_are_read_only_and_bounded (test_w04_2_simulation.W04SimulatedChainTests.test_query_and_status_are_read_only_and_bounded) ... ok
test_raw_message_c1_device_action_result_and_legal_evolution_absorption (test_w04_2_simulation.W04SimulatedChainTests.test_raw_message_c1_device_action_result_and_legal_evolution_absorption) ... ok
test_read_scope_required_and_observation_returns_detached_copy (test_w04_2_simulation.W04SimulatedChainTests.test_read_scope_required_and_observation_returns_detached_copy) ... ok
test_repeated_receipt_and_lost_response_recover_without_new_effect (test_w04_2_simulation.W04SimulatedChainTests.test_repeated_receipt_and_lost_response_recover_without_new_effect) ... ok
test_resource_and_recoverability_denials_keep_zero_cost (test_w04_2_simulation.W04SimulatedChainTests.test_resource_and_recoverability_denials_keep_zero_cost) ... ok
test_same_request_identity_changed_content_is_conflict (test_w04_2_simulation.W04SimulatedChainTests.test_same_request_identity_changed_content_is_conflict) ... ok
test_same_root_history_requery_does_not_create_independent_evidence (test_w04_2_simulation.W04SimulatedChainTests.test_same_root_history_requery_does_not_create_independent_evidence) ... ok
test_secrets_rejected_before_ledger_and_standard_diagnostics_sanitized (test_w04_2_simulation.W04SimulatedChainTests.test_secrets_rejected_before_ledger_and_standard_diagnostics_sanitized) ... ok
test_sensor_stale_wrong_unit_and_context_currentness (test_w04_2_simulation.W04SimulatedChainTests.test_sensor_stale_wrong_unit_and_context_currentness) ... ok
test_somatic_and_dream_cannot_impersonate_hardware (test_w04_2_simulation.W04SimulatedChainTests.test_somatic_and_dream_cannot_impersonate_hardware) ... ok
test_specific_output_capability_expiry_blocks_while_connection_valid (test_w04_2_simulation.W04SimulatedChainTests.test_specific_output_capability_expiry_blocks_while_connection_valid) ... ok
test_subject_pause_blocks_new_device_effect_without_falsifying_old_fact (test_w04_2_simulation.W04SimulatedChainTests.test_subject_pause_blocks_new_device_effect_without_falsifying_old_fact) ... ok
test_subject_without_body_can_still_process_normal_message (test_w04_2_simulation.W04SimulatedChainTests.test_subject_without_body_can_still_process_normal_message) ... ok
test_terminal_failure_is_not_business_success (test_w04_2_simulation.W04SimulatedChainTests.test_terminal_failure_is_not_business_success) ... ok
test_true_unknown_keeps_old_request_and_never_resends (test_w04_2_simulation.W04SimulatedChainTests.test_true_unknown_keeps_old_request_and_never_resends) ... ok
test_ui_locate_click_type_scroll_save_send_and_reobserve (test_w04_2_simulation.W04SimulatedChainTests.test_ui_locate_click_type_scroll_save_send_and_reobserve) ... ok
test_unavailable_route_can_reobserve_but_reality_denial_cannot_be_bypassed (test_w04_2_simulation.W04SimulatedChainTests.test_unavailable_route_can_reobserve_but_reality_denial_cannot_be_bypassed) ... ok
test_wrong_subject_environment_account_device_and_session_are_rejected (test_w04_2_simulation.W04SimulatedChainTests.test_wrong_subject_environment_account_device_and_session_are_rejected) ... ok
test_automatic_partial_cleanup_survives_three_failures_and_reopen (test_w04_3_repairs.ToolRepairTests.test_automatic_partial_cleanup_survives_three_failures_and_reopen) ... ok
test_backoff_survives_reopen_without_reset_or_read_side_effect (test_w04_3_repairs.ToolRepairTests.test_backoff_survives_reopen_without_reset_or_read_side_effect) ... ok
test_both_native_needs_and_two_tools_obtain_real_dispatch (test_w04_3_repairs.ToolRepairTests.test_both_native_needs_and_two_tools_obtain_real_dispatch) ... ok
test_cleanup_backoff_is_receipt_bound_readonly_and_configurable (test_w04_3_repairs.ToolRepairTests.test_cleanup_backoff_is_receipt_bound_readonly_and_configurable) ... ok
test_cleanup_revocation_pause_stop_and_other_connection_isolation (test_w04_3_repairs.ToolRepairTests.test_cleanup_revocation_pause_stop_and_other_connection_isolation) ... ok
test_cleanup_unknown_and_return_lost_use_original_fact (test_w04_3_repairs.ToolRepairTests.test_cleanup_unknown_and_return_lost_use_original_fact) ... ok
test_current_host_and_scope_denial_prevent_new_cleanup (test_w04_3_repairs.ToolRepairTests.test_current_host_and_scope_denial_prevent_new_cleanup) ... ok
test_dependency_wait_and_pending_cleanup_do_not_block_ready (test_w04_3_repairs.ToolRepairTests.test_dependency_wait_and_pending_cleanup_do_not_block_ready) ... ok
test_invalid_cleanup_pacing_is_rejected_without_port_work (test_w04_3_repairs.ToolRepairTests.test_invalid_cleanup_pacing_is_rejected_without_port_work) ... ok
test_login_wait_reopen_pause_resume_and_original_identity (test_w04_3_repairs.ToolRepairTests.test_login_wait_reopen_pause_resume_and_original_identity) ... ok
test_old_context_is_not_rebound_after_native_revision (test_w04_3_repairs.ToolRepairTests.test_old_context_is_not_rebound_after_native_revision) ... ok
test_three_failed_cleanup_facts_can_resume_via_host (test_w04_3_repairs.ToolRepairTests.test_three_failed_cleanup_facts_can_resume_via_host) ... ok
test_unknown_first_does_not_block_second_or_replay (test_w04_3_repairs.ToolRepairTests.test_unknown_first_does_not_block_second_or_replay) ... ok
test_waiting_first_does_not_starve_second_or_native_work (test_w04_3_repairs.ToolRepairTests.test_waiting_first_does_not_starve_second_or_native_work) ... ok
test_advance_autonomously_finishes_single_task_without_model_steps (test_w04_3_tools.TemporaryToolTests.test_advance_autonomously_finishes_single_task_without_model_steps) ... ok
test_authorized_connect_verify_use_cleanup_and_readonly (test_w04_3_tools.TemporaryToolTests.test_authorized_connect_verify_use_cleanup_and_readonly) ... ok
test_budget_is_actual_unique_business_receipts_not_number_of_queries (test_w04_3_tools.TemporaryToolTests.test_budget_is_actual_unique_business_receipts_not_number_of_queries) ... ok
test_cancel_before_connection_reopen_and_replay_never_opens_it (test_w04_3_tools.TemporaryToolTests.test_cancel_before_connection_reopen_and_replay_never_opens_it) ... ok
test_cancel_during_connect_before_native_commit_is_fenced (test_w04_3_tools.TemporaryToolTests.test_cancel_during_connect_before_native_commit_is_fenced) ... ok
test_cancel_reserved_before_delivery_fences_future_use (test_w04_3_tools.TemporaryToolTests.test_cancel_reserved_before_delivery_fences_future_use) ... ok
test_candidate_identity_scope_and_hash_are_checked (test_w04_3_tools.TemporaryToolTests.test_candidate_identity_scope_and_hash_are_checked) ... ok
test_cleanup_after_host_handoff_is_blocked_not_falsely_clean (test_w04_3_tools.TemporaryToolTests.test_cleanup_after_host_handoff_is_blocked_not_falsely_clean) ... ok
test_cleanup_failure_then_reopen_preserves_pending_not_false_clean (test_w04_3_tools.TemporaryToolTests.test_cleanup_failure_then_reopen_preserves_pending_not_false_clean) ... ok
test_cleanup_preserves_other_connection_and_subject_files (test_w04_3_tools.TemporaryToolTests.test_cleanup_preserves_other_connection_and_subject_files) ... ok
test_cleanup_unknown_does_not_claim_closed_or_start_another_cleanup (test_w04_3_tools.TemporaryToolTests.test_cleanup_unknown_does_not_claim_closed_or_start_another_cleanup) ... ok
test_conditions_identify_new_scope_budget_dependency_without_creating_connection (test_w04_3_tools.TemporaryToolTests.test_conditions_identify_new_scope_budget_dependency_without_creating_connection) ... ok
test_connection_fact_corruption_refuses_read_and_has_no_effect (test_w04_3_tools.TemporaryToolTests.test_connection_fact_corruption_refuses_read_and_has_no_effect) ... ok
test_connection_identity_is_not_reused_for_renewal (test_w04_3_tools.TemporaryToolTests.test_connection_identity_is_not_reused_for_renewal) ... ok
test_credential_secret_rejected_before_ledger_write_and_traceback_safe (test_w04_3_tools.TemporaryToolTests.test_credential_secret_rejected_before_ledger_write_and_traceback_safe) ... ok
test_cross_process_lost_connection_recovery_and_replay (test_w04_3_tools.TemporaryToolTests.test_cross_process_lost_connection_recovery_and_replay) ... ok
test_current_discovery_revocation_prevents_use_but_preserves_historical_fact (test_w04_3_tools.TemporaryToolTests.test_current_discovery_revocation_prevents_use_but_preserves_historical_fact) ... ok
test_discovery_is_real_p16_and_not_current_availability (test_w04_3_tools.TemporaryToolTests.test_discovery_is_real_p16_and_not_current_availability) ... ok
test_expired_discovery_is_not_replaced_by_same_name_new_offer (test_w04_3_tools.TemporaryToolTests.test_expired_discovery_is_not_replaced_by_same_name_new_offer) ... ok
test_expiry_denies_use_but_cleanup_is_separately_authorized (test_w04_3_tools.TemporaryToolTests.test_expiry_denies_use_but_cleanup_is_separately_authorized) ... ok
test_explicit_renewal_uses_new_valid_grant_and_new_connection_identity (test_w04_3_tools.TemporaryToolTests.test_explicit_renewal_uses_new_valid_grant_and_new_connection_identity) ... ok
test_failed_verification_does_not_register_usable_tool (test_w04_3_tools.TemporaryToolTests.test_failed_verification_does_not_register_usable_tool) ... ok
test_final_revocation_between_setup_and_native_call_is_zero_effect (test_w04_3_tools.TemporaryToolTests.test_final_revocation_between_setup_and_native_call_is_zero_effect) ... ok
test_fresh_observation_checks_lease_before_and_after_read (test_w04_3_tools.TemporaryToolTests.test_fresh_observation_checks_lease_before_and_after_read) ... ok
test_granted_persistent_connection_survives_task_until_explicit_cancel (test_w04_3_tools.TemporaryToolTests.test_granted_persistent_connection_survives_task_until_explicit_cancel) ... ok
test_history_query_reuses_original_receipt_router_composer (test_w04_3_tools.TemporaryToolTests.test_history_query_reuses_original_receipt_router_composer) ... ok
test_lost_cleanup_response_recovers_without_duplicate_removal (test_w04_3_tools.TemporaryToolTests.test_lost_cleanup_response_recovers_without_duplicate_removal) ... ok
test_migration_fences_old_discovery_before_any_connection (test_w04_3_tools.TemporaryToolTests.test_migration_fences_old_discovery_before_any_connection) ... ok
test_missing_discovery_and_untrusted_material_are_not_callable (test_w04_3_tools.TemporaryToolTests.test_missing_discovery_and_untrusted_material_are_not_callable) ... ok
test_missing_login_resumes_same_connection_without_discovery_or_cost_repeat (test_w04_3_tools.TemporaryToolTests.test_missing_login_resumes_same_connection_without_discovery_or_cost_repeat) ... ok
test_offline_recovery_does_not_reconnect_or_reset_generation (test_w04_3_tools.TemporaryToolTests.test_offline_recovery_does_not_reconnect_or_reset_generation) ... ok
test_other_environment_offer_is_rejected_before_connection (test_w04_3_tools.TemporaryToolTests.test_other_environment_offer_is_rejected_before_connection) ... ok
test_p18_wait_resume_pause_stop_use_original_task_and_control (test_w04_3_tools.TemporaryToolTests.test_p18_wait_resume_pause_stop_use_original_task_and_control) ... ok
test_partial_cleanup_is_pending_then_linked_cleanup_preserves_facts (test_w04_3_tools.TemporaryToolTests.test_partial_cleanup_is_pending_then_linked_cleanup_preserves_facts) ... ok
test_pause_during_wait_does_not_create_cleanup_intent (test_w04_3_tools.TemporaryToolTests.test_pause_during_wait_does_not_create_cleanup_intent) ... ok
test_permission_loss_during_observation_refuses_return (test_w04_3_tools.TemporaryToolTests.test_permission_loss_during_observation_refuses_return) ... ok
test_registration_alone_does_not_replace_connection_verification (test_w04_3_tools.TemporaryToolTests.test_registration_alone_does_not_replace_connection_verification) ... ok
test_return_lost_recovers_original_receipt_without_second_connection (test_w04_3_tools.TemporaryToolTests.test_return_lost_recovers_original_receipt_without_second_connection) ... ok
test_revocation_cannot_switch_route_and_view_permission_is_current (test_w04_3_tools.TemporaryToolTests.test_revocation_cannot_switch_route_and_view_permission_is_current) ... ok
test_same_tool_grant_does_not_authorize_send_or_purchase (test_w04_3_tools.TemporaryToolTests.test_same_tool_grant_does_not_authorize_send_or_purchase) ... ok
test_single_use_cannot_run_second_business_action (test_w04_3_tools.TemporaryToolTests.test_single_use_cannot_run_second_business_action) ... ok
test_technical_api_unavailable_may_select_ui_but_denial_and_unknown_do_not (test_w04_3_tools.TemporaryToolTests.test_technical_api_unavailable_may_select_ui_but_denial_and_unknown_do_not) ... ok
test_terminal_failed_connection_can_finish_cleanup_without_fake_connection (test_w04_3_tools.TemporaryToolTests.test_terminal_failed_connection_can_finish_cleanup_without_fake_connection) ... ok
test_timed_task_completes_then_expiry_cleanup_uses_original_connection (test_w04_3_tools.TemporaryToolTests.test_timed_task_completes_then_expiry_cleanup_uses_original_connection) ... ok
test_unknown_connection_never_replays_or_creates_effect (test_w04_3_tools.TemporaryToolTests.test_unknown_connection_never_replays_or_creates_effect) ... ok
test_view_rechecks_permission_at_return (test_w04_3_tools.TemporaryToolTests.test_view_rechecks_permission_at_return) ... ok
test_authorized_ui_history_result_is_available_without_new_query_cost (test_w04_4_boundaries.EntryBoundaryTests.test_authorized_ui_history_result_is_available_without_new_query_cost) ... ok
test_capability_projection_validates_unselected_records_and_isolates_copies (test_w04_4_boundaries.EntryBoundaryTests.test_capability_projection_validates_unselected_records_and_isolates_copies) ... ok
test_contact_pause_does_not_cancel_independent_native_mind_update (test_w04_4_boundaries.EntryBoundaryTests.test_contact_pause_does_not_cancel_independent_native_mind_update) ... ok
test_digest_scope_recomputes_mutations_and_keeps_rfc_rejections (test_w04_4_boundaries.EntryBoundaryTests.test_digest_scope_recomputes_mutations_and_keeps_rfc_rejections) ... ok
test_dispatched_unknown_send_allows_distinct_inquiry_without_replaying_original (test_w04_4_boundaries.EntryBoundaryTests.test_dispatched_unknown_send_allows_distinct_inquiry_without_replaying_original) ... ok
test_environment_callback_changes_cannot_pass_single_document_reuse (test_w04_4_boundaries.EntryBoundaryTests.test_environment_callback_changes_cannot_pass_single_document_reuse) ... ok
test_group_bound_recipient_success_wrong_group_and_self_sender_rejected (test_w04_4_boundaries.EntryBoundaryTests.test_group_bound_recipient_success_wrong_group_and_self_sender_rejected) ... ok
test_native_history_does_not_bypass_later_entry_transfer_withdrawal (test_w04_4_boundaries.EntryBoundaryTests.test_native_history_does_not_bypass_later_entry_transfer_withdrawal) ... ok
test_native_new_inquiry_can_send_when_original_remains_unknown (test_w04_4_boundaries.EntryBoundaryTests.test_native_new_inquiry_can_send_when_original_remains_unknown) ... ok
test_native_unknown_delivery_does_not_prevent_later_cognition (test_w04_4_boundaries.EntryBoundaryTests.test_native_unknown_delivery_does_not_prevent_later_cognition) ... {"stage": "before-TEST-cleanup", "first_calls": 1, "after_calls": 2, "host": {"activity": "COGNITION", "commands": [], "desired": "RUNNING", "environment": "TEST", "generation": 2, "interruptions": [{"generation": 1, "last_trusted_time": "2026-09-04T08:16:00+00:00", "reason": "HOST_DETACHED"}, {"generation": 1, "last_trusted_time": "2026-09-04T08:16:00+00:00", "reason": "PRIOR_HOST_LOST"}, {"generation": 2, "last_trusted_time": "2026-09-04T08:32:00+00:00", "reason": "HOST_DETACHED"}], "last_task": "cognition:f4649f0090463289ce71c90bf2d579f4b5919ece7b3e9f736164ef3ba411f60f", "last_time": "2026-09-04T08:32:00+00:00", "next_check_at": "2026-09-04T08:33:00+00:00", "observations": 4, "owner": "owner:fcf5e8681c7d43cfbe2bb1bff5a42eac", "reason": "HOST_DETACHED", "revision": 9, "root_hash": "sha256:fac94e8354a9f93fda5ee1058b5c85c5b962f578aa2a6ca75bd81b89c292cf76", "state": "SUSPENDED", "subject_id": "sub-c8328931f9ba497c", "version": "p18-runtime-v1", "host_alive": false, "checkpoint_busy": false, "subject_lifecycle": "ACTIVE", "pending_tasks": 0, "unconfirmed_tasks": 0, "resources": {"token_budget": 10000, "token_used": 640, "token_remaining": 9360, "compute_remaining": 994}}, "tasks": [{"id": "cognition:074a0e35a186c0e977cead4c5cba2547bc6662bf12f398865225a781a9e8078d", "state": "COMPLETED", "attempts": 1}, {"id": "maintenance:770762b77268f5bd2b5269a60c837b3650564b92b3caecf2760f976f2320e177", "state": "COMPLETED", "attempts": 1}, {"id": "cognition:f4649f0090463289ce71c90bf2d579f4b5919ece7b3e9f736164ef3ba411f60f", "state": "COMPLETED", "attempts": 1}, {"id": "maintenance:ec151a0dab5671efec3bbb42bc6909d117513de02c0922f0a6f35726a4dc1e06", "state": "COMPLETED", "attempts": 1}], "effects": 1, "credits": 1, "revision": 4}
ok
test_read_callback_binding_change_is_rejected_before_persistence (test_w04_4_boundaries.EntryBoundaryTests.test_read_callback_binding_change_is_rejected_before_persistence) ... ok
test_related_native_memory_cannot_bypass_entry_transfer_withdrawal (test_w04_4_boundaries.EntryBoundaryTests.test_related_native_memory_cannot_bypass_entry_transfer_withdrawal) ... ok
test_scoped_state_parse_checks_current_bytes_and_returns_private_copies (test_w04_4_boundaries.EntryBoundaryTests.test_scoped_state_parse_checks_current_bytes_and_returns_private_copies) ... ok
test_thinking_projection_reads_current_bytes_and_returns_private_copies (test_w04_4_boundaries.EntryBoundaryTests.test_thinking_projection_reads_current_bytes_and_returns_private_copies) ... ok
test_transfer_revoked_inside_read_callback_does_not_return_old_grant (test_w04_4_boundaries.EntryBoundaryTests.test_transfer_revoked_inside_read_callback_does_not_return_old_grant) ... ok
test_ui_history_result_cannot_bypass_entry_transfer_withdrawal (test_w04_4_boundaries.EntryBoundaryTests.test_ui_history_result_cannot_bypass_entry_transfer_withdrawal) ... ok
test_unknown_body_effect_cannot_masquerade_as_new_contact (test_w04_4_boundaries.EntryBoundaryTests.test_unknown_body_effect_cannot_masquerade_as_new_contact) ... ok
test_unknown_old_send_does_not_freeze_distinct_same_matter_inquiry (test_w04_4_boundaries.EntryBoundaryTests.test_unknown_old_send_does_not_freeze_distinct_same_matter_inquiry) ... ok
test_concurrent_a_b_requests_remain_bound_without_duplicate_effects (test_w04_4_continuation.ContinuationTests.test_concurrent_a_b_requests_remain_bound_without_duplicate_effects) ... ok
test_late_timezone_message_preserves_three_times_and_mirror_root (test_w04_4_continuation.ContinuationTests.test_late_timezone_message_preserves_three_times_and_mirror_root) ... ok
test_loss_after_effect_reopens_original_thinking_and_send (test_w04_4_continuation.ContinuationTests.test_loss_after_effect_reopens_original_thinking_and_send) ... ok
test_owner_pause_stop_and_silent_native_work_do_not_send (test_w04_4_continuation.ContinuationTests.test_owner_pause_stop_and_silent_native_work_do_not_send) ... ok
test_same_user_two_matters_and_ambiguous_reference_stay_separate (test_w04_4_continuation.ContinuationTests.test_same_user_two_matters_and_ambiguous_reference_stay_separate) ... ok
test_api_question_followup_reply_same_engine_and_matter (test_w04_4_continuity.CrossEntryTests.test_api_question_followup_reply_same_engine_and_matter) ... ok
test_binding_change_after_thinking_prevents_delivery (test_w04_4_continuity.CrossEntryTests.test_binding_change_after_thinking_prevents_delivery) ... ok
test_current_permission_is_not_cached_with_environment_parse (test_w04_4_continuity.CrossEntryTests.test_current_permission_is_not_cached_with_environment_parse) ... ok
test_disconnected_and_expired_entries_reject_without_new_operation (test_w04_4_continuity.CrossEntryTests.test_disconnected_and_expired_entries_reject_without_new_operation) ... ok
test_mirror_deduplicates_original_operation_and_effect (test_w04_4_continuity.CrossEntryTests.test_mirror_deduplicates_original_operation_and_effect) ... ok
test_no_transfer_permission_keeps_other_authorized_entry_material (test_w04_4_continuity.CrossEntryTests.test_no_transfer_permission_keeps_other_authorized_entry_material) ... ok
test_original_request_reopen_has_no_new_model_effect_or_revision (test_w04_4_continuity.CrossEntryTests.test_original_request_reopen_has_no_new_model_effect_or_revision) ... ok
test_pause_at_a_blocks_b_without_disabling_internal_state (test_w04_4_continuity.CrossEntryTests.test_pause_at_a_blocks_b_without_disabling_internal_state) ... ok
test_readonly_delivery_view_reopen_does_not_advance_work (test_w04_4_continuity.CrossEntryTests.test_readonly_delivery_view_reopen_does_not_advance_work) ... ok
test_simulated_ui_question_followup_reply_same_engine_and_matter (test_w04_4_continuity.CrossEntryTests.test_simulated_ui_question_followup_reply_same_engine_and_matter) ... ERROR
{"test": "test_w04_4_continuity.CrossEntryTests.test_simulated_ui_question_followup_reply_same_engine_and_matter", "stage": "before-TEST-cleanup", "files": {"s/.p01-sandbox-root.v1.json": {"bytes": 98, "sha256": "3ced39d6b395df89d9b1f34e1b3faf46c14ccc6edab679a616f588a978e002f7"}, "s/s/s0fe5ba7f/b/bccd84d1c/branch-manifest.v1.json": {"bytes": 243, "sha256": "f8e0fccc7d7609d68a7deb4fc8ab0ccfda8c3b37794d93da8f98970ff045f1fd"}, "s/s/s0fe5ba7f/b/bccd84d1c/data/awakening/cycles/bfc72ff31f2a3ac18e7446f7e7b7da4ebe7f7cb0c0ab8061f42ac72cd6dc1547.json": {"bytes": 253, "sha256": "309e4d09b251a7327c44e6652df73e046d376421df0a2a1b50a766a4fc54b76a"}, "s/s/s0fe5ba7f/b/bccd84d1c/data/awakening/sessions/fff3d9b540c34279d50c33a6410b9de2c396791a43b8617cfb2522dd4f17ccb9/5b31cdf9841941d4b196f5f0630d1e0bbd52bfc5b28abe194862164a8ba97662.json": {"bytes": 10657, "sha256": "b1dd0698a4eadf9abf605ffe7917500b856b06523942c81bb547ffcc27c200a0"}, "s/s/s0fe5ba7f/b/bccd84d1c/data/awakening/sessions/fff3d9b540c34279d50c33a6410b9de2c396791a43b8617cfb2522dd4f17ccb9/a25dc73f2e0b1e36735e27159837c3dd53e2dabff08802d5e1a5c758f39fabaa.json": {"bytes": 17943, "sha256": "96db4e62feee5d2699003cb8370fff014c113eb8436859a052abf0c193b898c8"}, "s/s/s0fe5ba7f/b/bccd84d1c/data/awakening/sessions/fff3d9b540c34279d50c33a6410b9de2c396791a43b8617cfb2522dd4f17ccb9/c5a3333598b6837289a8b436e94c38899da9bfdff47266a83e71af2c64e9b636.json": {"bytes": 84389, "sha256": "ac82e0eb3a01622baafc6a7f3f25c7984208004f2740616fb1bf853595a115d9"}, "s/s/s0fe5ba7f/b/bccd84d1c/data/c1-receipts/p08-fake-receipts.json": {"bytes": 148, "sha256": "a411df96a3b6eea514baf41f59d45ab70c55b96ee9f28e118d79525ea3bfe8c8"}, "s/s/s0fe5ba7f/b/bccd84d1c/data/clock/subject-clock.v1.json": {"bytes": 109, "sha256": "a12e3fbb74da240f6330c740f8c742b071e53b32f2f7187fb0b9938173b6c05f"}, "s/s/s0fe5ba7f/b/bccd84d1c/data/contradiction/test/fff3d9b540c34279d50c33a6410b9de2c396791a43b8617cfb2522dd4f17ccb9.json": {"bytes": 228, "sha256": "3f50433ff3e145fa89e4746f006629a12960d0cd18c5cef2cd52b0944f2274fe"}, "s/s/s0fe5ba7f/b/bccd84d1c/data/environment-access/test/9260600f99bdac91208aa483dd2d61e6384e82034824b44eb130cb3bdbb1b227/attachments.v1.json": {"bytes": 8930, "sha256": "f8ceab91ebf4e019d7f3a5ab41df72b0f97776fd4a3b3bdec45d167df65460e9"}, "s/s/s0fe5ba7f/b/bccd84d1c/data/environment-access/test/9260600f99bdac91208aa483dd2d61e6384e82034824b44eb130cb3bdbb1b227/attachments.v1.lock": {"bytes": 1, "sha256": "5feceb66ffc86f38d952786c6d696c79c2dbc239dd4e91b46729d73a27fb57e9"}, "s/s/s0fe5ba7f/b/bccd84d1c/data/execution-outbox/test/9260600f99bdac91208aa483dd2d61e6384e82034824b44eb130cb3bdbb1b227/delivery.v1.json": {"bytes": 1091, "sha256": "d98500327ef75ad0c188ce1480d63c54195411098b0e64c1c59393d2b397f3b1"}, "s/s/s0fe5ba7f/b/bccd84d1c/data/execution-outbox/test/9260600f99bdac91208aa483dd2d61e6384e82034824b44eb130cb3bdbb1b227/delivery.v1.lock": {"bytes": 1, "sha256": "5feceb66ffc86f38d952786c6d696c79c2dbc239dd4e91b46729d73a27fb57e9"}, "s/s/s0fe5ba7f/b/bccd84d1c/data/fixture/c1-profile.v1.json": {"bytes": 102, "sha256": "c90243e73db3cf1c720f406bd7300563050a6416af3a353c8d0575c93ee7db20"}, "s/s/s0fe5ba7f/b/bccd84d1c/data/fixture/state-fixture.v1.json": {"bytes": 635, "sha256": "e68e2664c07e91fab044170095317032db47c15ee2af6a5e49d41be0ff2ab627"}, "s/s/s0fe5ba7f/b/bccd84d1c/data/integration/capability-ledger.v1.json": {"bytes": 32044, "sha256": "1a2909acc3562de69b01227ae7dd00eb0c76a887d7565f78f3fc027271b91b28"}, "s/s/s0fe5ba7f/b/bccd84d1c/data/integration/operation-journal.first-round-v1.json": {"bytes": 308706, "sha256": "1dc3808960baf30d473e55d3b1cf2f4afb0468c9501abd850008dd7b40bb5c59"}, "s/s/s0fe5ba7f/b/bccd84d1c/data/integration/result-ledger.first-round-v1.json": {"bytes": 1558, "sha256": "550d5fa14b6e43b9295c9662661b1810f4b86b71444ac5441183eeec77a68fa3"}, "s/s/s0fe5ba7f/b/bccd84d1c/data/integration/subject-binding.runtime-v1.json": {"bytes": 613, "sha256": "4566d7f23b3ae6511ce3855edeb3915cc0d4bee540ca58a89dc3a0d05c8c7161"}, "s/s/s0fe5ba7f/b/bccd84d1c/data/learning/fff3d9b540c34279d50c33a6410b9de2c396791a43b8617cfb2522dd4f17ccb9.json": {"bytes": 2154, "sha256": "02ac2656bf652b5db2e0a600ce6b5e4e28986dad86d9a7b1ad29582f3fafa0b2"}, "s/s/s0fe5ba7f/b/bccd84d1c/data/memory/test/fff3d9b540c34279d50c33a6410b9de2c396791a43b8617cfb2522dd4f17ccb9.json": {"bytes": 15255, "sha256": "1730f6893fda431bee453c8fd37a6eb3535a8adc67234903616e7678f46e466b"}, "s/s/s0fe5ba7f/b/bccd84d1c/data/persistent-runtime/owner.lock": {"bytes": 1, "sha256": "5feceb66ffc86f38d952786c6d696c79c2dbc239dd4e91b46729d73a27fb57e9"}, "s/s/s0fe5ba7f/b/bccd84d1c/data/persistent-runtime/runtime.v1.json": {"bytes": 784, "sha256": "a733131cd115b61858eb4259bf93a72d84b02273791e647504ddfa7b122a4722"}, "s/s/s0fe5ba7f/b/bccd84d1c/data/persistent-runtime/runtime.v1.lock": {"bytes": 1, "sha256": "5feceb66ffc86f38d952786c6d696c79c2dbc239dd4e91b46729d73a27fb57e9"}, "s/s/s0fe5ba7f/b/bccd84d1c/data/resources/fff3d9b540c34279d50c33a6410b9de2c396791a43b8617cfb2522dd4f17ccb9.json": {"bytes": 4250, "sha256": "86359b10656a8442bcdf76c781d50f181094fa654b00ed7e97bea0b8d907e963"}, "s/s/s0fe5ba7f/b/bccd84d1c/data/scheduler/queue.v1.json": {"bytes": 2672, "sha256": "fc6c953583b34a7f54745fc8230cebaa33eba8879cf57051c33e7cd82c3cefed"}, "s/s/s0fe5ba7f/b/bccd84d1c/data/subject-state/fff3d9b540c34279d50c33a6410b9de2c396791a43b8617cfb2522dd4f17ccb9.json": {"bytes": 56010, "sha256": "62861253d40042d964f3e304006e4dacecc766b82333b49a2b81ccd0866fe00e"}, "s/s/s0fe5ba7f/b/bccd84d1c/data/test-actions/action-sessions.v1.json": {"bytes": 128, "sha256": "49983e3c4fd1fba1fd17e6fee95498956898c268e4d7538815314885201584f5"}, "s/s/s0fe5ba7f/b/bccd84d1c/data/test-indexes/events.v1.json": {"bytes": 138, "sha256": "32402e300d637e28e7c5af0d4963f6999d677c8e70c342cd530d68756fded912"}, "s/s/s0fe5ba7f/b/bccd84d1c/data/test-indexes/evolution.v1.json": {"bytes": 141, "sha256": "4e57cf1c4900badd36d63e3c58a5d329e9e4199c58df8f9abd8163cf0ce94b1d"}, "s/s/s0fe5ba7f/b/bccd84d1c/data/test-indexes/relationship-state.v1.json": {"bytes": 150, "sha256": "feee1c569fbdf3e1c3651dc01b74221d0b7ce43efa1c4e0432951e30ff3dd055"}, "s/s/s0fe5ba7f/b/bccd84d1c/data/test-indexes/state-mutations.v1.json": {"bytes": 147, "sha256": "5b18d093e620580acdbd5c341abf7ff19984bd85f1310df80f0afcb94f9a3b39"}, "s/s/s0fe5ba7f/b/bccd84d1c/data/test-indexes/thinking-sessions.v1.json": {"bytes": 149, "sha256": "7690e9a139518c47b716c87c5025f429f5216b606c968de175bed20f7f476492"}, "s/s/s0fe5ba7f/b/bccd84d1c/data/test-indexes/wake-sessions.v1.json": {"bytes": 145, "sha256": "b3ad02247806c7918d4f8cb70286f4b2931c16e2e62d28d76a27163be0e5e145"}, "s/s/s0fe5ba7f/b/bccd84d1c/data/test-memory/memory-ledger.v1.json": {"bytes": 631, "sha256": "81992f9c0184d17482753f40cd860098cd0cdde822f4830dc3869b51d9c1e74b"}, "s/s/s0fe5ba7f/b/bccd84d1c/data/test-trace/subject-clock-trace.v1.json": {"bytes": 1558, "sha256": "46d807cc55cd93ca07f223909e763e60b19990a0709d203f189c1da1cd53be4b"}, "s/s/s0fe5ba7f/b/bccd84d1c/data/thinking/sessions/fff3d9b540c34279d50c33a6410b9de2c396791a43b8617cfb2522dd4f17ccb9/4a00a968a6c6f30ad35850428427c418af8f6e7cf819e045bd1cc3b56d5e4ca5.json": {"bytes": 64757, "sha256": "f7fd38025b9b9b52d82b89ddb3de0ec3e4deedc6b5102e4067c8cc7deeee30c9"}, "s/s/s0fe5ba7f/b/bccd84d1c/data/thinking/sessions/fff3d9b540c34279d50c33a6410b9de2c396791a43b8617cfb2522dd4f17ccb9/5d883d0e42ff0d2ef233330ebeedaa7e6938e771e4677816443558ef64086e25.json": {"bytes": 109044, "sha256": "e489d91191d305163736218c89df9fb6ea654099083deb1e17b6bd92d835b33c"}, "s/s/s0fe5ba7f/b/bccd84d1c/data/worlds/entry-A/simulated-device.json": {"bytes": 3524, "sha256": "5afe15ecfe7c19b6b2ea7382a99364ec865161acc10422569020a10473b5a79b"}, "s/s/s0fe5ba7f/b/bccd84d1c/data/worlds/entry-A/simulated-device.lock": {"bytes": 1, "sha256": "5feceb66ffc86f38d952786c6d696c79c2dbc239dd4e91b46729d73a27fb57e9"}, "s/s/s0fe5ba7f/b/bccd84d1c/data/worlds/entry-B/simulated-device.json": {"bytes": 3524, "sha256": "d4164db1bfd290b347490a09892b640a990c3b6ae43c3d3d7675e488d03feb32"}, "s/s/s0fe5ba7f/b/bccd84d1c/data/worlds/entry-B/simulated-device.lock": {"bytes": 1, "sha256": "5feceb66ffc86f38d952786c6d696c79c2dbc239dd4e91b46729d73a27fb57e9"}, "s/s/s0fe5ba7f/sandbox-manifest.v1.json": {"bytes": 916, "sha256": "ee7d0ca0cf2910badfbc5e38e7009a288faabd28c0e4ae9440e5a0c3d5041902"}, "s/sandbox-registry.v1.json": {"bytes": 479, "sha256": "73ae21d5560693e54ec040bcdbec4db3a8a720a6ea3fcf9880236ccde3024b4c"}}}
test_subject_echo_never_becomes_user_reply_or_new_thinking (test_w04_4_continuity.CrossEntryTests.test_subject_echo_never_becomes_user_reply_or_new_thinking) ... ok
test_verified_environment_parse_returns_private_copy_and_rechecks_bytes (test_w04_4_continuity.CrossEntryTests.test_verified_environment_parse_returns_private_copy_and_rechecks_bytes) ... ok
test_wrong_sender_and_same_display_name_do_not_grant_identity (test_w04_4_continuity.CrossEntryTests.test_wrong_sender_and_same_display_name_do_not_grant_identity) ... ok
test_evidence_current_source_withdrawal_and_permission_rejection (test_w04_4_delivery.DeliveryEvidenceTests.test_evidence_current_source_withdrawal_and_permission_rejection) ... ok
test_formed_matter_adoption_recovers_once_via_original_w03_without_rebinding_context (test_w04_4_delivery.DeliveryEvidenceTests.test_formed_matter_adoption_recovers_once_via_original_w03_without_rebinding_context) ... ok
test_send_receipt_cannot_substitute_for_read_observation (test_w04_4_delivery.DeliveryEvidenceTests.test_send_receipt_cannot_substitute_for_read_observation) ... ok
test_sent_delivery_read_evidence_and_readonly_reopen (test_w04_4_delivery.DeliveryEvidenceTests.test_sent_delivery_read_evidence_and_readonly_reopen) ... ok
test_action_permission_refusal_is_not_overridden_by_expression_confirmation (test_w04_4_expression.EntryExpressionTests.test_action_permission_refusal_is_not_overridden_by_expression_confirmation) ... ok
test_exact_confirmation_satisfies_contact_without_erasing_required_flag (test_w04_4_expression.EntryExpressionTests.test_exact_confirmation_satisfies_contact_without_erasing_required_flag) ... ok
test_failed_presentation_precedes_native_effect (test_w04_4_expression.EntryExpressionTests.test_failed_presentation_precedes_native_effect) ... ok
test_historical_confirmed_artifact_does_not_grant_current_consumption (test_w04_4_expression.EntryExpressionTests.test_historical_confirmed_artifact_does_not_grant_current_consumption) ... ok
test_revocation_during_presentation_prevents_delivery (test_w04_4_expression.EntryExpressionTests.test_revocation_during_presentation_prevents_delivery) ... ok
test_saved_refusal_is_not_upgraded_when_confirmation_later_appears (test_w04_4_expression.EntryExpressionTests.test_saved_refusal_is_not_upgraded_when_confirmation_later_appears) ... ok
test_unconfirmed_contact_keeps_refusal_and_has_no_effect (test_w04_4_expression.EntryExpressionTests.test_unconfirmed_contact_keeps_refusal_and_has_no_effect) ... ok
test_discovery_history_body_and_native_cross_entry_share_authorities (test_w04_package.W04PackageTests.test_discovery_history_body_and_native_cross_entry_share_authorities) ... ERROR
{"test": "test_w04_package.W04PackageTests.test_discovery_history_body_and_native_cross_entry_share_authorities", "stage": "before-TEST-cleanup", "files": {"s/.p01-sandbox-root.v1.json": {"bytes": 98, "sha256": "3ced39d6b395df89d9b1f34e1b3faf46c14ccc6edab679a616f588a978e002f7"}, "s/s/sd6f6e91f/b/bc246cbe7/branch-manifest.v1.json": {"bytes": 243, "sha256": "466ab0b43fc84dc1536f3aa50ad6134f8f2e3ef44da746bb35fc76df66a215c9"}, "s/s/sd6f6e91f/b/bc246cbe7/data/awakening/cycles/05198fa26692ff7544cf4270541444c62d18ed71210d37c2f635dc6d8b0e9ca9.json": {"bytes": 253, "sha256": "b77f4d07e0c6485579884d94710194e18bce53658bc1a3b8a165c417b6038bf6"}, "s/s/sd6f6e91f/b/bc246cbe7/data/awakening/sessions/033c28b1a05746cbe6fdfa6aed00f42eaf1dbfc1c5297f40fe5be2666c336834/1bac87f65503b8185ba6f95e81ccd20795bb6beaed0d02e65309c45e6e1e8ab0.json": {"bytes": 10657, "sha256": "229d5556cdde8202b05736db39915e2ce02768780b77b672cf920090b86465b7"}, "s/s/sd6f6e91f/b/bc246cbe7/data/awakening/sessions/033c28b1a05746cbe6fdfa6aed00f42eaf1dbfc1c5297f40fe5be2666c336834/2e3d3fcd4b1cb0a5c72ea4150b6326ba505aba589f780be44ded6f14f2397c49.json": {"bytes": 84389, "sha256": "f40a5bc6ca77df0d49e7e3c9beba3e7ade10a1013d35cd49e2e06ff5599b0736"}, "s/s/sd6f6e91f/b/bc246cbe7/data/awakening/sessions/033c28b1a05746cbe6fdfa6aed00f42eaf1dbfc1c5297f40fe5be2666c336834/77a7c9dc0aa8557d4988a2aa90f6ba309096021289cf4c1c74a71d48a8e2f638.json": {"bytes": 10657, "sha256": "29e922ed895328c3f796f34cc9d4394cb62617bbb95eddb0dcd350602873e4a4"}, "s/s/sd6f6e91f/b/bc246cbe7/data/awakening/sessions/033c28b1a05746cbe6fdfa6aed00f42eaf1dbfc1c5297f40fe5be2666c336834/a5889da267996d3b0cfec93f30545c566233af9d41ec9fa58d18843e4d2dca70.json": {"bytes": 10657, "sha256": "b9b5d81f597414bcb590571d6776f5e9798020cd51269e74b84383d6ffc0fd7b"}, "s/s/sd6f6e91f/b/bc246cbe7/data/awakening/sessions/033c28b1a05746cbe6fdfa6aed00f42eaf1dbfc1c5297f40fe5be2666c336834/fca3af9cef05f4619bac7d883e5c5efa8438574149be19866bfb949e96965d77.json": {"bytes": 17943, "sha256": "26c2e92fbda30c0186e2a844d23e96aa55b83d9771d61641db67e435f0944f2d"}, "s/s/sd6f6e91f/b/bc246cbe7/data/c1-receipts/p08-fake-receipts.json": {"bytes": 148, "sha256": "a411df96a3b6eea514baf41f59d45ab70c55b96ee9f28e118d79525ea3bfe8c8"}, "s/s/sd6f6e91f/b/bc246cbe7/data/clock/subject-clock.v1.json": {"bytes": 109, "sha256": "a12e3fbb74da240f6330c740f8c742b071e53b32f2f7187fb0b9938173b6c05f"}, "s/s/sd6f6e91f/b/bc246cbe7/data/contradiction/test/033c28b1a05746cbe6fdfa6aed00f42eaf1dbfc1c5297f40fe5be2666c336834.json": {"bytes": 228, "sha256": "0b29187fb2746d020bdc8e28eeb83a03c65dbd8a797dcf034b0e215e828a7d97"}, "s/s/sd6f6e91f/b/bc246cbe7/data/environment-access/test/5f10cd76ac1924835c27824e2ade371bf6282ac46b6ba00cbb1d69c4d93b0ee3/attachments.v1.json": {"bytes": 10922, "sha256": "a01f40023f02074ce6a3e7ee95260577d129f30c67d6879dcf93d74ff9271677"}, "s/s/sd6f6e91f/b/bc246cbe7/data/environment-access/test/5f10cd76ac1924835c27824e2ade371bf6282ac46b6ba00cbb1d69c4d93b0ee3/attachments.v1.lock": {"bytes": 1, "sha256": "5feceb66ffc86f38d952786c6d696c79c2dbc239dd4e91b46729d73a27fb57e9"}, "s/s/sd6f6e91f/b/bc246cbe7/data/execution-outbox/test/5f10cd76ac1924835c27824e2ade371bf6282ac46b6ba00cbb1d69c4d93b0ee3/delivery.v1.json": {"bytes": 2844, "sha256": "07d7ad74ca8b88e9fcacc973101fb7946d0ff85f4b2d082ade6d4f9e4ab79530"}, "s/s/sd6f6e91f/b/bc246cbe7/data/execution-outbox/test/5f10cd76ac1924835c27824e2ade371bf6282ac46b6ba00cbb1d69c4d93b0ee3/delivery.v1.lock": {"bytes": 1, "sha256": "5feceb66ffc86f38d952786c6d696c79c2dbc239dd4e91b46729d73a27fb57e9"}, "s/s/sd6f6e91f/b/bc246cbe7/data/external-providers/test/5f10cd76ac1924835c27824e2ade371bf6282ac46b6ba00cbb1d69c4d93b0ee3/cache.json": {"bytes": 3353, "sha256": "68385a79cbeac4e9d6453db159405deb012e3619718466315f9b052b4da62be4"}, "s/s/sd6f6e91f/b/bc246cbe7/data/external-providers/test/5f10cd76ac1924835c27824e2ade371bf6282ac46b6ba00cbb1d69c4d93b0ee3/registry.json": {"bytes": 1850, "sha256": "64b9f95d7d884e3082cc50485b2dbe9e55ecdb3cccc16a880fc3f5cb61425b1a"}, "s/s/sd6f6e91f/b/bc246cbe7/data/fixture/c1-profile.v1.json": {"bytes": 102, "sha256": "67196f67bbf64e23c3a9f91052794d5a52f292c2272498323afca6ff0d7f0a35"}, "s/s/sd6f6e91f/b/bc246cbe7/data/fixture/p16-control.json": {"bytes": 504, "sha256": "9d14e861f634d67d6574959ff2926d10752af49bf24372e8969250517799b44f"}, "s/s/sd6f6e91f/b/bc246cbe7/data/fixture/p16-profile.json": {"bytes": 96, "sha256": "708ffc24873e456aca9c74a8a914d337ac64d6a0288b4ed191375f5b15854781"}, "s/s/sd6f6e91f/b/bc246cbe7/data/fixture/state-fixture.v1.json": {"bytes": 635, "sha256": "23af26cb3a98b86f95b70a12181408990d6dc6cbb1abba0d442ffcf00bab2be7"}, "s/s/sd6f6e91f/b/bc246cbe7/data/fixture/tool-grants.json": {"bytes": 154, "sha256": "d8c8246f63b9d7532c0d55a929c1fe46e668befbeff8f52d44a5e71db50f4f1d"}, "s/s/sd6f6e91f/b/bc246cbe7/data/integration/capability-ledger.v1.json": {"bytes": 97295, "sha256": "5929bb89b6699c41e9e0d5d04030d19b756bd86799bf1e0e5561dabf2f19633d"}, "s/s/sd6f6e91f/b/bc246cbe7/data/integration/operation-journal.first-round-v1.json": {"bytes": 634178, "sha256": "de504544f1cad8f0f946793b568def6027118e8483ea9fe2a021abe4980d44f4"}, "s/s/sd6f6e91f/b/bc246cbe7/data/integration/result-ledger.first-round-v1.json": {"bytes": 4600, "sha256": "1ffd0366e2543475d51b8d1dc39403b7c225d7c4e450a1569b60c81f3d7b2a6f"}, "s/s/sd6f6e91f/b/bc246cbe7/data/integration/subject-binding.runtime-v1.json": {"bytes": 613, "sha256": "753b0a15d5100874632c6e5f0e8fed37e2cbd196573509deb587d9e37af63e7f"}, "s/s/sd6f6e91f/b/bc246cbe7/data/learning/033c28b1a05746cbe6fdfa6aed00f42eaf1dbfc1c5297f40fe5be2666c336834.json": {"bytes": 2154, "sha256": "978108b3b39ebbcb9dada73151795be48a595e565c6d666e6d2be555c6f359ee"}, "s/s/sd6f6e91f/b/bc246cbe7/data/memory/test/033c28b1a05746cbe6fdfa6aed00f42eaf1dbfc1c5297f40fe5be2666c336834.json": {"bytes": 15255, "sha256": "5e8d1ac558b602e8aee1e93b43882ce27d336b5bbb89db69d6b5145ef0c889bd"}, "s/s/sd6f6e91f/b/bc246cbe7/data/p16-fake/facts.json": {"bytes": 4184, "sha256": "33fb2437fff5010f9505ffc02fac1ebe4ed71263f3b1f006ad369ddc5475259c"}, "s/s/sd6f6e91f/b/bc246cbe7/data/persistent-runtime/owner.lock": {"bytes": 1, "sha256": "5feceb66ffc86f38d952786c6d696c79c2dbc239dd4e91b46729d73a27fb57e9"}, "s/s/sd6f6e91f/b/bc246cbe7/data/persistent-runtime/runtime.v1.json": {"bytes": 784, "sha256": "ca28a3d9edc2f432bb85ce3b5a0f8aedc53b160d756439daa42de22814949f02"}, "s/s/sd6f6e91f/b/bc246cbe7/data/persistent-runtime/runtime.v1.lock": {"bytes": 1, "sha256": "5feceb66ffc86f38d952786c6d696c79c2dbc239dd4e91b46729d73a27fb57e9"}, "s/s/sd6f6e91f/b/bc246cbe7/data/resources/033c28b1a05746cbe6fdfa6aed00f42eaf1dbfc1c5297f40fe5be2666c336834.json": {"bytes": 4250, "sha256": "41ad4d155fa9d48df05af7a2546c9c18f9433f14f2a5034d50cb3bee505038b5"}, "s/s/sd6f6e91f/b/bc246cbe7/data/scheduler/queue.v1.json": {"bytes": 2672, "sha256": "4dddb99101b55fa8b8eff464c9a8fb954b21f91186f2a17fbcd91e886c5a33e2"}, "s/s/sd6f6e91f/b/bc246cbe7/data/subject-state/033c28b1a05746cbe6fdfa6aed00f42eaf1dbfc1c5297f40fe5be2666c336834.json": {"bytes": 56010, "sha256": "79a491ff3362ac0130600949915b543d779be636cf4585fc2980ac4454d58da4"}, "s/s/sd6f6e91f/b/bc246cbe7/data/test-actions/action-sessions.v1.json": {"bytes": 128, "sha256": "9a8fe2b3cb296148a89cf1f58708f6c498ca7bca1c76e932adf9009f0648b7a7"}, "s/s/sd6f6e91f/b/bc246cbe7/data/test-indexes/events.v1.json": {"bytes": 138, "sha256": "54cad0c6b1db89a274633735d6979a6ed74e528254e3c17171f48610155c5564"}, "s/s/sd6f6e91f/b/bc246cbe7/data/test-indexes/evolution.v1.json": {"bytes": 141, "sha256": "c80d65aae447ff5639d7364b4a296185ec23c93a7742f33d5682e28e725ffbba"}, "s/s/sd6f6e91f/b/bc246cbe7/data/test-indexes/relationship-state.v1.json": {"bytes": 150, "sha256": "bf5613e70d9ec7c8395cc1e5836ddaa87146d1f39ae3000002550c84ac92fab6"}, "s/s/sd6f6e91f/b/bc246cbe7/data/test-indexes/state-mutations.v1.json": {"bytes": 147, "sha256": "833fcbdb2892b5f12750122160aa2bce23ef0263f6909099c27710410d3d06b3"}, "s/s/sd6f6e91f/b/bc246cbe7/data/test-indexes/thinking-sessions.v1.json": {"bytes": 149, "sha256": "d8fe6f8c519265918cb2674ec7082e7aef3f9e531f16ddd3e9e409f2256ab6f0"}, "s/s/sd6f6e91f/b/bc246cbe7/data/test-indexes/wake-sessions.v1.json": {"bytes": 145, "sha256": "7894b87c27fd0597261400ec9dc3fe7f31ea49685d5dbdc149fc16209fd368af"}, "s/s/sd6f6e91f/b/bc246cbe7/data/test-memory/memory-ledger.v1.json": {"bytes": 631, "sha256": "e9fccfd67d896f7da3d3a602d338ec48a6ce8f3c1d1977453702b9e833bf751b"}, "s/s/sd6f6e91f/b/bc246cbe7/data/test-trace/subject-clock-trace.v1.json": {"bytes": 1558, "sha256": "439ae0e70f080762a56d22d4323ec9794cffff7c7faeba3fa3bde717d552b914"}, "s/s/sd6f6e91f/b/bc246cbe7/data/thinking/sessions/033c28b1a05746cbe6fdfa6aed00f42eaf1dbfc1c5297f40fe5be2666c336834/3300a49c030b610d23aa38c4860d4b5244cf10851974c86ffc4e989fdf07f7f0.json": {"bytes": 73581, "sha256": "5dc933b8f317a838864f981d64bcb70db9dd97c637735e9958a2eb30c5176510"}, "s/s/sd6f6e91f/b/bc246cbe7/data/thinking/sessions/033c28b1a05746cbe6fdfa6aed00f42eaf1dbfc1c5297f40fe5be2666c336834/39a3d91b69fdc8078a28ac633d4151255c474cfa8c03477650db8376ad2d0aef.json": {"bytes": 54177, "sha256": "40b337cc348557c45d5c66c2f9c3fddd412987cff7de94e7047e9d5e99c12ea1"}, "s/s/sd6f6e91f/b/bc246cbe7/data/thinking/sessions/033c28b1a05746cbe6fdfa6aed00f42eaf1dbfc1c5297f40fe5be2666c336834/677e382f9dfb4e99da3f8b9d055d549b323dcf8b70519843d1976a94181baf9f.json": {"bytes": 80618, "sha256": "4cf6e9e32fb6aa82de6672161a2b48523b2009cd654ac51f6b7c243d7d096562"}, "s/s/sd6f6e91f/b/bc246cbe7/data/thinking/sessions/033c28b1a05746cbe6fdfa6aed00f42eaf1dbfc1c5297f40fe5be2666c336834/b9eeb00359f77c0bc4705fe55d29c28f520e7b87afe38e682666f18b41a77108.json": {"bytes": 112902, "sha256": "ce1534a648e299a65952348f2bfaba9f139d6cc2a260a19ecdd9ccad6d713ac8"}, "s/s/sd6f6e91f/b/bc246cbe7/data/worlds/entry-A/simulated-device.json": {"bytes": 6371, "sha256": "8fd03fd8c81413872d022d92fa1b74b3142a08a3a3eac75449a7db0d8dfae8aa"}, "s/s/sd6f6e91f/b/bc246cbe7/data/worlds/entry-A/simulated-device.lock": {"bytes": 1, "sha256": "5feceb66ffc86f38d952786c6d696c79c2dbc239dd4e91b46729d73a27fb57e9"}, "s/s/sd6f6e91f/b/bc246cbe7/data/worlds/entry-B/simulated-device.json": {"bytes": 3384, "sha256": "1db5866c261dc71a98df4d15bca7611c697dfe622a31ea43dbbc7849c92d4f5c"}, "s/s/sd6f6e91f/b/bc246cbe7/data/worlds/entry-B/simulated-device.lock": {"bytes": 1, "sha256": "5feceb66ffc86f38d952786c6d696c79c2dbc239dd4e91b46729d73a27fb57e9"}, "s/s/sd6f6e91f/b/bc246cbe7/data/worlds/tools/connections.json": {"bytes": 2760, "sha256": "95f865ba3c71085fc927f0593c57c4ab2b94a59c993f3ea6438350bf0e46cbf9"}, "s/s/sd6f6e91f/b/bc246cbe7/data/worlds/tools/connections.lock": {"bytes": 1, "sha256": "5feceb66ffc86f38d952786c6d696c79c2dbc239dd4e91b46729d73a27fb57e9"}, "s/s/sd6f6e91f/b/bc246cbe7/data/worlds/w04-device/simulated-device.json": {"bytes": 4031, "sha256": "356c0fb7d6036210ee27b9e3fed37c6d3938bb4f55ffc7bfd966027e666a0945"}, "s/s/sd6f6e91f/b/bc246cbe7/data/worlds/w04-device/simulated-device.lock": {"bytes": 1, "sha256": "5feceb66ffc86f38d952786c6d696c79c2dbc239dd4e91b46729d73a27fb57e9"}, "s/s/sd6f6e91f/sandbox-manifest.v1.json": {"bytes": 928, "sha256": "80c8a1c013aafab60cac2bf8450c6a6c114a8a4ee74c4e16c2262ab5a2785fb4"}, "s/sandbox-registry.v1.json": {"bytes": 485, "sha256": "d3691805fcd6e9b65dcdabc76afa0f60c45ce6b68f5fc15f81a5c0e51a60ec18"}}}
test_simulator_rechecks_current_bytes_without_sharing_mutable_facts (test_w04_package.W04PackageTests.test_simulator_rechecks_current_bytes_without_sharing_mutable_facts) ... ok

======================================================================
ERROR: test_simulated_ui_question_followup_reply_same_engine_and_matter (test_w04_4_continuity.CrossEntryTests.test_simulated_ui_question_followup_reply_same_engine_and_matter)
----------------------------------------------------------------------
Traceback (most recent call last):
  File "C:\Users\Administrator\Documents\continuity-engine\src\continuity_engine\services\continuity_interaction_service.py", line 324, in _submit
    operation, thinking_execution = self._run_domain(request, operation, binding)
                                    ~~~~~~~~~~~~~~~~^^^^^^^^^^^^^^^^^^^^^^^^^^^^^
  File "C:\Users\Administrator\Documents\continuity-engine\src\continuity_engine\services\continuity_interaction_service.py", line 879, in _run_domain
    perception = self._continuity_core.prepare(perception, operation,
        **({'save_input': save_input} if operation.input_processing_enabled else {}),
        **({'save_recall':save_recall} if operation.recall_enabled else {}))
  File "C:\Users\Administrator\Documents\continuity-engine\src\continuity_engine\services\continuity_core_service.py", line 350, in prepare
    return self._prepare(perception, operation, save_input=save_input,save_recall=save_recall)
           ~~~~~~~~~~~~~^^^^^^^^^^^^^^^^^^^^^^^^^^^^^^^^^^^^^^^^^^^^^^^^^^^^^^^^^^^^^^^^^^^^^^
  File "C:\Users\Administrator\Documents\continuity-engine\src\continuity_engine\services\continuity_core_service.py", line 429, in _prepare
    route,composition,recall_record=self.recall.prepare(perception,operation,save_recall,
                                    ~~~~~~~~~~~~~~~~~~~^^^^^^^^^^^^^^^^^^^^^^^^^^^^^^^^^^
        attention=mind['influence']['attention'] if mind is not None else None)
        ^^^^^^^^^^^^^^^^^^^^^^^^^^^^^^^^^^^^^^^^^^^^^^^^^^^^^^^^^^^^^^^^^^^^^^^
  File "C:\Users\Administrator\Documents\continuity-engine\src\continuity_engine\services\associative_recall_service.py", line 100, in prepare
    return self._prepare(perception,operation,save,attention=attention)
           ~~~~~~~~~~~~~^^^^^^^^^^^^^^^^^^^^^^^^^^^^^^^^^^^^^^^^^^^^^^^
  File "C:\Users\Administrator\Documents\continuity-engine\src\continuity_engine\services\associative_recall_service.py", line 211, in _prepare
    raise CapabilityValidationError(stop)
continuity_engine.domain.errors.CapabilityValidationError: RECALL_TIMEOUT

The above exception was the direct cause of the following exception:

Traceback (most recent call last):
  File "C:\Users\Administrator\Documents\continuity-engine\tests\test_w04_4_continuity.py", line 69, in test_simulated_ui_question_followup_reply_same_engine_and_matter
    self.chain(ui=True)
    ~~~~~~~~~~^^^^^^^^^
  File "C:\Users\Administrator\Documents\continuity-engine\tests\test_w04_4_continuity.py", line 55, in chain
    response = self.f.submit('选河边店，窗边那张桌。', entry='entry:B', item_id=item.item_id,
                            reply_to=delivery['request_id'])
  File "C:\Users\Administrator\Documents\continuity-engine\src\continuity_engine\testing\w04_cross_entry_fixture.py", line 309, in submit
    return self.entries.receive(self.last_request, self.last_message)
           ~~~~~~~~~~~~~~~~~~~~^^^^^^^^^^^^^^^^^^^^^^^^^^^^^^^^^^^^^^
  File "C:\Users\Administrator\Documents\continuity-engine\src\continuity_engine\services\cross_entry_service.py", line 588, in receive
    return self.interaction.submit(payload, entry_message=message)
           ~~~~~~~~~~~~~~~~~~~~~~~^^^^^^^^^^^^^^^^^^^^^^^^^^^^^^^^
  File "C:\Users\Administrator\Documents\continuity-engine\src\continuity_engine\services\continuity_interaction_service.py", line 192, in submit
    return self._submit(payload, access_use=access_use, entry_message=entry_message)
           ~~~~~~~~~~~~^^^^^^^^^^^^^^^^^^^^^^^^^^^^^^^^^^^^^^^^^^^^^^^^^^^^^^^^^^^^^
  File "C:\Users\Administrator\Documents\continuity-engine\src\continuity_engine\services\continuity_interaction_service.py", line 336, in _submit
    raise IntegrationExecutionError(
    ...<4 lines>...
    ) from exc
continuity_engine.domain.errors.IntegrationExecutionError: Local integration encountered an unexpected execution fault during domain.

======================================================================
ERROR: test_discovery_history_body_and_native_cross_entry_share_authorities (test_w04_package.W04PackageTests.test_discovery_history_body_and_native_cross_entry_share_authorities)
----------------------------------------------------------------------
Traceback (most recent call last):
  File "C:\Users\Administrator\Documents\continuity-engine\src\continuity_engine\services\continuity_interaction_service.py", line 324, in _submit
    operation, thinking_execution = self._run_domain(request, operation, binding)
                                    ~~~~~~~~~~~~~~~~^^^^^^^^^^^^^^^^^^^^^^^^^^^^^
  File "C:\Users\Administrator\Documents\continuity-engine\src\continuity_engine\services\continuity_interaction_service.py", line 879, in _run_domain
    perception = self._continuity_core.prepare(perception, operation,
        **({'save_input': save_input} if operation.input_processing_enabled else {}),
        **({'save_recall':save_recall} if operation.recall_enabled else {}))
  File "C:\Users\Administrator\Documents\continuity-engine\src\continuity_engine\services\continuity_core_service.py", line 350, in prepare
    return self._prepare(perception, operation, save_input=save_input,save_recall=save_recall)
           ~~~~~~~~~~~~~^^^^^^^^^^^^^^^^^^^^^^^^^^^^^^^^^^^^^^^^^^^^^^^^^^^^^^^^^^^^^^^^^^^^^^
  File "C:\Users\Administrator\Documents\continuity-engine\src\continuity_engine\services\continuity_core_service.py", line 429, in _prepare
    route,composition,recall_record=self.recall.prepare(perception,operation,save_recall,
                                    ~~~~~~~~~~~~~~~~~~~^^^^^^^^^^^^^^^^^^^^^^^^^^^^^^^^^^
        attention=mind['influence']['attention'] if mind is not None else None)
        ^^^^^^^^^^^^^^^^^^^^^^^^^^^^^^^^^^^^^^^^^^^^^^^^^^^^^^^^^^^^^^^^^^^^^^^
  File "C:\Users\Administrator\Documents\continuity-engine\src\continuity_engine\services\associative_recall_service.py", line 100, in prepare
    return self._prepare(perception,operation,save,attention=attention)
           ~~~~~~~~~~~~~^^^^^^^^^^^^^^^^^^^^^^^^^^^^^^^^^^^^^^^^^^^^^^^
  File "C:\Users\Administrator\Documents\continuity-engine\src\continuity_engine\services\associative_recall_service.py", line 211, in _prepare
    raise CapabilityValidationError(stop)
continuity_engine.domain.errors.CapabilityValidationError: RECALL_TIMEOUT

The above exception was the direct cause of the following exception:

Traceback (most recent call last):
  File "C:\Users\Administrator\Documents\continuity-engine\tests\test_w04_package.py", line 74, in test_discovery_history_body_and_native_cross_entry_share_authorities
    answer=f.submit('选河边店的窗边桌。',entry='entry:B',reply_to=delivery['request_id'],item_id=item.item_id)
           ~~~~~~~~^^^^^^^^^^^^^^^^^^^^^^^^^^^^^^^^^^^^^^^^^^^^^^^^^^^^^^^^^^^^^^^^^^^^^^^^^^^^^^^^^^^^^^^^^^^
  File "C:\Users\Administrator\Documents\continuity-engine\src\continuity_engine\testing\w04_cross_entry_fixture.py", line 309, in submit
    return self.entries.receive(self.last_request, self.last_message)
           ~~~~~~~~~~~~~~~~~~~~^^^^^^^^^^^^^^^^^^^^^^^^^^^^^^^^^^^^^^
  File "C:\Users\Administrator\Documents\continuity-engine\src\continuity_engine\services\cross_entry_service.py", line 588, in receive
    return self.interaction.submit(payload, entry_message=message)
           ~~~~~~~~~~~~~~~~~~~~~~~^^^^^^^^^^^^^^^^^^^^^^^^^^^^^^^^
  File "C:\Users\Administrator\Documents\continuity-engine\src\continuity_engine\services\continuity_interaction_service.py", line 192, in submit
    return self._submit(payload, access_use=access_use, entry_message=entry_message)
           ~~~~~~~~~~~~^^^^^^^^^^^^^^^^^^^^^^^^^^^^^^^^^^^^^^^^^^^^^^^^^^^^^^^^^^^^^
  File "C:\Users\Administrator\Documents\continuity-engine\src\continuity_engine\services\continuity_interaction_service.py", line 336, in _submit
    raise IntegrationExecutionError(
    ...<4 lines>...
    ) from exc
continuity_engine.domain.errors.IntegrationExecutionError: Local integration encountered an unexpected execution fault during domain.

----------------------------------------------------------------------
Ran 1972 tests in 2253.815s

FAILED (errors=2, skipped=1)
