test_action_session_is_deterministic_serializable_and_traceable (test_action.ActionEngineTests.test_action_session_is_deterministic_serializable_and_traceable) ... ok
test_confirmation_required_action_is_never_automatic (test_action.ActionEngineTests.test_confirmation_required_action_is_never_automatic) ... ok
test_contact_user_without_permission_is_blocked (test_action.ActionEngineTests.test_contact_user_without_permission_is_blocked) ... ok
test_defer_and_more_thinking_remain_non_executed_plans (test_action.ActionEngineTests.test_defer_and_more_thinking_remain_non_executed_plans) ... ok
test_expired_and_out_of_scope_permissions_are_rejected (test_action.ActionEngineTests.test_expired_and_out_of_scope_permissions_are_rejected) ... ok
test_full_wake_perception_thinking_action_evolution_flow (test_action.ActionEngineTests.test_full_wake_perception_thinking_action_evolution_flow) ... ok
test_high_and_critical_risk_actions_are_not_automatically_approved (test_action.ActionEngineTests.test_high_and_critical_risk_actions_are_not_automatically_approved) ... ok
test_no_action_tendency_returns_explicit_no_action (test_action.ActionEngineTests.test_no_action_tendency_returns_explicit_no_action) ... ok
test_request_memory_only_creates_a_plan (test_action.ActionEngineTests.test_request_memory_only_creates_a_plan) ... ok
test_resource_limit_failure_is_audited_and_blocked (test_action.ActionEngineTests.test_resource_limit_failure_is_audited_and_blocked) ... ok
test_revision_mismatch_rejects_action (test_action.ActionEngineTests.test_revision_mismatch_rejects_action) ... ok
test_revoked_permission_cannot_pass (test_action.ActionEngineTests.test_revoked_permission_cannot_pass) ... ok
test_update_state_is_only_planned_inside_action_service (test_action.ActionEngineTests.test_update_state_is_only_planned_inside_action_service) ... ok
test_use_tool_only_creates_a_non_executed_plan (test_action.ActionEngineTests.test_use_tool_only_creates_a_non_executed_plan) ... ok
test_changed_or_unknown_fixed_binding_fixture_is_rejected (test_integration_contract.MachineContractNegativeTests.test_changed_or_unknown_fixed_binding_fixture_is_rejected) ... ok
test_changing_any_binding_fixture_field_changes_its_hash (test_integration_contract.MachineContractNegativeTests.test_changing_any_binding_fixture_field_changes_its_hash) ... ok
test_conversation_reference_mismatch_is_rejected (test_integration_contract.MachineContractNegativeTests.test_conversation_reference_mismatch_is_rejected) ... ok
test_empty_facts_are_rejected (test_integration_contract.MachineContractNegativeTests.test_empty_facts_are_rejected) ... ok
test_empty_observations_are_rejected (test_integration_contract.MachineContractNegativeTests.test_empty_observations_are_rejected) ... ok
test_fact_conversation_reference_mismatch_is_rejected (test_integration_contract.MachineContractNegativeTests.test_fact_conversation_reference_mismatch_is_rejected) ... ok
test_identity_mismatch_is_rejected (test_integration_contract.MachineContractNegativeTests.test_identity_mismatch_is_rejected) ... ok
test_incorrect_content_hash_is_rejected (test_integration_contract.MachineContractNegativeTests.test_incorrect_content_hash_is_rejected) ... ok
test_incorrect_request_hash_is_rejected (test_integration_contract.MachineContractNegativeTests.test_incorrect_request_hash_is_rejected) ... ok
test_message_body_in_observation_is_rejected (test_integration_contract.MachineContractNegativeTests.test_message_body_in_observation_is_rejected) ... ok
test_more_than_one_fact_is_rejected (test_integration_contract.MachineContractNegativeTests.test_more_than_one_fact_is_rejected) ... ok
test_more_than_one_observation_is_rejected (test_integration_contract.MachineContractNegativeTests.test_more_than_one_observation_is_rejected) ... ok
test_negative_expected_revision_is_rejected (test_integration_contract.MachineContractNegativeTests.test_negative_expected_revision_is_rejected) ... ok
test_nested_unknown_field_is_rejected (test_integration_contract.MachineContractNegativeTests.test_nested_unknown_field_is_rejected) ... ok
test_non_utc_or_invalid_times_are_rejected (test_integration_contract.MachineContractNegativeTests.test_non_utc_or_invalid_times_are_rejected) ... ok
test_observation_refs_mismatch_is_rejected (test_integration_contract.MachineContractNegativeTests.test_observation_refs_mismatch_is_rejected) ... ok
test_state_write_fields_are_rejected_before_domain_conversion (test_integration_contract.MachineContractNegativeTests.test_state_write_fields_are_rejected_before_domain_conversion) ... ok
test_top_level_unknown_field_is_rejected (test_integration_contract.MachineContractNegativeTests.test_top_level_unknown_field_is_rejected) ... ok
test_unresolvable_reference_fails_locally_without_network_access (test_integration_contract.MachineContractNegativeTests.test_unresolvable_reference_fails_locally_without_network_access) ... ok
test_uppercase_hash_is_rejected (test_integration_contract.MachineContractNegativeTests.test_uppercase_hash_is_rejected) ... ok
test_all_three_fixed_hashes_are_independently_recalculated (test_integration_contract.MachineContractPositiveTests.test_all_three_fixed_hashes_are_independently_recalculated) ... ok
test_conformance_vector_passes_all_validation (test_integration_contract.MachineContractPositiveTests.test_conformance_vector_passes_all_validation) ... ok
test_conformance_vector_passes_the_request_schema (test_integration_contract.MachineContractPositiveTests.test_conformance_vector_passes_the_request_schema) ... ok
test_fixed_binding_fixture_validates_and_round_trips (test_integration_contract.MachineContractPositiveTests.test_fixed_binding_fixture_validates_and_round_trips) ... ok
test_object_field_order_does_not_change_rfc8785_or_request_hash (test_integration_contract.MachineContractPositiveTests.test_object_field_order_does_not_change_rfc8785_or_request_hash) ... ok
test_request_hash_excludes_only_the_top_level_request_hash (test_integration_contract.MachineContractPositiveTests.test_request_hash_excludes_only_the_top_level_request_hash) ... ok
test_request_schema_has_the_two_exact_local_references (test_integration_contract.MachineContractPositiveTests.test_request_schema_has_the_two_exact_local_references) ... ok
test_three_schemas_are_registered_with_unique_absolute_ids (test_integration_contract.MachineContractPositiveTests.test_three_schemas_are_registered_with_unique_absolute_ids) ... ok
test_typed_model_round_trips_the_conformance_vector_losslessly (test_integration_contract.MachineContractPositiveTests.test_typed_model_round_trips_the_conformance_vector_losslessly) ... ok
test_unicode_content_produces_stable_content_and_request_hashes (test_integration_contract.MachineContractPositiveTests.test_unicode_content_produces_stable_content_and_request_hashes) ... ok
test_all_four_error_envelopes_have_exact_fixed_values (test_integration_persistence.FirstRoundResultModelTests.test_all_four_error_envelopes_have_exact_fixed_values) ... ok
test_changed_projection_advances_once_and_requires_update_id (test_integration_persistence.FirstRoundResultModelTests.test_changed_projection_advances_once_and_requires_update_id) ... ok
test_content_hash_matches_independent_minimal_snapshot_calculation (test_integration_persistence.FirstRoundResultModelTests.test_content_hash_matches_independent_minimal_snapshot_calculation) ... ok
test_error_envelope_rejects_non_null_operation_and_unknown_fields (test_integration_persistence.FirstRoundResultModelTests.test_error_envelope_rejects_non_null_operation_and_unknown_fields) ... ok
test_idempotency_conflict_alias_is_rejected (test_integration_persistence.FirstRoundResultModelTests.test_idempotency_conflict_alias_is_rejected) ... ok
test_illegal_projection_invariant_combinations_are_rejected (test_integration_persistence.FirstRoundResultModelTests.test_illegal_projection_invariant_combinations_are_rejected) ... ok
test_snapshot_rejects_unknown_fields_and_full_subject_state (test_integration_persistence.FirstRoundResultModelTests.test_snapshot_rejects_unknown_fields_and_full_subject_state) ... ok
test_state_hash_matches_independent_rfc8785_calculation (test_integration_persistence.FirstRoundResultModelTests.test_state_hash_matches_independent_rfc8785_calculation) ... ok
test_success_result_has_exact_fields_and_round_trips (test_integration_persistence.FirstRoundResultModelTests.test_success_result_has_exact_fields_and_round_trips) ... ok
test_success_result_is_immutable (test_integration_persistence.FirstRoundResultModelTests.test_success_result_is_immutable) ... ok
test_success_result_rejects_unknown_missing_or_non_completed_fields (test_integration_persistence.FirstRoundResultModelTests.test_success_result_rejects_unknown_missing_or_non_completed_fields) ... ok
test_unchanged_projection_has_exact_minimal_shape (test_integration_persistence.FirstRoundResultModelTests.test_unchanged_projection_has_exact_minimal_shape) ... ok
test_unicode_and_object_field_order_do_not_change_projection_hashes (test_integration_persistence.FirstRoundResultModelTests.test_unicode_and_object_field_order_do_not_change_projection_hashes) ... ok
test_changed_binding_and_incorrect_declared_hash_are_rejected (test_integration_persistence.FixedBindingPersistenceTests.test_changed_binding_and_incorrect_declared_hash_are_rejected) ... ok
test_corrupt_binding_json_is_rejected (test_integration_persistence.FixedBindingPersistenceTests.test_corrupt_binding_json_is_rejected) ... ok
test_fixed_binding_persists_and_recovers_after_restart (test_integration_persistence.FixedBindingPersistenceTests.test_fixed_binding_persists_and_recovers_after_restart) ... ok
test_missing_binding_fails_explicitly (test_integration_persistence.FixedBindingPersistenceTests.test_missing_binding_fails_explicitly) ... ok
test_tampered_binding_fixture_is_rejected_on_recovery (test_integration_persistence.FixedBindingPersistenceTests.test_tampered_binding_fixture_is_rejected_on_recovery) ... ok
test_tampered_binding_hash_is_rejected_on_recovery (test_integration_persistence.FixedBindingPersistenceTests.test_tampered_binding_hash_is_rejected_on_recovery) ... ok
test_unsupported_binding_persistence_version_is_rejected (test_integration_persistence.FixedBindingPersistenceTests.test_unsupported_binding_persistence_version_is_rejected) ... ok
test_completed_request_id_cannot_be_overwritten (test_integration_persistence.IntegrationResultLedgerTests.test_completed_request_id_cannot_be_overwritten) ... ok
test_completed_result_replays_exactly_after_restart (test_integration_persistence.IntegrationResultLedgerTests.test_completed_result_replays_exactly_after_restart) ... ok
test_corrupt_ledger_json_is_rejected (test_integration_persistence.IntegrationResultLedgerTests.test_corrupt_ledger_json_is_rejected) ... ok
test_half_completed_record_is_not_treated_as_completed (test_integration_persistence.IntegrationResultLedgerTests.test_half_completed_record_is_not_treated_as_completed) ... ok
test_lookup_distinguishes_not_found_completed_and_hash_conflict (test_integration_persistence.IntegrationResultLedgerTests.test_lookup_distinguishes_not_found_completed_and_hash_conflict) ... ok
test_missing_ledger_fields_are_rejected (test_integration_persistence.IntegrationResultLedgerTests.test_missing_ledger_fields_are_rejected) ... ok
test_multiple_unchanged_requests_can_reuse_same_projection (test_integration_persistence.IntegrationResultLedgerTests.test_multiple_unchanged_requests_can_reuse_same_projection) ... ok
test_non_null_engine_update_id_must_be_unique (test_integration_persistence.IntegrationResultLedgerTests.test_non_null_engine_update_id_must_be_unique) ... ok
test_null_engine_update_id_has_no_global_uniqueness_conflict (test_integration_persistence.IntegrationResultLedgerTests.test_null_engine_update_id_has_no_global_uniqueness_conflict) ... ok
test_projection_hash_mismatch_is_rejected_on_recovery (test_integration_persistence.IntegrationResultLedgerTests.test_projection_hash_mismatch_is_rejected_on_recovery) ... ok
test_same_request_and_hash_replay_creates_no_new_ids_or_time (test_integration_persistence.IntegrationResultLedgerTests.test_same_request_and_hash_replay_creates_no_new_ids_or_time) ... ok
test_same_revision_with_different_content_or_state_hash_is_rejected (test_integration_persistence.IntegrationResultLedgerTests.test_same_revision_with_different_content_or_state_hash_is_rejected) ... ok
test_subject_revision_projection_is_unique (test_integration_persistence.IntegrationResultLedgerTests.test_subject_revision_projection_is_unique) ... ok
test_unchanged_request_can_reference_snapshot_created_by_prior_update (test_integration_persistence.IntegrationResultLedgerTests.test_unchanged_request_can_reference_snapshot_created_by_prior_update) ... ok
test_unsupported_ledger_version_is_rejected (test_integration_persistence.IntegrationResultLedgerTests.test_unsupported_ledger_version_is_rejected) ... ok
test_write_failure_leaves_previous_valid_ledger_readable (test_integration_persistence.IntegrationResultLedgerTests.test_write_failure_leaves_previous_valid_ledger_readable) ... ok
test_influence_cannot_reference_unselected_memory (test_memory_service.MemoryServiceTests.test_influence_cannot_reference_unselected_memory) ... ok
test_influence_record_links_selected_memory_to_state_update (test_memory_service.MemoryServiceTests.test_influence_record_links_selected_memory_to_state_update) ... ok
test_retrieval_filters_ranks_and_serializes_decisions (test_memory_service.MemoryServiceTests.test_retrieval_filters_ranks_and_serializes_decisions) ... ok
test_backward_clock_conflicting_duplicate_reports_identity_conflict_first (test_p03_event_semantics.P03EventSemanticsTests.test_backward_clock_conflicting_duplicate_reports_identity_conflict_first) ... ok
test_backward_clock_exact_replay_after_restart_skips_new_event_time_gate (test_p03_event_semantics.P03EventSemanticsTests.test_backward_clock_exact_replay_after_restart_skips_new_event_time_gate) ... ok
test_backward_clock_replay_after_later_revision_returns_current_state (test_p03_event_semantics.P03EventSemanticsTests.test_backward_clock_replay_after_later_revision_returns_current_state) ... ok
test_current_action_state_change_can_reference_a_late_historical_fact (test_p03_event_semantics.P03EventSemanticsTests.test_current_action_state_change_can_reference_a_late_historical_fact) ... ok
test_current_correction_and_revocation_mutations_fail_closed (test_p03_event_semantics.P03EventSemanticsTests.test_current_correction_and_revocation_mutations_fail_closed) ... ok
test_current_fact_mutation_fails_closed (test_p03_event_semantics.P03EventSemanticsTests.test_current_fact_mutation_fails_closed) ... ok
test_current_observation_and_intention_mutations_fail_closed (test_p03_event_semantics.P03EventSemanticsTests.test_current_observation_and_intention_mutations_fail_closed) ... ok
test_explicit_late_fact_can_append_history_but_cannot_mutate_current_state (test_p03_event_semantics.P03EventSemanticsTests.test_explicit_late_fact_can_append_history_but_cannot_mutate_current_state) ... ok
test_explicit_recorded_at_before_applied_at_uses_one_clock_read (test_p03_event_semantics.P03EventSemanticsTests.test_explicit_recorded_at_before_applied_at_uses_one_clock_read) ... ok
test_explicit_recorded_at_equal_to_applied_at_is_accepted (test_p03_event_semantics.P03EventSemanticsTests.test_explicit_recorded_at_equal_to_applied_at_is_accepted) ... ok
test_explicit_three_times_are_normalized_to_utc (test_p03_event_semantics.P03EventSemanticsTests.test_explicit_three_times_are_normalized_to_utc) ... ok
test_explicit_time_order_is_fail_closed (test_p03_event_semantics.P03EventSemanticsTests.test_explicit_time_order_is_fail_closed) ... ok
test_future_explicit_recorded_at_fails_closed (test_p03_event_semantics.P03EventSemanticsTests.test_future_explicit_recorded_at_fails_closed) ... ok
test_missing_and_cross_subject_references_fail_closed (test_p03_event_semantics.P03EventSemanticsTests.test_missing_and_cross_subject_references_fail_closed) ... ok
test_old_event_json_is_backward_compatible_and_marked_legacy (test_p03_event_semantics.P03EventSemanticsTests.test_old_event_json_is_backward_compatible_and_marked_legacy) ... ok
test_partial_and_legacy_time_basis_round_trip_truthfully (test_p03_event_semantics.P03EventSemanticsTests.test_partial_and_legacy_time_basis_round_trip_truthfully) ... ok
test_repository_rejects_tampered_forward_reference_on_load (test_p03_event_semantics.P03EventSemanticsTests.test_repository_rejects_tampered_forward_reference_on_load) ... ok
test_source_identity_and_internal_event_identity_remain_distinct (test_p03_event_semantics.P03EventSemanticsTests.test_source_identity_and_internal_event_identity_remain_distinct) ... ok
test_time_basis_cannot_claim_times_that_were_not_supplied (test_p03_event_semantics.P03EventSemanticsTests.test_time_basis_cannot_claim_times_that_were_not_supplied) ... ok
test_versioned_fixture_requires_explicit_adaptation_and_does_not_auto_persist (test_p03_event_semantics.P03EventSemanticsTests.test_versioned_fixture_requires_explicit_adaptation_and_does_not_auto_persist) ... ok
test_chain_follows_correlation_and_event_references (test_p03_timeline.P03TimelineTests.test_chain_follows_correlation_and_event_references) ... ok
test_correction_and_revocation_are_append_only_and_revocation_is_terminal (test_p03_timeline.P03TimelineTests.test_correction_and_revocation_are_append_only_and_revocation_is_terminal) ... ok
test_correction_of_a_correction_is_marked_superseded (test_p03_timeline.P03TimelineTests.test_correction_of_a_correction_is_marked_superseded) ... ok
test_projection_rejects_forward_reference_even_if_target_exists_later (test_p03_timeline.P03TimelineTests.test_projection_rejects_forward_reference_even_if_target_exists_later) ... ok
test_query_filters_first_last_distance_and_relative_order (test_p03_timeline.P03TimelineTests.test_query_filters_first_last_distance_and_relative_order) ... ok
test_query_limit_is_configurable_only_from_twenty_to_one_hundred (test_p03_timeline.P03TimelineTests.test_query_limit_is_configurable_only_from_twenty_to_one_hundred) ... ok
test_range_filters_are_inclusive_and_empty_query_is_unique (test_p03_timeline.P03TimelineTests.test_range_filters_are_inclusive_and_empty_query_is_unique) ... ok
test_restart_rebuild_is_identical_and_timeline_has_no_write_surface (test_p03_timeline.P03TimelineTests.test_restart_rebuild_is_identical_and_timeline_has_no_write_surface) ... ok
test_timeline_orders_by_three_times_then_event_id (test_p03_timeline.P03TimelineTests.test_timeline_orders_by_three_times_then_event_id) ... ok
test_timezone_forms_of_the_same_instant_have_deterministic_tie_break (test_p03_timeline.P03TimelineTests.test_timezone_forms_of_the_same_instant_have_deterministic_tie_break) ... ok
test_versioned_golden_scenario_preserves_fact_intention_and_current_state (test_p03_timeline.P03TimelineTests.test_versioned_golden_scenario_preserves_fact_intention_and_current_state) ... ok
test_activation_is_explicit_configurable_and_never_deletes (test_p04_memory_consolidation.P04MemoryConsolidationTests.test_activation_is_explicit_configurable_and_never_deletes) ... ok
test_alias_candidate_source_memory_must_be_prior_and_same_boundary (test_p04_memory_consolidation.P04MemoryConsolidationTests.test_alias_candidate_source_memory_must_be_prior_and_same_boundary) ... ok
test_alias_candidate_uses_its_own_traceable_source_chain (test_p04_memory_consolidation.P04MemoryConsolidationTests.test_alias_candidate_uses_its_own_traceable_source_chain) ... ok
test_conflicting_evidence_is_not_silently_merged (test_p04_memory_consolidation.P04MemoryConsolidationTests.test_conflicting_evidence_is_not_silently_merged) ... ok
test_consolidation_and_summary_have_no_subject_state_or_event_write_authority (test_p04_memory_consolidation.P04MemoryConsolidationTests.test_consolidation_and_summary_have_no_subject_state_or_event_write_authority) ... ok
test_consolidation_exact_replay_and_identity_conflict (test_p04_memory_consolidation.P04MemoryConsolidationTests.test_consolidation_exact_replay_and_identity_conflict) ... ok
test_correction_revocation_and_deletion_are_tombstones_not_physical_delete (test_p04_memory_consolidation.P04MemoryConsolidationTests.test_correction_revocation_and_deletion_are_tombstones_not_physical_delete) ... ok
test_duplicate_root_alias_operation_is_durable_and_conflicting_input_fails (test_p04_memory_consolidation.P04MemoryConsolidationTests.test_duplicate_root_alias_operation_is_durable_and_conflicting_input_fails) ... ok
test_duplicate_root_does_not_reinforce_but_independent_root_does (test_p04_memory_consolidation.P04MemoryConsolidationTests.test_duplicate_root_does_not_reinforce_but_independent_root_does) ... ok
test_golden_scenario_preserves_fact_intention_relationship_and_revision (test_p04_memory_consolidation.P04MemoryConsolidationTests.test_golden_scenario_preserves_fact_intention_relationship_and_revision) ... ok
test_influence_provenance_is_sealed_and_learning_deduplicates_after_restart (test_p04_memory_consolidation.P04MemoryConsolidationTests.test_influence_provenance_is_sealed_and_learning_deduplicates_after_restart) ... ok
test_learning_deduplicates_root_evidence_across_memory_identities (test_p04_memory_consolidation.P04MemoryConsolidationTests.test_learning_deduplicates_root_evidence_across_memory_identities) ... ok
test_lineage_roots_bind_source_event_and_traceable_sources (test_p04_memory_consolidation.P04MemoryConsolidationTests.test_lineage_roots_bind_source_event_and_traceable_sources) ... ok
test_operation_replay_returns_its_exact_result_revision_across_restart (test_p04_memory_consolidation.P04MemoryConsolidationTests.test_operation_replay_returns_its_exact_result_revision_across_restart) ... ok
test_operation_replay_survives_later_terminal_propagation (test_p04_memory_consolidation.P04MemoryConsolidationTests.test_operation_replay_survives_later_terminal_propagation) ... ok
test_repository_retriever_excludes_archived_without_deleting_or_writing (test_p04_memory_consolidation.P04MemoryConsolidationTests.test_repository_retriever_excludes_archived_without_deleting_or_writing) ... ok
test_repository_retriever_is_read_only_feature_gated_and_engine_private (test_p04_memory_consolidation.P04MemoryConsolidationTests.test_repository_retriever_is_read_only_feature_gated_and_engine_private) ... ok
test_summary_identity_and_semantic_inputs_are_not_silently_reused (test_p04_memory_consolidation.P04MemoryConsolidationTests.test_summary_identity_and_semantic_inputs_are_not_silently_reused) ... ok
test_summary_trace_invalidation_and_rebuild_are_append_only (test_p04_memory_consolidation.P04MemoryConsolidationTests.test_summary_trace_invalidation_and_rebuild_are_append_only) ... ok
test_atomic_persistence_restart_idempotence_and_identity_conflict (test_p04_memory_repository.P04MemoryRepositoryTests.test_atomic_persistence_restart_idempotence_and_identity_conflict) ... ok
test_consolidation_operation_loading_rejects_tampering_and_broken_boundaries (test_p04_memory_repository.P04MemoryRepositoryTests.test_consolidation_operation_loading_rejects_tampering_and_broken_boundaries) ... ok
test_cross_subject_and_forward_memory_source_fail_closed (test_p04_memory_repository.P04MemoryRepositoryTests.test_cross_subject_and_forward_memory_source_fail_closed) ... ok
test_domain_round_trip_normalizes_time_and_hash (test_p04_memory_repository.P04MemoryRepositoryTests.test_domain_round_trip_normalizes_time_and_hash) ... ok
test_environment_isolation_fails_before_persistence (test_p04_memory_repository.P04MemoryRepositoryTests.test_environment_isolation_fails_before_persistence) ... ok
test_failed_atomic_replace_keeps_previous_document_readable (test_p04_memory_repository.P04MemoryRepositoryTests.test_failed_atomic_replace_keeps_previous_document_readable) ... ok
test_integrity_hash_and_recomputed_structural_tampering_fail_closed (test_p04_memory_repository.P04MemoryRepositoryTests.test_integrity_hash_and_recomputed_structural_tampering_fail_closed) ... ok
test_lineage_loading_rejects_unbound_roots_forward_replacement_and_tampering (test_p04_memory_repository.P04MemoryRepositoryTests.test_lineage_loading_rejects_unbound_roots_forward_replacement_and_tampering) ... ok
test_memory_kind_and_evidence_type_are_distinct_closed_terms (test_p04_memory_repository.P04MemoryRepositoryTests.test_memory_kind_and_evidence_type_are_distinct_closed_terms) ... ok
test_operation_canonical_input_source_chain_is_revalidated_after_restart (test_p04_memory_repository.P04MemoryRepositoryTests.test_operation_canonical_input_source_chain_is_revalidated_after_restart) ... ok
test_source_chain_root_evidence_and_duplicate_inputs_fail_closed (test_p04_memory_repository.P04MemoryRepositoryTests.test_source_chain_root_evidence_and_duplicate_inputs_fail_closed) ... ok
test_summary_must_trace_to_same_subject_memory (test_p04_memory_repository.P04MemoryRepositoryTests.test_summary_must_trace_to_same_subject_memory) ... ok
test_archived_memory_is_not_routed_but_remains_loadable (test_p05_context_router.P05ContextRouterTests.test_archived_memory_is_not_routed_but_remains_loadable) ... ok
test_cross_subject_and_environment_candidates_fail_closed (test_p05_context_router.P05ContextRouterTests.test_cross_subject_and_environment_candidates_fail_closed) ... ok
test_feature_gate_returns_explicit_empty_result_without_reads (test_p05_context_router.P05ContextRouterTests.test_feature_gate_returns_explicit_empty_result_without_reads) ... ok
test_future_partitions_are_explicitly_unavailable (test_p05_context_router.P05ContextRouterTests.test_future_partitions_are_explicitly_unavailable) ... ok
test_golden_scenario_excludes_irrelevant_and_secret_candidates (test_p05_context_router.P05ContextRouterTests.test_golden_scenario_excludes_irrelevant_and_secret_candidates) ... ok
test_golden_scenario_routes_relationship_authorities (test_p05_context_router.P05ContextRouterTests.test_golden_scenario_routes_relationship_authorities) ... ok
test_invalidated_summary_is_not_routed (test_p05_context_router.P05ContextRouterTests.test_invalidated_summary_is_not_routed) ... ok
test_large_timeline_uses_recent_relevant_stable_window (test_p05_context_router.P05ContextRouterTests.test_large_timeline_uses_recent_relevant_stable_window) ... ok
test_memory_and_summary_sources_use_bounded_repository_queries (test_p05_context_router.P05ContextRouterTests.test_memory_and_summary_sources_use_bounded_repository_queries) ... ok
test_missing_required_source_is_incomplete (test_p05_context_router.P05ContextRouterTests.test_missing_required_source_is_incomplete) ... ok
test_neutral_continuity_opens_only_required_subject_state (test_p05_context_router.P05ContextRouterTests.test_neutral_continuity_opens_only_required_subject_state) ... ok
test_optional_source_failure_is_traced_without_expanding_scope (test_p05_context_router.P05ContextRouterTests.test_optional_source_failure_is_traced_without_expanding_scope) ... ok
test_per_source_limit_is_forwarded_and_enforced (test_p05_context_router.P05ContextRouterTests.test_per_source_limit_is_forwarded_and_enforced) ... ok
test_required_source_denial_discards_optional_success_candidates (test_p05_context_router.P05ContextRouterTests.test_required_source_denial_discards_optional_success_candidates) ... ok
test_required_source_failure_is_incomplete (test_p05_context_router.P05ContextRouterTests.test_required_source_failure_is_incomplete) ... ok
test_required_source_permission_denial_rejects_route (test_p05_context_router.P05ContextRouterTests.test_required_source_permission_denial_rejects_route) ... ok
test_revoked_timeline_target_is_not_routed (test_p05_context_router.P05ContextRouterTests.test_revoked_timeline_target_is_not_routed) ... ok
test_route_is_deterministic_across_new_router_instances (test_p05_context_router.P05ContextRouterTests.test_route_is_deterministic_across_new_router_instances) ... ok
test_route_result_contains_references_not_composed_context (test_p05_context_router.P05ContextRouterTests.test_route_result_contains_references_not_composed_context) ... ok
test_router_does_not_modify_subject_or_memory_authorities (test_p05_context_router.P05ContextRouterTests.test_router_does_not_modify_subject_or_memory_authorities) ... ok
test_source_cannot_return_more_than_its_bounded_scope (test_p05_context_router.P05ContextRouterTests.test_source_cannot_return_more_than_its_bounded_scope) ... ok
test_source_change_between_route_and_use_fails_revalidation (test_p05_context_router.P05ContextRouterTests.test_source_change_between_route_and_use_fails_revalidation) ... ok
test_stable_tie_break_uses_source_identity_and_version (test_p05_context_router.P05ContextRouterTests.test_stable_tie_break_uses_source_identity_and_version) ... ok
test_subject_revision_change_is_incomplete_not_stale_fallback (test_p05_context_router.P05ContextRouterTests.test_subject_revision_change_is_incomplete_not_stale_fallback) ... ok
test_total_retrieval_budget_caps_candidates_without_fallback (test_p05_context_router.P05ContextRouterTests.test_total_retrieval_budget_caps_candidates_without_fallback) ... ok
test_trace_cannot_be_used_as_a_perception_input (test_p05_context_router.P05ContextRouterTests.test_trace_cannot_be_used_as_a_perception_input) ... ok
test_unknown_visibility_is_rejected_without_content_disclosure (test_p05_context_router.P05ContextRouterTests.test_unknown_visibility_is_rejected_without_content_disclosure) ... ok
test_candidate_requires_version_hash_and_timezone (test_p05_context_routing.P05ContextRoutingDomainTests.test_candidate_requires_version_hash_and_timezone) ... ok
test_manifest_integrity_rejects_tampering (test_p05_context_routing.P05ContextRoutingDomainTests.test_manifest_integrity_rejects_tampering) ... ok
test_manifest_rejects_noncontiguous_ranks (test_p05_context_routing.P05ContextRoutingDomainTests.test_manifest_rejects_noncontiguous_ranks) ... ok
test_per_source_limits_are_stable_and_bounded (test_p05_context_routing.P05ContextRoutingDomainTests.test_per_source_limits_are_stable_and_bounded) ... ok
test_retrieval_budget_default_and_separate_context_hint (test_p05_context_routing.P05ContextRoutingDomainTests.test_retrieval_budget_default_and_separate_context_hint) ... ok
test_retrieval_budget_enforces_configurable_30_to_80_range (test_p05_context_routing.P05ContextRoutingDomainTests.test_retrieval_budget_enforces_configurable_30_to_80_range) ... ok
test_route_plan_hash_is_deterministic (test_p05_context_routing.P05ContextRoutingDomainTests.test_route_plan_hash_is_deterministic) ... ok
test_routing_request_normalizes_time_and_round_trips (test_p05_context_routing.P05ContextRoutingDomainTests.test_routing_request_normalizes_time_and_round_trips) ... ok
test_signal_contains_only_hash_not_sensitive_value (test_p05_context_routing.P05ContextRoutingDomainTests.test_signal_contains_only_hash_not_sensitive_value) ... ok
test_source_batch_rejects_duplicate_stable_identity (test_p05_context_routing.P05ContextRoutingDomainTests.test_source_batch_rejects_duplicate_stable_identity) ... ok
test_source_batch_rejects_partition_mismatch (test_p05_context_routing.P05ContextRoutingDomainTests.test_source_batch_rejects_partition_mismatch) ... ok
test_trace_rejects_budget_overrun (test_p05_context_routing.P05ContextRoutingDomainTests.test_trace_rejects_budget_overrun) ... ok
test_budget_too_small_for_protected_identity_fails_explicitly (test_p06_context_composer.P06ContextComposerTests.test_budget_too_small_for_protected_identity_fails_explicitly) ... ok
test_builtin_exact_resolvers_surface_stable_top_level_failure_reasons (test_p06_context_composer.P06ContextComposerTests.test_builtin_exact_resolvers_surface_stable_top_level_failure_reasons) ... ok
test_candidate_missing_and_upstream_notices_do_not_pollute_each_other (test_p06_context_composer.P06ContextComposerTests.test_candidate_missing_and_upstream_notices_do_not_pollute_each_other) ... ok
test_candidate_self_reported_authority_cannot_elevate_trusted_binding (test_p06_context_composer.P06ContextComposerTests.test_candidate_self_reported_authority_cannot_elevate_trusted_binding) ... ok
test_composer_owned_resolver_read_audit_matches_manifest_by_source (test_p06_context_composer.P06ContextComposerTests.test_composer_owned_resolver_read_audit_matches_manifest_by_source) ... ok
test_context_budget_hint_is_used_when_no_explicit_budget_is_passed (test_p06_context_composer.P06ContextComposerTests.test_context_budget_hint_is_used_when_no_explicit_budget_is_passed) ... ok
test_context_budget_retains_identity_continuity_and_relationship_first (test_p06_context_composer.P06ContextComposerTests.test_context_budget_retains_identity_continuity_and_relationship_first) ... ok
test_cross_subject_and_environment_reference_fail_closed (test_p06_context_composer.P06ContextComposerTests.test_cross_subject_and_environment_reference_fail_closed) ... ok
test_exact_duplicate_reference_is_rejected_before_spending_context_budget (test_p06_context_composer.P06ContextComposerTests.test_exact_duplicate_reference_is_rejected_before_spending_context_budget) ... ok
test_feature_gate_disables_all_exact_resolver_reads (test_p06_context_composer.P06ContextComposerTests.test_feature_gate_disables_all_exact_resolver_reads) ... ok
test_fixed_inputs_clock_and_estimator_are_fully_deterministic (test_p06_context_composer.P06ContextComposerTests.test_fixed_inputs_clock_and_estimator_are_fully_deterministic) ... ok
test_golden_scenario_preserves_all_five_authorities_and_zero_writes (test_p06_context_composer.P06ContextComposerTests.test_golden_scenario_preserves_all_five_authorities_and_zero_writes) ... ok
test_manifest_only_resolution_does_not_read_unreferenced_resolver (test_p06_context_composer.P06ContextComposerTests.test_manifest_only_resolution_does_not_read_unreferenced_resolver) ... ok
test_missing_material_content_has_a_distinct_reason_code (test_p06_context_composer.P06ContextComposerTests.test_missing_material_content_has_a_distinct_reason_code) ... ok
test_missing_material_provenance_has_a_distinct_reason_code (test_p06_context_composer.P06ContextComposerTests.test_missing_material_provenance_has_a_distinct_reason_code) ... ok
test_non_complete_p05_route_is_not_consumed_and_reads_zero (test_p06_context_composer.P06ContextComposerTests.test_non_complete_p05_route_is_not_consumed_and_reads_zero) ... ok
test_optional_material_drift_is_excluded_with_stable_missing_notice (test_p06_context_composer.P06ContextComposerTests.test_optional_material_drift_is_excluded_with_stable_missing_notice) ... ok
test_output_tampering_and_count_mismatch_fail_closed (test_p06_context_composer.P06ContextComposerTests.test_output_tampering_and_count_mismatch_fail_closed) ... ok
test_p05_route_result_is_not_modified_by_composition (test_p06_context_composer.P06ContextComposerTests.test_p05_route_result_is_not_modified_by_composition) ... ok
test_permission_change_after_routing_fails_closed (test_p06_context_composer.P06ContextComposerTests.test_permission_change_after_routing_fails_closed) ... ok
test_raw_source_and_confirmed_memory_coexist_without_auto_overwrite (test_p06_context_composer.P06ContextComposerTests.test_raw_source_and_confirmed_memory_coexist_without_auto_overwrite) ... ok
test_required_version_or_hash_drift_fails_closed_without_snapshot (test_p06_context_composer.P06ContextComposerTests.test_required_version_or_hash_drift_fails_closed_without_snapshot) ... ok
test_router_not_opened_and_empty_are_distinct_upstream_notices (test_p06_context_composer.P06ContextComposerTests.test_router_not_opened_and_empty_are_distinct_upstream_notices) ... ok
test_summary_and_raw_source_are_not_semantically_merged (test_p06_context_composer.P06ContextComposerTests.test_summary_and_raw_source_are_not_semantically_merged) ... ok
test_test_only_thinking_consumer_sees_authority_without_production_integration (test_p06_context_composer.P06ContextComposerTests.test_test_only_thinking_consumer_sees_authority_without_production_integration) ... ok
test_trace_never_contains_material_body_or_secret (test_p06_context_composer.P06ContextComposerTests.test_trace_never_contains_material_body_or_secret) ... ok
test_unknown_source_binding_is_rejected_not_broadly_searched (test_p06_context_composer.P06ContextComposerTests.test_unknown_source_binding_is_rejected_not_broadly_searched) ... ok
test_candidate_missing_and_upstream_notices_use_independent_invariants (test_p06_context_composition.P06ContextCompositionDomainTests.test_candidate_missing_and_upstream_notices_use_independent_invariants) ... ok
test_context_budget_is_separate_and_enforces_fragment_range (test_p06_context_composition.P06ContextCompositionDomainTests.test_context_budget_is_separate_and_enforces_fragment_range) ... ok
test_failed_result_cannot_expose_a_consumable_snapshot (test_p06_context_composition.P06ContextCompositionDomainTests.test_failed_result_cannot_expose_a_consumable_snapshot) ... ok
test_five_authorities_round_trip_without_numeric_truth_ranking (test_p06_context_composition.P06ContextCompositionDomainTests.test_five_authorities_round_trip_without_numeric_truth_ranking) ... ok
test_fragment_rank_and_snapshot_budget_are_integrity_checked (test_p06_context_composition.P06ContextCompositionDomainTests.test_fragment_rank_and_snapshot_budget_are_integrity_checked) ... ok
test_material_and_fragment_can_never_enable_direct_state_write (test_p06_context_composition.P06ContextCompositionDomainTests.test_material_and_fragment_can_never_enable_direct_state_write) ... ok
test_only_confirmed_state_can_be_budget_protected (test_p06_context_composition.P06ContextCompositionDomainTests.test_only_confirmed_state_can_be_budget_protected) ... ok
test_snapshot_and_result_round_trip_with_canonical_hash (test_p06_context_composition.P06ContextCompositionDomainTests.test_snapshot_and_result_round_trip_with_canonical_hash) ... ok
test_snapshot_tampering_is_rejected (test_p06_context_composition.P06ContextCompositionDomainTests.test_snapshot_tampering_is_rejected) ... ok
test_trace_contains_no_fragment_content_or_secret (test_p06_context_composition.P06ContextCompositionDomainTests.test_trace_contains_no_fragment_content_or_secret) ... ok
test_trace_tampering_and_count_mismatch_are_rejected (test_p06_context_composition.P06ContextCompositionDomainTests.test_trace_tampering_and_count_mismatch_are_rejected) ... ok
test_complex_actions_require_planner_even_if_choice_claims_simple (test_p08_action_planning.P08ActionPlanningTests.test_complex_actions_require_planner_even_if_choice_claims_simple) ... ok
test_confirmation_requires_exact_request_binding (test_p08_action_planning.P08ActionPlanningTests.test_confirmation_requires_exact_request_binding) ... ok
test_cross_subject_environment_snapshot_revision_source_rejected (test_p08_action_planning.P08ActionPlanningTests.test_cross_subject_environment_snapshot_revision_source_rejected) ... ok
test_dependency_cycle_forward_duplicate_and_model_generate_rejected (test_p08_action_planning.P08ActionPlanningTests.test_dependency_cycle_forward_duplicate_and_model_generate_rejected) ... ok
test_different_step_result_misdelivery_rejected (test_p08_action_planning.P08ActionPlanningTests.test_different_step_result_misdelivery_rejected) ... ok
test_direct_actions_work_with_planner_disabled_without_plan (test_p08_action_planning.P08ActionPlanningTests.test_direct_actions_work_with_planner_disabled_without_plan) ... ok
test_domain_roundtrip_canonical_and_tampering (test_p08_action_planning.P08ActionPlanningTests.test_domain_roundtrip_canonical_and_tampering) ... ok
test_expired_choice_has_durable_terminal_and_no_effect (test_p08_action_planning.P08ActionPlanningTests.test_expired_choice_has_durable_terminal_and_no_effect) ... ok
test_failure_blocks_dependent_steps (test_p08_action_planning.P08ActionPlanningTests.test_failure_blocks_dependent_steps) ... ok
test_fake_adapter_rejects_repository_and_formal_roots (test_p08_action_planning.P08ActionPlanningTests.test_fake_adapter_rejects_repository_and_formal_roots) ... ok
test_forged_receipt_rejected_by_trusted_query (test_p08_action_planning.P08ActionPlanningTests.test_forged_receipt_rejected_by_trusted_query) ... ok
test_frozen_external_validator_rejects_internal_request_and_result (test_p08_action_planning.P08ActionPlanningTests.test_frozen_external_validator_rejects_internal_request_and_result) ... ok
test_golden_deterministic_replay_and_zero_underlying_writes (test_p08_action_planning.P08ActionPlanningTests.test_golden_deterministic_replay_and_zero_underlying_writes) ... ok
test_information_need_and_action_intent_use_same_planner_and_gates (test_p08_action_planning.P08ActionPlanningTests.test_information_need_and_action_intent_use_same_planner_and_gates) ... ok
test_internal_status_and_receipt_semantics_rejected (test_p08_action_planning.P08ActionPlanningTests.test_internal_status_and_receipt_semantics_rejected) ... ok
test_local_execution_never_uses_network_or_credentials (test_p08_action_planning.P08ActionPlanningTests.test_local_execution_never_uses_network_or_credentials) ... ok
test_observation_or_untrusted_decision_never_authorizes_action (test_p08_action_planning.P08ActionPlanningTests.test_observation_or_untrusted_decision_never_authorizes_action) ... ok
test_p06_failed_or_tampered_or_stale_context_rejected (test_p08_action_planning.P08ActionPlanningTests.test_p06_failed_or_tampered_or_stale_context_rejected) ... ok
test_permission_confirmation_resource_recovery_reality_gates_zero_effect (test_p08_action_planning.P08ActionPlanningTests.test_permission_confirmation_resource_recovery_reality_gates_zero_effect) ... ok
test_persistent_attempt_tampering_fails_closed (test_p08_action_planning.P08ActionPlanningTests.test_persistent_attempt_tampering_fails_closed) ... ok
test_planner_step_and_total_resource_limits (test_p08_action_planning.P08ActionPlanningTests.test_planner_step_and_total_resource_limits) ... ok
test_same_identity_different_input_conflicts_in_single_ledger (test_p08_action_planning.P08ActionPlanningTests.test_same_identity_different_input_conflicts_in_single_ledger) ... ok
test_unknown_capability_and_state_update_binding_are_not_fallbacks (test_p08_action_planning.P08ActionPlanningTests.test_unknown_capability_and_state_update_binding_are_not_fallbacks) ... ok
test_bypassed_domain_terminal_is_rechecked_at_coordinator_and_storage_append (test_p08_action_recovery.P08ActionRecoveryTests.test_bypassed_domain_terminal_is_rechecked_at_coordinator_and_storage_append) ... ok
test_context_change_between_steps_blocks_later_effect (test_p08_action_recovery.P08ActionRecoveryTests.test_context_change_between_steps_blocks_later_effect) ... ok
test_crash_matrix_keeps_single_effect_and_step_identity (test_p08_action_recovery.P08ActionRecoveryTests.test_crash_matrix_keeps_single_effect_and_step_identity) ... ok
test_effect_before_engine_receipt_crash_recovers_by_query_only (test_p08_action_recovery.P08ActionRecoveryTests.test_effect_before_engine_receipt_crash_recovers_by_query_only) ... ok
test_expired_choice_and_stale_context_still_recover_actual_success (test_p08_action_recovery.P08ActionRecoveryTests.test_expired_choice_and_stale_context_still_recover_actual_success) ... ok
test_expired_dependency_with_real_lookup_success_is_rejected_before_contact (test_p08_action_recovery.P08ActionRecoveryTests.test_expired_dependency_with_real_lookup_success_is_rejected_before_contact) ... ok
test_expired_unknown_invalid_query_and_query_exception_do_not_prove_nonexecution (test_p08_action_recovery.P08ActionRecoveryTests.test_expired_unknown_invalid_query_and_query_exception_do_not_prove_nonexecution) ... ok
test_expiry_append_checks_typed_nonexecution_not_caller_assertion (test_p08_action_recovery.P08ActionRecoveryTests.test_expiry_append_checks_typed_nonexecution_not_caller_assertion) ... ok
test_forged_persisted_success_cannot_release_dependent_action (test_p08_action_recovery.P08ActionRecoveryTests.test_forged_persisted_success_cannot_release_dependent_action) ... ok
test_historical_receipt_requires_independent_query_on_load_replay_and_append (test_p08_action_recovery.P08ActionRecoveryTests.test_historical_receipt_requires_independent_query_on_load_replay_and_append) ... ok
test_internal_result_status_evidence_matrix_and_roundtrip (test_p08_action_recovery.P08ActionRecoveryTests.test_internal_result_status_evidence_matrix_and_roundtrip) ... ok
test_invalid_terminal_shapes_rehashed_reload_fails_closed (test_p08_action_recovery.P08ActionRecoveryTests.test_invalid_terminal_shapes_rehashed_reload_fails_closed) ... ok
test_legal_expiry_requires_not_executed_and_replays_without_clock (test_p08_action_recovery.P08ActionRecoveryTests.test_legal_expiry_requires_not_executed_and_replays_without_clock) ... ok
test_legal_success_and_failure_receipts_restart_and_duplicate_exactly (test_p08_action_recovery.P08ActionRecoveryTests.test_legal_success_and_failure_receipts_restart_and_duplicate_exactly) ... ok
test_lost_response_preserves_unknown_history_then_resolves_once (test_p08_action_recovery.P08ActionRecoveryTests.test_lost_response_preserves_unknown_history_then_resolves_once) ... ok
test_model_wait_and_action_share_ledger_without_cross_resume (test_p08_action_recovery.P08ActionRecoveryTests.test_model_wait_and_action_share_ledger_without_cross_resume) ... ok
test_not_executed_requires_explicit_controlled_retry (test_p08_action_recovery.P08ActionRecoveryTests.test_not_executed_requires_explicit_controlled_retry) ... ok
test_old_completed_records_remain_exact_and_no_second_result (test_p08_action_recovery.P08ActionRecoveryTests.test_old_completed_records_remain_exact_and_no_second_result) ... ok
test_pending_action_cannot_switch_adapter_after_unconfirmed_effect (test_p08_action_recovery.P08ActionRecoveryTests.test_pending_action_cannot_switch_adapter_after_unconfirmed_effect) ... ok
test_persisted_expiry_cannot_replay_when_nonexecution_becomes_unverifiable_or_conflicted (test_p08_action_recovery.P08ActionRecoveryTests.test_persisted_expiry_cannot_replay_when_nonexecution_becomes_unverifiable_or_conflicted) ... ok
test_policy_drift_on_pending_request_fails_closed (test_p08_action_recovery.P08ActionRecoveryTests.test_policy_drift_on_pending_request_fails_closed) ... ok
test_receipt_recovery_does_not_authorize_next_step_through_other_gates (test_p08_action_recovery.P08ActionRecoveryTests.test_receipt_recovery_does_not_authorize_next_step_through_other_gates) ... ok
test_receiptless_terminal_failure_cannot_mask_lost_success_on_append (test_p08_action_recovery.P08ActionRecoveryTests.test_receiptless_terminal_failure_cannot_mask_lost_success_on_append) ... ok
test_rehashed_expired_terminal_cannot_hide_independent_success (test_p08_action_recovery.P08ActionRecoveryTests.test_rehashed_expired_terminal_cannot_hide_independent_success) ... ok
test_rehashed_persisted_receipt_field_drift_is_not_execution_proof (test_p08_action_recovery.P08ActionRecoveryTests.test_rehashed_persisted_receipt_field_drift_is_not_execution_proof) ... ok
test_repeat_result_does_not_append_attempt_or_credit (test_p08_action_recovery.P08ActionRecoveryTests.test_repeat_result_does_not_append_attempt_or_credit) ... ok
test_restart_completed_returns_exact_result_and_no_execution (test_p08_action_recovery.P08ActionRecoveryTests.test_restart_completed_returns_exact_result_and_no_execution) ... ok
test_stale_context_archives_first_effect_but_blocks_unexecuted_plan_step (test_p08_action_recovery.P08ActionRecoveryTests.test_stale_context_archives_first_effect_but_blocks_unexecuted_plan_step) ... ok
test_stale_context_not_executed_retry_and_new_request_are_blocked (test_p08_action_recovery.P08ActionRecoveryTests.test_stale_context_not_executed_retry_and_new_request_are_blocked) ... ok
test_stale_context_recovers_already_executed_receipt_without_new_authorization (test_p08_action_recovery.P08ActionRecoveryTests.test_stale_context_recovers_already_executed_receipt_without_new_authorization) ... ok
test_stale_context_terminal_replay_preserves_exact_history_without_clock_or_new_gates (test_p08_action_recovery.P08ActionRecoveryTests.test_stale_context_terminal_replay_preserves_exact_history_without_clock_or_new_gates) ... ok
test_stale_context_unknown_remains_query_only_even_with_retry (test_p08_action_recovery.P08ActionRecoveryTests.test_stale_context_unknown_remains_query_only_even_with_retry) ... ok
test_stale_recovery_keeps_choice_snapshot_producer_adapter_and_policy_binding (test_p08_action_recovery.P08ActionRecoveryTests.test_stale_recovery_keeps_choice_snapshot_producer_adapter_and_policy_binding) ... ok
test_terminal_replay_does_not_read_clock_or_reexecute (test_p08_action_recovery.P08ActionRecoveryTests.test_terminal_replay_does_not_read_clock_or_reexecute) ... ok
test_unknown_never_blindly_retries (test_p08_action_recovery.P08ActionRecoveryTests.test_unknown_never_blindly_retries) ... ok
test_cwd_repository_with_installed_fixture_rejected_without_writes (test_p08_fixture_paths.P08FixturePathTests.test_cwd_repository_with_installed_fixture_rejected_without_writes) ... ok
test_explicit_formal_and_protected_overlaps_rejected_without_writes (test_p08_fixture_paths.P08FixturePathTests.test_explicit_formal_and_protected_overlaps_rejected_without_writes) ... ok
test_formal_root_under_temp_repository_rejected_without_writes (test_p08_fixture_paths.P08FixturePathTests.test_formal_root_under_temp_repository_rejected_without_writes) ... ok
test_full_p08_fixture_checks_before_upstream_initialization (test_p08_fixture_paths.P08FixturePathTests.test_full_p08_fixture_checks_before_upstream_initialization) ... ok
test_legal_fixture_with_repository_outside_temp (test_p08_fixture_paths.P08FixturePathTests.test_legal_fixture_with_repository_outside_temp) ... ok
test_legal_sibling_temp_fixture_and_reopen_preserve_receipts (test_p08_fixture_paths.P08FixturePathTests.test_legal_sibling_temp_fixture_and_reopen_preserve_receipts) ... ok
test_other_repository_with_git_file_rejected_without_writes (test_p08_fixture_paths.P08FixturePathTests.test_other_repository_with_git_file_rejected_without_writes) ... ok
test_parent_of_existing_formal_root_rejected_without_writes (test_p08_fixture_paths.P08FixturePathTests.test_parent_of_existing_formal_root_rejected_without_writes) ... ok
test_real_windows_junction_rejected_without_writes (test_p08_fixture_paths.P08FixturePathTests.test_real_windows_junction_rejected_without_writes) ... ok
test_receipt_reparse_point_rejected_without_writes (test_p08_fixture_paths.P08FixturePathTests.test_receipt_reparse_point_rejected_without_writes) ... ok
test_reparse_component_rejected_without_writes (test_p08_fixture_paths.P08FixturePathTests.test_reparse_component_rejected_without_writes) ... ok
test_repository_ancestor_overlap_rejected_without_writes (test_p08_fixture_paths.P08FixturePathTests.test_repository_ancestor_overlap_rejected_without_writes) ... ok
test_repository_descendant_rejected_without_writes (test_p08_fixture_paths.P08FixturePathTests.test_repository_descendant_rejected_without_writes) ... ok
test_repository_outside_temp_rejected_without_writes (test_p08_fixture_paths.P08FixturePathTests.test_repository_outside_temp_rejected_without_writes) ... ok
test_repository_under_actual_temp_rejected_without_writes (test_p08_fixture_paths.P08FixturePathTests.test_repository_under_actual_temp_rejected_without_writes) ... ok
test_reserved_formal_data_roots_outside_repository_rejected_without_writes (test_p08_fixture_paths.P08FixturePathTests.test_reserved_formal_data_roots_outside_repository_rejected_without_writes) ... ok
test_symlink_component_rejected_without_writes (test_p08_fixture_paths.P08FixturePathTests.test_symlink_component_rejected_without_writes) ... skipped 'OS does not grant symlink creation: 1314'
test_temp_root_itself_rejected_without_writes (test_p08_fixture_paths.P08FixturePathTests.test_temp_root_itself_rejected_without_writes) ... ok
test_lowercase_alias_of_uppercase_directory_is_zero_write (test_p08_fixture_paths.P08ReservedDirectoryCaseTests.test_lowercase_alias_of_uppercase_directory_is_zero_write) ... ok
test_lowercase_directory_and_child_controls_are_zero_write (test_p08_fixture_paths.P08ReservedDirectoryCaseTests.test_lowercase_directory_and_child_controls_are_zero_write) ... ok
test_mixedcase_directory_child_follows_platform_semantics (test_p08_fixture_paths.P08ReservedDirectoryCaseTests.test_mixedcase_directory_child_follows_platform_semantics) ... ok
test_mixedcase_directory_itself_follows_platform_semantics (test_p08_fixture_paths.P08ReservedDirectoryCaseTests.test_mixedcase_directory_itself_follows_platform_semantics) ... ok
test_uppercase_directory_child_follows_platform_semantics (test_p08_fixture_paths.P08ReservedDirectoryCaseTests.test_uppercase_directory_child_follows_platform_semantics) ... ok
test_uppercase_directory_itself_follows_platform_semantics (test_p08_fixture_paths.P08ReservedDirectoryCaseTests.test_uppercase_directory_itself_follows_platform_semantics) ... ok
test_confirmation_recoverability_reality_and_resource_fail_closed (test_p09_boundaries.P09BoundaryTests.test_confirmation_recoverability_reality_and_resource_fail_closed) ... ok
test_cross_subject_and_environment_contexts_fail_closed (test_p09_boundaries.P09BoundaryTests.test_cross_subject_and_environment_contexts_fail_closed) ... ok
test_disabled_master_gate_never_calls_core_components (test_p09_boundaries.P09BoundaryTests.test_disabled_master_gate_never_calls_core_components) ... ok
test_emotion_persists_only_through_fixture_evolution_and_reads_do_not_write (test_p09_boundaries.P09BoundaryTests.test_emotion_persists_only_through_fixture_evolution_and_reads_do_not_write) ... ok
test_independent_router_and_composer_budgets_preserve_missing_notices (test_p09_boundaries.P09BoundaryTests.test_independent_router_and_composer_budgets_preserve_missing_notices) ... ok
test_insufficient_protected_context_budget_never_starts_thinking (test_p09_boundaries.P09BoundaryTests.test_insufficient_protected_context_budget_never_starts_thinking) ... ok
test_invalid_emotion_does_not_partially_commit_evolution (test_p09_boundaries.P09BoundaryTests.test_invalid_emotion_does_not_partially_commit_evolution) ... ok
test_memory_contradiction_action_and_emotion_subgates_do_no_component_work (test_p09_boundaries.P09BoundaryTests.test_memory_contradiction_action_and_emotion_subgates_do_no_component_work) ... ok
test_reference_permission_loss_blocks_thinking_and_new_execution (test_p09_boundaries.P09BoundaryTests.test_reference_permission_loss_blocks_thinking_and_new_execution) ... ok
test_snapshot_fails_closed_when_c1_component_is_missing_or_unmapped (test_p09_boundaries.P09BoundaryTests.test_snapshot_fails_closed_when_c1_component_is_missing_or_unmapped) ... ok
test_source_revision_and_hash_changes_invalidate_summary_and_context (test_p09_boundaries.P09BoundaryTests.test_source_revision_and_hash_changes_invalidate_summary_and_context) ... ok
test_source_revocation_invalidates_memory_even_without_raw_timeline_candidate (test_p09_boundaries.P09BoundaryTests.test_source_revocation_invalidates_memory_even_without_raw_timeline_candidate) ... ok
test_capability_model_input_contains_the_composed_context (test_p09_continuity_core.P09CoreTests.test_capability_model_input_contains_the_composed_context) ... ok
test_completed_c1_cannot_skip_receipt_verification_by_disabling_feature (test_p09_continuity_core.P09CoreTests.test_completed_c1_cannot_skip_receipt_verification_by_disabling_feature) ... ok
test_completed_request_restart_preserves_results_and_effect (test_p09_continuity_core.P09CoreTests.test_completed_request_restart_preserves_results_and_effect) ... ok
test_disabled_core_keeps_legacy_path_and_zero_component_reads (test_p09_continuity_core.P09CoreTests.test_disabled_core_keeps_legacy_path_and_zero_component_reads) ... ok
test_elapsed_emotion_is_deterministic_read_only_and_clock_rollback_safe (test_p09_continuity_core.P09CoreTests.test_elapsed_emotion_is_deterministic_read_only_and_clock_rollback_safe) ... ok
test_event_backlog_is_bounded_visible_and_drained_without_silent_loss (test_p09_continuity_core.P09CoreTests.test_event_backlog_is_bounded_visible_and_drained_without_silent_loss) ... ok
test_expired_context_stops_new_thinking_from_checkpoint (test_p09_continuity_core.P09CoreTests.test_expired_context_stops_new_thinking_from_checkpoint) ... ok
test_information_need_is_direct_and_complex_intent_uses_planner (test_p09_continuity_core.P09CoreTests.test_information_need_is_direct_and_complex_intent_uses_planner) ... ok
test_late_duplicate_out_of_order_events_reach_memory_and_context (test_p09_continuity_core.P09CoreTests.test_late_duplicate_out_of_order_events_reach_memory_and_context) ... ok
test_model_context_remains_usable_after_events_and_consolidation (test_p09_continuity_core.P09CoreTests.test_model_context_remains_usable_after_events_and_consolidation) ... ok
test_normal_engine_entry_passes_composition_to_thinking_and_direct (test_p09_continuity_core.P09CoreTests.test_normal_engine_entry_passes_composition_to_thinking_and_direct) ... ok
test_revocation_propagates_to_summary_and_old_context (test_p09_continuity_core.P09CoreTests.test_revocation_propagates_to_summary_and_old_context) ... ok
test_snapshot_covers_c1_persistence_and_branch_replays_without_effect (test_p09_continuity_core.P09CoreTests.test_snapshot_covers_c1_persistence_and_branch_replays_without_effect) ... ok
test_turning_action_gate_on_does_not_add_effect_to_completed_disabled_round (test_p09_continuity_core.P09CoreTests.test_turning_action_gate_on_does_not_add_effect_to_completed_disabled_round) ... ok
test_normal_chain_isolates_claims_trusted_resolution_never_advances_authority (test_p09_contradictions.P09ContradictionTests.test_normal_chain_isolates_claims_trusted_resolution_never_advances_authority) ... ok
test_repeated_summary_recall_never_promotes_authority (test_p09_contradictions.P09ContradictionTests.test_repeated_summary_recall_never_promotes_authority) ... ok
test_child_failure_evidence_survives_fixture_cleanup (test_p09_evidence_retention.P09EvidenceRetentionTests.test_child_failure_evidence_survives_fixture_cleanup) ... ok
test_distinct_failures_do_not_overwrite_first_evidence (test_p09_evidence_retention.P09EvidenceRetentionTests.test_distinct_failures_do_not_overwrite_first_evidence) ... ok
test_invalid_success_output_is_retained_as_parent_validation_failure (test_p09_evidence_retention.P09EvidenceRetentionTests.test_invalid_success_output_is_retained_as_parent_validation_failure) ... ok
test_later_failure_retains_prior_segment_and_never_starts_next (test_p09_evidence_retention.P09EvidenceRetentionTests.test_later_failure_retains_prior_segment_and_never_starts_next) ... ok
test_parent_interrupt_preserves_partial_streams_and_actual_exit_code (test_p09_evidence_retention.P09EvidenceRetentionTests.test_parent_interrupt_preserves_partial_streams_and_actual_exit_code) ... ok
test_saved_diagnostics_redact_secrets_without_copying_fixture_state (test_p09_evidence_retention.P09EvidenceRetentionTests.test_saved_diagnostics_redact_secrets_without_copying_fixture_state) ... ok
test_committed_fact_before_checkpoint_or_result_survives_expired_context (test_p09_evolution_review.P09RepairIndependentTests.test_committed_fact_before_checkpoint_or_result_survives_expired_context) ... ok
test_completed_result_and_thinking_evidence_cannot_disagree_with_fact (test_p09_evolution_review.P09RepairIndependentTests.test_completed_result_and_thinking_evidence_cannot_disagree_with_fact) ... ok
test_missing_checkpoint_cross_checks_every_original_fact_binding_on_all_routes (test_p09_evolution_review.P09RepairIndependentTests.test_missing_checkpoint_cross_checks_every_original_fact_binding_on_all_routes) ... ok
test_missing_evolution_checkpoint_cannot_skip_missing_original_fact_on_query (test_p09_evolution_review.P09RepairIndependentTests.test_missing_evolution_checkpoint_cannot_skip_missing_original_fact_on_query) ... ok
test_missing_evolution_checkpoint_cannot_skip_original_fact_validation (test_p09_evolution_review.P09RepairIndependentTests.test_missing_evolution_checkpoint_cannot_skip_original_fact_validation) ... ok
test_no_state_update_and_genuine_legacy_completion_keep_original_behavior (test_p09_evolution_review.P09RepairIndependentTests.test_no_state_update_and_genuine_legacy_completion_keep_original_behavior) ... ok
test_pre_binding_c1_records_still_require_original_state_fact (test_p09_evolution_review.P09RepairIndependentTests.test_pre_binding_c1_records_still_require_original_state_fact) ... ok
test_verified_fact_replays_read_only_without_checkpoint_after_expiry (test_p09_evolution_review.P09RepairIndependentTests.test_verified_fact_replays_read_only_without_checkpoint_after_expiry) ... ok
test_golden_is_repeatable_through_normal_app_without_transport (test_p09_long_run.P09LongRunTests.test_golden_is_repeatable_through_normal_app_without_transport) ... ok
test_thirty_logical_days_with_real_process_restarts_and_resource_invariants (test_p09_long_run.P09LongRunTests.test_thirty_logical_days_with_real_process_restarts_and_resource_invariants) ... ok
test_conflicting_adapter_receipt_blocks_completed_result_replay (test_p09_recovery.P09RecoveryTests.test_conflicting_adapter_receipt_blocks_completed_result_replay) ... ok
test_crashes_at_thinking_action_and_completion_checkpoints_do_not_duplicate (test_p09_recovery.P09RecoveryTests.test_crashes_at_thinking_action_and_completion_checkpoints_do_not_duplicate) ... ok
test_expired_context_never_retries_unexecuted_request (test_p09_recovery.P09RecoveryTests.test_expired_context_never_retries_unexecuted_request) ... ok
test_local_expiry_requires_nonexecution_and_cannot_hide_receipt_conflict (test_p09_recovery.P09RecoveryTests.test_local_expiry_requires_nonexecution_and_cannot_hide_receipt_conflict) ... ok
test_lost_action_response_recovers_after_expiry_and_permission_loss (test_p09_recovery.P09RecoveryTests.test_lost_action_response_recovers_after_expiry_and_permission_loss) ... ok
test_model_and_action_share_ledger_across_waiting_restart_and_result_loss (test_p09_recovery.P09RecoveryTests.test_model_and_action_share_ledger_across_waiting_restart_and_result_loss) ... ok
test_step_invalidation_retains_first_fact_and_blocks_next_step (test_p09_recovery.P09RecoveryTests.test_step_invalidation_retains_first_fact_and_blocks_next_step) ... ok
test_success_and_failure_replay_require_independent_receipts (test_p09_recovery.P09RecoveryTests.test_success_and_failure_replay_require_independent_receipts) ... ok
test_unknown_needs_explicit_retry_and_independent_nonexecution (test_p09_recovery.P09RecoveryTests.test_unknown_needs_explicit_retry_and_independent_nonexecution) ... ok
test_unknown_query_exception_and_string_cannot_authorize_execution (test_p09_recovery.P09RecoveryTests.test_unknown_query_exception_and_string_cannot_authorize_execution) ... ok
test_already_committed_state_recovers_after_expiry_control (test_p09_review_regressions.P09ReviewRegressionTests.test_already_committed_state_recovers_after_expiry_control) ... ok
test_checkpoint_context_removal_cannot_downgrade_c1_to_legacy_replay (test_p09_review_regressions.P09ReviewRegressionTests.test_checkpoint_context_removal_cannot_downgrade_c1_to_legacy_replay) ... ok
test_checkpoint_gate_flip_cannot_bypass_completed_receipt_verification (test_p09_review_regressions.P09ReviewRegressionTests.test_checkpoint_gate_flip_cannot_bypass_completed_receipt_verification) ... ok
test_committed_evolution_checkpoint_recovers_without_reauthorization_or_writes (test_p09_review_regressions.P09ReviewRegressionTests.test_committed_evolution_checkpoint_recovers_without_reauthorization_or_writes) ... ok
test_completed_state_replay_rejects_conflicting_evolution_binding (test_p09_review_regressions.P09ReviewRegressionTests.test_completed_state_replay_rejects_conflicting_evolution_binding) ... ok
test_consistently_disabled_inputs_cannot_hide_existing_e5_action (test_p09_review_regressions.P09ReviewRegressionTests.test_consistently_disabled_inputs_cannot_hide_existing_e5_action) ... ok
test_current_context_allows_legal_state_update_control (test_p09_review_regressions.P09ReviewRegressionTests.test_current_context_allows_legal_state_update_control) ... ok
test_expired_context_must_block_first_state_commit_after_thinking_crash (test_p09_review_regressions.P09ReviewRegressionTests.test_expired_context_must_block_first_state_commit_after_thinking_crash) ... ok
test_first_commit_rechecks_action_and_domain_recovery_checkpoints (test_p09_review_regressions.P09ReviewRegressionTests.test_first_commit_rechecks_action_and_domain_recovery_checkpoints) ... ok
test_first_commit_uses_current_action_permission_time_and_resources (test_p09_review_regressions.P09ReviewRegressionTests.test_first_commit_uses_current_action_permission_time_and_resources) ... ok
test_journal_binding_checks_deserialization_loading_submit_and_query (test_p09_review_regressions.P09ReviewRegressionTests.test_journal_binding_checks_deserialization_loading_submit_and_query) ... ok
test_missing_context_before_thinking_cannot_downgrade_to_legacy (test_p09_review_regressions.P09ReviewRegressionTests.test_missing_context_before_thinking_cannot_downgrade_to_legacy) ... ok
test_pre_binding_c1_and_real_legacy_disabled_records_remain_compatible (test_p09_review_regressions.P09ReviewRegressionTests.test_pre_binding_c1_and_real_legacy_disabled_records_remain_compatible) ... ok
test_rehashed_journal_cannot_override_original_thinking_input (test_p09_review_regressions.P09ReviewRegressionTests.test_rehashed_journal_cannot_override_original_thinking_input) ... ok
test_revoked_reference_must_block_first_state_commit_after_thinking_crash (test_p09_review_regressions.P09ReviewRegressionTests.test_revoked_reference_must_block_first_state_commit_after_thinking_crash) ... ok
test_thinking_binding_rejects_removed_context_or_snapshot (test_p09_review_regressions.P09ReviewRegressionTests.test_thinking_binding_rejects_removed_context_or_snapshot) ... ok
test_disabled_normal_core_accepts_explicit_expression_configuration (test_p13_expression_policy.ExpressionInputTests.test_disabled_normal_core_accepts_explicit_expression_configuration) ... ok
test_formed_seven_modes_roundtrip_without_mutating_judgment (test_p13_expression_policy.ExpressionInputTests.test_formed_seven_modes_roundtrip_without_mutating_judgment) ... ok
test_old_thinking_serialization_omits_extension (test_p13_expression_policy.ExpressionInputTests.test_old_thinking_serialization_omits_extension) ... ok
test_unknown_mode_rejected (test_p13_expression_policy.ExpressionInputTests.test_unknown_mode_rejected) ... ok
test_budget_rejection_keeps_whole_original_body (test_p13_expression_policy.ExpressionPolicyTests.test_budget_rejection_keeps_whole_original_body) ... ok
test_expression_gate_off_no_port_call_no_extension (test_p13_expression_policy.ExpressionPolicyTests.test_expression_gate_off_no_port_call_no_extension) ... ok
test_generation_failure_is_not_subject_silence_or_refusal (test_p13_expression_policy.ExpressionPolicyTests.test_generation_failure_is_not_subject_silence_or_refusal) ... ok
test_invalidation_inside_presentation_cannot_complete (test_p13_expression_policy.ExpressionPolicyTests.test_invalidation_inside_presentation_cannot_complete) ... ok
test_mode_and_binding_changes_rejected (test_p13_expression_policy.ExpressionPolicyTests.test_mode_and_binding_changes_rejected) ... ok
test_protected_root_rejected_zero_writes (test_p13_expression_policy.ExpressionPolicyTests.test_protected_root_rejected_zero_writes) ... ok
test_reversing_provider_rejected_no_final_result (test_p13_expression_policy.ExpressionPolicyTests.test_reversing_provider_rejected_no_final_result) ... ok
test_seven_modes_normal_entry_persist_and_keep_authorities (test_p13_expression_policy.ExpressionPolicyTests.test_seven_modes_normal_entry_persist_and_keep_authorities) ... ok
test_silence_does_not_require_visible_output_budget_or_presentation (test_p13_expression_policy.ExpressionPolicyTests.test_silence_does_not_require_visible_output_budget_or_presentation) ... ok
test_bounded_three_day_seven_round_golden_no_cognitive_overwrite (test_p13_expression_recovery.ExpressionRecoveryTests.test_bounded_three_day_seven_round_golden_no_cognitive_overwrite) ... ok
test_context_rejection_and_platform_denial_are_distinct_from_subject_refusal (test_p13_expression_recovery.ExpressionRecoveryTests.test_context_rejection_and_platform_denial_are_distinct_from_subject_refusal) ... ok
test_crash_after_domain_recovers_artifact_without_presentation (test_p13_expression_recovery.ExpressionRecoveryTests.test_crash_after_domain_recovers_artifact_without_presentation) ... ok
test_crash_after_thinking_reuses_original_result_not_new_mode (test_p13_expression_recovery.ExpressionRecoveryTests.test_crash_after_thinking_reuses_original_result_not_new_mode) ... ok
test_cross_subject_and_environment_composition_rejects_before_port_or_writes (test_p13_expression_recovery.ExpressionRecoveryTests.test_cross_subject_and_environment_composition_rejects_before_port_or_writes) ... ok
test_current_approved_evolution_keeps_proposal_and_revision_semantics (test_p13_expression_recovery.ExpressionRecoveryTests.test_current_approved_evolution_keeps_proposal_and_revision_semantics) ... ok
test_direct_and_optional_planner_preserve_expression_mode (test_p13_expression_recovery.ExpressionRecoveryTests.test_direct_and_optional_planner_preserve_expression_mode) ... ok
test_disabled_expression_outcome_has_no_component_reads (test_p13_expression_recovery.ExpressionRecoveryTests.test_disabled_expression_outcome_has_no_component_reads) ... ok
test_existing_emotion_only_affects_explicit_emphasis_preference (test_p13_expression_recovery.ExpressionRecoveryTests.test_existing_emotion_only_affects_explicit_emphasis_preference) ... ok
test_expired_context_blocks_text_but_keeps_original_receipts (test_p13_expression_recovery.ExpressionRecoveryTests.test_expired_context_blocks_text_but_keeps_original_receipts) ... ok
test_forged_action_input_rejected_before_materialization (test_p13_expression_recovery.ExpressionRecoveryTests.test_forged_action_input_rejected_before_materialization) ... ok
test_formal_relationship_and_compact_preference_change_format_only (test_p13_expression_recovery.ExpressionRecoveryTests.test_formal_relationship_and_compact_preference_change_format_only) ... ok
test_fresh_process_restores_original_expression_without_provider_or_effect (test_p13_expression_recovery.ExpressionRecoveryTests.test_fresh_process_restores_original_expression_without_provider_or_effect) ... ok
test_generation_failure_retry_does_not_rethink_or_duplicate_action (test_p13_expression_recovery.ExpressionRecoveryTests.test_generation_failure_retry_does_not_rethink_or_duplicate_action) ... ok
test_missing_completed_artifact_cannot_downgrade_to_legacy (test_p13_expression_recovery.ExpressionRecoveryTests.test_missing_completed_artifact_cannot_downgrade_to_legacy) ... ok
test_model_result_restart_expression_uses_one_original_capability_ledger (test_p13_expression_recovery.ExpressionRecoveryTests.test_model_result_restart_expression_uses_one_original_capability_ledger) ... ok
test_model_waiting_remains_waiting_not_subject_silence (test_p13_expression_recovery.ExpressionRecoveryTests.test_model_waiting_remains_waiting_not_subject_silence) ... ok
test_original_router_request_cannot_be_rebound_to_another_operation (test_p13_expression_recovery.ExpressionRecoveryTests.test_original_router_request_cannot_be_rebound_to_another_operation) ... ok
test_p12_archive_invalidates_saved_expression_and_normal_future_context (test_p13_expression_recovery.ExpressionRecoveryTests.test_p12_archive_invalidates_saved_expression_and_normal_future_context) ... ok
test_real_evolution_recovers_after_expiry_without_releasing_old_text (test_p13_expression_recovery.ExpressionRecoveryTests.test_real_evolution_recovers_after_expiry_without_releasing_old_text) ... ok
test_removing_original_gate_cannot_remove_expression_ownership (test_p13_expression_recovery.ExpressionRecoveryTests.test_removing_original_gate_cannot_remove_expression_ownership) ... ok
test_restart_repeat_submit_and_query_do_not_regenerate_or_execute (test_p13_expression_recovery.ExpressionRecoveryTests.test_restart_repeat_submit_and_query_do_not_regenerate_or_execute) ... ok
test_revoked_exact_permission_blocks_completed_replay_zero_writes (test_p13_expression_recovery.ExpressionRecoveryTests.test_revoked_exact_permission_blocks_completed_replay_zero_writes) ... ok
test_snapshot_branch_preserves_artifact_and_does_not_touch_original (test_p13_expression_recovery.ExpressionRecoveryTests.test_snapshot_branch_preserves_artifact_and_does_not_touch_original) ... ok
test_unknown_historical_receipt_cannot_be_expression_success (test_p13_expression_recovery.ExpressionRecoveryTests.test_unknown_historical_receipt_cannot_be_expression_success) ... ok
test_authority_can_restore_access_without_repeat_effects (test_p13_review_regressions.P13AdjacentBoundaries.test_authority_can_restore_access_without_repeat_effects) ... ok
test_authorized_three_style_sources_preserve_body_and_authority (test_p13_review_regressions.P13AdjacentBoundaries.test_authorized_three_style_sources_preserve_body_and_authority) ... ok
test_committed_evolution_recovers_after_expression_revocation (test_p13_review_regressions.P13AdjacentBoundaries.test_committed_evolution_recovers_after_expression_revocation) ... ok
test_confirmation_identity_removal_not_recreated_by_replay (test_p13_review_regressions.P13AdjacentBoundaries.test_confirmation_identity_removal_not_recreated_by_replay) ... ok
test_confirmation_withdrawn_inside_port (test_p13_review_regressions.P13AdjacentBoundaries.test_confirmation_withdrawn_inside_port) ... ok
test_current_all_consumption_entries_deny_and_keep_facts (test_p13_review_regressions.P13AdjacentBoundaries.test_current_all_consumption_entries_deny_and_keep_facts) ... ok
test_current_confirmation_withdrawal_after_action (test_p13_review_regressions.P13AdjacentBoundaries.test_current_confirmation_withdrawal_after_action) ... ok
test_domain_crash_then_revoke_keeps_completed_fact_without_text (test_p13_review_regressions.P13AdjacentBoundaries.test_domain_crash_then_revoke_keeps_completed_fact_without_text) ... ok
test_each_style_source_invalidated_during_port_blocks_completion (test_p13_review_regressions.P13AdjacentBoundaries.test_each_style_source_invalidated_during_port_blocks_completion) ... ok
test_expiry_at_boundary_before_presentation (test_p13_review_regressions.P13AdjacentBoundaries.test_expiry_at_boundary_before_presentation) ... ok
test_expiry_during_presentation_blocks_artifact (test_p13_review_regressions.P13AdjacentBoundaries.test_expiry_during_presentation_blocks_artifact) ... ok
test_omitted_or_denied_sections_use_only_authorized_defaults (test_p13_review_regressions.P13AdjacentBoundaries.test_omitted_or_denied_sections_use_only_authorized_defaults) ... ok
test_resources_can_deny_current_consumption_without_new_charge (test_p13_review_regressions.P13AdjacentBoundaries.test_resources_can_deny_current_consumption_without_new_charge) ... ok
test_revocation_does_not_hide_unknown_receipt (test_p13_review_regressions.P13AdjacentBoundaries.test_revocation_does_not_hide_unknown_receipt) ... ok
test_historical_receipts_do_not_authorize_new_consumption_after_grant_revocation (test_p13_review_regressions.P13ReviewProbes.test_historical_receipts_do_not_authorize_new_consumption_after_grant_revocation) ... ok
test_old_context_revocation_control_still_blocks (test_p13_review_regressions.P13ReviewProbes.test_old_context_revocation_control_still_blocks) ... ok
test_omitted_relationship_source_does_not_influence_expression (test_p13_review_regressions.P13ReviewProbes.test_omitted_relationship_source_does_not_influence_expression) ... ok
test_revoked_expression_grant_after_action_blocks_first_presentation (test_p13_review_regressions.P13ReviewProbes.test_revoked_expression_grant_after_action_blocks_first_presentation) ... ok
test_revoked_expression_grant_before_action_control_blocks (test_p13_review_regressions.P13ReviewProbes.test_revoked_expression_grant_before_action_control_blocks) ... ok
test_revoked_expression_grant_during_presentation_blocks_new_artifact (test_p13_review_regressions.P13ReviewProbes.test_revoked_expression_grant_during_presentation_blocks_new_artifact) ... ok
test_unchanged_restart_control_preserves_body_and_zero_new_effect (test_p13_review_regressions.P13ReviewProbes.test_unchanged_restart_control_preserves_body_and_zero_new_effect) ... ok
test_all_drives_and_somatic_dimensions_are_retained (test_p14_dynamic_mind.DynamicMindMechanismTests.test_all_drives_and_somatic_dimensions_are_retained) ... ok
test_apology_is_new_evidence_not_automatic_resolution (test_p14_dynamic_mind.DynamicMindMechanismTests.test_apology_is_new_evidence_not_automatic_resolution) ... ok
test_clock_regression_and_cross_environment_are_rejected (test_p14_dynamic_mind.DynamicMindMechanismTests.test_clock_regression_and_cross_environment_are_rejected) ... ok
test_desire_lifecycle_and_regulation_success (test_p14_dynamic_mind.DynamicMindMechanismTests.test_desire_lifecycle_and_regulation_success) ... ok
test_duplicate_appraisal_does_not_reinforce_same_time (test_p14_dynamic_mind.DynamicMindMechanismTests.test_duplicate_appraisal_does_not_reinforce_same_time) ... ok
test_no_observation_forms_endogenous_desire (test_p14_dynamic_mind.DynamicMindMechanismTests.test_no_observation_forms_endogenous_desire) ... ok
test_persisted_state_restores_without_reset (test_p14_dynamic_mind.DynamicMindMechanismTests.test_persisted_state_restores_without_reset) ... ok
test_psychological_opposites_remain_together (test_p14_dynamic_mind.DynamicMindMechanismTests.test_psychological_opposites_remain_together) ... ok
test_resolution_then_new_harm_reopens_same_concern (test_p14_dynamic_mind.DynamicMindMechanismTests.test_resolution_then_new_harm_reopens_same_concern) ... ok
test_same_time_replay_has_no_extra_dynamic_change (test_p14_dynamic_mind.DynamicMindMechanismTests.test_same_time_replay_has_no_extra_dynamic_change) ... ok
test_subjective_time_depends_on_attention_and_somatic_state (test_p14_dynamic_mind.DynamicMindMechanismTests.test_subjective_time_depends_on_attention_and_somatic_state) ... ok
test_subjective_wait_changes_attention_even_with_equal_body (test_p14_dynamic_mind.DynamicMindMechanismTests.test_subjective_wait_changes_attention_even_with_equal_body) ... ok
test_suppression_can_fail_without_erasing_concern (test_p14_dynamic_mind.DynamicMindMechanismTests.test_suppression_can_fail_without_erasing_concern) ... ok
test_transformed_desire_can_continue_without_identity_collision (test_p14_dynamic_mind.DynamicMindMechanismTests.test_transformed_desire_can_continue_without_identity_collision) ... ok
test_unbound_will_and_thought_references_fail_closed (test_p14_dynamic_mind.DynamicMindMechanismTests.test_unbound_will_and_thought_references_fail_closed) ... ok
test_unknown_nested_reasoning_fields_are_rejected (test_p14_dynamic_mind.DynamicMindMechanismTests.test_unknown_nested_reasoning_fields_are_rejected) ... ok
test_weaken_and_transform_change_desire_not_only_phase (test_p14_dynamic_mind.DynamicMindMechanismTests.test_weaken_and_transform_change_desire_not_only_phase) ... ok
test_will_records_deliberation_not_scheduler_priority (test_p14_dynamic_mind.DynamicMindMechanismTests.test_will_records_deliberation_not_scheduler_priority) ... ok
test_attention_changes_actual_authorized_memory_ranking (test_p14_mind_recovery.MindCoreIntegrationTests.test_attention_changes_actual_authorized_memory_ranking) ... ok
test_bounded_golden_survives_real_process_restarts (test_p14_mind_recovery.MindCoreIntegrationTests.test_bounded_golden_survives_real_process_restarts) ... ok
test_capability_wait_resumes_mind_in_original_think_session (test_p14_mind_recovery.MindCoreIntegrationTests.test_capability_wait_resumes_mind_in_original_think_session) ... ok
test_cognitive_resolution_requires_new_consistent_experience (test_p14_mind_recovery.MindCoreIntegrationTests.test_cognitive_resolution_requires_new_consistent_experience) ... ok
test_completed_mind_facts_still_require_real_adapter_receipt (test_p14_mind_recovery.MindCoreIntegrationTests.test_completed_mind_facts_still_require_real_adapter_receipt) ... ok
test_completed_replay_does_not_advance_revision_or_repeat_effect (test_p14_mind_recovery.MindCoreIntegrationTests.test_completed_replay_does_not_advance_revision_or_repeat_effect) ... ok
test_complex_information_need_still_uses_original_optional_planner (test_p14_mind_recovery.MindCoreIntegrationTests.test_complex_information_need_still_uses_original_optional_planner) ... ok
test_current_candidate_tampering_and_cross_subject_are_rejected (test_p14_mind_recovery.MindCoreIntegrationTests.test_current_candidate_tampering_and_cross_subject_are_rejected) ... ok
test_explicit_subject_confrontation_is_retained (test_p14_mind_recovery.MindCoreIntegrationTests.test_explicit_subject_confrontation_is_retained) ... ok
test_explicit_subject_refusal_is_not_erased_by_generic_drive (test_p14_mind_recovery.MindCoreIntegrationTests.test_explicit_subject_refusal_is_not_erased_by_generic_drive) ... ok
test_explicit_subject_silence_is_not_relabelled_pursuit (test_p14_mind_recovery.MindCoreIntegrationTests.test_explicit_subject_silence_is_not_relabelled_pursuit) ... ok
test_feature_off_keeps_legacy_serialization_and_behavior (test_p14_mind_recovery.MindCoreIntegrationTests.test_feature_off_keeps_legacy_serialization_and_behavior) ... ok
test_forgotten_or_revoked_current_source_cannot_finish_new_mind (test_p14_mind_recovery.MindCoreIntegrationTests.test_forgotten_or_revoked_current_source_cannot_finish_new_mind) ... ok
test_internal_body_changes_real_choice_with_same_provider_output (test_p14_mind_recovery.MindCoreIntegrationTests.test_internal_body_changes_real_choice_with_same_provider_output) ... ok
test_native_evolution_saved_before_checkpoint_recovers_after_expiry (test_p14_mind_recovery.MindCoreIntegrationTests.test_native_evolution_saved_before_checkpoint_recovers_after_expiry) ... ok
test_native_feature_off_does_not_read_p14_recovery_or_prepare (test_p14_mind_recovery.MindCoreIntegrationTests.test_native_feature_off_does_not_read_p14_recovery_or_prepare) ... ok
test_native_missing_evolution_fact_is_rejected_without_writes (test_p14_mind_recovery.MindCoreIntegrationTests.test_native_missing_evolution_fact_is_rejected_without_writes) ... ok
test_native_opportunity_without_observation_creates_desire_and_restores (test_p14_mind_recovery.MindCoreIntegrationTests.test_native_opportunity_without_observation_creates_desire_and_restores) ... ok
test_new_commit_expired_or_revoked_after_thinking_is_blocked (test_p14_mind_recovery.MindCoreIntegrationTests.test_new_commit_expired_or_revoked_after_thinking_is_blocked) ... ok
test_normal_c1_appraises_sources_and_apology_does_not_reset_episode (test_p14_mind_recovery.MindCoreIntegrationTests.test_normal_c1_appraises_sources_and_apology_does_not_reset_episode) ... ok
test_normal_c1_commits_mind_through_original_evolution (test_p14_mind_recovery.MindCoreIntegrationTests.test_normal_c1_commits_mind_through_original_evolution) ... ok
test_normal_chain_attempts_regulation_without_erasing_episode (test_p14_mind_recovery.MindCoreIntegrationTests.test_normal_chain_attempts_regulation_without_erasing_episode) ... ok
test_old_concurrent_candidate_cannot_overwrite_new_revision (test_p14_mind_recovery.MindCoreIntegrationTests.test_old_concurrent_candidate_cannot_overwrite_new_revision) ... ok
test_path_protection_before_any_fixture_write (test_p14_mind_recovery.MindCoreIntegrationTests.test_path_protection_before_any_fixture_write) ... ok
test_raw_provider_cannot_supply_dynamic_mind_mutation (test_p14_mind_recovery.MindCoreIntegrationTests.test_raw_provider_cannot_supply_dynamic_mind_mutation) ... ok
test_snapshot_branch_includes_mind_without_polluting_parent (test_p14_mind_recovery.MindCoreIntegrationTests.test_snapshot_branch_includes_mind_without_polluting_parent) ... ok
test_two_sessions_and_reopen_continue_one_mind (test_p14_mind_recovery.MindCoreIntegrationTests.test_two_sessions_and_reopen_continue_one_mind) ... ok
test_unsettled_interpretation_changes_actual_information_need (test_p14_mind_recovery.MindCoreIntegrationTests.test_unsettled_interpretation_changes_actual_information_need) ... ok
test_export_and_current_permission_are_separate (test_p14_mind_visibility.MindVisibilityTests.test_export_and_current_permission_are_separate) ... ok
test_export_requires_current_grant_even_when_policy_allows (test_p14_mind_visibility.MindVisibilityTests.test_export_requires_current_grant_even_when_policy_allows) ... ok
test_identity_change_during_read_denies_result (test_p14_mind_visibility.MindVisibilityTests.test_identity_change_during_read_denies_result) ... ok
test_owner_detailed_projection_is_real_and_zero_write (test_p14_mind_visibility.MindVisibilityTests.test_owner_detailed_projection_is_real_and_zero_write) ... ok
test_privacy_switch_does_not_change_normal_native_cognition (test_p14_mind_visibility.MindVisibilityTests.test_privacy_switch_does_not_change_normal_native_cognition) ... ok
test_private_mode_does_not_delete_or_change_cognition (test_p14_mind_visibility.MindVisibilityTests.test_private_mode_does_not_delete_or_change_cognition) ... ok
test_self_claimed_owner_and_non_owner_are_rejected_without_write (test_p14_mind_visibility.MindVisibilityTests.test_self_claimed_owner_and_non_owner_are_rejected_without_write) ... ok
test_summary_hides_detail_and_denial_has_zero_state_reads (test_p14_mind_visibility.MindVisibilityTests.test_summary_hides_detail_and_denial_has_zero_state_reads) ... ok
test_batched_composer_uses_event_order_not_fragment_or_processing_order (test_p14_review_repair.P14ReviewRepairTests.test_batched_composer_uses_event_order_not_fragment_or_processing_order) ... ok
test_control_without_transform_updates_all_active_desires (test_p14_review_repair.P14ReviewRepairTests.test_control_without_transform_updates_all_active_desires) ... ok
test_equal_time_support_is_not_proof_of_subsequent_repair (test_p14_review_repair.P14ReviewRepairTests.test_equal_time_support_is_not_proof_of_subsequent_repair) ... ok
test_legacy_episode_mapping_and_new_basis_validation (test_p14_review_repair.P14ReviewRepairTests.test_legacy_episode_mapping_and_new_basis_validation) ... ok
test_new_harm_is_not_resolved_by_old_pre_harm_support (test_p14_review_repair.P14ReviewRepairTests.test_new_harm_is_not_resolved_by_old_pre_harm_support) ... ok
test_projection_mutation_does_not_write_through (test_p14_review_repair.P14ReviewRepairTests.test_projection_mutation_does_not_write_through) ... ok
test_reopen_reload_repeat_then_new_support_resolves (test_p14_review_repair.P14ReviewRepairTests.test_reopen_reload_repeat_then_new_support_resolves) ... ok
test_reopened_harm_is_not_resolved_by_previous_repair_evidence (test_p14_review_repair.P14ReviewRepairTests.test_reopened_harm_is_not_resolved_by_previous_repair_evidence) ... ok
test_revocation_during_history_read_prevents_return (test_p14_review_repair.P14ReviewRepairTests.test_revocation_during_history_read_prevents_return) ... ok
test_same_root_memory_raw_is_one_support_and_cannot_raise_confidence (test_p14_review_repair.P14ReviewRepairTests.test_same_root_memory_raw_is_one_support_and_cannot_raise_confidence) ... ok
test_subsequent_independent_support_still_resolves (test_p14_review_repair.P14ReviewRepairTests.test_subsequent_independent_support_still_resolves) ... ok
test_transform_keeps_both_desires_evolving_after_reload (test_p14_review_repair.P14ReviewRepairTests.test_transform_keeps_both_desires_evolving_after_reload) ... ok
test_transform_list_order_continuous_trajectory_will_and_thought_bindings (test_p14_review_repair.P14ReviewRepairTests.test_transform_list_order_continuous_trajectory_will_and_thought_bindings) ... ok
test_export_permission_revoked_during_read_is_rechecked (test_p15_repair_edges.GrowthProjectionRepairTests.test_export_permission_revoked_during_read_is_rechecked) ... ok
test_export_requires_both_explicit_policy_and_current_permission (test_p15_repair_edges.GrowthProjectionRepairTests.test_export_requires_both_explicit_policy_and_current_permission) ... ok
test_permission_expiration_during_read_denies_without_observer_writes (test_p15_repair_edges.GrowthProjectionRepairTests.test_permission_expiration_during_read_denies_without_observer_writes) ... ok
test_same_revision_growth_content_change_is_rechecked (test_p15_repair_edges.GrowthProjectionRepairTests.test_same_revision_growth_content_change_is_rechecked) ... ok
test_state_revision_change_during_read_denies_without_writes (test_p15_repair_edges.GrowthProjectionRepairTests.test_state_revision_change_during_read_denies_without_writes) ... ok
test_wrong_subject_from_state_port_denied_without_writes (test_p15_repair_edges.GrowthProjectionRepairTests.test_wrong_subject_from_state_port_denied_without_writes) ... ok
test_current_owner_environment_and_subject_tampering_rejected_without_writes (test_p15_repair_edges.LifecycleArchiveRepairTests.test_current_owner_environment_and_subject_tampering_rejected_without_writes) ... ok
test_direct_save_rejects_current_snapshot_with_missing_lifecycle (test_p15_repair_edges.LifecycleArchiveRepairTests.test_direct_save_rejects_current_snapshot_with_missing_lifecycle) ... ok
test_event_and_change_lifecycle_disagreement_rejected (test_p15_repair_edges.LifecycleArchiveRepairTests.test_event_and_change_lifecycle_disagreement_rejected) ... ok
test_history_command_identity_cannot_rebind_owner (test_p15_repair_edges.LifecycleArchiveRepairTests.test_history_command_identity_cannot_rebind_owner) ... ok
test_lifecycle_change_before_value_must_follow_original_history (test_p15_repair_edges.LifecycleArchiveRepairTests.test_lifecycle_change_before_value_must_follow_original_history) ... ok
test_ordinary_legacy_event_type_name_is_not_lifecycle_authority (test_p15_repair_edges.LifecycleArchiveRepairTests.test_ordinary_legacy_event_type_name_is_not_lifecycle_authority) ... ok
test_true_legacy_can_introduce_lifecycle_and_replay_after_resume (test_p15_repair_edges.LifecycleArchiveRepairTests.test_true_legacy_can_introduce_lifecycle_and_replay_after_resume) ... ok
test_committed_evolution_finalizes_after_crash_without_current_confirmation (test_p15_repair_edges.PendingGrowthRepairTests.test_committed_evolution_finalizes_after_crash_without_current_confirmation) ... ok
test_committed_resolution_without_actual_evolution_is_not_replayed (test_p15_repair_edges.PendingGrowthRepairTests.test_committed_resolution_without_actual_evolution_is_not_replayed) ... ok
test_new_confirmation_does_not_bypass_current_source_revocation (test_p15_repair_edges.PendingGrowthRepairTests.test_new_confirmation_does_not_bypass_current_source_revocation) ... ok
test_new_confirmation_does_not_bypass_revoked_owner (test_p15_repair_edges.PendingGrowthRepairTests.test_new_confirmation_does_not_bypass_revoked_owner) ... ok
test_old_format_pending_rollback_can_be_reconfirmed (test_p15_repair_edges.PendingGrowthRepairTests.test_old_format_pending_rollback_can_be_reconfirmed) ... ok
test_old_format_pending_solidify_can_be_reconfirmed (test_p15_repair_edges.PendingGrowthRepairTests.test_old_format_pending_solidify_can_be_reconfirmed) ... ok
test_prepare_rollback_retains_actual_trait_until_evolution (test_p15_repair_edges.PendingGrowthRepairTests.test_prepare_rollback_retains_actual_trait_until_evolution) ... ok
test_prepare_solidify_is_not_active_or_completed_before_evolution (test_p15_repair_edges.PendingGrowthRepairTests.test_prepare_solidify_is_not_active_or_completed_before_evolution) ... ok
test_rollback_can_be_reconfirmed_after_unrelated_revision (test_p15_repair_edges.PendingGrowthRepairTests.test_rollback_can_be_reconfirmed_after_unrelated_revision) ... ok
test_superseded_original_command_stays_terminal_and_auditable (test_p15_repair_edges.PendingGrowthRepairTests.test_superseded_original_command_stays_terminal_and_auditable) ... ok
test_supersession_interruption_can_continue_with_original_fresh_identity (test_p15_repair_edges.PendingGrowthRepairTests.test_supersession_interruption_can_continue_with_original_fresh_identity) ... ok
test_pending_growth_can_be_reauthorized_after_unrelated_revision (test_p15_review_regressions.GrowthRecoveryReview.test_pending_growth_can_be_reauthorized_after_unrelated_revision) ... ok
test_existing_mind_projection_rechecks_same_revocation (test_p15_review_regressions.GrowthVisibilityReview.test_existing_mind_projection_rechecks_same_revocation) ... ok
test_growth_projection_rechecks_revocation_before_returning_details (test_p15_review_regressions.GrowthVisibilityReview.test_growth_projection_rechecks_revocation_before_returning_details) ... ok
test_unchanged_permission_allows_growth_without_state_writes (test_p15_review_regressions.GrowthVisibilityReview.test_unchanged_permission_allows_growth_without_state_writes) ... ok
test_deleted_history_cannot_be_reopened_by_stale_active_projection (test_p15_review_regressions.LifecyclePersistenceReview.test_deleted_history_cannot_be_reopened_by_stale_active_projection) ... ok
test_genuine_legacy_without_lifecycle_history_stays_compatible (test_p15_review_regressions.LifecyclePersistenceReview.test_genuine_legacy_without_lifecycle_history_stays_compatible) ... ok
test_suspended_history_cannot_downgrade_to_legacy_by_missing_field (test_p15_review_regressions.LifecyclePersistenceReview.test_suspended_history_cannot_downgrade_to_legacy_by_missing_field) ... ok
test_unmodified_suspended_state_stays_blocked (test_p15_review_regressions.LifecyclePersistenceReview.test_unmodified_suspended_state_stays_blocked) ... ok
test_completed_growth_recovers_after_authority_revoked (test_p15_subject_growth.SubjectGrowthTests.test_completed_growth_recovers_after_authority_revoked) ... ok
test_current_confidence_policy_095_02_02_and_reduced_support (test_p15_subject_growth.SubjectGrowthTests.test_current_confidence_policy_095_02_02_and_reduced_support) ... ok
test_current_reference_revocation_prevents_solidify_without_writes (test_p15_subject_growth.SubjectGrowthTests.test_current_reference_revocation_prevents_solidify_without_writes) ... ok
test_current_source_binding_cannot_be_replaced_with_forged_roots (test_p15_subject_growth.SubjectGrowthTests.test_current_source_binding_cannot_be_replaced_with_forged_roots) ... ok
test_duplicate_root_wrappers_do_not_validate (test_p15_subject_growth.SubjectGrowthTests.test_duplicate_root_wrappers_do_not_validate) ... ok
test_growth_feature_disabled_has_no_learning_read_or_write (test_p15_subject_growth.SubjectGrowthTests.test_growth_feature_disabled_has_no_learning_read_or_write) ... ok
test_growth_permission_policy_is_required_and_owner_read_is_read_only (test_p15_subject_growth.SubjectGrowthTests.test_growth_permission_policy_is_required_and_owner_read_is_read_only) ... ok
test_normal_chain_forms_subjective_narrative_and_object_relationship (test_p15_subject_growth.SubjectGrowthTests.test_normal_chain_forms_subjective_narrative_and_object_relationship) ... ok
test_pending_learning_record_recovers_after_restart_without_second_revision (test_p15_subject_growth.SubjectGrowthTests.test_pending_learning_record_recovers_after_restart_without_second_revision) ... ok
test_reinterpreted_experience_preserves_opposite_stances_and_versions (test_p15_subject_growth.SubjectGrowthTests.test_reinterpreted_experience_preserves_opposite_stances_and_versions) ... ok
test_rejected_support_and_permission_revocation_zero_state_change (test_p15_subject_growth.SubjectGrowthTests.test_rejected_support_and_permission_revocation_zero_state_change) ... ok
test_revoked_event_blocks_pending_commit_but_does_not_rewrite_existing_trait (test_p15_subject_growth.SubjectGrowthTests.test_revoked_event_blocks_pending_commit_but_does_not_rewrite_existing_trait) ... ok
test_rollback_pending_record_recovers_and_does_not_remove_twice (test_p15_subject_growth.SubjectGrowthTests.test_rollback_pending_record_recovers_and_does_not_remove_twice) ... ok
test_rollback_preserves_later_unrelated_trait (test_p15_subject_growth.SubjectGrowthTests.test_rollback_preserves_later_unrelated_trait) ... ok
test_three_current_independent_experiences_form_trait_and_next_context (test_p15_subject_growth.SubjectGrowthTests.test_three_current_independent_experiences_form_trait_and_next_context) ... ok
test_weaker_still_sufficient_support_records_current_confidence (test_p15_subject_growth.SubjectGrowthTests.test_weaker_still_sufficient_support_records_current_confidence) ... ok
test_legacy_state_is_active_without_rewriting_serialization (test_p15_subject_lifecycle.SubjectLifecycleModelTests.test_legacy_state_is_active_without_rewriting_serialization) ... ok
test_policy_is_unconfigured_until_explicit_test_decision (test_p15_subject_lifecycle.SubjectLifecycleModelTests.test_policy_is_unconfigured_until_explicit_test_decision) ... ok
test_subject_intent_is_not_owner_command_or_deletion (test_p15_subject_lifecycle.SubjectLifecycleModelTests.test_subject_intent_is_not_owner_command_or_deletion) ... ok
test_transition_table_preserves_terminal_deleted (test_p15_subject_lifecycle.SubjectLifecycleModelTests.test_transition_table_preserves_terminal_deleted) ... ok
test_action_gate_denial_is_zero_write (test_p15_subject_lifecycle.SubjectLifecycleServiceTests.test_action_gate_denial_is_zero_write) ... ok
test_archive_unconfigured_and_deleted_terminal (test_p15_subject_lifecycle.SubjectLifecycleServiceTests.test_archive_unconfigured_and_deleted_terminal) ... ok
test_c1_new_request_paused_zero_journal_provider_or_receipt (test_p15_subject_lifecycle.SubjectLifecycleServiceTests.test_c1_new_request_paused_zero_journal_provider_or_receipt) ... ok
test_create_suspend_restart_resume_and_replay (test_p15_subject_lifecycle.SubjectLifecycleServiceTests.test_create_suspend_restart_resume_and_replay) ... ok
test_paused_state_cannot_be_changed_by_ordinary_event (test_p15_subject_lifecycle.SubjectLifecycleServiceTests.test_paused_state_cannot_be_changed_by_ordinary_event) ... ok
test_revoked_confirmation_and_stale_command_zero_writes (test_p15_subject_lifecycle.SubjectLifecycleServiceTests.test_revoked_confirmation_and_stale_command_zero_writes) ... ok
test_same_command_identity_different_contents_is_conflict (test_p15_subject_lifecycle.SubjectLifecycleServiceTests.test_same_command_identity_different_contents_is_conflict) ... ok
test_scheduler_paused_zero_attempt_resource_notification_then_resume (test_p15_subject_lifecycle.SubjectLifecycleServiceTests.test_scheduler_paused_zero_attempt_resource_notification_then_resume) ... ok
test_subject_intent_preserves_state_and_owner_identity (test_p15_subject_lifecycle.SubjectLifecycleServiceTests.test_subject_intent_preserves_state_and_owner_identity) ... ok
test_atomic_creation_failure_does_not_leave_active_subject (test_p15_subject_recovery.P15RecoveryTests.test_atomic_creation_failure_does_not_leave_active_subject) ... ok
test_concurrent_lifecycle_commands_preserve_one_transition (test_p15_subject_recovery.P15RecoveryTests.test_concurrent_lifecycle_commands_preserve_one_transition) ... ok
test_cross_process_golden (test_p15_subject_recovery.P15RecoveryTests.test_cross_process_golden) ... ok
test_cross_subject_environment_and_direct_lifecycle_mutation_rejected (test_p15_subject_recovery.P15RecoveryTests.test_cross_subject_environment_and_direct_lifecycle_mutation_rejected) ... ok
test_host_binding_switch_and_unbind_do_not_change_subject_revision (test_p15_subject_recovery.P15RecoveryTests.test_host_binding_switch_and_unbind_do_not_change_subject_revision) ... ok
test_new_genesis_isolated_from_old_learning_mind_relationships (test_p15_subject_recovery.P15RecoveryTests.test_new_genesis_isolated_from_old_learning_mind_relationships) ... ok
test_p01_snapshot_branch_keeps_growth_and_does_not_pollute_original (test_p15_subject_recovery.P15RecoveryTests.test_p01_snapshot_branch_keeps_growth_and_does_not_pollute_original) ... ok
test_paused_pending_not_executed_model_cannot_dispatch (test_p15_subject_recovery.P15RecoveryTests.test_paused_pending_not_executed_model_cannot_dispatch) ... ok
test_protected_fixture_root_rejects_before_any_write (test_p15_subject_recovery.P15RecoveryTests.test_protected_fixture_root_rejects_before_any_write) ... ok
test_public_test_migration_requires_exact_confirmation_and_never_copies_personality (test_p15_subject_recovery.P15RecoveryTests.test_public_test_migration_requires_exact_confirmation_and_never_copies_personality) ... ok
test_cache_expiry_excludes_candidate_without_refresh_call (test_p16_context.ContextTests.test_cache_expiry_excludes_candidate_without_refresh_call) ... ok
test_cache_rehashed_payload_tamper_still_checks_original_fact (test_p16_context.ContextTests.test_cache_rehashed_payload_tamper_still_checks_original_fact) ... ok
test_credential_revocation_excludes_current_cache (test_p16_context.ContextTests.test_credential_revocation_excludes_current_cache) ... ok
test_cross_subject_result_rejected_even_from_local_provider (test_p16_context.ContextTests.test_cross_subject_result_rejected_even_from_local_provider) ... ok
test_distinct_roots_survive_and_same_root_conflict_never_selects_authority (test_p16_context.ContextTests.test_distinct_roots_survive_and_same_root_conflict_never_selects_authority) ... ok
test_exact_ttl_boundary_is_excluded_just_before_is_valid (test_p16_context.ContextTests.test_exact_ttl_boundary_is_excluded_just_before_is_valid) ... ok
test_external_event_identity_cannot_be_internal_root (test_p16_context.ContextTests.test_external_event_identity_cannot_be_internal_root) ... ok
test_invalid_cache_timestamp_is_corruption_not_freshness (test_p16_context.ContextTests.test_invalid_cache_timestamp_is_corruption_not_freshness) ... ok
test_malicious_mutation_field_rejected_before_cache (test_p16_context.ContextTests.test_malicious_mutation_field_rejected_before_cache) ... ok
test_offline_timeout_cancel_and_empty_are_explicit_results (test_p16_context.ContextTests.test_offline_timeout_cancel_and_empty_are_explicit_results) ... ok
test_p12_archived_internal_memory_stays_absent_with_external_queries_enabled (test_p16_context.ContextTests.test_p12_archived_internal_memory_stays_absent_with_external_queries_enabled) ... ok
test_p15_growth_does_not_promote_external_candidates_to_experience (test_p16_context.ContextTests.test_p15_growth_does_not_promote_external_candidates_to_experience) ... ok
test_registry_wrong_environment_rejected_without_write (test_p16_context.ContextTests.test_registry_wrong_environment_rejected_without_write) ... ok
test_replacement_descriptor_cannot_reuse_old_exact_reference (test_p16_context.ContextTests.test_replacement_descriptor_cannot_reuse_old_exact_reference) ... ok
test_replacement_preserves_old_fact_but_invalidates_old_material (test_p16_context.ContextTests.test_replacement_preserves_old_fact_but_invalidates_old_material) ... ok
test_revocation_invalidates_already_composed_context (test_p16_context.ContextTests.test_revocation_invalidates_already_composed_context) ... ok
test_revoke_during_result_read_blocks_consumption_and_cache_write (test_p16_context.ContextTests.test_revoke_during_result_read_blocks_consumption_and_cache_write) ... ok
test_router_source_limit_is_separate_from_composer_budget (test_p16_context.ContextTests.test_router_source_limit_is_separate_from_composer_budget) ... ok
test_same_request_payload_hash_conflict_is_rejected (test_p16_context.ContextTests.test_same_request_payload_hash_conflict_is_rejected) ... ok
test_same_root_candidates_deduplicate_without_promoting_authority (test_p16_context.ContextTests.test_same_root_candidates_deduplicate_without_promoting_authority) ... ok
test_same_root_conflicting_content_is_preserved_as_non_independent_candidates (test_p16_context.ContextTests.test_same_root_conflicting_content_is_preserved_as_non_independent_candidates) ... ok
test_secret_in_result_and_material_denial_never_reach_cache_or_state (test_p16_context.ContextTests.test_secret_in_result_and_material_denial_never_reach_cache_or_state) ... ok
test_strict_result_shape_version_hash_environment_and_bounds (test_p16_context.ContextTests.test_strict_result_shape_version_hash_environment_and_bounds) ... ok
test_all_four_local_provider_kinds_really_execute (test_p16_providers.ProviderTests.test_all_four_local_provider_kinds_really_execute) ... ok
test_credential_reference_cannot_be_reused_by_other_connector (test_p16_providers.ProviderTests.test_credential_reference_cannot_be_reused_by_other_connector) ... ok
test_disable_replay_is_idempotent_and_cannot_reregister_same_version (test_p16_providers.ProviderTests.test_disable_replay_is_idempotent_and_cannot_reregister_same_version) ... ok
test_disabled_c1_gate_does_not_touch_installed_external_ports (test_p16_providers.ProviderTests.test_disabled_c1_gate_does_not_touch_installed_external_ports) ... ok
test_existing_768_token_budget_explicitly_excludes_external_material (test_p16_providers.ProviderTests.test_existing_768_token_budget_explicitly_excludes_external_material) ... ok
test_feature_gate_off_does_not_call_or_read_external_components (test_p16_providers.ProviderTests.test_feature_gate_off_does_not_call_or_read_external_components) ... ok
test_memory_information_need_calls_fake_then_normal_context_consumes_candidate (test_p16_providers.ProviderTests.test_memory_information_need_calls_fake_then_normal_context_consumes_candidate) ... ok
test_missing_expired_and_cross_subject_credentials_refuse_before_call (test_p16_providers.ProviderTests.test_missing_expired_and_cross_subject_credentials_refuse_before_call) ... ok
test_normal_local_queries_use_no_socket (test_p16_providers.ProviderTests.test_normal_local_queries_use_no_socket) ... ok
test_registry_concurrent_revision_allows_only_one_write (test_p16_providers.ProviderTests.test_registry_concurrent_revision_allows_only_one_write) ... ok
test_registry_same_version_changed_content_is_conflict (test_p16_providers.ProviderTests.test_registry_same_version_changed_content_is_conflict) ... ok
test_revoke_before_query_has_no_external_call_or_subject_write (test_p16_providers.ProviderTests.test_revoke_before_query_has_no_external_call_or_subject_write) ... ok
test_upper_mixed_protected_roots_and_children_are_zero_write (test_p16_providers.ProviderTests.test_upper_mixed_protected_roots_and_children_are_zero_write) ... ok
test_archived_and_deleted_subjects_do_not_consume_or_execute (test_p16_recovery.RecoveryTests.test_archived_and_deleted_subjects_do_not_consume_or_execute) ... ok
test_atomic_registry_failure_keeps_original_bytes (test_p16_recovery.RecoveryTests.test_atomic_registry_failure_keeps_original_bytes) ... ok
test_child_timeout_preserves_output_and_never_retries (test_p16_recovery.RecoveryTests.test_child_timeout_preserves_output_and_never_retries) ... ok
test_completed_replay_rechecks_receipt_without_reexecution (test_p16_recovery.RecoveryTests.test_completed_replay_rechecks_receipt_without_reexecution) ... ok
test_completed_replay_survives_revocation_without_new_consumption (test_p16_recovery.RecoveryTests.test_completed_replay_survives_revocation_without_new_consumption) ... ok
test_explicit_retry_uses_original_attempts_and_stops_at_bound (test_p16_recovery.RecoveryTests.test_explicit_retry_uses_original_attempts_and_stops_at_bound) ... ok
test_historical_success_unknown_query_cannot_replay_completed (test_p16_recovery.RecoveryTests.test_historical_success_unknown_query_cannot_replay_completed) ... ok
test_lost_response_after_receipt_can_close_after_revocation_without_consuming (test_p16_recovery.RecoveryTests.test_lost_response_after_receipt_can_close_after_revocation_without_consuming) ... ok
test_p01_branch_replays_original_receipt_without_polluting_parent (test_p16_recovery.RecoveryTests.test_p01_branch_replays_original_receipt_without_polluting_parent) ... ok
test_p01_snapshot_covers_registry_cache_and_receipts (test_p16_recovery.RecoveryTests.test_p01_snapshot_covers_registry_cache_and_receipts) ... ok
test_paused_subject_blocks_new_query_and_current_cache_but_recovers_fact (test_p16_recovery.RecoveryTests.test_paused_subject_blocks_new_query_and_current_cache_but_recovers_fact) ... ok
test_provider_error_secret_never_enters_engine_files (test_p16_recovery.RecoveryTests.test_provider_error_secret_never_enters_engine_files) ... ok
test_query_exception_never_authorizes_dispatch_or_exposes_secret (test_p16_recovery.RecoveryTests.test_query_exception_never_authorizes_dispatch_or_exposes_secret) ... ok
test_reserved_not_executed_after_revocation_cannot_dispatch (test_p16_recovery.RecoveryTests.test_reserved_not_executed_after_revocation_cannot_dispatch) ... ok
test_string_not_executed_is_unknown (test_p16_recovery.RecoveryTests.test_string_not_executed_is_unknown) ... ok
test_three_real_process_golden_recovers_replaces_and_revokes (test_p16_recovery.RecoveryTests.test_three_real_process_golden_recovers_replaces_and_revokes) ... ok
test_unknown_does_not_execute_even_with_explicit_retry (test_p16_recovery.RecoveryTests.test_unknown_does_not_execute_even_with_explicit_retry) ... ok
test_c1_capability_ingress_rejects_before_original_ledger_write (test_p16_repair_edges.RepairEdges.test_c1_capability_ingress_rejects_before_original_ledger_write) ... ok
test_c1_capability_restore_rechecks_material_before_checkpoint (test_p16_repair_edges.RepairEdges.test_c1_capability_restore_rechecks_material_before_checkpoint) ... ok
test_c1_capability_safe_result_replay_preserves_fact_hash (test_p16_repair_edges.RepairEdges.test_c1_capability_safe_result_replay_preserves_fact_hash) ... ok
test_completed_replay_rejects_material_without_rewriting_fact_or_ledger (test_p16_repair_edges.RepairEdges.test_completed_replay_rejects_material_without_rewriting_fact_or_ledger) ... ok
test_newly_prohibited_completed_material_is_not_replayed_or_rewritten (test_p16_repair_edges.RepairEdges.test_newly_prohibited_completed_material_is_not_replayed_or_rewritten) ... ok
test_normal_permission_and_reference_denial_still_reject (test_p16_repair_edges.RepairEdges.test_normal_permission_and_reference_denial_still_reject) ... ok
test_optional_thinking_check_precedes_growth_and_preserves_gate_off (test_p16_repair_edges.RepairEdges.test_optional_thinking_check_precedes_growth_and_preserves_gate_off) ... ok
test_query_is_rejected_before_any_think_result_save_or_processor (test_p16_repair_edges.RepairEdges.test_query_is_rejected_before_any_think_result_save_or_processor) ... ok
test_recovery_broker_failure_is_unknown_not_permission_or_execution (test_p16_repair_edges.RepairEdges.test_recovery_broker_failure_is_unknown_not_permission_or_execution) ... ok
test_registration_port_exceptions_are_static_and_zero_write (test_p16_repair_edges.RepairEdges.test_registration_port_exceptions_are_static_and_zero_write) ... ok
test_rejected_execution_receipt_is_unknown_and_recovers_without_redispatch (test_p16_repair_edges.RepairEdges.test_rejected_execution_receipt_is_unknown_and_recovers_without_redispatch) ... ok
test_selection_execution_consumption_port_exceptions_fail_closed (test_p16_repair_edges.RepairEdges.test_selection_execution_consumption_port_exceptions_fail_closed) ... ok
test_wait_completion_and_completed_replay_keep_original_result_identity (test_p16_repair_edges.RepairEdges.test_wait_completion_and_completed_replay_keep_original_result_identity) ... ok
test_wait_completion_rejects_before_resume_write_or_processing (test_p16_repair_edges.RepairEdges.test_wait_completion_rejects_before_resume_write_or_processing) ... ok
test_whole_receipt_is_checked_on_query_and_execute (test_p16_repair_edges.RepairEdges.test_whole_receipt_is_checked_on_query_and_execute) ... ok
test_whole_thinking_material_not_only_query_is_checked (test_p16_repair_edges.RepairEdges.test_whole_thinking_material_not_only_query_is_checked) ... ok
test_broker_authorization_exception_must_not_leak_in_diagnostics (test_p16_review_regressions.IndependentEdges.test_broker_authorization_exception_must_not_leak_in_diagnostics) ... ok
test_broker_material_exception_must_not_leak_in_diagnostics (test_p16_review_regressions.IndependentEdges.test_broker_material_exception_must_not_leak_in_diagnostics) ... ok
test_denied_external_query_is_not_copied_into_new_persistent_material (test_p16_review_regressions.IndependentEdges.test_denied_external_query_is_not_copied_into_new_persistent_material) ... ok
test_permission_port_exception_must_not_leak_in_diagnostics (test_p16_review_regressions.IndependentEdges.test_permission_port_exception_must_not_leak_in_diagnostics) ... ok
test_positive_normal_query_still_consumes_candidate (test_p16_review_regressions.IndependentEdges.test_positive_normal_query_still_consumes_candidate) ... ok
test_positive_ordinary_psychological_query_is_not_censored (test_p16_review_regressions.IndependentEdges.test_positive_ordinary_psychological_query_is_not_censored) ... ok
test_positive_provider_result_exception_is_sanitized (test_p16_review_regressions.IndependentEdges.test_positive_provider_result_exception_is_sanitized) ... ok
test_positive_safe_provider_receipt_id_remains_recoverable (test_p16_review_regressions.IndependentEdges.test_positive_safe_provider_receipt_id_remains_recoverable) ... ok
test_secret_receipt_identifier_must_not_be_persisted_by_engine (test_p16_review_regressions.IndependentEdges.test_secret_receipt_identifier_must_not_be_persisted_by_engine) ... ok
test_blast_radius_each_bound_actually_limits_effects (test_p17_boundaries.BoundaryTests.test_blast_radius_each_bound_actually_limits_effects) ... ok
test_broker_boundary_provider_exception_tracebacks_are_static (test_p17_boundaries.BoundaryTests.test_broker_boundary_provider_exception_tracebacks_are_static) ... ok
test_capability_version_change_cannot_retarget_history (test_p17_boundaries.BoundaryTests.test_capability_version_change_cannot_retarget_history) ... ok
test_cross_subject_request_rejected_without_world_or_outbox_write (test_p17_boundaries.BoundaryTests.test_cross_subject_request_rejected_without_world_or_outbox_write) ... ok
test_current_broker_and_reality_rechecked_at_dispatch (test_p17_boundaries.BoundaryTests.test_current_broker_and_reality_rechecked_at_dispatch) ... ok
test_current_context_and_confirmation_rechecked_at_dispatch (test_p17_boundaries.BoundaryTests.test_current_context_and_confirmation_rechecked_at_dispatch) ... ok
test_feature_off_does_not_read_execution_ports (test_p17_boundaries.BoundaryTests.test_feature_off_does_not_read_execution_ports) ... ok
test_fixture_protected_paths_uppercase_children_zero_write (test_p17_boundaries.BoundaryTests.test_fixture_protected_paths_uppercase_children_zero_write) ... ok
test_lifecycle_pause_archive_delete_reject_new_execution (test_p17_boundaries.BoundaryTests.test_lifecycle_pause_archive_delete_reject_new_execution) ... ok
test_material_rejected_before_any_new_e5a_request_write (test_p17_boundaries.BoundaryTests.test_material_rejected_before_any_new_e5a_request_write) ... ok
test_mid_gate_revocation_is_rechecked_before_effect (test_p17_boundaries.BoundaryTests.test_mid_gate_revocation_is_rechecked_before_effect) ... ok
test_mid_result_read_revocation_blocks_return_and_writes (test_p17_boundaries.BoundaryTests.test_mid_result_read_revocation_blocks_return_and_writes) ... ok
test_new_context_cannot_reauthorize_old_request_identity (test_p17_boundaries.BoundaryTests.test_new_context_cannot_reauthorize_old_request_identity) ... ok
test_nonboolean_truthy_authorization_fails_closed (test_p17_boundaries.BoundaryTests.test_nonboolean_truthy_authorization_fails_closed) ... ok
test_normal_psychological_content_and_silence_are_not_screened (test_p17_boundaries.BoundaryTests.test_normal_psychological_content_and_silence_are_not_screened) ... ok
test_platform_reality_resource_outcomes_remain_distinct_in_e5a (test_p17_boundaries.BoundaryTests.test_platform_reality_resource_outcomes_remain_distinct_in_e5a) ... ok
test_receipt_secret_full_material_never_enters_ledger (test_p17_boundaries.BoundaryTests.test_receipt_secret_full_material_never_enters_ledger) ... ok
test_registered_other_subject_adapter_rejected_zero_calls_and_writes (test_p17_boundaries.BoundaryTests.test_registered_other_subject_adapter_rejected_zero_calls_and_writes) ... ok
test_registered_world_environment_version_mismatch_refuses_before_call (test_p17_boundaries.BoundaryTests.test_registered_world_environment_version_mismatch_refuses_before_call) ... ok
test_resource_exhaustion_does_not_consume_attempts_or_effects (test_p17_boundaries.BoundaryTests.test_resource_exhaustion_does_not_consume_attempts_or_effects) ... ok
test_result_hash_or_extra_authority_material_rejected (test_p17_boundaries.BoundaryTests.test_result_hash_or_extra_authority_material_rejected) ... ok
test_static_failure_receipts_preserve_generation_and_network_outcomes (test_p17_boundaries.BoundaryTests.test_static_failure_receipts_preserve_generation_and_network_outcomes) ... ok
test_storage_exact_limit_accepts_one_then_refuses_next (test_p17_boundaries.BoundaryTests.test_storage_exact_limit_accepts_one_then_refuses_next) ... ok
test_storage_growth_bound_rejects_before_oversized_effect (test_p17_boundaries.BoundaryTests.test_storage_growth_bound_rejects_before_oversized_effect) ... ok
test_thinking_secret_rejected_before_first_persistence (test_p17_boundaries.BoundaryTests.test_thinking_secret_rejected_before_first_persistence) ... ok
test_alternative_new_confirmation_and_no_old_dispatch (test_p17_execution.ExecutionTests.test_alternative_new_confirmation_and_no_old_dispatch) ... ok
test_cancel_pending_idempotent_and_no_dispatch (test_p17_execution.ExecutionTests.test_cancel_pending_idempotent_and_no_dispatch) ... ok
test_compensation_failure_preserves_original_fact (test_p17_execution.ExecutionTests.test_compensation_failure_preserves_original_fact) ... ok
test_compensation_is_separate_receipted_action (test_p17_execution.ExecutionTests.test_compensation_is_separate_receipted_action) ... ok
test_compensation_requires_matching_original_receipt (test_p17_execution.ExecutionTests.test_compensation_requires_matching_original_receipt) ... ok
test_compensation_unknown_preserves_original_fact (test_p17_execution.ExecutionTests.test_compensation_unknown_preserves_original_fact) ... ok
test_compensation_without_link_cannot_execute (test_p17_execution.ExecutionTests.test_compensation_without_link_cannot_execute) ... ok
test_completed_cannot_be_cancelled_or_replaced (test_p17_execution.ExecutionTests.test_completed_cannot_be_cancelled_or_replaced) ... ok
test_direct_c1_produces_one_effect_and_replays (test_p17_execution.ExecutionTests.test_direct_c1_produces_one_effect_and_replays) ... ok
test_execution_does_not_directly_write_subject (test_p17_execution.ExecutionTests.test_execution_does_not_directly_write_subject) ... ok
test_golden_real_three_process_restart_and_absorption (test_p17_execution.ExecutionTests.test_golden_real_three_process_restart_and_absorption) ... ok
test_planner_c1_executes_both_dependencies (test_p17_execution.ExecutionTests.test_planner_c1_executes_both_dependencies) ... ok
test_real_recovery_unavailable_zero_world_write (test_p17_execution.ExecutionTests.test_real_recovery_unavailable_zero_world_write) ... ok
test_receipts_once_and_single_e5a_channel (test_p17_execution.ExecutionTests.test_receipts_once_and_single_e5a_channel) ... ok
test_research_result_never_default_main_memory_or_state (test_p17_execution.ExecutionTests.test_research_result_never_default_main_memory_or_state) ... ok
test_research_unavailable_has_no_real_fallback (test_p17_execution.ExecutionTests.test_research_unavailable_has_no_real_fallback) ... ok
test_result_absorbed_via_next_thinking_action_evolution (test_p17_execution.ExecutionTests.test_result_absorbed_via_next_thinking_action_evolution) ... ok
test_unknown_forbids_alternative_or_fake_cancellation (test_p17_execution.ExecutionTests.test_unknown_forbids_alternative_or_fake_cancellation) ... ok
test_wait_information_and_retry_are_auditable_not_dispatch (test_p17_execution.ExecutionTests.test_wait_information_and_retry_are_auditable_not_dispatch) ... ok
test_atomic_write_failure_precedes_world_effect (test_p17_recovery.RecoveryTests.test_atomic_write_failure_precedes_world_effect) ... ok
test_bounded_retries_after_explicit_not_executed (test_p17_recovery.RecoveryTests.test_bounded_retries_after_explicit_not_executed) ... ok
test_cancel_after_unknown_with_actual_success_returns_completed (test_p17_recovery.RecoveryTests.test_cancel_after_unknown_with_actual_success_returns_completed) ... ok
test_cancel_dispatch_race_respects_observed_fact (test_p17_recovery.RecoveryTests.test_cancel_dispatch_race_respects_observed_fact) ... ok
test_cancel_survives_missing_delivery_index_without_redispatch (test_p17_recovery.RecoveryTests.test_cancel_survives_missing_delivery_index_without_redispatch) ... ok
test_compensation_crash_after_effect_recovers_without_duplicate (test_p17_recovery.RecoveryTests.test_compensation_crash_after_effect_recovers_without_duplicate) ... ok
test_completed_fact_replay_after_choice_expiry_has_no_dispatch (test_p17_recovery.RecoveryTests.test_completed_fact_replay_after_choice_expiry_has_no_dispatch) ... ok
test_corrupt_outbox_rejected_without_repair (test_p17_recovery.RecoveryTests.test_corrupt_outbox_rejected_without_repair) ... ok
test_crash_after_effect_recovers_after_revocation (test_p17_recovery.RecoveryTests.test_crash_after_effect_recovers_after_revocation) ... ok
test_crash_before_world_can_resume_only_with_current_gates (test_p17_recovery.RecoveryTests.test_crash_before_world_can_resume_only_with_current_gates) ... ok
test_delivery_checkpoint_loss_never_skips_receipt_verification (test_p17_recovery.RecoveryTests.test_delivery_checkpoint_loss_never_skips_receipt_verification) ... ok
test_lost_response_queries_before_retry_no_second_effect (test_p17_recovery.RecoveryTests.test_lost_response_queries_before_retry_no_second_effect) ... ok
test_receipt_conflict_fails_closed_on_replay (test_p17_recovery.RecoveryTests.test_receipt_conflict_fails_closed_on_replay) ... ok
test_rehashed_wrong_request_binding_rejected (test_p17_recovery.RecoveryTests.test_rehashed_wrong_request_binding_rejected) ... ok
test_same_identity_different_world_target_hash_rejected (test_p17_recovery.RecoveryTests.test_same_identity_different_world_target_hash_rejected) ... ok
test_two_real_process_workers_use_same_dispatch_identity (test_p17_recovery.RecoveryTests.test_two_real_process_workers_use_same_dispatch_identity) ... ok
test_two_workers_compete_without_duplicate_effect_or_credit (test_p17_recovery.RecoveryTests.test_two_workers_compete_without_duplicate_effect_or_credit) ... ok
test_unknown_and_untyped_nonexecution_never_dispatch (test_p17_recovery.RecoveryTests.test_unknown_and_untyped_nonexecution_never_dispatch) ... ok
test_default_cost_exact_budget_then_next_rejected (test_p17_repair_edges.ActualChargeRepairTests.test_default_cost_exact_budget_then_next_rejected) ... ok
test_duplicate_zero_cost_request_does_not_repeat_effect_or_charge (test_p17_repair_edges.ActualChargeRepairTests.test_duplicate_zero_cost_request_does_not_repeat_effect_or_charge) ... ok
test_failed_receipt_at_credit_and_message_limit_has_zero_extra_usage (test_p17_repair_edges.ActualChargeRepairTests.test_failed_receipt_at_credit_and_message_limit_has_zero_extra_usage) ... ok
test_zero_cost_capacity_uses_actual_projection_without_writes (test_p17_repair_edges.ActualChargeRepairTests.test_zero_cost_capacity_uses_actual_projection_without_writes) ... ok
test_zero_cost_respects_exact_serialized_storage_limit (test_p17_repair_edges.ActualChargeRepairTests.test_zero_cost_respects_exact_serialized_storage_limit) ... ok
test_zero_cost_still_respects_request_and_message_limits (test_p17_repair_edges.ActualChargeRepairTests.test_zero_cost_still_respects_request_and_message_limits) ... ok
test_zero_estimated_cost_has_explicit_one_credit_fake_charge (test_p17_repair_edges.ActualChargeRepairTests.test_zero_estimated_cost_has_explicit_one_credit_fake_charge) ... ok
test_direct_execution_exposes_static_current_denial (test_p17_repair_edges.FinalAdmissionRepairTests.test_direct_execution_exposes_static_current_denial) ... ok
test_final_resource_revokes_broker_zero_effect_and_charge (test_p17_repair_edges.FinalAdmissionRepairTests.test_final_resource_revokes_broker_zero_effect_and_charge) ... ok
test_final_resource_revokes_reality_zero_effect_and_charge (test_p17_repair_edges.FinalAdmissionRepairTests.test_final_resource_revokes_reality_zero_effect_and_charge) ... ok
test_final_resource_revokes_recoverability_zero_effect_and_charge (test_p17_repair_edges.FinalAdmissionRepairTests.test_final_resource_revokes_recoverability_zero_effect_and_charge) ... ok
test_historical_fact_after_revocation_skips_new_resource_admission (test_p17_repair_edges.FinalAdmissionRepairTests.test_historical_fact_after_revocation_skips_new_resource_admission) ... ok
test_actual_repository_reader_does_not_prevent_atomic_transition (test_p18_persistence.PersistenceTests.test_actual_repository_reader_does_not_prevent_atomic_transition) ... ok
test_changed_revision_during_wait_cannot_be_overwritten (test_p18_persistence.PersistenceTests.test_changed_revision_during_wait_cannot_be_overwritten) ... ok
test_cleanup_failure_keeps_primary_and_secondary_system_errors (test_p18_persistence.PersistenceTests.test_cleanup_failure_keeps_primary_and_secondary_system_errors) ... ok
test_diagnostic_sink_failure_does_not_replace_primary_error (test_p18_persistence.PersistenceTests.test_diagnostic_sink_failure_does_not_replace_primary_error) ... ok
test_long_sharing_failure_is_bounded_preserves_old_record (test_p18_persistence.PersistenceTests.test_long_sharing_failure_is_bounded_preserves_old_record) ... ok
test_nonsharing_errors_are_not_retried_or_half_written (test_p18_persistence.PersistenceTests.test_nonsharing_errors_are_not_retried_or_half_written) ... ok
test_normal_transition_without_overlapping_reader (test_p18_persistence.PersistenceTests.test_normal_transition_without_overlapping_reader) ... ok
test_partial_save_steps_cleanup_and_keep_system_diagnostics (test_p18_persistence.PersistenceTests.test_partial_save_steps_cleanup_and_keep_system_diagnostics) ... ok
test_pause_and_permission_change_during_wait_block_new_state (test_p18_persistence.PersistenceTests.test_pause_and_permission_change_during_wait_block_new_state) ... {"stage": "persistence-failure-before-unwind", "code": "TEST_STATE_SAVE_FAILED", "file": "subject-state/4082a68e0d5f38f46180f874b60334e66941711e4adbbd4f87c46b359c3c30c4.json", "before": {"hash": "e505ce4f46e393031b3e2c130e6531d56ca956055adacf094ae0d0192575860e", "revision": 1}, "after": {"hash": "e505ce4f46e393031b3e2c130e6531d56ca956055adacf094ae0d0192575860e", "revision": 1}, "expectedRevision": 1, "targetRevision": 2, "updateIdentityHash": "1cd67129aa8798af769618134c889989dfa220205f065ef2c72997f140d062de", "eventIdentityHash": "18067595200b9327b384fbcdcef2f57d3ba5ce74ad9d978adc3629146f646ca6", "identityHashes": {"action_session_id": "e716f28fe1b450b319334dec4c694172851342548f3080efd792bc607100fc4c", "action_decision_id": "a604649ffd2b7500c9abc359231e0498a8742738bb93d89ae266f05b7dda58a5", "action_plan_id": "9aa05f7ffb44e75da7a4df6c02d94072b31adf8b57ada19e5862b6b5fc117d12", "think_id": "9e0f450c254a4dd8a75bd291371c9d8237056076888555f42c7934b60d563ed0", "wake_session_id": "92830575ed7aaaa92c0530b6c758c0d8b8b56aa23055679b6244ae5f09d947ec", "perception_id": "bd854a4a5beab61a642f35a3727f315e41e875b978f7e895af4245b9679b8716", "thinking_result_id": "18a41010374bd289dfb2abe7821b61d8da9ba84a681ccfcf18706e8ef4872eb5"}, "pid": 14704, "thread": 11400, "lockOwnedAtWrite": true, "lockOwnedAtException": true, "elapsedSeconds": 0.086754, "chain": [{"type": "ENGINE_EXCEPTION", "operation": "replace", "frames": [{"file": "testing/p18_persistence_diagnostics.py", "line": 68, "function": "write"}, {"file": "storage/json_repository.py", "line": 508, "function": "_write_payload"}, {"file": "storage/json_repository.py", "line": 208, "function": "_replace_payload"}, {"file": "services/wake_perception_thinking_action_service.py", "line": 353, "function": "retry_guard"}, {"file": "services/runtime_cognition.py", "line": 91, "function": "_native_guard"}, {"file": "services/persistent_runtime_service.py", "line": 130, "function": "guard"}], "errno": null, "winerror": null}, {"type": "PermissionError", "operation": "replace", "frames": [{"file": "storage/json_repository.py", "line": 190, "function": "_replace_payload"}], "errno": 13, "winerror": 5}], "context": {"task_id": "cognition:3c6e50aca91cebf8489e604565b3550753dc881066b1f5505c02e5aec271c086", "attempt_id": "p11-attempt-0ffaaf24ebaf9554d7355980239b9ad615c6d9a72859a81ca694321bbeaad689"}}
{"stage": "native-exception-before-cleanup", "task_id": "cognition:3c6e50aca91cebf8489e604565b3550753dc881066b1f5505c02e5aec271c086", "attempt_id": "p11-attempt-0ffaaf24ebaf9554d7355980239b9ad615c6d9a72859a81ca694321bbeaad689", "chain": [{"frames": [{"file": "testing/p18_runtime_fixture.py", "line": 140, "function": "diagnosed_continue"}, {"file": "services/runtime_cognition.py", "line": 242, "function": "_continue"}, {"file": "services/wake_perception_thinking_action_service.py", "line": 90, "function": "wake_manual"}, {"file": "services/wake_perception_thinking_action_service.py", "line": 128, "function": "_continue"}, {"file": "services/wake_perception_thinking_action_service.py", "line": 356, "function": "_continue_mind"}, {"file": "services/action_evolution_service.py", "line": 78, "function": "evolve"}, {"file": "services/subject_state_service.py", "line": 79, "function": "apply_event"}, {"file": "services/subject_state_service.py", "line": 149, "function": "_apply_event"}, {"file": "storage/json_repository.py", "line": 326, "function": "save_transition"}, {"file": "testing/p18_persistence_diagnostics.py", "line": 68, "function": "write"}, {"file": "storage/json_repository.py", "line": 508, "function": "_write_payload"}, {"file": "storage/json_repository.py", "line": 208, "function": "_replace_payload"}, {"file": "services/wake_perception_thinking_action_service.py", "line": 353, "function": "retry_guard"}, {"file": "services/runtime_cognition.py", "line": 91, "function": "_native_guard"}, {"file": "services/persistent_runtime_service.py", "line": 130, "function": "guard"}], "code": "TEST_NATIVE_EXCEPTION"}, {"frames": [{"file": "storage/json_repository.py", "line": 190, "function": "_replace_payload"}], "code": "TEST_NATIVE_EXCEPTION"}], "systemChain": [{"type": "ENGINE_EXCEPTION", "operation": "replace", "frames": [{"file": "testing/p18_runtime_fixture.py", "line": 140, "function": "diagnosed_continue"}, {"file": "services/runtime_cognition.py", "line": 242, "function": "_continue"}, {"file": "services/wake_perception_thinking_action_service.py", "line": 90, "function": "wake_manual"}, {"file": "services/wake_perception_thinking_action_service.py", "line": 128, "function": "_continue"}, {"file": "services/wake_perception_thinking_action_service.py", "line": 356, "function": "_continue_mind"}, {"file": "services/action_evolution_service.py", "line": 78, "function": "evolve"}, {"file": "services/subject_state_service.py", "line": 79, "function": "apply_event"}, {"file": "services/subject_state_service.py", "line": 149, "function": "_apply_event"}, {"file": "storage/json_repository.py", "line": 326, "function": "save_transition"}, {"file": "testing/p18_persistence_diagnostics.py", "line": 68, "function": "write"}, {"file": "storage/json_repository.py", "line": 508, "function": "_write_payload"}, {"file": "storage/json_repository.py", "line": 208, "function": "_replace_payload"}, {"file": "services/wake_perception_thinking_action_service.py", "line": 353, "function": "retry_guard"}, {"file": "services/runtime_cognition.py", "line": 91, "function": "_native_guard"}, {"file": "services/persistent_runtime_service.py", "line": 130, "function": "guard"}], "errno": null, "winerror": null}, {"type": "PermissionError", "operation": "replace", "frames": [{"file": "storage/json_repository.py", "line": 190, "function": "_replace_payload"}], "errno": 13, "winerror": 5}], "stateWriteLockOwnedAfterUnwind": false}
{"stage": "persistence-failure-before-unwind", "code": "TEST_STATE_SAVE_FAILED", "file": "subject-state/c87cccf22e4be10eb82a3e4d1995370e33a0aa8196eb4e498f30b13ce8cb45e6.json", "before": {"hash": "4b9fa75650623d0e9bc6d1780714a6ad913c2580547462cf9820da18be6105c0", "revision": 1}, "after": {"hash": "4b9fa75650623d0e9bc6d1780714a6ad913c2580547462cf9820da18be6105c0", "revision": 1}, "expectedRevision": 1, "targetRevision": 2, "updateIdentityHash": "5177b57b213ac5d7f1edd7192dc6d8f8ee7da13d3e99b5d2ffe7e8519d4ccd13", "eventIdentityHash": "55b55c02e3577ed8f6e7baf6a28a1c9b74e219f952653485429b708817d7ac38", "identityHashes": {"action_session_id": "e820636c620004a3f5bc1c530b3f96233cd19b8c1abb49a327b0a7a8571e2448", "action_decision_id": "098d3c8e903c2b5a08501ab1a38b0dfbd0d4fc92eed0b3eeb4f863c76799b785", "action_plan_id": "b7e2f379242382fab7f811b71c8d50ae5252f95e8187f755521b266278041457", "think_id": "1340ba28e427ac043ed2271e033067d9399e9dfbaa5d3d894597dedca66a15ff", "wake_session_id": "8a62fa18bbadb8f5fca277bb636dae7031aa026391eeedbb2af6bd68bd915e05", "perception_id": "93f547f123f3573243308e84c722088e2907a33079fa7d83c6b50fdf9e2abbe2", "thinking_result_id": "3f3c7e0f75b51aae63acc6dc0caa5ed919f031dcbdb2352dc099f68d42d6b4d2"}, "pid": 14704, "thread": 11400, "lockOwnedAtWrite": true, "lockOwnedAtException": true, "elapsedSeconds": 0.038633, "chain": [{"type": "ENGINE_EXCEPTION", "operation": "replace", "frames": [{"file": "testing/p18_persistence_diagnostics.py", "line": 68, "function": "write"}, {"file": "storage/json_repository.py", "line": 508, "function": "_write_payload"}, {"file": "storage/json_repository.py", "line": 208, "function": "_replace_payload"}, {"file": "services/wake_perception_thinking_action_service.py", "line": 352, "function": "retry_guard"}, {"file": "services/continuity_core_service.py", "line": 541, "function": "before_thinking"}], "errno": null, "winerror": null}, {"type": "PermissionError", "operation": "replace", "frames": [{"file": "storage/json_repository.py", "line": 190, "function": "_replace_payload"}], "errno": 13, "winerror": 5}], "context": {"task_id": "cognition:78884342889616550d2b31941be6d19b6ba84203e31a0c7ae11a1d46b0cba2a3", "attempt_id": "p11-attempt-0461c6e7303e6333a41a63ef3b16aa3acd30a937ed1399d60d4423b96d23b960"}}
{"stage": "native-exception-before-cleanup", "task_id": "cognition:78884342889616550d2b31941be6d19b6ba84203e31a0c7ae11a1d46b0cba2a3", "attempt_id": "p11-attempt-0461c6e7303e6333a41a63ef3b16aa3acd30a937ed1399d60d4423b96d23b960", "chain": [{"frames": [{"file": "testing/p18_runtime_fixture.py", "line": 140, "function": "diagnosed_continue"}, {"file": "services/runtime_cognition.py", "line": 242, "function": "_continue"}, {"file": "services/wake_perception_thinking_action_service.py", "line": 90, "function": "wake_manual"}, {"file": "services/wake_perception_thinking_action_service.py", "line": 128, "function": "_continue"}, {"file": "services/wake_perception_thinking_action_service.py", "line": 356, "function": "_continue_mind"}, {"file": "services/action_evolution_service.py", "line": 78, "function": "evolve"}, {"file": "services/subject_state_service.py", "line": 79, "function": "apply_event"}, {"file": "services/subject_state_service.py", "line": 149, "function": "_apply_event"}, {"file": "storage/json_repository.py", "line": 326, "function": "save_transition"}, {"file": "testing/p18_persistence_diagnostics.py", "line": 68, "function": "write"}, {"file": "storage/json_repository.py", "line": 508, "function": "_write_payload"}, {"file": "storage/json_repository.py", "line": 208, "function": "_replace_payload"}, {"file": "services/wake_perception_thinking_action_service.py", "line": 352, "function": "retry_guard"}, {"file": "services/continuity_core_service.py", "line": 541, "function": "before_thinking"}], "code": "TEST_NATIVE_EXCEPTION"}, {"frames": [{"file": "storage/json_repository.py", "line": 190, "function": "_replace_payload"}], "code": "TEST_NATIVE_EXCEPTION"}], "systemChain": [{"type": "ENGINE_EXCEPTION", "operation": "replace", "frames": [{"file": "testing/p18_runtime_fixture.py", "line": 140, "function": "diagnosed_continue"}, {"file": "services/runtime_cognition.py", "line": 242, "function": "_continue"}, {"file": "services/wake_perception_thinking_action_service.py", "line": 90, "function": "wake_manual"}, {"file": "services/wake_perception_thinking_action_service.py", "line": 128, "function": "_continue"}, {"file": "services/wake_perception_thinking_action_service.py", "line": 356, "function": "_continue_mind"}, {"file": "services/action_evolution_service.py", "line": 78, "function": "evolve"}, {"file": "services/subject_state_service.py", "line": 79, "function": "apply_event"}, {"file": "services/subject_state_service.py", "line": 149, "function": "_apply_event"}, {"file": "storage/json_repository.py", "line": 326, "function": "save_transition"}, {"file": "testing/p18_persistence_diagnostics.py", "line": 68, "function": "write"}, {"file": "storage/json_repository.py", "line": 508, "function": "_write_payload"}, {"file": "storage/json_repository.py", "line": 208, "function": "_replace_payload"}, {"file": "services/wake_perception_thinking_action_service.py", "line": 352, "function": "retry_guard"}, {"file": "services/continuity_core_service.py", "line": 541, "function": "before_thinking"}], "errno": null, "winerror": null}, {"type": "PermissionError", "operation": "replace", "frames": [{"file": "storage/json_repository.py", "line": 190, "function": "_replace_payload"}], "errno": 13, "winerror": 5}], "stateWriteLockOwnedAfterUnwind": false}
ok
test_post_commit_return_loss_restores_without_second_revision (test_p18_persistence.PersistenceTests.test_post_commit_return_loss_restores_without_second_revision) ... {"stage": "native-exception-before-cleanup", "task_id": "cognition:372b87e370da8c3553c5f787f015545243c3456b60105c3ce3b140f31de88285", "attempt_id": "p11-attempt-5e8c3af5d3f3cc59faae8de94e265ec54228c7ed738c4479418451f3d7359510", "chain": [{"frames": [{"file": "testing/p18_runtime_fixture.py", "line": 140, "function": "diagnosed_continue"}, {"file": "services/runtime_cognition.py", "line": 242, "function": "_continue"}, {"file": "services/wake_perception_thinking_action_service.py", "line": 90, "function": "wake_manual"}, {"file": "services/wake_perception_thinking_action_service.py", "line": 128, "function": "_continue"}, {"file": "services/wake_perception_thinking_action_service.py", "line": 359, "function": "_continue_mind"}, {"file": "services/runtime_cognition.py", "line": 84, "function": "<lambda>"}, {"file": "testing/p18_runtime_fixture.py", "line": 126, "function": "<lambda>"}], "code": "TEST_NATIVE_EXCEPTION"}], "systemChain": [{"type": "RuntimeError", "operation": "other", "frames": [{"file": "testing/p18_runtime_fixture.py", "line": 140, "function": "diagnosed_continue"}, {"file": "services/runtime_cognition.py", "line": 242, "function": "_continue"}, {"file": "services/wake_perception_thinking_action_service.py", "line": 90, "function": "wake_manual"}, {"file": "services/wake_perception_thinking_action_service.py", "line": 128, "function": "_continue"}, {"file": "services/wake_perception_thinking_action_service.py", "line": 359, "function": "_continue_mind"}, {"file": "services/runtime_cognition.py", "line": 84, "function": "<lambda>"}, {"file": "testing/p18_runtime_fixture.py", "line": 126, "function": "<lambda>"}], "errno": null, "winerror": null}], "stateWriteLockOwnedAfterUnwind": false}
ok
test_post_effect_replace_error_recovers_original_fact_after_due_time (test_p18_persistence.PersistenceTests.test_post_effect_replace_error_recovers_original_fact_after_due_time) ... ok
test_real_reader_blocks_no_new_effect_or_revision_after_release (test_p18_persistence.PersistenceTests.test_real_reader_blocks_no_new_effect_or_revision_after_release) ... ok
test_reopened_post_effect_failure_recovers_without_provider_or_new_charge (test_p18_persistence.PersistenceTests.test_reopened_post_effect_failure_recovers_without_provider_or_new_charge) ... {"stage": "persistence-failure-before-unwind", "code": "TEST_STATE_SAVE_FAILED", "file": "subject-state/053bccae57d52ce980d564139345d63d210e14c1d6a0e30a5c285ee4beef9fb7.json", "before": {"hash": "3618b31ef4294917e9e27478076751c96f2daac4f3bec04a2692e5cee2e5bfff", "revision": 1}, "after": {"hash": "3618b31ef4294917e9e27478076751c96f2daac4f3bec04a2692e5cee2e5bfff", "revision": 1}, "expectedRevision": 1, "targetRevision": 2, "updateIdentityHash": "57049fb930e096a59d7f234a968b009ee20a5b8db8c241a64e07193bc2bae654", "eventIdentityHash": "265b05831643278cd91caa9f249348d11f6e207d37bbe17a5fbab74304cb1bfb", "identityHashes": {"action_session_id": "5431d006586ddd98cb8159cbafba04075d31b409b56de43648be2905e8ec720a", "action_decision_id": "de28a9a90c958a5eef46614e69457a390168bb274dfe868ae6a1c1b591bc95f1", "action_plan_id": "2fc186dad093b39ef34cd3a8c97ab80c5b724bd5972021c17f63751fbd27fc66", "think_id": "8efdfe55861aaf4e096e415bbb53040713a2ed226b04d64a61900841acf839b7", "wake_session_id": "c5f10fde99a189140deb4f48e284044bc7f3ee60d6199f7ef96b23c0e1e62cba", "perception_id": "b1f7ea5380edd79cc52a4b8adcc103f601d97142d96651041b098db73e015229", "thinking_result_id": "894b4b9b04f9bc4a57438e64b2df038d81aacd6e13d6eac8090879d5f6c07998"}, "pid": 14704, "thread": 11400, "lockOwnedAtWrite": true, "lockOwnedAtException": true, "elapsedSeconds": 0.008805, "chain": [{"type": "OSError", "operation": "replace", "frames": [{"file": "testing/p18_persistence_diagnostics.py", "line": 68, "function": "write"}, {"file": "storage/json_repository.py", "line": 508, "function": "_write_payload"}, {"file": "storage/json_repository.py", "line": 190, "function": "_replace_payload"}], "errno": 28, "winerror": null}], "context": {"task_id": "cognition:f38ec3962b8a4efcc4f37ebc0b21c79e9ac93181be973c16e63d52c77dcaf3cf", "attempt_id": "p11-attempt-098b0fe78298962523902de61437bfdabb4620a0daa8973393dce4d83c264780"}}
{"stage": "native-exception-before-cleanup", "task_id": "cognition:f38ec3962b8a4efcc4f37ebc0b21c79e9ac93181be973c16e63d52c77dcaf3cf", "attempt_id": "p11-attempt-098b0fe78298962523902de61437bfdabb4620a0daa8973393dce4d83c264780", "chain": [{"frames": [{"file": "testing/p18_runtime_fixture.py", "line": 140, "function": "diagnosed_continue"}, {"file": "services/runtime_cognition.py", "line": 242, "function": "_continue"}, {"file": "services/wake_perception_thinking_action_service.py", "line": 90, "function": "wake_manual"}, {"file": "services/wake_perception_thinking_action_service.py", "line": 128, "function": "_continue"}, {"file": "services/wake_perception_thinking_action_service.py", "line": 356, "function": "_continue_mind"}, {"file": "services/action_evolution_service.py", "line": 78, "function": "evolve"}, {"file": "services/subject_state_service.py", "line": 79, "function": "apply_event"}, {"file": "services/subject_state_service.py", "line": 149, "function": "_apply_event"}, {"file": "storage/json_repository.py", "line": 326, "function": "save_transition"}, {"file": "testing/p18_persistence_diagnostics.py", "line": 68, "function": "write"}, {"file": "storage/json_repository.py", "line": 508, "function": "_write_payload"}, {"file": "storage/json_repository.py", "line": 190, "function": "_replace_payload"}], "code": "TEST_NATIVE_EXCEPTION"}], "systemChain": [{"type": "OSError", "operation": "replace", "frames": [{"file": "testing/p18_runtime_fixture.py", "line": 140, "function": "diagnosed_continue"}, {"file": "services/runtime_cognition.py", "line": 242, "function": "_continue"}, {"file": "services/wake_perception_thinking_action_service.py", "line": 90, "function": "wake_manual"}, {"file": "services/wake_perception_thinking_action_service.py", "line": 128, "function": "_continue"}, {"file": "services/wake_perception_thinking_action_service.py", "line": 356, "function": "_continue_mind"}, {"file": "services/action_evolution_service.py", "line": 78, "function": "evolve"}, {"file": "services/subject_state_service.py", "line": 79, "function": "apply_event"}, {"file": "services/subject_state_service.py", "line": 149, "function": "_apply_event"}, {"file": "storage/json_repository.py", "line": 326, "function": "save_transition"}, {"file": "testing/p18_persistence_diagnostics.py", "line": 68, "function": "write"}, {"file": "storage/json_repository.py", "line": 508, "function": "_write_payload"}, {"file": "storage/json_repository.py", "line": 190, "function": "_replace_payload"}], "errno": 28, "winerror": null}], "stateWriteLockOwnedAfterUnwind": false}
ok
test_stop_during_replace_wait_prevents_new_evolution (test_p18_persistence.PersistenceTests.test_stop_during_replace_wait_prevents_new_evolution) ... {"stage": "persistence-failure-before-unwind", "code": "TEST_STATE_SAVE_FAILED", "file": "subject-state/5433c720f9b27c0b8b67bb0b15a6740510db8d40fdf20499905480a96bc13577.json", "before": {"hash": "b475bfaffddfccc4ddcdaf452b6774c86e12881cecdfe51c3a252679f5c86d38", "revision": 1}, "after": {"hash": "b475bfaffddfccc4ddcdaf452b6774c86e12881cecdfe51c3a252679f5c86d38", "revision": 1}, "expectedRevision": 1, "targetRevision": 2, "updateIdentityHash": "009a945d107c1abf8c3de3aef706f5934fea45b2003793701ceb57e57ca3e653", "eventIdentityHash": "922b8c8dd4e4ae8dcf00227db21e716a90aedd5b8cd091bf32d96a3684cad29a", "identityHashes": {"action_session_id": "208cf6d684d6b30a4fb9aa6592dfd2b33a4a9f0dede69912f1de2eb8d6bcab9d", "action_decision_id": "135c9b43e88d4389d53926d6215e913669e264995ba6bc6d6f188c6052b3079a", "action_plan_id": "8ed5915518c9890c863778bcae9ace2b1673818598f8aeef32fed0e0e63f84db", "think_id": "5154cec16ea94aa8ed985bf154b52790ff040ac3f8135000f8e2681b1844e67f", "wake_session_id": "3be06811600178a664d111bd679d70f249e5311cd36d866f23763b62270a180b", "perception_id": "f7472586548137ae355411f451dd2b3f8a907df1cdf5da5ae46d7c96f1be8d02", "thinking_result_id": "ac43bf8cd17d6619b6d08143cebe16519dcf50cd38e81b9929db627fbe294498"}, "pid": 14704, "thread": 11400, "lockOwnedAtWrite": true, "lockOwnedAtException": true, "elapsedSeconds": 0.098175, "chain": [{"type": "ENGINE_EXCEPTION", "operation": "replace", "frames": [{"file": "testing/p18_persistence_diagnostics.py", "line": 68, "function": "write"}, {"file": "storage/json_repository.py", "line": 508, "function": "_write_payload"}, {"file": "storage/json_repository.py", "line": 208, "function": "_replace_payload"}, {"file": "services/wake_perception_thinking_action_service.py", "line": 353, "function": "retry_guard"}, {"file": "services/runtime_cognition.py", "line": 91, "function": "_native_guard"}, {"file": "services/persistent_runtime_service.py", "line": 130, "function": "guard"}], "errno": null, "winerror": null}, {"type": "PermissionError", "operation": "replace", "frames": [{"file": "storage/json_repository.py", "line": 190, "function": "_replace_payload"}], "errno": 13, "winerror": 5}], "context": {"task_id": "cognition:39a7c3ec13a6126ff771fc4319e0406597eaffd36b6ed280c80ff91f1ad62c64", "attempt_id": "p11-attempt-97b0ce0b5aca042f04d25b203179dfdfed0852e8d63fd8cc37938be149898562"}}
{"stage": "native-exception-before-cleanup", "task_id": "cognition:39a7c3ec13a6126ff771fc4319e0406597eaffd36b6ed280c80ff91f1ad62c64", "attempt_id": "p11-attempt-97b0ce0b5aca042f04d25b203179dfdfed0852e8d63fd8cc37938be149898562", "chain": [{"frames": [{"file": "testing/p18_runtime_fixture.py", "line": 140, "function": "diagnosed_continue"}, {"file": "services/runtime_cognition.py", "line": 242, "function": "_continue"}, {"file": "services/wake_perception_thinking_action_service.py", "line": 90, "function": "wake_manual"}, {"file": "services/wake_perception_thinking_action_service.py", "line": 128, "function": "_continue"}, {"file": "services/wake_perception_thinking_action_service.py", "line": 356, "function": "_continue_mind"}, {"file": "services/action_evolution_service.py", "line": 78, "function": "evolve"}, {"file": "services/subject_state_service.py", "line": 79, "function": "apply_event"}, {"file": "services/subject_state_service.py", "line": 149, "function": "_apply_event"}, {"file": "storage/json_repository.py", "line": 326, "function": "save_transition"}, {"file": "testing/p18_persistence_diagnostics.py", "line": 68, "function": "write"}, {"file": "storage/json_repository.py", "line": 508, "function": "_write_payload"}, {"file": "storage/json_repository.py", "line": 208, "function": "_replace_payload"}, {"file": "services/wake_perception_thinking_action_service.py", "line": 353, "function": "retry_guard"}, {"file": "services/runtime_cognition.py", "line": 91, "function": "_native_guard"}, {"file": "services/persistent_runtime_service.py", "line": 130, "function": "guard"}], "code": "TEST_NATIVE_EXCEPTION"}, {"frames": [{"file": "storage/json_repository.py", "line": 190, "function": "_replace_payload"}], "code": "TEST_NATIVE_EXCEPTION"}], "systemChain": [{"type": "ENGINE_EXCEPTION", "operation": "replace", "frames": [{"file": "testing/p18_runtime_fixture.py", "line": 140, "function": "diagnosed_continue"}, {"file": "services/runtime_cognition.py", "line": 242, "function": "_continue"}, {"file": "services/wake_perception_thinking_action_service.py", "line": 90, "function": "wake_manual"}, {"file": "services/wake_perception_thinking_action_service.py", "line": 128, "function": "_continue"}, {"file": "services/wake_perception_thinking_action_service.py", "line": 356, "function": "_continue_mind"}, {"file": "services/action_evolution_service.py", "line": 78, "function": "evolve"}, {"file": "services/subject_state_service.py", "line": 79, "function": "apply_event"}, {"file": "services/subject_state_service.py", "line": 149, "function": "_apply_event"}, {"file": "storage/json_repository.py", "line": 326, "function": "save_transition"}, {"file": "testing/p18_persistence_diagnostics.py", "line": 68, "function": "write"}, {"file": "storage/json_repository.py", "line": 508, "function": "_write_payload"}, {"file": "storage/json_repository.py", "line": 208, "function": "_replace_payload"}, {"file": "services/wake_perception_thinking_action_service.py", "line": 353, "function": "retry_guard"}, {"file": "services/runtime_cognition.py", "line": 91, "function": "_native_guard"}, {"file": "services/persistent_runtime_service.py", "line": 130, "function": "guard"}], "errno": null, "winerror": null}, {"type": "PermissionError", "operation": "replace", "frames": [{"file": "storage/json_repository.py", "line": 190, "function": "_replace_payload"}], "errno": 13, "winerror": 5}], "stateWriteLockOwnedAfterUnwind": false}
ok
test_archived_subject_keeps_control_and_cannot_resume_as_runtime (test_p18_runtime.RuntimeControlTests.test_archived_subject_keeps_control_and_cannot_resume_as_runtime) ... ok
test_backpressure_retains_need_and_reports_deferral (test_p18_runtime.RuntimeControlTests.test_backpressure_retains_need_and_reports_deferral) ... ok
test_canceled_pending_work_is_not_revived_by_budget (test_p18_runtime.RuntimeControlTests.test_canceled_pending_work_is_not_revived_by_budget) ... ok
test_clock_regression_then_recovery_is_not_negative_elapsed (test_p18_runtime.RuntimeControlTests.test_clock_regression_then_recovery_is_not_negative_elapsed) ... ok
test_contact_budget_upper_bound_preserves_host_and_receipts (test_p18_runtime.RuntimeControlTests.test_contact_budget_upper_bound_preserves_host_and_receipts) ... ok
test_contact_window_and_frequency_are_explicit_test_constraints (test_p18_runtime.RuntimeControlTests.test_contact_window_and_frequency_are_explicit_test_constraints) ... ok
test_control_identity_conflict_retains_first_decision (test_p18_runtime.RuntimeControlTests.test_control_identity_conflict_retains_first_decision) ... ok
test_explicit_stop_cannot_be_resumed (test_p18_runtime.RuntimeControlTests.test_explicit_stop_cannot_be_resumed) ... ok
test_idle_tick_does_not_stop_host_or_invoke_provider (test_p18_runtime.RuntimeControlTests.test_idle_tick_does_not_stop_host_or_invoke_provider) ... ok
test_invalid_resource_scan_limit_refuses_without_writes (test_p18_runtime.RuntimeControlTests.test_invalid_resource_scan_limit_refuses_without_writes) ... ok
test_later_maintenance_with_provider_unavailable (test_p18_runtime.RuntimeControlTests.test_later_maintenance_with_provider_unavailable) ... ok
test_later_maintenance_with_zero_model_quota (test_p18_runtime.RuntimeControlTests.test_later_maintenance_with_zero_model_quota) ... ok
test_local_maintenance_runs_while_model_is_unavailable (test_p18_runtime.RuntimeControlTests.test_local_maintenance_runs_while_model_is_unavailable) ... ok
test_long_clock_gap_coalesces_no_catchup_loop (test_p18_runtime.RuntimeControlTests.test_long_clock_gap_coalesces_no_catchup_loop) ... ok
test_material_boundary_still_accepts_ordinary_psychological_content (test_p18_runtime.RuntimeControlTests.test_material_boundary_still_accepts_ordinary_psychological_content) ... ok
test_native_contact_expression_execution_and_next_context (test_p18_runtime.RuntimeControlTests.test_native_contact_expression_execution_and_next_context) ... ok
test_owner_identity_and_revision_rejection_has_zero_writes (test_p18_runtime.RuntimeControlTests.test_owner_identity_and_revision_rejection_has_zero_writes) ... ok
test_owner_pause_resume_stop_and_duplicate_controls (test_p18_runtime.RuntimeControlTests.test_owner_pause_resume_stop_and_duplicate_controls) ... ok
test_pause_after_selection_prevents_wake_and_allocation (test_p18_runtime.RuntimeControlTests.test_pause_after_selection_prevents_wake_and_allocation) ... ok
test_pause_after_wake_resources_prevents_provider_and_effect (test_p18_runtime.RuntimeControlTests.test_pause_after_wake_resources_prevents_provider_and_effect) ... ok
test_pause_during_world_capacity_prevents_effect_and_credits (test_p18_runtime.RuntimeControlTests.test_pause_during_world_capacity_prevents_effect_and_credits) ... {"stage": "native-exception-before-cleanup", "task_id": "cognition:0d045e43c6cbac9110285e574b9d5336a11ab35102b8cb2e2eb255b849600bf1", "attempt_id": "p11-attempt-6413a95bca83c67814ec822357fdb19afe79b044c713bc09bec71eaef5a065fb", "chain": [{"frames": [{"file": "testing/p18_runtime_fixture.py", "line": 140, "function": "diagnosed_continue"}, {"file": "services/runtime_cognition.py", "line": 242, "function": "_continue"}, {"file": "services/wake_perception_thinking_action_service.py", "line": 90, "function": "wake_manual"}, {"file": "services/wake_perception_thinking_action_service.py", "line": 128, "function": "_continue"}, {"file": "services/wake_perception_thinking_action_service.py", "line": 348, "function": "_continue_mind"}, {"file": "services/runtime_cognition.py", "line": 91, "function": "_native_guard"}, {"file": "services/persistent_runtime_service.py", "line": 130, "function": "guard"}], "code": "TEST_NATIVE_EXCEPTION"}], "systemChain": [{"type": "ENGINE_EXCEPTION", "operation": "other", "frames": [{"file": "testing/p18_runtime_fixture.py", "line": 140, "function": "diagnosed_continue"}, {"file": "services/runtime_cognition.py", "line": 242, "function": "_continue"}, {"file": "services/wake_perception_thinking_action_service.py", "line": 90, "function": "wake_manual"}, {"file": "services/wake_perception_thinking_action_service.py", "line": 128, "function": "_continue"}, {"file": "services/wake_perception_thinking_action_service.py", "line": 348, "function": "_continue_mind"}, {"file": "services/runtime_cognition.py", "line": 91, "function": "_native_guard"}, {"file": "services/persistent_runtime_service.py", "line": 130, "function": "guard"}], "errno": null, "winerror": null}], "stateWriteLockOwnedAfterUnwind": false}
ok
test_pause_immediately_before_provider_blocks_call (test_p18_runtime.RuntimeControlTests.test_pause_immediately_before_provider_blocks_call) ... {"stage": "native-exception-before-cleanup", "task_id": "cognition:42cdc156274cd8aee35c652580b337e73992aae8f98fe59fabb46363fd1538da", "attempt_id": "p11-attempt-49ec0a41a548dc19d4ec8f5cd083e6f100d754ee2d3144d9716b8e662c7b9676", "chain": [{"frames": [{"file": "testing/p18_runtime_fixture.py", "line": 140, "function": "diagnosed_continue"}, {"file": "services/runtime_cognition.py", "line": 242, "function": "_continue"}, {"file": "services/wake_perception_thinking_action_service.py", "line": 90, "function": "wake_manual"}, {"file": "services/wake_perception_thinking_action_service.py", "line": 128, "function": "_continue"}, {"file": "services/wake_perception_thinking_action_service.py", "line": 229, "function": "_continue_mind"}, {"file": "services/thinking_service.py", "line": 190, "function": "handle_perception"}, {"file": "services/thinking_service.py", "line": 232, "function": "_run_provider"}, {"file": "services/wake_perception_thinking_action_service.py", "line": 225, "function": "initial_guard"}, {"file": "services/runtime_cognition.py", "line": 91, "function": "_native_guard"}, {"file": "services/persistent_runtime_service.py", "line": 130, "function": "guard"}], "code": "TEST_NATIVE_EXCEPTION"}], "systemChain": [{"type": "ENGINE_EXCEPTION", "operation": "other", "frames": [{"file": "testing/p18_runtime_fixture.py", "line": 140, "function": "diagnosed_continue"}, {"file": "services/runtime_cognition.py", "line": 242, "function": "_continue"}, {"file": "services/wake_perception_thinking_action_service.py", "line": 90, "function": "wake_manual"}, {"file": "services/wake_perception_thinking_action_service.py", "line": 128, "function": "_continue"}, {"file": "services/wake_perception_thinking_action_service.py", "line": 229, "function": "_continue_mind"}, {"file": "services/thinking_service.py", "line": 190, "function": "handle_perception"}, {"file": "services/thinking_service.py", "line": 232, "function": "_run_provider"}, {"file": "services/wake_perception_thinking_action_service.py", "line": 225, "function": "initial_guard"}, {"file": "services/runtime_cognition.py", "line": 91, "function": "_native_guard"}, {"file": "services/persistent_runtime_service.py", "line": 130, "function": "guard"}], "errno": null, "winerror": null}], "stateWriteLockOwnedAfterUnwind": false}
ok
test_proven_not_delivered_retries_are_bounded (test_p18_runtime.RuntimeControlTests.test_proven_not_delivered_retries_are_bounded) ... ok
test_provider_failure_is_safe_unknown_with_bounded_queries (test_p18_runtime.RuntimeControlTests.test_provider_failure_is_safe_unknown_with_bounded_queries) ... {"stage": "native-exception-before-cleanup", "task_id": "cognition:e5f8a8c995556694b6362917549fba02a07de4787a6ad33b6752f9b764a176af", "attempt_id": "p11-attempt-1ed1f8158ebce3e67d41b38cce0d57e10d9c482496a98bbfca9f8252b4f11c95", "chain": [{"frames": [{"file": "testing/p18_runtime_fixture.py", "line": 140, "function": "diagnosed_continue"}, {"file": "services/runtime_cognition.py", "line": 242, "function": "_continue"}, {"file": "services/wake_perception_thinking_action_service.py", "line": 90, "function": "wake_manual"}, {"file": "services/wake_perception_thinking_action_service.py", "line": 128, "function": "_continue"}, {"file": "services/wake_perception_thinking_action_service.py", "line": 229, "function": "_continue_mind"}, {"file": "services/thinking_service.py", "line": 190, "function": "handle_perception"}, {"file": "services/thinking_service.py", "line": 295, "function": "_run_provider"}], "code": "TEST_NATIVE_EXCEPTION"}, {"frames": [{"file": "services/thinking_service.py", "line": 237, "function": "_run_provider"}, {"file": "services/runtime_cognition.py", "line": 53, "function": "think"}], "code": "TEST_NATIVE_EXCEPTION"}], "systemChain": [{"type": "ENGINE_EXCEPTION", "operation": "other", "frames": [{"file": "testing/p18_runtime_fixture.py", "line": 140, "function": "diagnosed_continue"}, {"file": "services/runtime_cognition.py", "line": 242, "function": "_continue"}, {"file": "services/wake_perception_thinking_action_service.py", "line": 90, "function": "wake_manual"}, {"file": "services/wake_perception_thinking_action_service.py", "line": 128, "function": "_continue"}, {"file": "services/wake_perception_thinking_action_service.py", "line": 229, "function": "_continue_mind"}, {"file": "services/thinking_service.py", "line": 190, "function": "handle_perception"}, {"file": "services/thinking_service.py", "line": 295, "function": "_run_provider"}], "errno": null, "winerror": null}, {"type": "ENGINE_EXCEPTION", "operation": "other", "frames": [{"file": "services/thinking_service.py", "line": 237, "function": "_run_provider"}, {"file": "services/runtime_cognition.py", "line": 53, "function": "think"}], "errno": null, "winerror": null}], "stateWriteLockOwnedAfterUnwind": false}
ok
test_resource_deferral_does_not_consume_scheduler_attempts (test_p18_runtime.RuntimeControlTests.test_resource_deferral_does_not_consume_scheduler_attempts) ... ok
test_resource_scan_is_opt_in_and_budget_restore_remains_legal (test_p18_runtime.RuntimeControlTests.test_resource_scan_is_opt_in_and_budget_restore_remains_legal) ... ok
test_same_time_duplicate_ticks_do_not_repeat_calls_or_state (test_p18_runtime.RuntimeControlTests.test_same_time_duplicate_ticks_do_not_repeat_calls_or_state) ... ok
test_subject_suspension_stays_paused_after_resource_restore (test_p18_runtime.RuntimeControlTests.test_subject_suspension_stays_paused_after_resource_restore) ... ok
test_test_root_rejects_repository_and_uppercase_formal_paths_before_write (test_p18_runtime.RuntimeControlTests.test_test_root_rejects_repository_and_uppercase_formal_paths_before_write) ... ok
test_unconfigured_delivery_policy_refuses_effect_not_cognition (test_p18_runtime.RuntimeControlTests.test_unconfigured_delivery_policy_refuses_effect_not_cognition) ... ok
test_without_messages_native_c1_updates_same_subject (test_p18_runtime.RuntimeControlTests.test_without_messages_native_c1_updates_same_subject) ... ok
test_zero_budget_waits_then_resumes_without_message (test_p18_runtime.RuntimeControlTests.test_zero_budget_waits_then_resumes_without_message) ... ok
test_attach_transaction_busy_stop_is_uncommitted_then_same_identity_succeeds (test_p18_runtime_contention.RuntimeContentionTests.test_attach_transaction_busy_stop_is_uncommitted_then_same_identity_succeeds) ... ok
test_bounded_stop_busy_retry_uses_same_identity_after_real_lock_release (test_p18_runtime_contention.RuntimeContentionTests.test_bounded_stop_busy_retry_uses_same_identity_after_real_lock_release) ... ok
test_bounded_stop_does_not_retry_non_busy_refusal (test_p18_runtime_contention.RuntimeContentionTests.test_bounded_stop_does_not_retry_non_busy_refusal) ... ok
test_corrupt_checkpoint_and_generation_fence_not_swallowed (test_p18_runtime_contention.RuntimeContentionTests.test_corrupt_checkpoint_and_generation_fence_not_swallowed) ... ok
test_effect_before_busy_observation_is_not_dispatched_again (test_p18_runtime_contention.RuntimeContentionTests.test_effect_before_busy_observation_is_not_dispatched_again) ... RUNTIME_CHECKPOINT_BUSY
RUNTIME_CHECKPOINT_AVAILABLE
ok
test_h1_clock_advance_during_maintenance_observation (test_p18_runtime_contention.RuntimeContentionTests.test_h1_clock_advance_during_maintenance_observation) ... ok
test_h1_controller_timeout_captures_state_before_stop (test_p18_runtime_contention.RuntimeContentionTests.test_h1_controller_timeout_captures_state_before_stop) ... ok
test_idle_tick_busy_is_bounded_read_only_and_resumes (test_p18_runtime_contention.RuntimeContentionTests.test_idle_tick_busy_is_bounded_read_only_and_resumes) ... RUNTIME_CHECKPOINT_BUSY
RUNTIME_CHECKPOINT_AVAILABLE
ok
test_long_busy_control_rejects_without_record_and_same_identity_retries (test_p18_runtime_contention.RuntimeContentionTests.test_long_busy_control_rejects_without_record_and_same_identity_retries) ... ok
test_long_busy_host_remains_live_and_diagnostic_is_not_flooded (test_p18_runtime_contention.RuntimeContentionTests.test_long_busy_host_remains_live_and_diagnostic_is_not_flooded) ... ok
test_non_contention_os_error_not_reclassified (test_p18_runtime_contention.RuntimeContentionTests.test_non_contention_os_error_not_reclassified) ... ok
test_original_exception_recorded_when_exit_checkpoint_available (test_p18_runtime_contention.RuntimeContentionTests.test_original_exception_recorded_when_exit_checkpoint_available) ... ok
test_owner_permission_rejection_not_treated_as_busy (test_p18_runtime_contention.RuntimeContentionTests.test_owner_permission_rejection_not_treated_as_busy) ... ok
test_paused_process_control_competition (test_p18_runtime_contention.RuntimeContentionTests.test_paused_process_control_competition) ... ok
test_real_busy_exit_keeps_original_error_and_releases_owner (test_p18_runtime_contention.RuntimeContentionTests.test_real_busy_exit_keeps_original_error_and_releases_owner) ... ok
test_resource_wait_process_control_competition (test_p18_runtime_contention.RuntimeContentionTests.test_resource_wait_process_control_competition) ... ok
test_running_process_control_competition (test_p18_runtime_contention.RuntimeContentionTests.test_running_process_control_competition) ... ok
test_second_host_still_immediately_rejected (test_p18_runtime_contention.RuntimeContentionTests.test_second_host_still_immediately_rejected) ... ok
test_short_lock_serializes_control_before_deadline (test_p18_runtime_contention.RuntimeContentionTests.test_short_lock_serializes_control_before_deadline) ... ok
test_stale_cas_and_conflicting_identity_still_fail_closed (test_p18_runtime_contention.RuntimeContentionTests.test_stale_cas_and_conflicting_identity_still_fail_closed) ... ok
test_start_waits_for_checkpoint_without_relaxing_owner_lock (test_p18_runtime_contention.RuntimeContentionTests.test_start_waits_for_checkpoint_without_relaxing_owner_lock) ... ok
test_thread_transaction_also_has_bounded_wait (test_p18_runtime_contention.RuntimeContentionTests.test_thread_transaction_also_has_bounded_wait) ... ok
test_waiting_old_observation_does_not_overwrite_new_resume (test_p18_runtime_contention.RuntimeContentionTests.test_waiting_old_observation_does_not_overwrite_new_resume) ... ok
test_advancing_silent_process_continues_multiple_native_cycles (test_p18_runtime_process.RuntimeProcessTests.test_advancing_silent_process_continues_multiple_native_cycles) ... ok
test_continuous_golden_contact_then_absorption_without_chat (test_p18_runtime_process.RuntimeProcessTests.test_continuous_golden_contact_then_absorption_without_chat) ... ok
test_idle_and_subject_silence_do_not_end_process (test_p18_runtime_process.RuntimeProcessTests.test_idle_and_subject_silence_do_not_end_process) ... ok
test_real_process_crash_after_effect_restarts_original_identity (test_p18_runtime_process.RuntimeProcessTests.test_real_process_crash_after_effect_restarts_original_identity) ... ok
test_resource_wait_host_lives_and_restores_without_message (test_p18_runtime_process.RuntimeProcessTests.test_resource_wait_host_lives_and_restores_without_message) ... ok
test_two_real_processes_cannot_dispatch_same_subject (test_p18_runtime_process.RuntimeProcessTests.test_two_real_processes_cannot_dispatch_same_subject) ... ok
test_actual_fact_can_recover_when_context_has_expired (test_p18_runtime_recovery.RuntimeRecoveryTests.test_actual_fact_can_recover_when_context_has_expired) ... {"stage": "native-exception-before-cleanup", "task_id": "cognition:77199014db5a773d59c18dfad452925da34f98eaf1ed11ce468c836efa96414f", "attempt_id": "p11-attempt-1e0fbdb78cf33d9c08dfdd22eb45ddbac155154ee0720c4636eb5eafeda96546", "chain": [{"frames": [{"file": "testing/p18_runtime_fixture.py", "line": 140, "function": "diagnosed_continue"}, {"file": "services/runtime_cognition.py", "line": 242, "function": "_continue"}, {"file": "services/wake_perception_thinking_action_service.py", "line": 90, "function": "wake_manual"}, {"file": "services/wake_perception_thinking_action_service.py", "line": 128, "function": "_continue"}, {"file": "services/wake_perception_thinking_action_service.py", "line": 359, "function": "_continue_mind"}, {"file": "services/runtime_cognition.py", "line": 84, "function": "<lambda>"}, {"file": "testing/p18_runtime_fixture.py", "line": 126, "function": "<lambda>"}], "code": "TEST_NATIVE_EXCEPTION"}], "systemChain": [{"type": "ENGINE_EXCEPTION", "operation": "other", "frames": [{"file": "testing/p18_runtime_fixture.py", "line": 140, "function": "diagnosed_continue"}, {"file": "services/runtime_cognition.py", "line": 242, "function": "_continue"}, {"file": "services/wake_perception_thinking_action_service.py", "line": 90, "function": "wake_manual"}, {"file": "services/wake_perception_thinking_action_service.py", "line": 128, "function": "_continue"}, {"file": "services/wake_perception_thinking_action_service.py", "line": 359, "function": "_continue_mind"}, {"file": "services/runtime_cognition.py", "line": 84, "function": "<lambda>"}, {"file": "testing/p18_runtime_fixture.py", "line": 126, "function": "<lambda>"}], "errno": null, "winerror": null}], "stateWriteLockOwnedAfterUnwind": false}
ok
test_advancing_clock_silence_and_lifecycle_share_the_same_time_port (test_p18_runtime_recovery.RuntimeRecoveryTests.test_advancing_clock_silence_and_lifecycle_share_the_same_time_port) ... ok
test_after_action_checkpoint_restarts_without_duplicate_action (test_p18_runtime_recovery.RuntimeRecoveryTests.test_after_action_checkpoint_restarts_without_duplicate_action) ... {"stage": "native-exception-before-cleanup", "task_id": "cognition:9dfc292ef0d43ecc5178c612a874dd2a02f45ca75ffe4ebffb79e3494f959b2b", "attempt_id": "p11-attempt-a18742b57fb649b193e6484a060b5e01f261543ecd4408d34bb79dfb69020803", "chain": [{"frames": [{"file": "testing/p18_runtime_fixture.py", "line": 140, "function": "diagnosed_continue"}, {"file": "services/runtime_cognition.py", "line": 242, "function": "_continue"}, {"file": "services/wake_perception_thinking_action_service.py", "line": 90, "function": "wake_manual"}, {"file": "services/wake_perception_thinking_action_service.py", "line": 128, "function": "_continue"}, {"file": "services/wake_perception_thinking_action_service.py", "line": 327, "function": "_continue_mind"}, {"file": "services/runtime_cognition.py", "line": 84, "function": "<lambda>"}, {"file": "testing/p18_runtime_fixture.py", "line": 126, "function": "<lambda>"}], "code": "TEST_NATIVE_EXCEPTION"}], "systemChain": [{"type": "ENGINE_EXCEPTION", "operation": "other", "frames": [{"file": "testing/p18_runtime_fixture.py", "line": 140, "function": "diagnosed_continue"}, {"file": "services/runtime_cognition.py", "line": 242, "function": "_continue"}, {"file": "services/wake_perception_thinking_action_service.py", "line": 90, "function": "wake_manual"}, {"file": "services/wake_perception_thinking_action_service.py", "line": 128, "function": "_continue"}, {"file": "services/wake_perception_thinking_action_service.py", "line": 327, "function": "_continue_mind"}, {"file": "services/runtime_cognition.py", "line": 84, "function": "<lambda>"}, {"file": "testing/p18_runtime_fixture.py", "line": 126, "function": "<lambda>"}], "errno": null, "winerror": null}], "stateWriteLockOwnedAfterUnwind": false}
ok
test_after_effect_restarts_without_duplicate_effect (test_p18_runtime_recovery.RuntimeRecoveryTests.test_after_effect_restarts_without_duplicate_effect) ... {"stage": "native-exception-before-cleanup", "task_id": "cognition:fa474a4d8853745462646798ed3f6a7a99c2ee227e3994eefffd881301d6e2a8", "attempt_id": "p11-attempt-b4209ba1b9b1561b3784fe41b97c6cfc58bb5285c9fb7797341d550c5ca8730e", "chain": [{"frames": [{"file": "testing/p18_runtime_fixture.py", "line": 140, "function": "diagnosed_continue"}, {"file": "services/runtime_cognition.py", "line": 242, "function": "_continue"}, {"file": "services/wake_perception_thinking_action_service.py", "line": 90, "function": "wake_manual"}, {"file": "services/wake_perception_thinking_action_service.py", "line": 128, "function": "_continue"}, {"file": "services/wake_perception_thinking_action_service.py", "line": 333, "function": "_continue_mind"}, {"file": "services/runtime_cognition.py", "line": 84, "function": "<lambda>"}, {"file": "testing/p18_runtime_fixture.py", "line": 126, "function": "<lambda>"}], "code": "TEST_NATIVE_EXCEPTION"}], "systemChain": [{"type": "ENGINE_EXCEPTION", "operation": "other", "frames": [{"file": "testing/p18_runtime_fixture.py", "line": 140, "function": "diagnosed_continue"}, {"file": "services/runtime_cognition.py", "line": 242, "function": "_continue"}, {"file": "services/wake_perception_thinking_action_service.py", "line": 90, "function": "wake_manual"}, {"file": "services/wake_perception_thinking_action_service.py", "line": 128, "function": "_continue"}, {"file": "services/wake_perception_thinking_action_service.py", "line": 333, "function": "_continue_mind"}, {"file": "services/runtime_cognition.py", "line": 84, "function": "<lambda>"}, {"file": "testing/p18_runtime_fixture.py", "line": 126, "function": "<lambda>"}], "errno": null, "winerror": null}], "stateWriteLockOwnedAfterUnwind": false}
ok
test_after_evolution_restarts_without_duplicate_revision (test_p18_runtime_recovery.RuntimeRecoveryTests.test_after_evolution_restarts_without_duplicate_revision) ... {"stage": "native-exception-before-cleanup", "task_id": "cognition:daed73edc689ee19c35a087db2b913718efb3a6427afc61f6cd3cf1093521af8", "attempt_id": "p11-attempt-c9302f660a67f4fc2b1138efd87c900db136056597f9927b92e5da9eb3d153db", "chain": [{"frames": [{"file": "testing/p18_runtime_fixture.py", "line": 140, "function": "diagnosed_continue"}, {"file": "services/runtime_cognition.py", "line": 242, "function": "_continue"}, {"file": "services/wake_perception_thinking_action_service.py", "line": 90, "function": "wake_manual"}, {"file": "services/wake_perception_thinking_action_service.py", "line": 128, "function": "_continue"}, {"file": "services/wake_perception_thinking_action_service.py", "line": 359, "function": "_continue_mind"}, {"file": "services/runtime_cognition.py", "line": 84, "function": "<lambda>"}, {"file": "testing/p18_runtime_fixture.py", "line": 126, "function": "<lambda>"}], "code": "TEST_NATIVE_EXCEPTION"}], "systemChain": [{"type": "ENGINE_EXCEPTION", "operation": "other", "frames": [{"file": "testing/p18_runtime_fixture.py", "line": 140, "function": "diagnosed_continue"}, {"file": "services/runtime_cognition.py", "line": 242, "function": "_continue"}, {"file": "services/wake_perception_thinking_action_service.py", "line": 90, "function": "wake_manual"}, {"file": "services/wake_perception_thinking_action_service.py", "line": 128, "function": "_continue"}, {"file": "services/wake_perception_thinking_action_service.py", "line": 359, "function": "_continue_mind"}, {"file": "services/runtime_cognition.py", "line": 84, "function": "<lambda>"}, {"file": "testing/p18_runtime_fixture.py", "line": 126, "function": "<lambda>"}], "errno": null, "winerror": null}], "stateWriteLockOwnedAfterUnwind": false}
ok
test_after_queue_completion_restarts_without_duplicate_work (test_p18_runtime_recovery.RuntimeRecoveryTests.test_after_queue_completion_restarts_without_duplicate_work) ... ok
test_after_thinking_restarts_without_second_model_call (test_p18_runtime_recovery.RuntimeRecoveryTests.test_after_thinking_restarts_without_second_model_call) ... {"stage": "native-exception-before-cleanup", "task_id": "cognition:6a86e2e152ee3ab0485e793a1a4f1623ad1175f5deb4fd48655e1bc0afd788b7", "attempt_id": "p11-attempt-a90170fd1236e42daa2f38341d0560f932346756dad77ddda6b3e7faffcb2a9d", "chain": [{"frames": [{"file": "testing/p18_runtime_fixture.py", "line": 140, "function": "diagnosed_continue"}, {"file": "services/runtime_cognition.py", "line": 242, "function": "_continue"}, {"file": "services/wake_perception_thinking_action_service.py", "line": 90, "function": "wake_manual"}, {"file": "services/wake_perception_thinking_action_service.py", "line": 128, "function": "_continue"}, {"file": "services/wake_perception_thinking_action_service.py", "line": 236, "function": "_continue_mind"}, {"file": "services/runtime_cognition.py", "line": 84, "function": "<lambda>"}, {"file": "testing/p18_runtime_fixture.py", "line": 126, "function": "<lambda>"}], "code": "TEST_NATIVE_EXCEPTION"}], "systemChain": [{"type": "ENGINE_EXCEPTION", "operation": "other", "frames": [{"file": "testing/p18_runtime_fixture.py", "line": 140, "function": "diagnosed_continue"}, {"file": "services/runtime_cognition.py", "line": 242, "function": "_continue"}, {"file": "services/wake_perception_thinking_action_service.py", "line": 90, "function": "wake_manual"}, {"file": "services/wake_perception_thinking_action_service.py", "line": 128, "function": "_continue"}, {"file": "services/wake_perception_thinking_action_service.py", "line": 236, "function": "_continue_mind"}, {"file": "services/runtime_cognition.py", "line": 84, "function": "<lambda>"}, {"file": "testing/p18_runtime_fixture.py", "line": 126, "function": "<lambda>"}], "errno": null, "winerror": null}], "stateWriteLockOwnedAfterUnwind": false}
ok
test_before_receipt_reconciles_original_evolution_and_effect (test_p18_runtime_recovery.RuntimeRecoveryTests.test_before_receipt_reconciles_original_evolution_and_effect) ... {"stage": "native-exception-before-cleanup", "task_id": "cognition:1d734b8e5a624ec8a618281297904c58dfc75a4b7ac215bf395556754b0f1157", "attempt_id": "p11-attempt-a7149343fd23d414d58baef1a0debfad332bef0044506d33ce80228ebff7c154", "chain": [{"frames": [{"file": "testing/p18_runtime_fixture.py", "line": 140, "function": "diagnosed_continue"}, {"file": "services/runtime_cognition.py", "line": 249, "function": "_continue"}, {"file": "testing/p18_runtime_fixture.py", "line": 126, "function": "<lambda>"}], "code": "TEST_NATIVE_EXCEPTION"}], "systemChain": [{"type": "ENGINE_EXCEPTION", "operation": "other", "frames": [{"file": "testing/p18_runtime_fixture.py", "line": 140, "function": "diagnosed_continue"}, {"file": "services/runtime_cognition.py", "line": 249, "function": "_continue"}, {"file": "testing/p18_runtime_fixture.py", "line": 126, "function": "<lambda>"}], "errno": null, "winerror": null}], "stateWriteLockOwnedAfterUnwind": false}
ok
test_budget_is_not_reset_on_reopen (test_p18_runtime_recovery.RuntimeRecoveryTests.test_budget_is_not_reset_on_reopen) ... ok
test_cancel_uncommitted_cognition_does_not_create_new_effect_on_query (test_p18_runtime_recovery.RuntimeRecoveryTests.test_cancel_uncommitted_cognition_does_not_create_new_effect_on_query) ... {"stage": "native-exception-before-cleanup", "task_id": "cognition:3083868ffd60a1febda189d3719db0650a6eb0a602ac18cd91679c7afd0c6dae", "attempt_id": "p11-attempt-5c3ff1ad56eaa2f3f22bed09ee7233b11f151eaa0863588f27d7d578ac74bdab", "chain": [{"frames": [{"file": "testing/p18_runtime_fixture.py", "line": 140, "function": "diagnosed_continue"}, {"file": "services/runtime_cognition.py", "line": 242, "function": "_continue"}, {"file": "services/wake_perception_thinking_action_service.py", "line": 90, "function": "wake_manual"}, {"file": "services/wake_perception_thinking_action_service.py", "line": 128, "function": "_continue"}, {"file": "services/wake_perception_thinking_action_service.py", "line": 236, "function": "_continue_mind"}, {"file": "services/runtime_cognition.py", "line": 84, "function": "<lambda>"}, {"file": "testing/p18_runtime_fixture.py", "line": 126, "function": "<lambda>"}], "code": "TEST_NATIVE_EXCEPTION"}], "systemChain": [{"type": "ENGINE_EXCEPTION", "operation": "other", "frames": [{"file": "testing/p18_runtime_fixture.py", "line": 140, "function": "diagnosed_continue"}, {"file": "services/runtime_cognition.py", "line": 242, "function": "_continue"}, {"file": "services/wake_perception_thinking_action_service.py", "line": 90, "function": "wake_manual"}, {"file": "services/wake_perception_thinking_action_service.py", "line": 128, "function": "_continue"}, {"file": "services/wake_perception_thinking_action_service.py", "line": 236, "function": "_continue_mind"}, {"file": "services/runtime_cognition.py", "line": 84, "function": "<lambda>"}, {"file": "testing/p18_runtime_fixture.py", "line": 126, "function": "<lambda>"}], "errno": null, "winerror": null}], "stateWriteLockOwnedAfterUnwind": false}
ok
test_control_opaque_identity_is_digest_only_in_storage_and_query (test_p18_runtime_recovery.RuntimeRecoveryTests.test_control_opaque_identity_is_digest_only_in_storage_and_query) ... ok
test_corrupt_checkpoint_refuses_start_without_changes (test_p18_runtime_recovery.RuntimeRecoveryTests.test_corrupt_checkpoint_refuses_start_without_changes) ... ok
test_cross_environment_checkpoint_rejected_without_effect (test_p18_runtime_recovery.RuntimeRecoveryTests.test_cross_environment_checkpoint_rejected_without_effect) ... ok
test_later_pause_after_stop_rejects_without_writes (test_p18_runtime_recovery.RuntimeRecoveryTests.test_later_pause_after_stop_rejects_without_writes) ... ok
test_later_stop_identity_is_read_only_and_remains_queryable (test_p18_runtime_recovery.RuntimeRecoveryTests.test_later_stop_identity_is_read_only_and_remains_queryable) ... ok
test_maintenance_query_requires_real_source_and_memory_fact (test_p18_runtime_recovery.RuntimeRecoveryTests.test_maintenance_query_requires_real_source_and_memory_fact) ... ok
test_missing_host_checkpoint_does_not_reinitialize_stopped_subject (test_p18_runtime_recovery.RuntimeRecoveryTests.test_missing_host_checkpoint_does_not_reinitialize_stopped_subject) ... ok
test_old_context_cannot_authorize_new_effect_after_crash (test_p18_runtime_recovery.RuntimeRecoveryTests.test_old_context_cannot_authorize_new_effect_after_crash) ... {"stage": "native-exception-before-cleanup", "task_id": "cognition:3679bc88c9ed7071ac177f841fb584dfd510f33b9eb8e609f6d1c7ad6201b87f", "attempt_id": "p11-attempt-06156119bcbbcd7c7501e78cce421718f2cbe41880262e85c6df51dbdadad5bc", "chain": [{"frames": [{"file": "testing/p18_runtime_fixture.py", "line": 140, "function": "diagnosed_continue"}, {"file": "services/runtime_cognition.py", "line": 242, "function": "_continue"}, {"file": "services/wake_perception_thinking_action_service.py", "line": 90, "function": "wake_manual"}, {"file": "services/wake_perception_thinking_action_service.py", "line": 128, "function": "_continue"}, {"file": "services/wake_perception_thinking_action_service.py", "line": 236, "function": "_continue_mind"}, {"file": "services/runtime_cognition.py", "line": 84, "function": "<lambda>"}, {"file": "testing/p18_runtime_fixture.py", "line": 126, "function": "<lambda>"}], "code": "TEST_NATIVE_EXCEPTION"}], "systemChain": [{"type": "ENGINE_EXCEPTION", "operation": "other", "frames": [{"file": "testing/p18_runtime_fixture.py", "line": 140, "function": "diagnosed_continue"}, {"file": "services/runtime_cognition.py", "line": 242, "function": "_continue"}, {"file": "services/wake_perception_thinking_action_service.py", "line": 90, "function": "wake_manual"}, {"file": "services/wake_perception_thinking_action_service.py", "line": 128, "function": "_continue"}, {"file": "services/wake_perception_thinking_action_service.py", "line": 236, "function": "_continue_mind"}, {"file": "services/runtime_cognition.py", "line": 84, "function": "<lambda>"}, {"file": "testing/p18_runtime_fixture.py", "line": 126, "function": "<lambda>"}], "errno": null, "winerror": null}], "stateWriteLockOwnedAfterUnwind": false}
{"stage": "native-exception-before-cleanup", "task_id": "cognition:3679bc88c9ed7071ac177f841fb584dfd510f33b9eb8e609f6d1c7ad6201b87f", "attempt_id": "p11-attempt-06156119bcbbcd7c7501e78cce421718f2cbe41880262e85c6df51dbdadad5bc", "chain": [{"frames": [{"file": "testing/p18_runtime_fixture.py", "line": 140, "function": "diagnosed_continue"}, {"file": "services/runtime_cognition.py", "line": 242, "function": "_continue"}, {"file": "services/wake_perception_thinking_action_service.py", "line": 90, "function": "wake_manual"}, {"file": "services/wake_perception_thinking_action_service.py", "line": 128, "function": "_continue"}, {"file": "services/wake_perception_thinking_action_service.py", "line": 324, "function": "_continue_mind"}, {"file": "services/continuity_core_service.py", "line": 541, "function": "before_thinking"}], "code": "TEST_NATIVE_EXCEPTION"}], "systemChain": [{"type": "ENGINE_EXCEPTION", "operation": "other", "frames": [{"file": "testing/p18_runtime_fixture.py", "line": 140, "function": "diagnosed_continue"}, {"file": "services/runtime_cognition.py", "line": 242, "function": "_continue"}, {"file": "services/wake_perception_thinking_action_service.py", "line": 90, "function": "wake_manual"}, {"file": "services/wake_perception_thinking_action_service.py", "line": 128, "function": "_continue"}, {"file": "services/wake_perception_thinking_action_service.py", "line": 324, "function": "_continue_mind"}, {"file": "services/continuity_core_service.py", "line": 541, "function": "before_thinking"}], "errno": null, "winerror": null}], "stateWriteLockOwnedAfterUnwind": false}
ok
test_old_owner_control_remains_idempotent_after_130_new_commands (test_p18_runtime_recovery.RuntimeRecoveryTests.test_old_owner_control_remains_idempotent_after_130_new_commands) ... ok
test_receipt_conflict_cannot_reconcile_completed_native_fact (test_p18_runtime_recovery.RuntimeRecoveryTests.test_receipt_conflict_cannot_reconcile_completed_native_fact) ... {"stage": "native-exception-before-cleanup", "task_id": "cognition:773ea0bcd575b6b56b9ed431ebefc2a0147b7533653988486d2999d25b319014", "attempt_id": "p11-attempt-b8992db0a1da0ae73212988942151ffa6c64fa69c9b267577a89e504ee2e1a2b", "chain": [{"frames": [{"file": "testing/p18_runtime_fixture.py", "line": 140, "function": "diagnosed_continue"}, {"file": "services/runtime_cognition.py", "line": 242, "function": "_continue"}, {"file": "services/wake_perception_thinking_action_service.py", "line": 90, "function": "wake_manual"}, {"file": "services/wake_perception_thinking_action_service.py", "line": 128, "function": "_continue"}, {"file": "services/wake_perception_thinking_action_service.py", "line": 359, "function": "_continue_mind"}, {"file": "services/runtime_cognition.py", "line": 84, "function": "<lambda>"}, {"file": "testing/p18_runtime_fixture.py", "line": 126, "function": "<lambda>"}], "code": "TEST_NATIVE_EXCEPTION"}], "systemChain": [{"type": "ENGINE_EXCEPTION", "operation": "other", "frames": [{"file": "testing/p18_runtime_fixture.py", "line": 140, "function": "diagnosed_continue"}, {"file": "services/runtime_cognition.py", "line": 242, "function": "_continue"}, {"file": "services/wake_perception_thinking_action_service.py", "line": 90, "function": "wake_manual"}, {"file": "services/wake_perception_thinking_action_service.py", "line": 128, "function": "_continue"}, {"file": "services/wake_perception_thinking_action_service.py", "line": 359, "function": "_continue_mind"}, {"file": "services/runtime_cognition.py", "line": 84, "function": "<lambda>"}, {"file": "testing/p18_runtime_fixture.py", "line": 126, "function": "<lambda>"}], "errno": null, "winerror": null}], "stateWriteLockOwnedAfterUnwind": false}
{"stage": "native-exception-before-cleanup", "task_id": "cognition:773ea0bcd575b6b56b9ed431ebefc2a0147b7533653988486d2999d25b319014", "attempt_id": "p11-attempt-b8992db0a1da0ae73212988942151ffa6c64fa69c9b267577a89e504ee2e1a2b", "chain": [{"frames": [{"file": "testing/p18_runtime_fixture.py", "line": 140, "function": "diagnosed_continue"}, {"file": "services/runtime_cognition.py", "line": 242, "function": "_continue"}, {"file": "services/wake_perception_thinking_action_service.py", "line": 90, "function": "wake_manual"}, {"file": "services/wake_perception_thinking_action_service.py", "line": 128, "function": "_continue"}, {"file": "services/wake_perception_thinking_action_service.py", "line": 320, "function": "_continue_mind"}, {"file": "services/wake_perception_thinking_action_service.py", "line": 274, "function": "dispatch"}, {"file": "services/continuity_core_service.py", "line": 608, "function": "after_action"}, {"file": "services/capability_coordination_service.py", "line": 78, "function": "action_attempts"}, {"file": "services/capability_coordination_service.py", "line": 98, "function": "_verify_action_result_evidence"}, {"file": "services/capability_coordination_service.py", "line": 109, "function": "_verify_action_receipt"}, {"file": "services/capability_coordination_service.py", "line": 88, "function": "_query_action_fact"}], "code": "TEST_NATIVE_EXCEPTION"}, {"frames": [{"file": "services/capability_coordination_service.py", "line": 86, "function": "_query_action_fact"}, {"file": "services/execution_service.py", "line": 20, "function": "query"}, {"file": "services/execution_service.py", "line": 171, "function": "query"}], "code": "TEST_NATIVE_EXCEPTION"}], "systemChain": [{"type": "ENGINE_EXCEPTION", "operation": "other", "frames": [{"file": "testing/p18_runtime_fixture.py", "line": 140, "function": "diagnosed_continue"}, {"file": "services/runtime_cognition.py", "line": 242, "function": "_continue"}, {"file": "services/wake_perception_thinking_action_service.py", "line": 90, "function": "wake_manual"}, {"file": "services/wake_perception_thinking_action_service.py", "line": 128, "function": "_continue"}, {"file": "services/wake_perception_thinking_action_service.py", "line": 320, "function": "_continue_mind"}, {"file": "services/wake_perception_thinking_action_service.py", "line": 274, "function": "dispatch"}, {"file": "services/continuity_core_service.py", "line": 608, "function": "after_action"}, {"file": "services/capability_coordination_service.py", "line": 78, "function": "action_attempts"}, {"file": "services/capability_coordination_service.py", "line": 98, "function": "_verify_action_result_evidence"}, {"file": "services/capability_coordination_service.py", "line": 109, "function": "_verify_action_receipt"}, {"file": "services/capability_coordination_service.py", "line": 88, "function": "_query_action_fact"}], "errno": null, "winerror": null}, {"type": "ENGINE_EXCEPTION", "operation": "other", "frames": [{"file": "services/capability_coordination_service.py", "line": 86, "function": "_query_action_fact"}, {"file": "services/execution_service.py", "line": 20, "function": "query"}, {"file": "services/execution_service.py", "line": 171, "function": "query"}], "errno": null, "winerror": null}], "stateWriteLockOwnedAfterUnwind": false}
ok
test_self_consistent_cross_subject_checkpoint_rejected (test_p18_runtime_recovery.RuntimeRecoveryTests.test_self_consistent_cross_subject_checkpoint_rejected) ... ok
test_stale_owner_fence_and_second_host_rejected (test_p18_runtime_recovery.RuntimeRecoveryTests.test_stale_owner_fence_and_second_host_rejected) ... ok
test_stop_after_crash_survives_reopen (test_p18_runtime_recovery.RuntimeRecoveryTests.test_stop_after_crash_survives_reopen) ... ok
test_stop_history_cannot_be_overlaid_with_running_checkpoint (test_p18_runtime_recovery.RuntimeRecoveryTests.test_stop_history_cannot_be_overlaid_with_running_checkpoint) ... ok
test_unknown_execution_never_replays_unverified_effect (test_p18_runtime_recovery.RuntimeRecoveryTests.test_unknown_execution_never_replays_unverified_effect) ... ok
test_view_query_is_read_only_and_has_separate_resource_state (test_p18_runtime_recovery.RuntimeRecoveryTests.test_view_query_is_read_only_and_has_separate_resource_state) ... ok
test_cancelled_pre_call_work_is_not_reassessed (test_p18_runtime_resume.RuntimeResumeTests.test_cancelled_pre_call_work_is_not_reassessed) ... {"stage": "native-exception-before-cleanup", "task_id": "cognition:c4471cc87d03ea49b2032fa32747de405dd7fc3d739b9ab4b99332708f1691f0", "attempt_id": "p11-attempt-e48e8bc1026d143d4a2169dbee8c7d1ef36366975eb8022e51656e74c1613e76", "chain": [{"frames": [{"file": "testing/p18_runtime_fixture.py", "line": 140, "function": "diagnosed_continue"}, {"file": "services/runtime_cognition.py", "line": 242, "function": "_continue"}, {"file": "services/wake_perception_thinking_action_service.py", "line": 90, "function": "wake_manual"}, {"file": "services/wake_perception_thinking_action_service.py", "line": 128, "function": "_continue"}, {"file": "services/wake_perception_thinking_action_service.py", "line": 229, "function": "_continue_mind"}, {"file": "services/thinking_service.py", "line": 190, "function": "handle_perception"}, {"file": "services/thinking_service.py", "line": 232, "function": "_run_provider"}, {"file": "services/wake_perception_thinking_action_service.py", "line": 225, "function": "initial_guard"}, {"file": "services/runtime_cognition.py", "line": 91, "function": "_native_guard"}, {"file": "services/persistent_runtime_service.py", "line": 130, "function": "guard"}], "code": "TEST_NATIVE_EXCEPTION"}], "systemChain": [{"type": "ENGINE_EXCEPTION", "operation": "other", "frames": [{"file": "testing/p18_runtime_fixture.py", "line": 140, "function": "diagnosed_continue"}, {"file": "services/runtime_cognition.py", "line": 242, "function": "_continue"}, {"file": "services/wake_perception_thinking_action_service.py", "line": 90, "function": "wake_manual"}, {"file": "services/wake_perception_thinking_action_service.py", "line": 128, "function": "_continue"}, {"file": "services/wake_perception_thinking_action_service.py", "line": 229, "function": "_continue_mind"}, {"file": "services/thinking_service.py", "line": 190, "function": "handle_perception"}, {"file": "services/thinking_service.py", "line": 232, "function": "_run_provider"}, {"file": "services/wake_perception_thinking_action_service.py", "line": 225, "function": "initial_guard"}, {"file": "services/runtime_cognition.py", "line": 91, "function": "_native_guard"}, {"file": "services/persistent_runtime_service.py", "line": 130, "function": "guard"}], "errno": null, "winerror": null}], "stateWriteLockOwnedAfterUnwind": false}
ok
test_control_deferral_inside_budget_port_does_not_create_failed_session (test_p18_runtime_resume.RuntimeResumeTests.test_control_deferral_inside_budget_port_does_not_create_failed_session) ... {"stage": "native-exception-before-cleanup", "task_id": "cognition:7b31694a1f1344c70c97ef3c950e18da1f342d524b2d8b83970d8d8cca9bec17", "attempt_id": "p11-attempt-4a8aa7208ffd15223f7c9fedacdf5dd41848d8d061934f2c22d6209eee53a0f0", "chain": [{"frames": [{"file": "testing/p18_runtime_fixture.py", "line": 140, "function": "diagnosed_continue"}, {"file": "services/runtime_cognition.py", "line": 242, "function": "_continue"}, {"file": "services/wake_perception_thinking_action_service.py", "line": 90, "function": "wake_manual"}, {"file": "services/wake_perception_thinking_action_service.py", "line": 128, "function": "_continue"}, {"file": "services/wake_perception_thinking_action_service.py", "line": 229, "function": "_continue_mind"}, {"file": "services/thinking_service.py", "line": 100, "function": "handle_perception"}, {"file": "services/runtime_cognition.py", "line": 33, "function": "allocate"}, {"file": "services/runtime_cognition.py", "line": 86, "function": "<lambda>"}, {"file": "services/persistent_runtime_service.py", "line": 130, "function": "guard"}], "code": "TEST_NATIVE_EXCEPTION"}], "systemChain": [{"type": "ENGINE_EXCEPTION", "operation": "other", "frames": [{"file": "testing/p18_runtime_fixture.py", "line": 140, "function": "diagnosed_continue"}, {"file": "services/runtime_cognition.py", "line": 242, "function": "_continue"}, {"file": "services/wake_perception_thinking_action_service.py", "line": 90, "function": "wake_manual"}, {"file": "services/wake_perception_thinking_action_service.py", "line": 128, "function": "_continue"}, {"file": "services/wake_perception_thinking_action_service.py", "line": 229, "function": "_continue_mind"}, {"file": "services/thinking_service.py", "line": 100, "function": "handle_perception"}, {"file": "services/runtime_cognition.py", "line": 33, "function": "allocate"}, {"file": "services/runtime_cognition.py", "line": 86, "function": "<lambda>"}, {"file": "services/persistent_runtime_service.py", "line": 130, "function": "guard"}], "errno": null, "winerror": null}], "stateWriteLockOwnedAfterUnwind": false}
ok
test_crash_after_durable_entry_stays_unknown_even_if_call_not_observed (test_p18_runtime_resume.RuntimeResumeTests.test_crash_after_durable_entry_stays_unknown_even_if_call_not_observed) ... {"stage": "native-exception-before-cleanup", "task_id": "cognition:ca6c9fc14f1a7251157bca596ea00f36273daa5541ef69c6bf3a6f5d594383b0", "attempt_id": "p11-attempt-bf37cfbb1b461bffe7c0572b36f863a3719656a2c42b10c79b70fd1079b5868b", "chain": [{"frames": [{"file": "testing/p18_runtime_fixture.py", "line": 140, "function": "diagnosed_continue"}, {"file": "services/runtime_cognition.py", "line": 242, "function": "_continue"}, {"file": "services/wake_perception_thinking_action_service.py", "line": 90, "function": "wake_manual"}, {"file": "services/wake_perception_thinking_action_service.py", "line": 128, "function": "_continue"}, {"file": "services/wake_perception_thinking_action_service.py", "line": 229, "function": "_continue_mind"}, {"file": "services/thinking_service.py", "line": 190, "function": "handle_perception"}, {"file": "services/thinking_service.py", "line": 236, "function": "_run_provider"}], "code": "TEST_NATIVE_EXCEPTION"}], "systemChain": [{"type": "ENGINE_EXCEPTION", "operation": "other", "frames": [{"file": "testing/p18_runtime_fixture.py", "line": 140, "function": "diagnosed_continue"}, {"file": "services/runtime_cognition.py", "line": 242, "function": "_continue"}, {"file": "services/wake_perception_thinking_action_service.py", "line": 90, "function": "wake_manual"}, {"file": "services/wake_perception_thinking_action_service.py", "line": 128, "function": "_continue"}, {"file": "services/wake_perception_thinking_action_service.py", "line": 229, "function": "_continue_mind"}, {"file": "services/thinking_service.py", "line": 190, "function": "handle_perception"}, {"file": "services/thinking_service.py", "line": 236, "function": "_run_provider"}], "errno": null, "winerror": null}], "stateWriteLockOwnedAfterUnwind": false}
ok
test_crash_with_only_prepared_evidence_resumes_without_replacing_input (test_p18_runtime_resume.RuntimeResumeTests.test_crash_with_only_prepared_evidence_resumes_without_replacing_input) ... {"stage": "native-exception-before-cleanup", "task_id": "cognition:4a96dac4f1a38377ab45aa234573d3b63a3d58aa95e5790bcf3a4635c49294fd", "attempt_id": "p11-attempt-579833aa90783463c85f1934c324eb3531dc7190226c89dcffce551b01bff800", "chain": [{"frames": [{"file": "testing/p18_runtime_fixture.py", "line": 140, "function": "diagnosed_continue"}, {"file": "services/runtime_cognition.py", "line": 242, "function": "_continue"}, {"file": "services/wake_perception_thinking_action_service.py", "line": 90, "function": "wake_manual"}, {"file": "services/wake_perception_thinking_action_service.py", "line": 128, "function": "_continue"}, {"file": "services/wake_perception_thinking_action_service.py", "line": 229, "function": "_continue_mind"}, {"file": "services/thinking_service.py", "line": 190, "function": "handle_perception"}, {"file": "services/thinking_service.py", "line": 232, "function": "_run_provider"}, {"file": "services/wake_perception_thinking_action_service.py", "line": 225, "function": "initial_guard"}, {"file": "services/runtime_cognition.py", "line": 91, "function": "_native_guard"}, {"file": "services/persistent_runtime_service.py", "line": 126, "function": "guard"}], "code": "TEST_NATIVE_EXCEPTION"}], "systemChain": [{"type": "ENGINE_EXCEPTION", "operation": "other", "frames": [{"file": "testing/p18_runtime_fixture.py", "line": 140, "function": "diagnosed_continue"}, {"file": "services/runtime_cognition.py", "line": 242, "function": "_continue"}, {"file": "services/wake_perception_thinking_action_service.py", "line": 90, "function": "wake_manual"}, {"file": "services/wake_perception_thinking_action_service.py", "line": 128, "function": "_continue"}, {"file": "services/wake_perception_thinking_action_service.py", "line": 229, "function": "_continue_mind"}, {"file": "services/thinking_service.py", "line": 190, "function": "handle_perception"}, {"file": "services/thinking_service.py", "line": 232, "function": "_run_provider"}, {"file": "services/wake_perception_thinking_action_service.py", "line": 225, "function": "initial_guard"}, {"file": "services/runtime_cognition.py", "line": 91, "function": "_native_guard"}, {"file": "services/persistent_runtime_service.py", "line": 126, "function": "guard"}], "errno": null, "winerror": null}], "stateWriteLockOwnedAfterUnwind": false}
ok
test_current_budget_reduction_defers_then_restores_same_reservation (test_p18_runtime_resume.RuntimeResumeTests.test_current_budget_reduction_defers_then_restores_same_reservation) ... {"stage": "native-exception-before-cleanup", "task_id": "cognition:0b7d66d7645c6590719dda737ef71e5002ee0b4767e71756d21c8fc567854382", "attempt_id": "p11-attempt-bdc0aa7ec7b3401eda6f8043c7d8252db42b36799c7b0aae5e60331dd6fd0505", "chain": [{"frames": [{"file": "testing/p18_runtime_fixture.py", "line": 140, "function": "diagnosed_continue"}, {"file": "services/runtime_cognition.py", "line": 242, "function": "_continue"}, {"file": "services/wake_perception_thinking_action_service.py", "line": 90, "function": "wake_manual"}, {"file": "services/wake_perception_thinking_action_service.py", "line": 128, "function": "_continue"}, {"file": "services/wake_perception_thinking_action_service.py", "line": 229, "function": "_continue_mind"}, {"file": "services/thinking_service.py", "line": 190, "function": "handle_perception"}, {"file": "services/thinking_service.py", "line": 232, "function": "_run_provider"}, {"file": "services/wake_perception_thinking_action_service.py", "line": 225, "function": "initial_guard"}, {"file": "services/runtime_cognition.py", "line": 91, "function": "_native_guard"}, {"file": "services/persistent_runtime_service.py", "line": 130, "function": "guard"}], "code": "TEST_NATIVE_EXCEPTION"}], "systemChain": [{"type": "ENGINE_EXCEPTION", "operation": "other", "frames": [{"file": "testing/p18_runtime_fixture.py", "line": 140, "function": "diagnosed_continue"}, {"file": "services/runtime_cognition.py", "line": 242, "function": "_continue"}, {"file": "services/wake_perception_thinking_action_service.py", "line": 90, "function": "wake_manual"}, {"file": "services/wake_perception_thinking_action_service.py", "line": 128, "function": "_continue"}, {"file": "services/wake_perception_thinking_action_service.py", "line": 229, "function": "_continue_mind"}, {"file": "services/thinking_service.py", "line": 190, "function": "handle_perception"}, {"file": "services/thinking_service.py", "line": 232, "function": "_run_provider"}, {"file": "services/wake_perception_thinking_action_service.py", "line": 225, "function": "initial_guard"}, {"file": "services/runtime_cognition.py", "line": 91, "function": "_native_guard"}, {"file": "services/persistent_runtime_service.py", "line": 130, "function": "guard"}], "errno": null, "winerror": null}], "stateWriteLockOwnedAfterUnwind": false}
{"stage": "native-exception-before-cleanup", "task_id": "cognition:0b7d66d7645c6590719dda737ef71e5002ee0b4767e71756d21c8fc567854382", "attempt_id": "p11-attempt-bdc0aa7ec7b3401eda6f8043c7d8252db42b36799c7b0aae5e60331dd6fd0505", "chain": [{"frames": [{"file": "testing/p18_runtime_fixture.py", "line": 140, "function": "diagnosed_continue"}, {"file": "services/runtime_cognition.py", "line": 242, "function": "_continue"}, {"file": "services/wake_perception_thinking_action_service.py", "line": 90, "function": "wake_manual"}, {"file": "services/wake_perception_thinking_action_service.py", "line": 128, "function": "_continue"}, {"file": "services/wake_perception_thinking_action_service.py", "line": 246, "function": "_continue_mind"}, {"file": "services/thinking_service.py", "line": 204, "function": "resume_prepared_provider"}, {"file": "services/runtime_cognition.py", "line": 43, "function": "allocate"}], "code": "TEST_NATIVE_EXCEPTION"}], "systemChain": [{"type": "ENGINE_EXCEPTION", "operation": "other", "frames": [{"file": "testing/p18_runtime_fixture.py", "line": 140, "function": "diagnosed_continue"}, {"file": "services/runtime_cognition.py", "line": 242, "function": "_continue"}, {"file": "services/wake_perception_thinking_action_service.py", "line": 90, "function": "wake_manual"}, {"file": "services/wake_perception_thinking_action_service.py", "line": 128, "function": "_continue"}, {"file": "services/wake_perception_thinking_action_service.py", "line": 246, "function": "_continue_mind"}, {"file": "services/thinking_service.py", "line": 204, "function": "resume_prepared_provider"}, {"file": "services/runtime_cognition.py", "line": 43, "function": "allocate"}], "errno": null, "winerror": null}], "stateWriteLockOwnedAfterUnwind": false}
{"stage": "native-exception-before-cleanup", "task_id": "cognition:0b7d66d7645c6590719dda737ef71e5002ee0b4767e71756d21c8fc567854382", "attempt_id": "p11-attempt-bdc0aa7ec7b3401eda6f8043c7d8252db42b36799c7b0aae5e60331dd6fd0505", "chain": [{"frames": [{"file": "testing/p18_runtime_fixture.py", "line": 140, "function": "diagnosed_continue"}, {"file": "services/runtime_cognition.py", "line": 242, "function": "_continue"}, {"file": "services/wake_perception_thinking_action_service.py", "line": 90, "function": "wake_manual"}, {"file": "services/wake_perception_thinking_action_service.py", "line": 128, "function": "_continue"}, {"file": "services/wake_perception_thinking_action_service.py", "line": 246, "function": "_continue_mind"}, {"file": "services/thinking_service.py", "line": 204, "function": "resume_prepared_provider"}, {"file": "services/runtime_cognition.py", "line": 43, "function": "allocate"}], "code": "TEST_NATIVE_EXCEPTION"}], "systemChain": [{"type": "ENGINE_EXCEPTION", "operation": "other", "frames": [{"file": "testing/p18_runtime_fixture.py", "line": 140, "function": "diagnosed_continue"}, {"file": "services/runtime_cognition.py", "line": 242, "function": "_continue"}, {"file": "services/wake_perception_thinking_action_service.py", "line": 90, "function": "wake_manual"}, {"file": "services/wake_perception_thinking_action_service.py", "line": 128, "function": "_continue"}, {"file": "services/wake_perception_thinking_action_service.py", "line": 246, "function": "_continue_mind"}, {"file": "services/thinking_service.py", "line": 204, "function": "resume_prepared_provider"}, {"file": "services/runtime_cognition.py", "line": 43, "function": "allocate"}], "errno": null, "winerror": null}], "stateWriteLockOwnedAfterUnwind": false}
{"stage": "native-exception-before-cleanup", "task_id": "cognition:0b7d66d7645c6590719dda737ef71e5002ee0b4767e71756d21c8fc567854382", "attempt_id": "p11-attempt-bdc0aa7ec7b3401eda6f8043c7d8252db42b36799c7b0aae5e60331dd6fd0505", "chain": [{"frames": [{"file": "testing/p18_runtime_fixture.py", "line": 140, "function": "diagnosed_continue"}, {"file": "services/runtime_cognition.py", "line": 242, "function": "_continue"}, {"file": "services/wake_perception_thinking_action_service.py", "line": 90, "function": "wake_manual"}, {"file": "services/wake_perception_thinking_action_service.py", "line": 128, "function": "_continue"}, {"file": "services/wake_perception_thinking_action_service.py", "line": 246, "function": "_continue_mind"}, {"file": "services/thinking_service.py", "line": 204, "function": "resume_prepared_provider"}, {"file": "services/runtime_cognition.py", "line": 43, "function": "allocate"}], "code": "TEST_NATIVE_EXCEPTION"}], "systemChain": [{"type": "ENGINE_EXCEPTION", "operation": "other", "frames": [{"file": "testing/p18_runtime_fixture.py", "line": 140, "function": "diagnosed_continue"}, {"file": "services/runtime_cognition.py", "line": 242, "function": "_continue"}, {"file": "services/wake_perception_thinking_action_service.py", "line": 90, "function": "wake_manual"}, {"file": "services/wake_perception_thinking_action_service.py", "line": 128, "function": "_continue"}, {"file": "services/wake_perception_thinking_action_service.py", "line": 246, "function": "_continue_mind"}, {"file": "services/thinking_service.py", "line": 204, "function": "resume_prepared_provider"}, {"file": "services/runtime_cognition.py", "line": 43, "function": "allocate"}], "errno": null, "winerror": null}], "stateWriteLockOwnedAfterUnwind": false}
{"stage": "native-exception-before-cleanup", "task_id": "cognition:0b7d66d7645c6590719dda737ef71e5002ee0b4767e71756d21c8fc567854382", "attempt_id": "p11-attempt-bdc0aa7ec7b3401eda6f8043c7d8252db42b36799c7b0aae5e60331dd6fd0505", "chain": [{"frames": [{"file": "testing/p18_runtime_fixture.py", "line": 140, "function": "diagnosed_continue"}, {"file": "services/runtime_cognition.py", "line": 242, "function": "_continue"}, {"file": "services/wake_perception_thinking_action_service.py", "line": 90, "function": "wake_manual"}, {"file": "services/wake_perception_thinking_action_service.py", "line": 128, "function": "_continue"}, {"file": "services/wake_perception_thinking_action_service.py", "line": 246, "function": "_continue_mind"}, {"file": "services/thinking_service.py", "line": 204, "function": "resume_prepared_provider"}, {"file": "services/runtime_cognition.py", "line": 43, "function": "allocate"}], "code": "TEST_NATIVE_EXCEPTION"}], "systemChain": [{"type": "ENGINE_EXCEPTION", "operation": "other", "frames": [{"file": "testing/p18_runtime_fixture.py", "line": 140, "function": "diagnosed_continue"}, {"file": "services/runtime_cognition.py", "line": 242, "function": "_continue"}, {"file": "services/wake_perception_thinking_action_service.py", "line": 90, "function": "wake_manual"}, {"file": "services/wake_perception_thinking_action_service.py", "line": 128, "function": "_continue"}, {"file": "services/wake_perception_thinking_action_service.py", "line": 246, "function": "_continue_mind"}, {"file": "services/thinking_service.py", "line": 204, "function": "resume_prepared_provider"}, {"file": "services/runtime_cognition.py", "line": 43, "function": "allocate"}], "errno": null, "winerror": null}], "stateWriteLockOwnedAfterUnwind": false}
{"stage": "native-exception-before-cleanup", "task_id": "cognition:0b7d66d7645c6590719dda737ef71e5002ee0b4767e71756d21c8fc567854382", "attempt_id": "p11-attempt-bdc0aa7ec7b3401eda6f8043c7d8252db42b36799c7b0aae5e60331dd6fd0505", "chain": [{"frames": [{"file": "testing/p18_runtime_fixture.py", "line": 140, "function": "diagnosed_continue"}, {"file": "services/runtime_cognition.py", "line": 242, "function": "_continue"}, {"file": "services/wake_perception_thinking_action_service.py", "line": 90, "function": "wake_manual"}, {"file": "services/wake_perception_thinking_action_service.py", "line": 128, "function": "_continue"}, {"file": "services/wake_perception_thinking_action_service.py", "line": 246, "function": "_continue_mind"}, {"file": "services/thinking_service.py", "line": 204, "function": "resume_prepared_provider"}, {"file": "services/runtime_cognition.py", "line": 43, "function": "allocate"}], "code": "TEST_NATIVE_EXCEPTION"}], "systemChain": [{"type": "ENGINE_EXCEPTION", "operation": "other", "frames": [{"file": "testing/p18_runtime_fixture.py", "line": 140, "function": "diagnosed_continue"}, {"file": "services/runtime_cognition.py", "line": 242, "function": "_continue"}, {"file": "services/wake_perception_thinking_action_service.py", "line": 90, "function": "wake_manual"}, {"file": "services/wake_perception_thinking_action_service.py", "line": 128, "function": "_continue"}, {"file": "services/wake_perception_thinking_action_service.py", "line": 246, "function": "_continue_mind"}, {"file": "services/thinking_service.py", "line": 204, "function": "resume_prepared_provider"}, {"file": "services/runtime_cognition.py", "line": 43, "function": "allocate"}], "errno": null, "winerror": null}], "stateWriteLockOwnedAfterUnwind": false}
ok
test_current_context_revoked_does_not_call_or_apply_state (test_p18_runtime_resume.RuntimeResumeTests.test_current_context_revoked_does_not_call_or_apply_state) ... {"stage": "native-exception-before-cleanup", "task_id": "cognition:8274583f48cfff54fcfb2c3f455c765df8342033b54d93dd993efc7756bbcf8b", "attempt_id": "p11-attempt-460ed376128604b08ad441e59bfe074dae8fdb16c67ece4a70e87cdd0adc50b3", "chain": [{"frames": [{"file": "testing/p18_runtime_fixture.py", "line": 140, "function": "diagnosed_continue"}, {"file": "services/runtime_cognition.py", "line": 242, "function": "_continue"}, {"file": "services/wake_perception_thinking_action_service.py", "line": 90, "function": "wake_manual"}, {"file": "services/wake_perception_thinking_action_service.py", "line": 128, "function": "_continue"}, {"file": "services/wake_perception_thinking_action_service.py", "line": 229, "function": "_continue_mind"}, {"file": "services/thinking_service.py", "line": 190, "function": "handle_perception"}, {"file": "services/thinking_service.py", "line": 232, "function": "_run_provider"}, {"file": "services/wake_perception_thinking_action_service.py", "line": 225, "function": "initial_guard"}, {"file": "services/runtime_cognition.py", "line": 91, "function": "_native_guard"}, {"file": "services/persistent_runtime_service.py", "line": 130, "function": "guard"}], "code": "TEST_NATIVE_EXCEPTION"}], "systemChain": [{"type": "ENGINE_EXCEPTION", "operation": "other", "frames": [{"file": "testing/p18_runtime_fixture.py", "line": 140, "function": "diagnosed_continue"}, {"file": "services/runtime_cognition.py", "line": 242, "function": "_continue"}, {"file": "services/wake_perception_thinking_action_service.py", "line": 90, "function": "wake_manual"}, {"file": "services/wake_perception_thinking_action_service.py", "line": 128, "function": "_continue"}, {"file": "services/wake_perception_thinking_action_service.py", "line": 229, "function": "_continue_mind"}, {"file": "services/thinking_service.py", "line": 190, "function": "handle_perception"}, {"file": "services/thinking_service.py", "line": 232, "function": "_run_provider"}, {"file": "services/wake_perception_thinking_action_service.py", "line": 225, "function": "initial_guard"}, {"file": "services/runtime_cognition.py", "line": 91, "function": "_native_guard"}, {"file": "services/persistent_runtime_service.py", "line": 130, "function": "guard"}], "errno": null, "winerror": null}], "stateWriteLockOwnedAfterUnwind": false}
{"stage": "native-exception-before-cleanup", "task_id": "cognition:b8ce9075c7e7c1f2946276971197dd55a30c905c04761eb808322f4d95107148", "attempt_id": "p11-attempt-daea41fba5ebc833a424d09958018bfea92e1ef4a413c2eb9bf1d8fc233d08b4", "chain": [{"frames": [{"file": "testing/p18_runtime_fixture.py", "line": 140, "function": "diagnosed_continue"}, {"file": "services/runtime_cognition.py", "line": 242, "function": "_continue"}, {"file": "services/wake_perception_thinking_action_service.py", "line": 90, "function": "wake_manual"}, {"file": "services/wake_perception_thinking_action_service.py", "line": 128, "function": "_continue"}, {"file": "services/wake_perception_thinking_action_service.py", "line": 221, "function": "_continue_mind"}, {"file": "services/continuity_core_service.py", "line": 350, "function": "prepare"}, {"file": "services/continuity_core_service.py", "line": 418, "function": "_prepare"}, {"file": "services/dynamic_mind_service.py", "line": 317, "function": "capture"}], "code": "TEST_NATIVE_EXCEPTION"}], "systemChain": [{"type": "ENGINE_EXCEPTION", "operation": "other", "frames": [{"file": "testing/p18_runtime_fixture.py", "line": 140, "function": "diagnosed_continue"}, {"file": "services/runtime_cognition.py", "line": 242, "function": "_continue"}, {"file": "services/wake_perception_thinking_action_service.py", "line": 90, "function": "wake_manual"}, {"file": "services/wake_perception_thinking_action_service.py", "line": 128, "function": "_continue"}, {"file": "services/wake_perception_thinking_action_service.py", "line": 221, "function": "_continue_mind"}, {"file": "services/continuity_core_service.py", "line": 350, "function": "prepare"}, {"file": "services/continuity_core_service.py", "line": 418, "function": "_prepare"}, {"file": "services/dynamic_mind_service.py", "line": 317, "function": "capture"}], "errno": null, "winerror": null}], "stateWriteLockOwnedAfterUnwind": false}
{"stage": "native-exception-before-cleanup", "task_id": "cognition:b8ce9075c7e7c1f2946276971197dd55a30c905c04761eb808322f4d95107148", "attempt_id": "p11-attempt-bc2a160d960ceb55e17710771a0da6eac2d206d7396c711b1875a0e1432ac6ae", "chain": [{"frames": [{"file": "testing/p18_runtime_fixture.py", "line": 140, "function": "diagnosed_continue"}, {"file": "services/runtime_cognition.py", "line": 242, "function": "_continue"}, {"file": "services/wake_perception_thinking_action_service.py", "line": 90, "function": "wake_manual"}, {"file": "services/wake_perception_thinking_action_service.py", "line": 128, "function": "_continue"}, {"file": "services/wake_perception_thinking_action_service.py", "line": 221, "function": "_continue_mind"}, {"file": "services/continuity_core_service.py", "line": 350, "function": "prepare"}, {"file": "services/continuity_core_service.py", "line": 418, "function": "_prepare"}, {"file": "services/dynamic_mind_service.py", "line": 317, "function": "capture"}], "code": "TEST_NATIVE_EXCEPTION"}], "systemChain": [{"type": "ENGINE_EXCEPTION", "operation": "other", "frames": [{"file": "testing/p18_runtime_fixture.py", "line": 140, "function": "diagnosed_continue"}, {"file": "services/runtime_cognition.py", "line": 242, "function": "_continue"}, {"file": "services/wake_perception_thinking_action_service.py", "line": 90, "function": "wake_manual"}, {"file": "services/wake_perception_thinking_action_service.py", "line": 128, "function": "_continue"}, {"file": "services/wake_perception_thinking_action_service.py", "line": 221, "function": "_continue_mind"}, {"file": "services/continuity_core_service.py", "line": 350, "function": "prepare"}, {"file": "services/continuity_core_service.py", "line": 418, "function": "_prepare"}, {"file": "services/dynamic_mind_service.py", "line": 317, "function": "capture"}], "errno": null, "winerror": null}], "stateWriteLockOwnedAfterUnwind": false}
ok
test_entered_provider_failure_is_not_repeated (test_p18_runtime_resume.RuntimeResumeTests.test_entered_provider_failure_is_not_repeated) ... {"stage": "native-exception-before-cleanup", "task_id": "cognition:0d29572f30e207fa198dc77aa14b86c88f2f89c349b820272b3ea46c9df21bee", "attempt_id": "p11-attempt-e62dee40a976dcd1d58a7dc8edc7ee0d7ec8bce167f793b260c40723c897feba", "chain": [{"frames": [{"file": "testing/p18_runtime_fixture.py", "line": 140, "function": "diagnosed_continue"}, {"file": "services/runtime_cognition.py", "line": 242, "function": "_continue"}, {"file": "services/wake_perception_thinking_action_service.py", "line": 90, "function": "wake_manual"}, {"file": "services/wake_perception_thinking_action_service.py", "line": 128, "function": "_continue"}, {"file": "services/wake_perception_thinking_action_service.py", "line": 229, "function": "_continue_mind"}, {"file": "services/thinking_service.py", "line": 190, "function": "handle_perception"}, {"file": "services/thinking_service.py", "line": 295, "function": "_run_provider"}], "code": "TEST_NATIVE_EXCEPTION"}, {"frames": [{"file": "services/thinking_service.py", "line": 237, "function": "_run_provider"}, {"file": "services/runtime_cognition.py", "line": 53, "function": "think"}], "code": "TEST_NATIVE_EXCEPTION"}], "systemChain": [{"type": "ENGINE_EXCEPTION", "operation": "other", "frames": [{"file": "testing/p18_runtime_fixture.py", "line": 140, "function": "diagnosed_continue"}, {"file": "services/runtime_cognition.py", "line": 242, "function": "_continue"}, {"file": "services/wake_perception_thinking_action_service.py", "line": 90, "function": "wake_manual"}, {"file": "services/wake_perception_thinking_action_service.py", "line": 128, "function": "_continue"}, {"file": "services/wake_perception_thinking_action_service.py", "line": 229, "function": "_continue_mind"}, {"file": "services/thinking_service.py", "line": 190, "function": "handle_perception"}, {"file": "services/thinking_service.py", "line": 295, "function": "_run_provider"}], "errno": null, "winerror": null}, {"type": "ENGINE_EXCEPTION", "operation": "other", "frames": [{"file": "services/thinking_service.py", "line": 237, "function": "_run_provider"}, {"file": "services/runtime_cognition.py", "line": 53, "function": "think"}], "errno": null, "winerror": null}], "stateWriteLockOwnedAfterUnwind": false}
ok
test_f1_bounded_pause_after_first_evolution_and_clock_before_resume_call (test_p18_runtime_resume.RuntimeResumeTests.test_f1_bounded_pause_after_first_evolution_and_clock_before_resume_call) ... ok
test_first_call_pause_resumes_same_session_without_extra_reservation (test_p18_runtime_resume.RuntimeResumeTests.test_first_call_pause_resumes_same_session_without_extra_reservation) ... {"stage": "native-exception-before-cleanup", "task_id": "cognition:d9993f3c9c7306499e92d921cd526009fc7e726c970a474cbe47adfa081082d5", "attempt_id": "p11-attempt-afe2a769ffc3b9a9b042ddff457cc34ae32bace0204e9d2b11897a424cc4afae", "chain": [{"frames": [{"file": "testing/p18_runtime_fixture.py", "line": 140, "function": "diagnosed_continue"}, {"file": "services/runtime_cognition.py", "line": 242, "function": "_continue"}, {"file": "services/wake_perception_thinking_action_service.py", "line": 90, "function": "wake_manual"}, {"file": "services/wake_perception_thinking_action_service.py", "line": 128, "function": "_continue"}, {"file": "services/wake_perception_thinking_action_service.py", "line": 229, "function": "_continue_mind"}, {"file": "services/thinking_service.py", "line": 190, "function": "handle_perception"}, {"file": "services/thinking_service.py", "line": 232, "function": "_run_provider"}, {"file": "services/wake_perception_thinking_action_service.py", "line": 225, "function": "initial_guard"}, {"file": "services/runtime_cognition.py", "line": 91, "function": "_native_guard"}, {"file": "services/persistent_runtime_service.py", "line": 130, "function": "guard"}], "code": "TEST_NATIVE_EXCEPTION"}], "systemChain": [{"type": "ENGINE_EXCEPTION", "operation": "other", "frames": [{"file": "testing/p18_runtime_fixture.py", "line": 140, "function": "diagnosed_continue"}, {"file": "services/runtime_cognition.py", "line": 242, "function": "_continue"}, {"file": "services/wake_perception_thinking_action_service.py", "line": 90, "function": "wake_manual"}, {"file": "services/wake_perception_thinking_action_service.py", "line": 128, "function": "_continue"}, {"file": "services/wake_perception_thinking_action_service.py", "line": 229, "function": "_continue_mind"}, {"file": "services/thinking_service.py", "line": 190, "function": "handle_perception"}, {"file": "services/thinking_service.py", "line": 232, "function": "_run_provider"}, {"file": "services/wake_perception_thinking_action_service.py", "line": 225, "function": "initial_guard"}, {"file": "services/runtime_cognition.py", "line": 91, "function": "_native_guard"}, {"file": "services/persistent_runtime_service.py", "line": 130, "function": "guard"}], "errno": null, "winerror": null}], "stateWriteLockOwnedAfterUnwind": false}
ok
test_legacy_failed_error_string_is_not_nonexecution_proof (test_p18_runtime_resume.RuntimeResumeTests.test_legacy_failed_error_string_is_not_nonexecution_proof) ... {"stage": "native-exception-before-cleanup", "task_id": "cognition:00b6cf8282a43b8940a215a4731b7be2432a347173892769444584208d7a519f", "attempt_id": "p11-attempt-2750b793a0d03d3bbed96c2858f9be6a3a4eb6072465b35fa467acd5c0e0591e", "chain": [{"frames": [{"file": "testing/p18_runtime_fixture.py", "line": 140, "function": "diagnosed_continue"}, {"file": "services/runtime_cognition.py", "line": 242, "function": "_continue"}, {"file": "services/wake_perception_thinking_action_service.py", "line": 90, "function": "wake_manual"}, {"file": "services/wake_perception_thinking_action_service.py", "line": 128, "function": "_continue"}, {"file": "services/wake_perception_thinking_action_service.py", "line": 229, "function": "_continue_mind"}, {"file": "services/thinking_service.py", "line": 190, "function": "handle_perception"}, {"file": "services/thinking_service.py", "line": 295, "function": "_run_provider"}], "code": "TEST_NATIVE_EXCEPTION"}, {"frames": [{"file": "services/thinking_service.py", "line": 237, "function": "_run_provider"}, {"file": "services/runtime_cognition.py", "line": 53, "function": "think"}], "code": "TEST_NATIVE_EXCEPTION"}], "systemChain": [{"type": "ENGINE_EXCEPTION", "operation": "other", "frames": [{"file": "testing/p18_runtime_fixture.py", "line": 140, "function": "diagnosed_continue"}, {"file": "services/runtime_cognition.py", "line": 242, "function": "_continue"}, {"file": "services/wake_perception_thinking_action_service.py", "line": 90, "function": "wake_manual"}, {"file": "services/wake_perception_thinking_action_service.py", "line": 128, "function": "_continue"}, {"file": "services/wake_perception_thinking_action_service.py", "line": 229, "function": "_continue_mind"}, {"file": "services/thinking_service.py", "line": 190, "function": "handle_perception"}, {"file": "services/thinking_service.py", "line": 295, "function": "_run_provider"}], "errno": null, "winerror": null}, {"type": "ENGINE_EXCEPTION", "operation": "other", "frames": [{"file": "services/thinking_service.py", "line": 237, "function": "_run_provider"}, {"file": "services/runtime_cognition.py", "line": 53, "function": "think"}], "errno": null, "winerror": null}], "stateWriteLockOwnedAfterUnwind": false}
ok
test_long_pause_reassesses_expired_input_with_explicit_predecessor (test_p18_runtime_resume.RuntimeResumeTests.test_long_pause_reassesses_expired_input_with_explicit_predecessor) ... {"stage": "native-exception-before-cleanup", "task_id": "cognition:24af91d728fba29317a23bf29f0d93e862fe3733aeba0c710bbb019bc7d6ed0d", "attempt_id": "p11-attempt-c6b1928493a07bedb7c9b227cb79a9633bd596442fcc71c1233fd251cec11465", "chain": [{"frames": [{"file": "testing/p18_runtime_fixture.py", "line": 140, "function": "diagnosed_continue"}, {"file": "services/runtime_cognition.py", "line": 242, "function": "_continue"}, {"file": "services/wake_perception_thinking_action_service.py", "line": 90, "function": "wake_manual"}, {"file": "services/wake_perception_thinking_action_service.py", "line": 128, "function": "_continue"}, {"file": "services/wake_perception_thinking_action_service.py", "line": 229, "function": "_continue_mind"}, {"file": "services/thinking_service.py", "line": 190, "function": "handle_perception"}, {"file": "services/thinking_service.py", "line": 232, "function": "_run_provider"}, {"file": "services/wake_perception_thinking_action_service.py", "line": 225, "function": "initial_guard"}, {"file": "services/runtime_cognition.py", "line": 91, "function": "_native_guard"}, {"file": "services/persistent_runtime_service.py", "line": 130, "function": "guard"}], "code": "TEST_NATIVE_EXCEPTION"}], "systemChain": [{"type": "ENGINE_EXCEPTION", "operation": "other", "frames": [{"file": "testing/p18_runtime_fixture.py", "line": 140, "function": "diagnosed_continue"}, {"file": "services/runtime_cognition.py", "line": 242, "function": "_continue"}, {"file": "services/wake_perception_thinking_action_service.py", "line": 90, "function": "wake_manual"}, {"file": "services/wake_perception_thinking_action_service.py", "line": 128, "function": "_continue"}, {"file": "services/wake_perception_thinking_action_service.py", "line": 229, "function": "_continue_mind"}, {"file": "services/thinking_service.py", "line": 190, "function": "handle_perception"}, {"file": "services/thinking_service.py", "line": 232, "function": "_run_provider"}, {"file": "services/wake_perception_thinking_action_service.py", "line": 225, "function": "initial_guard"}, {"file": "services/runtime_cognition.py", "line": 91, "function": "_native_guard"}, {"file": "services/persistent_runtime_service.py", "line": 130, "function": "guard"}], "errno": null, "winerror": null}], "stateWriteLockOwnedAfterUnwind": false}
ok
test_pre_call_history_is_append_only_and_bound (test_p18_runtime_resume.RuntimeResumeTests.test_pre_call_history_is_append_only_and_bound) ... {"stage": "native-exception-before-cleanup", "task_id": "cognition:65d12fd185d12ada65b265958da7c297533d80f943ae8803e81533cf66aa9050", "attempt_id": "p11-attempt-6d3d2f37385869e68f77c4e3faa3c4bcf9ce9399d0e238ee7be68b5e566f2ae2", "chain": [{"frames": [{"file": "testing/p18_runtime_fixture.py", "line": 140, "function": "diagnosed_continue"}, {"file": "services/runtime_cognition.py", "line": 242, "function": "_continue"}, {"file": "services/wake_perception_thinking_action_service.py", "line": 90, "function": "wake_manual"}, {"file": "services/wake_perception_thinking_action_service.py", "line": 128, "function": "_continue"}, {"file": "services/wake_perception_thinking_action_service.py", "line": 229, "function": "_continue_mind"}, {"file": "services/thinking_service.py", "line": 190, "function": "handle_perception"}, {"file": "services/thinking_service.py", "line": 232, "function": "_run_provider"}, {"file": "services/wake_perception_thinking_action_service.py", "line": 225, "function": "initial_guard"}, {"file": "services/runtime_cognition.py", "line": 91, "function": "_native_guard"}, {"file": "services/persistent_runtime_service.py", "line": 130, "function": "guard"}], "code": "TEST_NATIVE_EXCEPTION"}], "systemChain": [{"type": "ENGINE_EXCEPTION", "operation": "other", "frames": [{"file": "testing/p18_runtime_fixture.py", "line": 140, "function": "diagnosed_continue"}, {"file": "services/runtime_cognition.py", "line": 242, "function": "_continue"}, {"file": "services/wake_perception_thinking_action_service.py", "line": 90, "function": "wake_manual"}, {"file": "services/wake_perception_thinking_action_service.py", "line": 128, "function": "_continue"}, {"file": "services/wake_perception_thinking_action_service.py", "line": 229, "function": "_continue_mind"}, {"file": "services/thinking_service.py", "line": 190, "function": "handle_perception"}, {"file": "services/thinking_service.py", "line": 232, "function": "_run_provider"}, {"file": "services/wake_perception_thinking_action_service.py", "line": 225, "function": "initial_guard"}, {"file": "services/runtime_cognition.py", "line": 91, "function": "_native_guard"}, {"file": "services/persistent_runtime_service.py", "line": 130, "function": "guard"}], "errno": null, "winerror": null}], "stateWriteLockOwnedAfterUnwind": false}
ok
test_pre_stop_diagnostic_is_read_only_and_has_native_stage (test_p18_runtime_resume.RuntimeResumeTests.test_pre_stop_diagnostic_is_read_only_and_has_native_stage) ... {"stage": "native-exception-before-cleanup", "task_id": "cognition:d70e6a8c7f30d0c027a4fa73da4d0508d27d7e46f3fbbde6afa51abfe7ff8ccd", "attempt_id": "p11-attempt-aafc2bf26d9c8ef67e86ee9ae8c61998638b961a1c599af8a7520b60a3d7dfeb", "chain": [{"frames": [{"file": "testing/p18_runtime_fixture.py", "line": 140, "function": "diagnosed_continue"}, {"file": "services/runtime_cognition.py", "line": 242, "function": "_continue"}, {"file": "services/wake_perception_thinking_action_service.py", "line": 90, "function": "wake_manual"}, {"file": "services/wake_perception_thinking_action_service.py", "line": 128, "function": "_continue"}, {"file": "services/wake_perception_thinking_action_service.py", "line": 229, "function": "_continue_mind"}, {"file": "services/thinking_service.py", "line": 190, "function": "handle_perception"}, {"file": "services/thinking_service.py", "line": 232, "function": "_run_provider"}, {"file": "services/wake_perception_thinking_action_service.py", "line": 225, "function": "initial_guard"}, {"file": "services/runtime_cognition.py", "line": 91, "function": "_native_guard"}, {"file": "services/persistent_runtime_service.py", "line": 130, "function": "guard"}], "code": "TEST_NATIVE_EXCEPTION"}], "systemChain": [{"type": "ENGINE_EXCEPTION", "operation": "other", "frames": [{"file": "testing/p18_runtime_fixture.py", "line": 140, "function": "diagnosed_continue"}, {"file": "services/runtime_cognition.py", "line": 242, "function": "_continue"}, {"file": "services/wake_perception_thinking_action_service.py", "line": 90, "function": "wake_manual"}, {"file": "services/wake_perception_thinking_action_service.py", "line": 128, "function": "_continue"}, {"file": "services/wake_perception_thinking_action_service.py", "line": 229, "function": "_continue_mind"}, {"file": "services/thinking_service.py", "line": 190, "function": "handle_perception"}, {"file": "services/thinking_service.py", "line": 232, "function": "_run_provider"}, {"file": "services/wake_perception_thinking_action_service.py", "line": 225, "function": "initial_guard"}, {"file": "services/runtime_cognition.py", "line": 91, "function": "_native_guard"}, {"file": "services/persistent_runtime_service.py", "line": 130, "function": "guard"}], "errno": null, "winerror": null}], "stateWriteLockOwnedAfterUnwind": false}
ok
test_provider_availability_rechecked_before_prepared_resume (test_p18_runtime_resume.RuntimeResumeTests.test_provider_availability_rechecked_before_prepared_resume) ... {"stage": "native-exception-before-cleanup", "task_id": "cognition:6503dc1432508ed5cf4e9cfa76ca9646ad93649e4211e162a08b33d4ca0c724c", "attempt_id": "p11-attempt-1debaea446774e54866d35ceef42a83936c5e5df6dd1690633f02acab5f57c3d", "chain": [{"frames": [{"file": "testing/p18_runtime_fixture.py", "line": 140, "function": "diagnosed_continue"}, {"file": "services/runtime_cognition.py", "line": 242, "function": "_continue"}, {"file": "services/wake_perception_thinking_action_service.py", "line": 90, "function": "wake_manual"}, {"file": "services/wake_perception_thinking_action_service.py", "line": 128, "function": "_continue"}, {"file": "services/wake_perception_thinking_action_service.py", "line": 229, "function": "_continue_mind"}, {"file": "services/thinking_service.py", "line": 190, "function": "handle_perception"}, {"file": "services/thinking_service.py", "line": 232, "function": "_run_provider"}, {"file": "services/wake_perception_thinking_action_service.py", "line": 225, "function": "initial_guard"}, {"file": "services/runtime_cognition.py", "line": 91, "function": "_native_guard"}, {"file": "services/persistent_runtime_service.py", "line": 130, "function": "guard"}], "code": "TEST_NATIVE_EXCEPTION"}], "systemChain": [{"type": "ENGINE_EXCEPTION", "operation": "other", "frames": [{"file": "testing/p18_runtime_fixture.py", "line": 140, "function": "diagnosed_continue"}, {"file": "services/runtime_cognition.py", "line": 242, "function": "_continue"}, {"file": "services/wake_perception_thinking_action_service.py", "line": 90, "function": "wake_manual"}, {"file": "services/wake_perception_thinking_action_service.py", "line": 128, "function": "_continue"}, {"file": "services/wake_perception_thinking_action_service.py", "line": 229, "function": "_continue_mind"}, {"file": "services/thinking_service.py", "line": 190, "function": "handle_perception"}, {"file": "services/thinking_service.py", "line": 232, "function": "_run_provider"}, {"file": "services/wake_perception_thinking_action_service.py", "line": 225, "function": "initial_guard"}, {"file": "services/runtime_cognition.py", "line": 91, "function": "_native_guard"}, {"file": "services/persistent_runtime_service.py", "line": 130, "function": "guard"}], "errno": null, "winerror": null}], "stateWriteLockOwnedAfterUnwind": false}
ok
test_real_child_resumes_durable_pre_call_phase (test_p18_runtime_resume.RuntimeResumeTests.test_real_child_resumes_durable_pre_call_phase) ... {"stage": "native-exception-before-cleanup", "task_id": "cognition:e32de5bcc354dfa863da037be8e729695088bdff70cd2e5fe772310f876963c9", "attempt_id": "p11-attempt-e4931bed332433b5e984ee921bee8c6f5b12349898e21c5796a108f864bdd9d2", "chain": [{"frames": [{"file": "testing/p18_runtime_fixture.py", "line": 140, "function": "diagnosed_continue"}, {"file": "services/runtime_cognition.py", "line": 242, "function": "_continue"}, {"file": "services/wake_perception_thinking_action_service.py", "line": 90, "function": "wake_manual"}, {"file": "services/wake_perception_thinking_action_service.py", "line": 128, "function": "_continue"}, {"file": "services/wake_perception_thinking_action_service.py", "line": 229, "function": "_continue_mind"}, {"file": "services/thinking_service.py", "line": 190, "function": "handle_perception"}, {"file": "services/thinking_service.py", "line": 232, "function": "_run_provider"}, {"file": "services/wake_perception_thinking_action_service.py", "line": 225, "function": "initial_guard"}, {"file": "services/runtime_cognition.py", "line": 91, "function": "_native_guard"}, {"file": "services/persistent_runtime_service.py", "line": 130, "function": "guard"}], "code": "TEST_NATIVE_EXCEPTION"}], "systemChain": [{"type": "ENGINE_EXCEPTION", "operation": "other", "frames": [{"file": "testing/p18_runtime_fixture.py", "line": 140, "function": "diagnosed_continue"}, {"file": "services/runtime_cognition.py", "line": 242, "function": "_continue"}, {"file": "services/wake_perception_thinking_action_service.py", "line": 90, "function": "wake_manual"}, {"file": "services/wake_perception_thinking_action_service.py", "line": 128, "function": "_continue"}, {"file": "services/wake_perception_thinking_action_service.py", "line": 229, "function": "_continue_mind"}, {"file": "services/thinking_service.py", "line": 190, "function": "handle_perception"}, {"file": "services/thinking_service.py", "line": 232, "function": "_run_provider"}, {"file": "services/wake_perception_thinking_action_service.py", "line": 225, "function": "initial_guard"}, {"file": "services/runtime_cognition.py", "line": 91, "function": "_native_guard"}, {"file": "services/persistent_runtime_service.py", "line": 130, "function": "guard"}], "errno": null, "winerror": null}], "stateWriteLockOwnedAfterUnwind": false}
ok
test_reopened_pre_call_deferral_resumes (test_p18_runtime_resume.RuntimeResumeTests.test_reopened_pre_call_deferral_resumes) ... {"stage": "native-exception-before-cleanup", "task_id": "cognition:f2cc2c3003ae66215b77c6c971fd05a07125ccffc59b831f1449ece2bf214f16", "attempt_id": "p11-attempt-e56b272b1dcaaa1fa25a22a5efacdefe6793bd46def230825ace209d9baa2a2a", "chain": [{"frames": [{"file": "testing/p18_runtime_fixture.py", "line": 140, "function": "diagnosed_continue"}, {"file": "services/runtime_cognition.py", "line": 242, "function": "_continue"}, {"file": "services/wake_perception_thinking_action_service.py", "line": 90, "function": "wake_manual"}, {"file": "services/wake_perception_thinking_action_service.py", "line": 128, "function": "_continue"}, {"file": "services/wake_perception_thinking_action_service.py", "line": 229, "function": "_continue_mind"}, {"file": "services/thinking_service.py", "line": 190, "function": "handle_perception"}, {"file": "services/thinking_service.py", "line": 232, "function": "_run_provider"}, {"file": "services/wake_perception_thinking_action_service.py", "line": 225, "function": "initial_guard"}, {"file": "services/runtime_cognition.py", "line": 91, "function": "_native_guard"}, {"file": "services/persistent_runtime_service.py", "line": 130, "function": "guard"}], "code": "TEST_NATIVE_EXCEPTION"}], "systemChain": [{"type": "ENGINE_EXCEPTION", "operation": "other", "frames": [{"file": "testing/p18_runtime_fixture.py", "line": 140, "function": "diagnosed_continue"}, {"file": "services/runtime_cognition.py", "line": 242, "function": "_continue"}, {"file": "services/wake_perception_thinking_action_service.py", "line": 90, "function": "wake_manual"}, {"file": "services/wake_perception_thinking_action_service.py", "line": 128, "function": "_continue"}, {"file": "services/wake_perception_thinking_action_service.py", "line": 229, "function": "_continue_mind"}, {"file": "services/thinking_service.py", "line": 190, "function": "handle_perception"}, {"file": "services/thinking_service.py", "line": 232, "function": "_run_provider"}, {"file": "services/wake_perception_thinking_action_service.py", "line": 225, "function": "initial_guard"}, {"file": "services/runtime_cognition.py", "line": 91, "function": "_native_guard"}, {"file": "services/persistent_runtime_service.py", "line": 130, "function": "guard"}], "errno": null, "winerror": null}], "stateWriteLockOwnedAfterUnwind": false}
ok
test_repeated_control_deferral_keeps_one_dispatch_and_history (test_p18_runtime_resume.RuntimeResumeTests.test_repeated_control_deferral_keeps_one_dispatch_and_history) ... {"stage": "native-exception-before-cleanup", "task_id": "cognition:28acae7cf13d956b88186f8afbf40f8bce1f5693dd38b35b9a412efd045f0c7d", "attempt_id": "p11-attempt-710f0796dd08d315cc20f4fbf3fa12cd8bd6eb6c7fa86411bd91fb9454909e00", "chain": [{"frames": [{"file": "testing/p18_runtime_fixture.py", "line": 140, "function": "diagnosed_continue"}, {"file": "services/runtime_cognition.py", "line": 242, "function": "_continue"}, {"file": "services/wake_perception_thinking_action_service.py", "line": 90, "function": "wake_manual"}, {"file": "services/wake_perception_thinking_action_service.py", "line": 128, "function": "_continue"}, {"file": "services/wake_perception_thinking_action_service.py", "line": 229, "function": "_continue_mind"}, {"file": "services/thinking_service.py", "line": 190, "function": "handle_perception"}, {"file": "services/thinking_service.py", "line": 232, "function": "_run_provider"}, {"file": "services/wake_perception_thinking_action_service.py", "line": 225, "function": "initial_guard"}, {"file": "services/runtime_cognition.py", "line": 91, "function": "_native_guard"}, {"file": "services/persistent_runtime_service.py", "line": 130, "function": "guard"}], "code": "TEST_NATIVE_EXCEPTION"}], "systemChain": [{"type": "ENGINE_EXCEPTION", "operation": "other", "frames": [{"file": "testing/p18_runtime_fixture.py", "line": 140, "function": "diagnosed_continue"}, {"file": "services/runtime_cognition.py", "line": 242, "function": "_continue"}, {"file": "services/wake_perception_thinking_action_service.py", "line": 90, "function": "wake_manual"}, {"file": "services/wake_perception_thinking_action_service.py", "line": 128, "function": "_continue"}, {"file": "services/wake_perception_thinking_action_service.py", "line": 229, "function": "_continue_mind"}, {"file": "services/thinking_service.py", "line": 190, "function": "handle_perception"}, {"file": "services/thinking_service.py", "line": 232, "function": "_run_provider"}, {"file": "services/wake_perception_thinking_action_service.py", "line": 225, "function": "initial_guard"}, {"file": "services/runtime_cognition.py", "line": 91, "function": "_native_guard"}, {"file": "services/persistent_runtime_service.py", "line": 130, "function": "guard"}], "errno": null, "winerror": null}], "stateWriteLockOwnedAfterUnwind": false}
{"stage": "native-exception-before-cleanup", "task_id": "cognition:28acae7cf13d956b88186f8afbf40f8bce1f5693dd38b35b9a412efd045f0c7d", "attempt_id": "p11-attempt-710f0796dd08d315cc20f4fbf3fa12cd8bd6eb6c7fa86411bd91fb9454909e00", "chain": [{"frames": [{"file": "testing/p18_runtime_fixture.py", "line": 140, "function": "diagnosed_continue"}, {"file": "services/runtime_cognition.py", "line": 242, "function": "_continue"}, {"file": "services/wake_perception_thinking_action_service.py", "line": 90, "function": "wake_manual"}, {"file": "services/wake_perception_thinking_action_service.py", "line": 128, "function": "_continue"}, {"file": "services/wake_perception_thinking_action_service.py", "line": 246, "function": "_continue_mind"}, {"file": "services/thinking_service.py", "line": 211, "function": "resume_prepared_provider"}, {"file": "services/thinking_service.py", "line": 232, "function": "_run_provider"}, {"file": "services/wake_perception_thinking_action_service.py", "line": 242, "function": "resume_guard"}, {"file": "services/runtime_cognition.py", "line": 91, "function": "_native_guard"}, {"file": "services/persistent_runtime_service.py", "line": 130, "function": "guard"}], "code": "TEST_NATIVE_EXCEPTION"}], "systemChain": [{"type": "ENGINE_EXCEPTION", "operation": "other", "frames": [{"file": "testing/p18_runtime_fixture.py", "line": 140, "function": "diagnosed_continue"}, {"file": "services/runtime_cognition.py", "line": 242, "function": "_continue"}, {"file": "services/wake_perception_thinking_action_service.py", "line": 90, "function": "wake_manual"}, {"file": "services/wake_perception_thinking_action_service.py", "line": 128, "function": "_continue"}, {"file": "services/wake_perception_thinking_action_service.py", "line": 246, "function": "_continue_mind"}, {"file": "services/thinking_service.py", "line": 211, "function": "resume_prepared_provider"}, {"file": "services/thinking_service.py", "line": 232, "function": "_run_provider"}, {"file": "services/wake_perception_thinking_action_service.py", "line": 242, "function": "resume_guard"}, {"file": "services/runtime_cognition.py", "line": 91, "function": "_native_guard"}, {"file": "services/persistent_runtime_service.py", "line": 130, "function": "guard"}], "errno": null, "winerror": null}], "stateWriteLockOwnedAfterUnwind": false}
{"stage": "native-exception-before-cleanup", "task_id": "cognition:28acae7cf13d956b88186f8afbf40f8bce1f5693dd38b35b9a412efd045f0c7d", "attempt_id": "p11-attempt-710f0796dd08d315cc20f4fbf3fa12cd8bd6eb6c7fa86411bd91fb9454909e00", "chain": [{"frames": [{"file": "testing/p18_runtime_fixture.py", "line": 140, "function": "diagnosed_continue"}, {"file": "services/runtime_cognition.py", "line": 242, "function": "_continue"}, {"file": "services/wake_perception_thinking_action_service.py", "line": 90, "function": "wake_manual"}, {"file": "services/wake_perception_thinking_action_service.py", "line": 128, "function": "_continue"}, {"file": "services/wake_perception_thinking_action_service.py", "line": 246, "function": "_continue_mind"}, {"file": "services/thinking_service.py", "line": 211, "function": "resume_prepared_provider"}, {"file": "services/thinking_service.py", "line": 232, "function": "_run_provider"}, {"file": "services/wake_perception_thinking_action_service.py", "line": 242, "function": "resume_guard"}, {"file": "services/runtime_cognition.py", "line": 91, "function": "_native_guard"}, {"file": "services/persistent_runtime_service.py", "line": 130, "function": "guard"}], "code": "TEST_NATIVE_EXCEPTION"}], "systemChain": [{"type": "ENGINE_EXCEPTION", "operation": "other", "frames": [{"file": "testing/p18_runtime_fixture.py", "line": 140, "function": "diagnosed_continue"}, {"file": "services/runtime_cognition.py", "line": 242, "function": "_continue"}, {"file": "services/wake_perception_thinking_action_service.py", "line": 90, "function": "wake_manual"}, {"file": "services/wake_perception_thinking_action_service.py", "line": 128, "function": "_continue"}, {"file": "services/wake_perception_thinking_action_service.py", "line": 246, "function": "_continue_mind"}, {"file": "services/thinking_service.py", "line": 211, "function": "resume_prepared_provider"}, {"file": "services/thinking_service.py", "line": 232, "function": "_run_provider"}, {"file": "services/wake_perception_thinking_action_service.py", "line": 242, "function": "resume_guard"}, {"file": "services/runtime_cognition.py", "line": 91, "function": "_native_guard"}, {"file": "services/persistent_runtime_service.py", "line": 130, "function": "guard"}], "errno": null, "winerror": null}], "stateWriteLockOwnedAfterUnwind": false}
{"stage": "native-exception-before-cleanup", "task_id": "cognition:28acae7cf13d956b88186f8afbf40f8bce1f5693dd38b35b9a412efd045f0c7d", "attempt_id": "p11-attempt-710f0796dd08d315cc20f4fbf3fa12cd8bd6eb6c7fa86411bd91fb9454909e00", "chain": [{"frames": [{"file": "testing/p18_runtime_fixture.py", "line": 140, "function": "diagnosed_continue"}, {"file": "services/runtime_cognition.py", "line": 242, "function": "_continue"}, {"file": "services/wake_perception_thinking_action_service.py", "line": 90, "function": "wake_manual"}, {"file": "services/wake_perception_thinking_action_service.py", "line": 128, "function": "_continue"}, {"file": "services/wake_perception_thinking_action_service.py", "line": 246, "function": "_continue_mind"}, {"file": "services/thinking_service.py", "line": 211, "function": "resume_prepared_provider"}, {"file": "services/thinking_service.py", "line": 232, "function": "_run_provider"}, {"file": "services/wake_perception_thinking_action_service.py", "line": 242, "function": "resume_guard"}, {"file": "services/runtime_cognition.py", "line": 91, "function": "_native_guard"}, {"file": "services/persistent_runtime_service.py", "line": 130, "function": "guard"}], "code": "TEST_NATIVE_EXCEPTION"}], "systemChain": [{"type": "ENGINE_EXCEPTION", "operation": "other", "frames": [{"file": "testing/p18_runtime_fixture.py", "line": 140, "function": "diagnosed_continue"}, {"file": "services/runtime_cognition.py", "line": 242, "function": "_continue"}, {"file": "services/wake_perception_thinking_action_service.py", "line": 90, "function": "wake_manual"}, {"file": "services/wake_perception_thinking_action_service.py", "line": 128, "function": "_continue"}, {"file": "services/wake_perception_thinking_action_service.py", "line": 246, "function": "_continue_mind"}, {"file": "services/thinking_service.py", "line": 211, "function": "resume_prepared_provider"}, {"file": "services/thinking_service.py", "line": 232, "function": "_run_provider"}, {"file": "services/wake_perception_thinking_action_service.py", "line": 242, "function": "resume_guard"}, {"file": "services/runtime_cognition.py", "line": 91, "function": "_native_guard"}, {"file": "services/persistent_runtime_service.py", "line": 130, "function": "guard"}], "errno": null, "winerror": null}], "stateWriteLockOwnedAfterUnwind": false}
{"stage": "native-exception-before-cleanup", "task_id": "cognition:28acae7cf13d956b88186f8afbf40f8bce1f5693dd38b35b9a412efd045f0c7d", "attempt_id": "p11-attempt-710f0796dd08d315cc20f4fbf3fa12cd8bd6eb6c7fa86411bd91fb9454909e00", "chain": [{"frames": [{"file": "testing/p18_runtime_fixture.py", "line": 140, "function": "diagnosed_continue"}, {"file": "services/runtime_cognition.py", "line": 242, "function": "_continue"}, {"file": "services/wake_perception_thinking_action_service.py", "line": 90, "function": "wake_manual"}, {"file": "services/wake_perception_thinking_action_service.py", "line": 128, "function": "_continue"}, {"file": "services/wake_perception_thinking_action_service.py", "line": 246, "function": "_continue_mind"}, {"file": "services/thinking_service.py", "line": 211, "function": "resume_prepared_provider"}, {"file": "services/thinking_service.py", "line": 232, "function": "_run_provider"}, {"file": "services/wake_perception_thinking_action_service.py", "line": 242, "function": "resume_guard"}, {"file": "services/runtime_cognition.py", "line": 91, "function": "_native_guard"}, {"file": "services/persistent_runtime_service.py", "line": 130, "function": "guard"}], "code": "TEST_NATIVE_EXCEPTION"}], "systemChain": [{"type": "ENGINE_EXCEPTION", "operation": "other", "frames": [{"file": "testing/p18_runtime_fixture.py", "line": 140, "function": "diagnosed_continue"}, {"file": "services/runtime_cognition.py", "line": 242, "function": "_continue"}, {"file": "services/wake_perception_thinking_action_service.py", "line": 90, "function": "wake_manual"}, {"file": "services/wake_perception_thinking_action_service.py", "line": 128, "function": "_continue"}, {"file": "services/wake_perception_thinking_action_service.py", "line": 246, "function": "_continue_mind"}, {"file": "services/thinking_service.py", "line": 211, "function": "resume_prepared_provider"}, {"file": "services/thinking_service.py", "line": 232, "function": "_run_provider"}, {"file": "services/wake_perception_thinking_action_service.py", "line": 242, "function": "resume_guard"}, {"file": "services/runtime_cognition.py", "line": 91, "function": "_native_guard"}, {"file": "services/persistent_runtime_service.py", "line": 130, "function": "guard"}], "errno": null, "winerror": null}], "stateWriteLockOwnedAfterUnwind": false}
ok
test_reserved_exact_budget_remains_usable_without_second_charge (test_p18_runtime_resume.RuntimeResumeTests.test_reserved_exact_budget_remains_usable_without_second_charge) ... {"stage": "native-exception-before-cleanup", "task_id": "cognition:8d17007cc61e87d83c727b3bda1e61a358cae2397bd49b949c145b4615cc04d0", "attempt_id": "p11-attempt-7b976ca6192202a836a70e68fb4256588a3b0386adef9472f2bbcfa6b5991352", "chain": [{"frames": [{"file": "testing/p18_runtime_fixture.py", "line": 140, "function": "diagnosed_continue"}, {"file": "services/runtime_cognition.py", "line": 242, "function": "_continue"}, {"file": "services/wake_perception_thinking_action_service.py", "line": 90, "function": "wake_manual"}, {"file": "services/wake_perception_thinking_action_service.py", "line": 128, "function": "_continue"}, {"file": "services/wake_perception_thinking_action_service.py", "line": 229, "function": "_continue_mind"}, {"file": "services/thinking_service.py", "line": 190, "function": "handle_perception"}, {"file": "services/thinking_service.py", "line": 232, "function": "_run_provider"}, {"file": "services/wake_perception_thinking_action_service.py", "line": 225, "function": "initial_guard"}, {"file": "services/runtime_cognition.py", "line": 91, "function": "_native_guard"}, {"file": "services/persistent_runtime_service.py", "line": 130, "function": "guard"}], "code": "TEST_NATIVE_EXCEPTION"}], "systemChain": [{"type": "ENGINE_EXCEPTION", "operation": "other", "frames": [{"file": "testing/p18_runtime_fixture.py", "line": 140, "function": "diagnosed_continue"}, {"file": "services/runtime_cognition.py", "line": 242, "function": "_continue"}, {"file": "services/wake_perception_thinking_action_service.py", "line": 90, "function": "wake_manual"}, {"file": "services/wake_perception_thinking_action_service.py", "line": 128, "function": "_continue"}, {"file": "services/wake_perception_thinking_action_service.py", "line": 229, "function": "_continue_mind"}, {"file": "services/thinking_service.py", "line": 190, "function": "handle_perception"}, {"file": "services/thinking_service.py", "line": 232, "function": "_run_provider"}, {"file": "services/wake_perception_thinking_action_service.py", "line": 225, "function": "initial_guard"}, {"file": "services/runtime_cognition.py", "line": 91, "function": "_native_guard"}, {"file": "services/persistent_runtime_service.py", "line": 130, "function": "guard"}], "errno": null, "winerror": null}], "stateWriteLockOwnedAfterUnwind": false}
ok
test_revoke_during_resume_final_guard_blocks_new_call (test_p18_runtime_resume.RuntimeResumeTests.test_revoke_during_resume_final_guard_blocks_new_call) ... {"stage": "native-exception-before-cleanup", "task_id": "cognition:35146be25bcc761b0e102cc1db1eac96296e2be19492d147cdd701b672a0df30", "attempt_id": "p11-attempt-afe6942a211a366b53febac5eaae1ebbe9774e92e3e4ea839f2a5bbbf14a3d21", "chain": [{"frames": [{"file": "testing/p18_runtime_fixture.py", "line": 140, "function": "diagnosed_continue"}, {"file": "services/runtime_cognition.py", "line": 242, "function": "_continue"}, {"file": "services/wake_perception_thinking_action_service.py", "line": 90, "function": "wake_manual"}, {"file": "services/wake_perception_thinking_action_service.py", "line": 128, "function": "_continue"}, {"file": "services/wake_perception_thinking_action_service.py", "line": 229, "function": "_continue_mind"}, {"file": "services/thinking_service.py", "line": 190, "function": "handle_perception"}, {"file": "services/thinking_service.py", "line": 232, "function": "_run_provider"}, {"file": "services/wake_perception_thinking_action_service.py", "line": 225, "function": "initial_guard"}, {"file": "services/runtime_cognition.py", "line": 91, "function": "_native_guard"}, {"file": "services/persistent_runtime_service.py", "line": 130, "function": "guard"}], "code": "TEST_NATIVE_EXCEPTION"}], "systemChain": [{"type": "ENGINE_EXCEPTION", "operation": "other", "frames": [{"file": "testing/p18_runtime_fixture.py", "line": 140, "function": "diagnosed_continue"}, {"file": "services/runtime_cognition.py", "line": 242, "function": "_continue"}, {"file": "services/wake_perception_thinking_action_service.py", "line": 90, "function": "wake_manual"}, {"file": "services/wake_perception_thinking_action_service.py", "line": 128, "function": "_continue"}, {"file": "services/wake_perception_thinking_action_service.py", "line": 229, "function": "_continue_mind"}, {"file": "services/thinking_service.py", "line": 190, "function": "handle_perception"}, {"file": "services/thinking_service.py", "line": 232, "function": "_run_provider"}, {"file": "services/wake_perception_thinking_action_service.py", "line": 225, "function": "initial_guard"}, {"file": "services/runtime_cognition.py", "line": 91, "function": "_native_guard"}, {"file": "services/persistent_runtime_service.py", "line": 130, "function": "guard"}], "errno": null, "winerror": null}], "stateWriteLockOwnedAfterUnwind": false}
{"stage": "native-exception-before-cleanup", "task_id": "cognition:35146be25bcc761b0e102cc1db1eac96296e2be19492d147cdd701b672a0df30", "attempt_id": "p11-attempt-afe6942a211a366b53febac5eaae1ebbe9774e92e3e4ea839f2a5bbbf14a3d21", "chain": [{"frames": [{"file": "testing/p18_runtime_fixture.py", "line": 140, "function": "diagnosed_continue"}, {"file": "services/runtime_cognition.py", "line": 242, "function": "_continue"}, {"file": "services/wake_perception_thinking_action_service.py", "line": 90, "function": "wake_manual"}, {"file": "services/wake_perception_thinking_action_service.py", "line": 128, "function": "_continue"}, {"file": "services/wake_perception_thinking_action_service.py", "line": 246, "function": "_continue_mind"}, {"file": "services/thinking_service.py", "line": 211, "function": "resume_prepared_provider"}, {"file": "services/thinking_service.py", "line": 295, "function": "_run_provider"}], "code": "TEST_NATIVE_EXCEPTION"}, {"frames": [{"file": "services/thinking_service.py", "line": 232, "function": "_run_provider"}, {"file": "services/wake_perception_thinking_action_service.py", "line": 244, "function": "resume_guard"}, {"file": "services/continuity_core_service.py", "line": 541, "function": "before_thinking"}], "code": "TEST_NATIVE_EXCEPTION"}], "systemChain": [{"type": "ENGINE_EXCEPTION", "operation": "other", "frames": [{"file": "testing/p18_runtime_fixture.py", "line": 140, "function": "diagnosed_continue"}, {"file": "services/runtime_cognition.py", "line": 242, "function": "_continue"}, {"file": "services/wake_perception_thinking_action_service.py", "line": 90, "function": "wake_manual"}, {"file": "services/wake_perception_thinking_action_service.py", "line": 128, "function": "_continue"}, {"file": "services/wake_perception_thinking_action_service.py", "line": 246, "function": "_continue_mind"}, {"file": "services/thinking_service.py", "line": 211, "function": "resume_prepared_provider"}, {"file": "services/thinking_service.py", "line": 295, "function": "_run_provider"}], "errno": null, "winerror": null}, {"type": "ENGINE_EXCEPTION", "operation": "other", "frames": [{"file": "services/thinking_service.py", "line": 232, "function": "_run_provider"}, {"file": "services/wake_perception_thinking_action_service.py", "line": 244, "function": "resume_guard"}, {"file": "services/continuity_core_service.py", "line": 541, "function": "before_thinking"}], "errno": null, "winerror": null}], "stateWriteLockOwnedAfterUnwind": false}
{"stage": "native-exception-before-cleanup", "task_id": "cognition:af43d42337baf1dec540e5cf54501a7fcb0081efccbb048fe0b5dd9eba40b179", "attempt_id": "p11-attempt-a13962d638c304c128ed453d72f9f1c0a6f2c248adc0680de38dd70b19b500f3", "chain": [{"frames": [{"file": "testing/p18_runtime_fixture.py", "line": 140, "function": "diagnosed_continue"}, {"file": "services/runtime_cognition.py", "line": 242, "function": "_continue"}, {"file": "services/wake_perception_thinking_action_service.py", "line": 90, "function": "wake_manual"}, {"file": "services/wake_perception_thinking_action_service.py", "line": 128, "function": "_continue"}, {"file": "services/wake_perception_thinking_action_service.py", "line": 221, "function": "_continue_mind"}, {"file": "services/continuity_core_service.py", "line": 350, "function": "prepare"}, {"file": "services/continuity_core_service.py", "line": 418, "function": "_prepare"}, {"file": "services/dynamic_mind_service.py", "line": 317, "function": "capture"}], "code": "TEST_NATIVE_EXCEPTION"}], "systemChain": [{"type": "ENGINE_EXCEPTION", "operation": "other", "frames": [{"file": "testing/p18_runtime_fixture.py", "line": 140, "function": "diagnosed_continue"}, {"file": "services/runtime_cognition.py", "line": 242, "function": "_continue"}, {"file": "services/wake_perception_thinking_action_service.py", "line": 90, "function": "wake_manual"}, {"file": "services/wake_perception_thinking_action_service.py", "line": 128, "function": "_continue"}, {"file": "services/wake_perception_thinking_action_service.py", "line": 221, "function": "_continue_mind"}, {"file": "services/continuity_core_service.py", "line": 350, "function": "prepare"}, {"file": "services/continuity_core_service.py", "line": 418, "function": "_prepare"}, {"file": "services/dynamic_mind_service.py", "line": 317, "function": "capture"}], "errno": null, "winerror": null}], "stateWriteLockOwnedAfterUnwind": false}
{"stage": "native-exception-before-cleanup", "task_id": "cognition:af43d42337baf1dec540e5cf54501a7fcb0081efccbb048fe0b5dd9eba40b179", "attempt_id": "p11-attempt-6644d97198ad994665e27ed9bb6924466edd9718485b1ae5b2717f5dc4e19603", "chain": [{"frames": [{"file": "testing/p18_runtime_fixture.py", "line": 140, "function": "diagnosed_continue"}, {"file": "services/runtime_cognition.py", "line": 242, "function": "_continue"}, {"file": "services/wake_perception_thinking_action_service.py", "line": 90, "function": "wake_manual"}, {"file": "services/wake_perception_thinking_action_service.py", "line": 128, "function": "_continue"}, {"file": "services/wake_perception_thinking_action_service.py", "line": 221, "function": "_continue_mind"}, {"file": "services/continuity_core_service.py", "line": 350, "function": "prepare"}, {"file": "services/continuity_core_service.py", "line": 418, "function": "_prepare"}, {"file": "services/dynamic_mind_service.py", "line": 317, "function": "capture"}], "code": "TEST_NATIVE_EXCEPTION"}], "systemChain": [{"type": "ENGINE_EXCEPTION", "operation": "other", "frames": [{"file": "testing/p18_runtime_fixture.py", "line": 140, "function": "diagnosed_continue"}, {"file": "services/runtime_cognition.py", "line": 242, "function": "_continue"}, {"file": "services/wake_perception_thinking_action_service.py", "line": 90, "function": "wake_manual"}, {"file": "services/wake_perception_thinking_action_service.py", "line": 128, "function": "_continue"}, {"file": "services/wake_perception_thinking_action_service.py", "line": 221, "function": "_continue_mind"}, {"file": "services/continuity_core_service.py", "line": 350, "function": "prepare"}, {"file": "services/continuity_core_service.py", "line": 418, "function": "_prepare"}, {"file": "services/dynamic_mind_service.py", "line": 317, "function": "capture"}], "errno": null, "winerror": null}], "stateWriteLockOwnedAfterUnwind": false}
ok
test_second_cycle_pause_resumes_without_replaying_first (test_p18_runtime_resume.RuntimeResumeTests.test_second_cycle_pause_resumes_without_replaying_first) ... {"stage": "native-exception-before-cleanup", "task_id": "cognition:8a13b58bd7caa36f86a5a81ae4db88b55fb5533c793454d5b67c101a9b3cafb6", "attempt_id": "p11-attempt-fc9ba3819d2ee5bbf27fe31da97f3ded600c47ab2d3108849b7789e0597f9fb1", "chain": [{"frames": [{"file": "testing/p18_runtime_fixture.py", "line": 140, "function": "diagnosed_continue"}, {"file": "services/runtime_cognition.py", "line": 242, "function": "_continue"}, {"file": "services/wake_perception_thinking_action_service.py", "line": 90, "function": "wake_manual"}, {"file": "services/wake_perception_thinking_action_service.py", "line": 128, "function": "_continue"}, {"file": "services/wake_perception_thinking_action_service.py", "line": 229, "function": "_continue_mind"}, {"file": "services/thinking_service.py", "line": 190, "function": "handle_perception"}, {"file": "services/thinking_service.py", "line": 232, "function": "_run_provider"}, {"file": "services/wake_perception_thinking_action_service.py", "line": 225, "function": "initial_guard"}, {"file": "services/runtime_cognition.py", "line": 91, "function": "_native_guard"}, {"file": "services/persistent_runtime_service.py", "line": 130, "function": "guard"}], "code": "TEST_NATIVE_EXCEPTION"}], "systemChain": [{"type": "ENGINE_EXCEPTION", "operation": "other", "frames": [{"file": "testing/p18_runtime_fixture.py", "line": 140, "function": "diagnosed_continue"}, {"file": "services/runtime_cognition.py", "line": 242, "function": "_continue"}, {"file": "services/wake_perception_thinking_action_service.py", "line": 90, "function": "wake_manual"}, {"file": "services/wake_perception_thinking_action_service.py", "line": 128, "function": "_continue"}, {"file": "services/wake_perception_thinking_action_service.py", "line": 229, "function": "_continue_mind"}, {"file": "services/thinking_service.py", "line": 190, "function": "handle_perception"}, {"file": "services/thinking_service.py", "line": 232, "function": "_run_provider"}, {"file": "services/wake_perception_thinking_action_service.py", "line": 225, "function": "initial_guard"}, {"file": "services/runtime_cognition.py", "line": 91, "function": "_native_guard"}, {"file": "services/persistent_runtime_service.py", "line": 130, "function": "guard"}], "errno": null, "winerror": null}], "stateWriteLockOwnedAfterUnwind": false}
ok
test_stop_does_not_revive_deferred_session (test_p18_runtime_resume.RuntimeResumeTests.test_stop_does_not_revive_deferred_session) ... {"stage": "native-exception-before-cleanup", "task_id": "cognition:ea21c323b60adb77bd57c5ac4c0878f37a40191062410408876f67c0127e76fa", "attempt_id": "p11-attempt-3ed1665a5b5c194a0f9fc0418cf8cbef8a2b4075762705dad8ea738ccdf85830", "chain": [{"frames": [{"file": "testing/p18_runtime_fixture.py", "line": 140, "function": "diagnosed_continue"}, {"file": "services/runtime_cognition.py", "line": 242, "function": "_continue"}, {"file": "services/wake_perception_thinking_action_service.py", "line": 90, "function": "wake_manual"}, {"file": "services/wake_perception_thinking_action_service.py", "line": 128, "function": "_continue"}, {"file": "services/wake_perception_thinking_action_service.py", "line": 229, "function": "_continue_mind"}, {"file": "services/thinking_service.py", "line": 190, "function": "handle_perception"}, {"file": "services/thinking_service.py", "line": 232, "function": "_run_provider"}, {"file": "services/wake_perception_thinking_action_service.py", "line": 225, "function": "initial_guard"}, {"file": "services/runtime_cognition.py", "line": 91, "function": "_native_guard"}, {"file": "services/persistent_runtime_service.py", "line": 130, "function": "guard"}], "code": "TEST_NATIVE_EXCEPTION"}], "systemChain": [{"type": "ENGINE_EXCEPTION", "operation": "other", "frames": [{"file": "testing/p18_runtime_fixture.py", "line": 140, "function": "diagnosed_continue"}, {"file": "services/runtime_cognition.py", "line": 242, "function": "_continue"}, {"file": "services/wake_perception_thinking_action_service.py", "line": 90, "function": "wake_manual"}, {"file": "services/wake_perception_thinking_action_service.py", "line": 128, "function": "_continue"}, {"file": "services/wake_perception_thinking_action_service.py", "line": 229, "function": "_continue_mind"}, {"file": "services/thinking_service.py", "line": 190, "function": "handle_perception"}, {"file": "services/thinking_service.py", "line": 232, "function": "_run_provider"}, {"file": "services/wake_perception_thinking_action_service.py", "line": 225, "function": "initial_guard"}, {"file": "services/runtime_cognition.py", "line": 91, "function": "_native_guard"}, {"file": "services/persistent_runtime_service.py", "line": 130, "function": "guard"}], "errno": null, "winerror": null}], "stateWriteLockOwnedAfterUnwind": false}
ok
test_test_diagnostics_do_not_print_provider_exception_material (test_p18_runtime_resume.RuntimeResumeTests.test_test_diagnostics_do_not_print_provider_exception_material) ... ok
test_checkpoint_cleanup_existing_cause_is_not_overwritten (test_p18_storage_exceptions.StorageExceptionEvidenceTests.test_checkpoint_cleanup_existing_cause_is_not_overwritten) ... ok
test_checkpoint_revision_refusal_cleanup_failure_keeps_native_error (test_p18_storage_exceptions.StorageExceptionEvidenceTests.test_checkpoint_revision_refusal_cleanup_failure_keeps_native_error) ... ok
test_checkpoint_revision_refusal_cleanup_success_keeps_native_error (test_p18_storage_exceptions.StorageExceptionEvidenceTests.test_checkpoint_revision_refusal_cleanup_success_keeps_native_error) ... ok
test_deferred_and_cleanup_shared_native_cause_does_not_create_cycle (test_p18_storage_exceptions.StorageExceptionEvidenceTests.test_deferred_and_cleanup_shared_native_cause_does_not_create_cycle) ... ok
test_deferred_native_error_and_cleanup_existing_cause_are_preserved (test_p18_storage_exceptions.StorageExceptionEvidenceTests.test_deferred_native_error_and_cleanup_existing_cause_are_preserved) ... ok
test_subject_authorization_refusal_cleanup_failure_keeps_native_error (test_p18_storage_exceptions.StorageExceptionEvidenceTests.test_subject_authorization_refusal_cleanup_failure_keeps_native_error) ... ok
test_subject_authorization_refusal_cleanup_success_keeps_native_error (test_p18_storage_exceptions.StorageExceptionEvidenceTests.test_subject_authorization_refusal_cleanup_success_keeps_native_error) ... ok
test_subject_cleanup_existing_cause_and_both_primary_branches_remain (test_p18_storage_exceptions.StorageExceptionEvidenceTests.test_subject_cleanup_existing_cause_and_both_primary_branches_remain) ... ok
test_subject_explicit_authorization_cause_and_native_context_both_remain (test_p18_storage_exceptions.StorageExceptionEvidenceTests.test_subject_explicit_authorization_cause_and_native_context_both_remain) ... ok
test_successful_storage_commits_keep_original_revision_and_cleanup_semantics (test_p18_storage_exceptions.StorageExceptionEvidenceTests.test_successful_storage_commits_keep_original_revision_and_cleanup_semantics) ... ok
test_budget_is_one_deadline_not_renewed_by_each_native_refusal (test_p18_storage_retry.StorageRetryTests.test_budget_is_one_deadline_not_renewed_by_each_native_refusal) ... ok
test_copied_context_after_transaction_exit_cannot_authorize_retry (test_p18_storage_retry.StorageRetryTests.test_copied_context_after_transaction_exit_cannot_authorize_retry) ... ok
test_copied_context_on_another_thread_does_not_convey_transaction_retry (test_p18_storage_retry.StorageRetryTests.test_copied_context_on_another_thread_does_not_convey_transaction_retry) ... ok
test_current_authorization_failure_is_not_retried_or_swallowed (test_p18_storage_retry.StorageRetryTests.test_current_authorization_failure_is_not_retried_or_swallowed) ... ok
test_native_readonly_target_remains_refused_and_readonly (test_p18_storage_retry.StorageRetryTests.test_native_readonly_target_remains_refused_and_readonly) ... ok
test_prepared_file_change_before_replace_helper_is_not_adopted (test_p18_storage_retry.StorageRetryTests.test_prepared_file_change_before_replace_helper_is_not_adopted) ... ok
test_runtime_bound_sustained_refusal_defers_without_claiming_commit (test_p18_storage_retry.StorageRetryTests.test_runtime_bound_sustained_refusal_defers_without_claiming_commit) ... ok
test_runtime_changed_prepared_document_aborts_before_second_replace (test_p18_storage_retry.StorageRetryTests.test_runtime_changed_prepared_document_aborts_before_second_replace) ... ok
test_runtime_cleanup_error_preserves_original_native_error_chain (test_p18_storage_retry.StorageRetryTests.test_runtime_cleanup_error_preserves_original_native_error_chain) ... ok
test_runtime_newer_committed_control_cannot_be_overwritten (test_p18_storage_retry.StorageRetryTests.test_runtime_newer_committed_control_cannot_be_overwritten) ... ok
test_runtime_released_before_classification_keeps_transaction_binding (test_p18_storage_retry.StorageRetryTests.test_runtime_released_before_classification_keeps_transaction_binding) ... ok
test_runtime_save_outside_transaction_does_not_inherit_retry (test_p18_storage_retry.StorageRetryTests.test_runtime_save_outside_transaction_does_not_inherit_retry) ... ok
test_runtime_unbound_fixed_error_is_not_a_deferred_commit (test_p18_storage_retry.StorageRetryTests.test_runtime_unbound_fixed_error_is_not_a_deferred_commit) ... ok
test_subject_bound_sustained_refusal_is_bounded_and_preserves_record (test_p18_storage_retry.StorageRetryTests.test_subject_bound_sustained_refusal_is_bounded_and_preserves_record) ... ok
test_subject_changed_target_or_temporary_aborts_before_second_replace (test_p18_storage_retry.StorageRetryTests.test_subject_changed_target_or_temporary_aborts_before_second_replace) ... ok
test_subject_no_explicit_authorization_keeps_one_bound_attempt (test_p18_storage_retry.StorageRetryTests.test_subject_no_explicit_authorization_keeps_one_bound_attempt) ... ok
test_subject_released_before_classification_commits_only_once (test_p18_storage_retry.StorageRetryTests.test_subject_released_before_classification_commits_only_once) ... ok
test_subject_unbound_fixed_error_keeps_one_attempt_and_zero_guard (test_p18_storage_retry.StorageRetryTests.test_subject_unbound_fixed_error_keeps_one_attempt_and_zero_guard) ... ok
test_success_followed_by_return_loss_never_replaces_a_second_time (test_p18_storage_retry.StorageRetryTests.test_success_followed_by_return_loss_never_replaces_a_second_time) ... ok
test_real_host_survives_exhausted_checkpoint_and_resumes_without_chat (test_p18_storage_runtime.RuntimeStorageProcessTests.test_real_host_survives_exhausted_checkpoint_and_resumes_without_chat) ... ok
test_checkpoint_committed_but_return_lost_replays_original_control (test_p18_storage_runtime.RuntimeStorageTests.test_checkpoint_committed_but_return_lost_replays_original_control) ... ok
test_completed_effect_with_busy_observation_is_not_dispatched_again (test_p18_storage_runtime.RuntimeStorageTests.test_completed_effect_with_busy_observation_is_not_dispatched_again) ... RUNTIME_CHECKPOINT_BUSY
RUNTIME_CHECKPOINT_AVAILABLE
ok
test_pause_storage_refusal_has_no_command_and_replays_once_after_release (test_p18_storage_runtime.RuntimeStorageTests.test_pause_storage_refusal_has_no_command_and_replays_once_after_release) ... ok
test_paused_checkpoint_storage_busy_does_not_end_host (test_p18_storage_runtime.RuntimeStorageTests.test_paused_checkpoint_storage_busy_does_not_end_host) ... RUNTIME_CHECKPOINT_BUSY
RUNTIME_CHECKPOINT_AVAILABLE
ok
test_resource_wait_checkpoint_exhaustion_preserves_frozen_host_and_control (test_p18_storage_runtime.RuntimeStorageTests.test_resource_wait_checkpoint_exhaustion_preserves_frozen_host_and_control) ... RUNTIME_CHECKPOINT_AVAILABLE
ok
test_stop_storage_refusal_has_no_command_and_is_terminal_after_commit (test_p18_storage_runtime.RuntimeStorageTests.test_stop_storage_refusal_has_no_command_and_is_terminal_after_commit) ... ok
test_subject_state_long_reader_allows_maintenance_then_original_fact_recovery (test_p18_storage_runtime.RuntimeStorageTests.test_subject_state_long_reader_allows_maintenance_then_original_fact_recovery) ... {"stage": "persistence-failure-before-unwind", "code": "TEST_STATE_SAVE_FAILED", "file": "subject-state/e20d9e4fdbbe320f2460fa2d259d2c1106f475e60d4d8459912b99b09cb38cc9.json", "before": {"hash": "239d55564e638c2b5d1b463ca8f10a34174081e681e617ad8145fdd36ff9419f", "revision": 1}, "after": {"hash": "239d55564e638c2b5d1b463ca8f10a34174081e681e617ad8145fdd36ff9419f", "revision": 1}, "expectedRevision": 1, "targetRevision": 2, "updateIdentityHash": "d46f2b2e8696032784e883b276a6dbce69a634ae4bbf4e8de67e4dd9cbd6a6bc", "eventIdentityHash": "94a72dc4e57e3931e1331b9ad7c0cc01207a8ed2a67a76cf91bb73fa029db318", "identityHashes": {"action_session_id": "6cbfd547801fce78e65394738c90f284828dc9c160a753edb379a45a9e4ce6b1", "action_decision_id": "74b2b61a7f79cdbff6d066aef6efccd6e4e414a116455812d3feb3c8faf2ebf9", "action_plan_id": "7329d3aea6613595235e7897a51314c260f479aad7767405315e932e5c95f7c7", "think_id": "6ae199e155018d6d81db58d97795b100c65d46afde771ed4594eb77eb8cd487c", "wake_session_id": "28e73bd3d63682a384bbfb311daf009810cd4cd194c5a7559116c8fe1799841e", "perception_id": "b2b8375c95f16f544921e97f38a2bb667146f146cd114201aeaed9370a163e2a", "thinking_result_id": "21db34385e35846491943815360d1d9fd575dd8bb31cd645d1a887a60e86986c"}, "pid": 14704, "thread": 11400, "lockOwnedAtWrite": true, "lockOwnedAtException": true, "elapsedSeconds": 0.273108, "chain": [{"type": "PermissionError", "operation": "replace", "frames": [{"file": "testing/p18_persistence_diagnostics.py", "line": 68, "function": "write"}, {"file": "storage/json_repository.py", "line": 508, "function": "_write_payload"}, {"file": "storage/json_repository.py", "line": 190, "function": "_replace_payload"}], "errno": 13, "winerror": 5}], "context": {"task_id": "cognition:bd631637fe049250bba831e7a4d2acbbb57fb79df23979aa422e9d8393c2f55b", "attempt_id": "p11-attempt-a71dbaaf2a9e7069666c81266b25b571c3157e89137f031b64290b467898d879"}}
{"stage": "native-exception-before-cleanup", "task_id": "cognition:bd631637fe049250bba831e7a4d2acbbb57fb79df23979aa422e9d8393c2f55b", "attempt_id": "p11-attempt-a71dbaaf2a9e7069666c81266b25b571c3157e89137f031b64290b467898d879", "chain": [{"frames": [{"file": "testing/p18_runtime_fixture.py", "line": 140, "function": "diagnosed_continue"}, {"file": "services/runtime_cognition.py", "line": 242, "function": "_continue"}, {"file": "services/wake_perception_thinking_action_service.py", "line": 90, "function": "wake_manual"}, {"file": "services/wake_perception_thinking_action_service.py", "line": 128, "function": "_continue"}, {"file": "services/wake_perception_thinking_action_service.py", "line": 356, "function": "_continue_mind"}, {"file": "services/action_evolution_service.py", "line": 78, "function": "evolve"}, {"file": "services/subject_state_service.py", "line": 79, "function": "apply_event"}, {"file": "services/subject_state_service.py", "line": 149, "function": "_apply_event"}, {"file": "storage/json_repository.py", "line": 326, "function": "save_transition"}, {"file": "testing/p18_persistence_diagnostics.py", "line": 68, "function": "write"}, {"file": "storage/json_repository.py", "line": 508, "function": "_write_payload"}, {"file": "storage/json_repository.py", "line": 190, "function": "_replace_payload"}], "code": "TEST_NATIVE_EXCEPTION"}], "systemChain": [{"type": "PermissionError", "operation": "replace", "frames": [{"file": "testing/p18_runtime_fixture.py", "line": 140, "function": "diagnosed_continue"}, {"file": "services/runtime_cognition.py", "line": 242, "function": "_continue"}, {"file": "services/wake_perception_thinking_action_service.py", "line": 90, "function": "wake_manual"}, {"file": "services/wake_perception_thinking_action_service.py", "line": 128, "function": "_continue"}, {"file": "services/wake_perception_thinking_action_service.py", "line": 356, "function": "_continue_mind"}, {"file": "services/action_evolution_service.py", "line": 78, "function": "evolve"}, {"file": "services/subject_state_service.py", "line": 79, "function": "apply_event"}, {"file": "services/subject_state_service.py", "line": 149, "function": "_apply_event"}, {"file": "storage/json_repository.py", "line": 326, "function": "save_transition"}, {"file": "testing/p18_persistence_diagnostics.py", "line": 68, "function": "write"}, {"file": "storage/json_repository.py", "line": 508, "function": "_write_payload"}, {"file": "storage/json_repository.py", "line": 190, "function": "_replace_payload"}], "errno": 13, "winerror": 5}], "stateWriteLockOwnedAfterUnwind": false}
{"stage": "persistence-failure-before-unwind", "code": "TEST_STATE_SAVE_FAILED", "file": "subject-state/e20d9e4fdbbe320f2460fa2d259d2c1106f475e60d4d8459912b99b09cb38cc9.json", "before": {"hash": "2a610be12a523ae45eb46fb621958f3a9f1ff1eb2860abcc936fc9ef62cf2f90", "revision": 1}, "after": {"hash": "2a610be12a523ae45eb46fb621958f3a9f1ff1eb2860abcc936fc9ef62cf2f90", "revision": 1}, "expectedRevision": 1, "targetRevision": 2, "updateIdentityHash": "4b2c181842776b656235aa1c362aca31fa6d62e264f3721a593c454813be8d81", "eventIdentityHash": "94a72dc4e57e3931e1331b9ad7c0cc01207a8ed2a67a76cf91bb73fa029db318", "identityHashes": {"action_session_id": "6cbfd547801fce78e65394738c90f284828dc9c160a753edb379a45a9e4ce6b1", "action_decision_id": "74b2b61a7f79cdbff6d066aef6efccd6e4e414a116455812d3feb3c8faf2ebf9", "action_plan_id": "7329d3aea6613595235e7897a51314c260f479aad7767405315e932e5c95f7c7", "think_id": "6ae199e155018d6d81db58d97795b100c65d46afde771ed4594eb77eb8cd487c", "wake_session_id": "28e73bd3d63682a384bbfb311daf009810cd4cd194c5a7559116c8fe1799841e", "perception_id": "b2b8375c95f16f544921e97f38a2bb667146f146cd114201aeaed9370a163e2a", "thinking_result_id": "21db34385e35846491943815360d1d9fd575dd8bb31cd645d1a887a60e86986c"}, "pid": 14704, "thread": 11400, "lockOwnedAtWrite": true, "lockOwnedAtException": true, "elapsedSeconds": 0.261214, "chain": [{"type": "PermissionError", "operation": "replace", "frames": [{"file": "testing/p18_persistence_diagnostics.py", "line": 68, "function": "write"}, {"file": "storage/json_repository.py", "line": 508, "function": "_write_payload"}, {"file": "storage/json_repository.py", "line": 190, "function": "_replace_payload"}], "errno": 13, "winerror": 5}], "context": {"task_id": "cognition:bd631637fe049250bba831e7a4d2acbbb57fb79df23979aa422e9d8393c2f55b", "attempt_id": "p11-attempt-a71dbaaf2a9e7069666c81266b25b571c3157e89137f031b64290b467898d879"}}
{"stage": "native-exception-before-cleanup", "task_id": "cognition:bd631637fe049250bba831e7a4d2acbbb57fb79df23979aa422e9d8393c2f55b", "attempt_id": "p11-attempt-a71dbaaf2a9e7069666c81266b25b571c3157e89137f031b64290b467898d879", "chain": [{"frames": [{"file": "testing/p18_runtime_fixture.py", "line": 140, "function": "diagnosed_continue"}, {"file": "services/runtime_cognition.py", "line": 242, "function": "_continue"}, {"file": "services/wake_perception_thinking_action_service.py", "line": 90, "function": "wake_manual"}, {"file": "services/wake_perception_thinking_action_service.py", "line": 128, "function": "_continue"}, {"file": "services/wake_perception_thinking_action_service.py", "line": 356, "function": "_continue_mind"}, {"file": "services/action_evolution_service.py", "line": 78, "function": "evolve"}, {"file": "services/subject_state_service.py", "line": 79, "function": "apply_event"}, {"file": "services/subject_state_service.py", "line": 149, "function": "_apply_event"}, {"file": "storage/json_repository.py", "line": 326, "function": "save_transition"}, {"file": "testing/p18_persistence_diagnostics.py", "line": 68, "function": "write"}, {"file": "storage/json_repository.py", "line": 508, "function": "_write_payload"}, {"file": "storage/json_repository.py", "line": 190, "function": "_replace_payload"}], "code": "TEST_NATIVE_EXCEPTION"}], "systemChain": [{"type": "PermissionError", "operation": "replace", "frames": [{"file": "testing/p18_runtime_fixture.py", "line": 140, "function": "diagnosed_continue"}, {"file": "services/runtime_cognition.py", "line": 242, "function": "_continue"}, {"file": "services/wake_perception_thinking_action_service.py", "line": 90, "function": "wake_manual"}, {"file": "services/wake_perception_thinking_action_service.py", "line": 128, "function": "_continue"}, {"file": "services/wake_perception_thinking_action_service.py", "line": 356, "function": "_continue_mind"}, {"file": "services/action_evolution_service.py", "line": 78, "function": "evolve"}, {"file": "services/subject_state_service.py", "line": 79, "function": "apply_event"}, {"file": "services/subject_state_service.py", "line": 149, "function": "_apply_event"}, {"file": "storage/json_repository.py", "line": 326, "function": "save_transition"}, {"file": "testing/p18_persistence_diagnostics.py", "line": 68, "function": "write"}, {"file": "storage/json_repository.py", "line": 508, "function": "_write_payload"}, {"file": "storage/json_repository.py", "line": 190, "function": "_replace_payload"}], "errno": 13, "winerror": 5}], "stateWriteLockOwnedAfterUnwind": false}
ok
test_broker_revoked_during_thinking_does_not_erase_internal_proposal (test_pre_p19_autonomy_execution.AutonomyExecutionTests.test_broker_revoked_during_thinking_does_not_erase_internal_proposal) ... ok
test_current_world_resource_refusal_keeps_independent_mind_commit (test_pre_p19_autonomy_execution.AutonomyExecutionTests.test_current_world_resource_refusal_keeps_independent_mind_commit) ... ok
test_denial_reopen_recovers_internal_fact_without_resubmitting (test_pre_p19_autonomy_execution.AutonomyExecutionTests.test_denial_reopen_recovers_internal_fact_without_resubmitting) ... ok
test_denied_reality_keeps_experience_formed_commitment_for_next_cognition (test_pre_p19_autonomy_execution.AutonomyExecutionTests.test_denied_reality_keeps_experience_formed_commitment_for_next_cognition) ... ok
test_external_gate_does_not_decide_whether_intent_exists (test_pre_p19_autonomy_execution.AutonomyExecutionTests.test_external_gate_does_not_decide_whether_intent_exists) ... ok
test_mixed_provider_proposal_cannot_assert_an_unperformed_effect (test_pre_p19_autonomy_execution.AutonomyExecutionTests.test_mixed_provider_proposal_cannot_assert_an_unperformed_effect) ... ok
test_normal_action_and_internal_commit_remain_once (test_pre_p19_autonomy_execution.AutonomyExecutionTests.test_normal_action_and_internal_commit_remain_once) ... ok
test_normal_c1_input_preserves_internal_commit_on_reality_refusal (test_pre_p19_autonomy_execution.AutonomyExecutionTests.test_normal_c1_input_preserves_internal_commit_on_reality_refusal) ... ok
test_platform_denial_preserves_intent_without_dispatch (test_pre_p19_autonomy_execution.AutonomyExecutionTests.test_platform_denial_preserves_intent_without_dispatch) ... ok
test_reality_refusal_keeps_independent_mind_commit (test_pre_p19_autonomy_execution.AutonomyExecutionTests.test_reality_refusal_keeps_independent_mind_commit) ... ok
test_refused_effect_internal_commit_survives_crashes_before_and_after_write (test_pre_p19_autonomy_execution.AutonomyExecutionTests.test_refused_effect_internal_commit_survives_crashes_before_and_after_write) ... {"stage": "native-exception-before-cleanup", "task_id": "cognition:8798dbc3b3598ab702abfce654b3f4bdab8d860c2dea399a677e241edfa71063", "attempt_id": "p11-attempt-969872dc6a05f6ab573465e322740356a6477409bdb9d96c5a0331ec72820888", "chain": [{"frames": [{"file": "testing/p18_runtime_fixture.py", "line": 140, "function": "diagnosed_continue"}, {"file": "services/runtime_cognition.py", "line": 242, "function": "_continue"}, {"file": "services/wake_perception_thinking_action_service.py", "line": 90, "function": "wake_manual"}, {"file": "services/wake_perception_thinking_action_service.py", "line": 128, "function": "_continue"}, {"file": "services/wake_perception_thinking_action_service.py", "line": 333, "function": "_continue_mind"}, {"file": "services/runtime_cognition.py", "line": 84, "function": "<lambda>"}, {"file": "testing/p18_runtime_fixture.py", "line": 126, "function": "<lambda>"}], "code": "TEST_NATIVE_EXCEPTION"}], "systemChain": [{"type": "ENGINE_EXCEPTION", "operation": "other", "frames": [{"file": "testing/p18_runtime_fixture.py", "line": 140, "function": "diagnosed_continue"}, {"file": "services/runtime_cognition.py", "line": 242, "function": "_continue"}, {"file": "services/wake_perception_thinking_action_service.py", "line": 90, "function": "wake_manual"}, {"file": "services/wake_perception_thinking_action_service.py", "line": 128, "function": "_continue"}, {"file": "services/wake_perception_thinking_action_service.py", "line": 333, "function": "_continue_mind"}, {"file": "services/runtime_cognition.py", "line": 84, "function": "<lambda>"}, {"file": "testing/p18_runtime_fixture.py", "line": 126, "function": "<lambda>"}], "errno": null, "winerror": null}], "stateWriteLockOwnedAfterUnwind": false}
{"stage": "native-exception-before-cleanup", "task_id": "cognition:337ecee0f0d6995b1750cf22d4db30b4f3f95fd488c55ad54fca667762a40862", "attempt_id": "p11-attempt-f8a91c42b15d0ac88cdc9e118fc28e071ccd222ca10b07edb7e67b6a99d682f9", "chain": [{"frames": [{"file": "testing/p18_runtime_fixture.py", "line": 140, "function": "diagnosed_continue"}, {"file": "services/runtime_cognition.py", "line": 242, "function": "_continue"}, {"file": "services/wake_perception_thinking_action_service.py", "line": 90, "function": "wake_manual"}, {"file": "services/wake_perception_thinking_action_service.py", "line": 128, "function": "_continue"}, {"file": "services/wake_perception_thinking_action_service.py", "line": 359, "function": "_continue_mind"}, {"file": "services/runtime_cognition.py", "line": 84, "function": "<lambda>"}, {"file": "testing/p18_runtime_fixture.py", "line": 126, "function": "<lambda>"}], "code": "TEST_NATIVE_EXCEPTION"}], "systemChain": [{"type": "ENGINE_EXCEPTION", "operation": "other", "frames": [{"file": "testing/p18_runtime_fixture.py", "line": 140, "function": "diagnosed_continue"}, {"file": "services/runtime_cognition.py", "line": 242, "function": "_continue"}, {"file": "services/wake_perception_thinking_action_service.py", "line": 90, "function": "wake_manual"}, {"file": "services/wake_perception_thinking_action_service.py", "line": 128, "function": "_continue"}, {"file": "services/wake_perception_thinking_action_service.py", "line": 359, "function": "_continue_mind"}, {"file": "services/runtime_cognition.py", "line": 84, "function": "<lambda>"}, {"file": "testing/p18_runtime_fixture.py", "line": 126, "function": "<lambda>"}], "errno": null, "winerror": null}], "stateWriteLockOwnedAfterUnwind": false}
ok
test_stale_context_still_prevents_new_internal_commit (test_pre_p19_autonomy_execution.AutonomyExecutionTests.test_stale_context_still_prevents_new_internal_commit) ... {"stage": "native-exception-before-cleanup", "task_id": "cognition:ae6752c39ecf6a4305daef1ce140852162a30f08a5b85679779609e218447c5d", "attempt_id": "p11-attempt-13fe71174b95544d4433e3fbf74dc830e22cf07331e6bf55bad0960c4995e394", "chain": [{"frames": [{"file": "testing/p18_runtime_fixture.py", "line": 140, "function": "diagnosed_continue"}, {"file": "services/runtime_cognition.py", "line": 242, "function": "_continue"}, {"file": "services/wake_perception_thinking_action_service.py", "line": 90, "function": "wake_manual"}, {"file": "services/wake_perception_thinking_action_service.py", "line": 128, "function": "_continue"}, {"file": "services/wake_perception_thinking_action_service.py", "line": 229, "function": "_continue_mind"}, {"file": "services/thinking_service.py", "line": 190, "function": "handle_perception"}, {"file": "services/thinking_service.py", "line": 295, "function": "_run_provider"}], "code": "TEST_NATIVE_EXCEPTION"}, {"frames": [{"file": "services/thinking_service.py", "line": 248, "function": "_run_provider"}, {"file": "services/continuity_core_service.py", "line": 174, "function": "process_thinking"}, {"file": "services/dynamic_mind_service.py", "line": 532, "function": "process"}], "code": "TEST_NATIVE_EXCEPTION"}], "systemChain": [{"type": "ENGINE_EXCEPTION", "operation": "other", "frames": [{"file": "testing/p18_runtime_fixture.py", "line": 140, "function": "diagnosed_continue"}, {"file": "services/runtime_cognition.py", "line": 242, "function": "_continue"}, {"file": "services/wake_perception_thinking_action_service.py", "line": 90, "function": "wake_manual"}, {"file": "services/wake_perception_thinking_action_service.py", "line": 128, "function": "_continue"}, {"file": "services/wake_perception_thinking_action_service.py", "line": 229, "function": "_continue_mind"}, {"file": "services/thinking_service.py", "line": 190, "function": "handle_perception"}, {"file": "services/thinking_service.py", "line": 295, "function": "_run_provider"}], "errno": null, "winerror": null}, {"type": "ENGINE_EXCEPTION", "operation": "other", "frames": [{"file": "services/thinking_service.py", "line": 248, "function": "_run_provider"}, {"file": "services/continuity_core_service.py", "line": 174, "function": "process_thinking"}, {"file": "services/dynamic_mind_service.py", "line": 532, "function": "process"}], "errno": null, "winerror": null}], "stateWriteLockOwnedAfterUnwind": false}
ok
test_unknown_after_lost_response_recovers_receipt_without_repeating_effect (test_pre_p19_autonomy_execution.AutonomyExecutionTests.test_unknown_after_lost_response_recovers_receipt_without_repeating_effect) ... ok
test_unknown_does_not_prevent_internal_commit_or_imply_success (test_pre_p19_autonomy_execution.AutonomyExecutionTests.test_unknown_does_not_prevent_internal_commit_or_imply_success) ... ok
test_unresolved_world_does_not_exhaust_cognition_queue (test_pre_p19_autonomy_execution.AutonomyExecutionTests.test_unresolved_world_does_not_exhaust_cognition_queue) ... ok
test_duplicate_root_does_not_create_disposition (test_pre_p19_autonomy_growth.AutonomyGrowthTests.test_duplicate_root_does_not_create_disposition) ... ok
test_new_understanding_can_revise_commitment_not_only_hash (test_pre_p19_autonomy_growth.AutonomyGrowthTests.test_new_understanding_can_revise_commitment_not_only_hash) ... ok
test_normal_experience_produces_disposition_and_survives_reopen (test_pre_p19_autonomy_growth.AutonomyGrowthTests.test_normal_experience_produces_disposition_and_survives_reopen) ... ok
test_opposite_experiences_coexist_and_change_deliberation (test_pre_p19_autonomy_growth.AutonomyGrowthTests.test_opposite_experiences_coexist_and_change_deliberation) ... ok
test_prior_commitment_is_used_and_unrelated_sources_do_not_erase_it (test_pre_p19_autonomy_growth.AutonomyGrowthTests.test_prior_commitment_is_used_and_unrelated_sources_do_not_erase_it) ... ok
test_reference_revocation_during_thinking_does_not_commit_growth (test_pre_p19_autonomy_growth.AutonomyGrowthTests.test_reference_revocation_during_thinking_does_not_commit_growth) ... ok
test_revoked_root_cannot_continue_supporting_new_interpretation (test_pre_p19_autonomy_growth.AutonomyGrowthTests.test_revoked_root_cannot_continue_supporting_new_interpretation) ... ok
test_unselected_old_sources_do_not_erase_established_subjective_understanding (test_pre_p19_autonomy_growth.AutonomyGrowthTests.test_unselected_old_sources_do_not_erase_established_subjective_understanding) ... ok
test_explicit_high_and_critical_cannot_be_downgraded_by_rename (test_pre_p19_autonomy_risk.AutonomyRiskTests.test_explicit_high_and_critical_cannot_be_downgraded_by_rename) ... ok
test_internal_rename_does_not_change_low_risk_or_approval (test_pre_p19_autonomy_risk.AutonomyRiskTests.test_internal_rename_does_not_change_low_risk_or_approval) ... ok
test_tool_names_cannot_lower_or_raise_trusted_type_minimum (test_pre_p19_autonomy_risk.AutonomyRiskTests.test_tool_names_cannot_lower_or_raise_trusted_type_minimum) ... ok
test_saturated_internal_state_continues_in_new_real_runtime_process (test_pre_p19_autonomy_runtime.AutonomyProcessTests.test_saturated_internal_state_continues_in_new_real_runtime_process) ... ok
test_explicit_abandonment_and_empty_concerns_do_not_force_provider (test_pre_p19_autonomy_runtime.AutonomyRuntimeTests.test_explicit_abandonment_and_empty_concerns_do_not_force_provider) ... ok
test_gradual_native_cognition_continues_when_delta_gate_cannot_fire (test_pre_p19_autonomy_runtime.AutonomyRuntimeTests.test_gradual_native_cognition_continues_when_delta_gate_cannot_fire) ... ok
test_hold_has_later_reconsideration_not_per_tick_dispatch (test_pre_p19_autonomy_runtime.AutonomyRuntimeTests.test_hold_has_later_reconsideration_not_per_tick_dispatch) ... ok
test_same_basis_has_same_identity_and_respects_spacing (test_pre_p19_autonomy_runtime.AutonomyRuntimeTests.test_same_basis_has_same_identity_and_respects_spacing) ... ok
test_saturated_and_near_saturated_concerns_still_request_cognition (test_pre_p19_autonomy_runtime.AutonomyRuntimeTests.test_saturated_and_near_saturated_concerns_still_request_cognition) ... ok
test_stable_need_survives_resource_wait_and_resume_without_chat (test_pre_p19_autonomy_runtime.AutonomyRuntimeTests.test_stable_need_survives_resource_wait_and_resume_without_chat) ... ok
test_world_unknown_does_not_block_next_internal_cognition_or_repeat_effect (test_pre_p19_autonomy_runtime.AutonomyRuntimeTests.test_world_unknown_does_not_block_next_internal_cognition_or_repeat_effect) ... ok
test_c1_confirmation_denial_commits_and_replays_empty_refusal (test_pre_p19_supplement.ExpressionIndependenceTests.test_c1_confirmation_denial_commits_and_replays_empty_refusal) ... ok
test_c1_reality_denial_commits_and_replays_empty_refusal (test_pre_p19_supplement.ExpressionIndependenceTests.test_c1_reality_denial_commits_and_replays_empty_refusal) ... ok
test_current_state_permission_still_required (test_pre_p19_supplement.ExpressionIndependenceTests.test_current_state_permission_still_required) ... ok
test_expired_context_is_not_an_expression_only_refusal (test_pre_p19_supplement.ExpressionIndependenceTests.test_expired_context_is_not_an_expression_only_refusal) ... {"stage": "native-exception-before-cleanup", "task_id": "cognition:431111c9aa0ab431a56428b827a46d85d35fed67ee68a4f73a57b1b00c0997a0", "attempt_id": "p11-attempt-b02a0d6163fa27017450c42fdf0dc02660e8181ac5ad9189f0bdbdb24807ed32", "chain": [{"frames": [{"file": "testing/p18_runtime_fixture.py", "line": 140, "function": "diagnosed_continue"}, {"file": "services/runtime_cognition.py", "line": 242, "function": "_continue"}, {"file": "services/wake_perception_thinking_action_service.py", "line": 90, "function": "wake_manual"}, {"file": "services/wake_perception_thinking_action_service.py", "line": 128, "function": "_continue"}, {"file": "services/wake_perception_thinking_action_service.py", "line": 229, "function": "_continue_mind"}, {"file": "services/thinking_service.py", "line": 190, "function": "handle_perception"}, {"file": "services/thinking_service.py", "line": 295, "function": "_run_provider"}], "code": "TEST_NATIVE_EXCEPTION"}, {"frames": [{"file": "services/thinking_service.py", "line": 248, "function": "_run_provider"}, {"file": "services/continuity_core_service.py", "line": 174, "function": "process_thinking"}, {"file": "services/dynamic_mind_service.py", "line": 532, "function": "process"}], "code": "TEST_NATIVE_EXCEPTION"}], "systemChain": [{"type": "ENGINE_EXCEPTION", "operation": "other", "frames": [{"file": "testing/p18_runtime_fixture.py", "line": 140, "function": "diagnosed_continue"}, {"file": "services/runtime_cognition.py", "line": 242, "function": "_continue"}, {"file": "services/wake_perception_thinking_action_service.py", "line": 90, "function": "wake_manual"}, {"file": "services/wake_perception_thinking_action_service.py", "line": 128, "function": "_continue"}, {"file": "services/wake_perception_thinking_action_service.py", "line": 229, "function": "_continue_mind"}, {"file": "services/thinking_service.py", "line": 190, "function": "handle_perception"}, {"file": "services/thinking_service.py", "line": 295, "function": "_run_provider"}], "errno": null, "winerror": null}, {"type": "ENGINE_EXCEPTION", "operation": "other", "frames": [{"file": "services/thinking_service.py", "line": 248, "function": "_run_provider"}, {"file": "services/continuity_core_service.py", "line": 174, "function": "process_thinking"}, {"file": "services/dynamic_mind_service.py", "line": 532, "function": "process"}], "errno": null, "winerror": null}], "stateWriteLockOwnedAfterUnwind": false}
ok
test_expression_only_confirmation_refusal_never_dispatches_otherwise_allowed_effect (test_pre_p19_supplement.ExpressionIndependenceTests.test_expression_only_confirmation_refusal_never_dispatches_otherwise_allowed_effect) ... ok
test_late_state_permission_revocation_still_prevents_commit (test_pre_p19_supplement.ExpressionIndependenceTests.test_late_state_permission_revocation_still_prevents_commit) ... {"stage": "native-exception-before-cleanup", "task_id": "cognition:fc36dadde440ca51a52f2a9422715b1fdfddc90317fc04f111bec95e012d14c4", "attempt_id": "p11-attempt-414ef3f8b024620b7c3c4f1ef38cf9eb750e5f93adbc173599154a636c12ad86", "chain": [{"frames": [{"file": "testing/p18_runtime_fixture.py", "line": 140, "function": "diagnosed_continue"}, {"file": "services/runtime_cognition.py", "line": 242, "function": "_continue"}, {"file": "services/wake_perception_thinking_action_service.py", "line": 90, "function": "wake_manual"}, {"file": "services/wake_perception_thinking_action_service.py", "line": 128, "function": "_continue"}, {"file": "services/wake_perception_thinking_action_service.py", "line": 347, "function": "_continue_mind"}, {"file": "services/wake_perception_thinking_action_service.py", "line": 342, "function": "current_state_permission"}], "code": "TEST_NATIVE_EXCEPTION"}], "systemChain": [{"type": "ENGINE_EXCEPTION", "operation": "other", "frames": [{"file": "testing/p18_runtime_fixture.py", "line": 140, "function": "diagnosed_continue"}, {"file": "services/runtime_cognition.py", "line": 242, "function": "_continue"}, {"file": "services/wake_perception_thinking_action_service.py", "line": 90, "function": "wake_manual"}, {"file": "services/wake_perception_thinking_action_service.py", "line": 128, "function": "_continue"}, {"file": "services/wake_perception_thinking_action_service.py", "line": 347, "function": "_continue_mind"}, {"file": "services/wake_perception_thinking_action_service.py", "line": 342, "function": "current_state_permission"}], "errno": null, "winerror": null}], "stateWriteLockOwnedAfterUnwind": false}
ok
test_native_confirmation_denial_commits_and_reopens_once (test_pre_p19_supplement.ExpressionIndependenceTests.test_native_confirmation_denial_commits_and_reopens_once) ... ok
test_native_reality_denial_commits_and_reopens_once (test_pre_p19_supplement.ExpressionIndependenceTests.test_native_reality_denial_commits_and_reopens_once) ... ok
test_native_recoverability_denial_is_not_internal_state_denial (test_pre_p19_supplement.ExpressionIndependenceTests.test_native_recoverability_denial_is_not_internal_state_denial) ... ok
test_normal_c1_explicit_expression_consent_still_presents (test_pre_p19_supplement.ExpressionIndependenceTests.test_normal_c1_explicit_expression_consent_still_presents) ... ok
test_refused_expression_survives_after_evolution_crash_without_duplicate (test_pre_p19_supplement.ExpressionIndependenceTests.test_refused_expression_survives_after_evolution_crash_without_duplicate) ... {"stage": "native-exception-before-cleanup", "task_id": "cognition:e1ed1658f25da8b300dd94363d136d84fe8ba19d4885b81fe522dbc71b3e8d81", "attempt_id": "p11-attempt-ea9e5e11eb7c3a780ac93ca851d52aa64f270afa0f5c24f4a87fd3cbf6b5621e", "chain": [{"frames": [{"file": "testing/p18_runtime_fixture.py", "line": 140, "function": "diagnosed_continue"}, {"file": "services/runtime_cognition.py", "line": 242, "function": "_continue"}, {"file": "services/wake_perception_thinking_action_service.py", "line": 90, "function": "wake_manual"}, {"file": "services/wake_perception_thinking_action_service.py", "line": 128, "function": "_continue"}, {"file": "services/wake_perception_thinking_action_service.py", "line": 359, "function": "_continue_mind"}, {"file": "services/runtime_cognition.py", "line": 84, "function": "<lambda>"}, {"file": "testing/p18_runtime_fixture.py", "line": 126, "function": "<lambda>"}], "code": "TEST_NATIVE_EXCEPTION"}], "systemChain": [{"type": "ENGINE_EXCEPTION", "operation": "other", "frames": [{"file": "testing/p18_runtime_fixture.py", "line": 140, "function": "diagnosed_continue"}, {"file": "services/runtime_cognition.py", "line": 242, "function": "_continue"}, {"file": "services/wake_perception_thinking_action_service.py", "line": 90, "function": "wake_manual"}, {"file": "services/wake_perception_thinking_action_service.py", "line": 128, "function": "_continue"}, {"file": "services/wake_perception_thinking_action_service.py", "line": 359, "function": "_continue_mind"}, {"file": "services/runtime_cognition.py", "line": 84, "function": "<lambda>"}, {"file": "testing/p18_runtime_fixture.py", "line": 126, "function": "<lambda>"}], "errno": null, "winerror": null}], "stateWriteLockOwnedAfterUnwind": false}
ok
test_revoked_source_prevents_internal_commit (test_pre_p19_supplement.ExpressionIndependenceTests.test_revoked_source_prevents_internal_commit) ... {"stage": "native-exception-before-cleanup", "task_id": "cognition:98a9c205260f7930c29bc813204061001e2506a64256034b2cb5f238b8c3289c", "attempt_id": "p11-attempt-f8b562d850ee4f82415331878a484760e162f35e4c706a02c0531d82aa05381a", "chain": [{"frames": [{"file": "testing/p18_runtime_fixture.py", "line": 140, "function": "diagnosed_continue"}, {"file": "services/runtime_cognition.py", "line": 242, "function": "_continue"}, {"file": "services/wake_perception_thinking_action_service.py", "line": 90, "function": "wake_manual"}, {"file": "services/wake_perception_thinking_action_service.py", "line": 128, "function": "_continue"}, {"file": "services/wake_perception_thinking_action_service.py", "line": 229, "function": "_continue_mind"}, {"file": "services/thinking_service.py", "line": 190, "function": "handle_perception"}, {"file": "services/thinking_service.py", "line": 295, "function": "_run_provider"}], "code": "TEST_NATIVE_EXCEPTION"}, {"frames": [{"file": "services/thinking_service.py", "line": 248, "function": "_run_provider"}, {"file": "services/continuity_core_service.py", "line": 174, "function": "process_thinking"}, {"file": "services/dynamic_mind_service.py", "line": 532, "function": "process"}], "code": "TEST_NATIVE_EXCEPTION"}], "systemChain": [{"type": "ENGINE_EXCEPTION", "operation": "other", "frames": [{"file": "testing/p18_runtime_fixture.py", "line": 140, "function": "diagnosed_continue"}, {"file": "services/runtime_cognition.py", "line": 242, "function": "_continue"}, {"file": "services/wake_perception_thinking_action_service.py", "line": 90, "function": "wake_manual"}, {"file": "services/wake_perception_thinking_action_service.py", "line": 128, "function": "_continue"}, {"file": "services/wake_perception_thinking_action_service.py", "line": 229, "function": "_continue_mind"}, {"file": "services/thinking_service.py", "line": 190, "function": "handle_perception"}, {"file": "services/thinking_service.py", "line": 295, "function": "_run_provider"}], "errno": null, "winerror": null}, {"type": "ENGINE_EXCEPTION", "operation": "other", "frames": [{"file": "services/thinking_service.py", "line": 248, "function": "_run_provider"}, {"file": "services/continuity_core_service.py", "line": 174, "function": "process_thinking"}, {"file": "services/dynamic_mind_service.py", "line": 532, "function": "process"}], "errno": null, "winerror": null}], "stateWriteLockOwnedAfterUnwind": false}
ok
test_abandoned_goal_is_not_renewed_by_scheduler (test_pre_p19_supplement.RenewedNeedTests.test_abandoned_goal_is_not_renewed_by_scheduler) ... ok
test_fulfilled_needs_recur_from_original_dynamics (test_pre_p19_supplement.RenewedNeedTests.test_fulfilled_needs_recur_from_original_dynamics) ... ok
test_fulfilled_without_sufficient_new_need_does_not_force_call (test_pre_p19_supplement.RenewedNeedTests.test_fulfilled_without_sufficient_new_need_does_not_force_call) ... ok
test_persisted_fulfillment_reopens_then_real_cognition_progresses_with_pause_stop (test_pre_p19_supplement.RenewedNeedTests.test_persisted_fulfillment_reopens_then_real_cognition_progresses_with_pause_stop) ... ok
test_suppression_and_rest_have_a_bounded_reconsideration (test_pre_p19_supplement.RenewedNeedTests.test_suppression_and_rest_have_a_bounded_reconsideration) ... ok
test_contact_route_denied (test_pre_p19_supplement.RoutedProposalTests.test_contact_route_denied) ... ok
test_contact_route_unknown (test_pre_p19_supplement.RoutedProposalTests.test_contact_route_unknown) ... ok
test_contact_route_verified_success_retains_preeffect_proposal (test_pre_p19_supplement.RoutedProposalTests.test_contact_route_verified_success_retains_preeffect_proposal) ... ok
test_current_internal_only_reflection_preserves_provider_proposal (test_pre_p19_supplement.RoutedProposalTests.test_current_internal_only_reflection_preserves_provider_proposal) ... ok
test_expression_route_denied (test_pre_p19_supplement.RoutedProposalTests.test_expression_route_denied) ... ok
test_expression_route_unknown (test_pre_p19_supplement.RoutedProposalTests.test_expression_route_unknown) ... ok
test_expression_route_verified_success_retains_preeffect_proposal (test_pre_p19_supplement.RoutedProposalTests.test_expression_route_verified_success_retains_preeffect_proposal) ... ok
test_later_receipt_backed_cognition_can_form_a_new_authorized_judgment (test_pre_p19_supplement.RoutedProposalTests.test_later_receipt_backed_cognition_can_form_a_new_authorized_judgment) ... ok
test_memory_route_denied (test_pre_p19_supplement.RoutedProposalTests.test_memory_route_denied) ... ok
test_memory_route_unknown (test_pre_p19_supplement.RoutedProposalTests.test_memory_route_unknown) ... ok
test_memory_route_verified_success_retains_preeffect_proposal (test_pre_p19_supplement.RoutedProposalTests.test_memory_route_verified_success_retains_preeffect_proposal) ... ok
test_plain_memory_query_cannot_precommit_its_unreceived_result (test_pre_p19_supplement.RoutedProposalTests.test_plain_memory_query_cannot_precommit_its_unreceived_result) ... ok
test_budget_failure_still_creates_failed_think_session (test_thinking.ThinkingServiceTests.test_budget_failure_still_creates_failed_think_session) ... ok
test_non_think_wake_does_not_create_think_session (test_thinking.ThinkingServiceTests.test_non_think_wake_does_not_create_think_session) ... ok
test_provider_failure_is_summarized_and_persisted (test_thinking.ThinkingServiceTests.test_provider_failure_is_summarized_and_persisted) ... ok
test_standard_result_can_request_memory_wait_and_future_contact_without_actions (test_thinking.ThinkingServiceTests.test_standard_result_can_request_memory_wait_and_future_contact_without_actions) ... ok
test_thinking_result_cannot_write_identity_or_emotion_state (test_thinking.ThinkingServiceTests.test_thinking_result_cannot_write_identity_or_emotion_state) ... ok
test_wake_think_result_and_state_writeback_complete_full_chain (test_thinking.ThinkingServiceTests.test_wake_think_result_and_state_writeback_complete_full_chain) ... ok
test_adding_unrelated_same_root_material_preserves_current_memory (test_w02_external_absorption.ExternalAbsorptionTests.test_adding_unrelated_same_root_material_preserves_current_memory) ... ok
test_distinct_counterevidence_is_conflict_not_a_winner (test_w02_external_absorption.ExternalAbsorptionTests.test_distinct_counterevidence_is_conflict_not_a_winner) ... ok
test_external_control_claim_is_not_usable_or_permission (test_w02_external_absorption.ExternalAbsorptionTests.test_external_control_claim_is_not_usable_or_permission) ... ok
test_external_root_subject_and_environment_binding_fail_closed (test_w02_external_absorption.ExternalAbsorptionTests.test_external_root_subject_and_environment_binding_fail_closed) ... ok
test_late_current_root_proof_closes_wait_without_repeating_original_effect (test_w02_external_absorption.ExternalAbsorptionTests.test_late_current_root_proof_closes_wait_without_repeating_original_effect) ... ok
test_missing_root_proof_waits_and_does_not_infer_history_absent (test_w02_external_absorption.ExternalAbsorptionTests.test_missing_root_proof_waits_and_does_not_infer_history_absent) ... ok
test_old_date_and_wrong_result_hash_are_rejected_before_absorption (test_w02_external_absorption.ExternalAbsorptionTests.test_old_date_and_wrong_result_hash_are_rejected_before_absorption) ... ok
test_one_root_is_not_enough_for_long_term_and_no_automatic_memory (test_w02_external_absorption.ExternalAbsorptionTests.test_one_root_is_not_enough_for_long_term_and_no_automatic_memory) ... ok
test_ordinary_psychological_material_is_not_screened_as_control_command (test_w02_external_absorption.ExternalAbsorptionTests.test_ordinary_psychological_material_is_not_screened_as_control_command) ... ok
test_permission_revocation_blocks_current_use_without_erasing_original_fact (test_w02_external_absorption.ExternalAbsorptionTests.test_permission_revocation_blocks_current_use_without_erasing_original_fact) ... ok
test_read_only_outcome_does_not_advance_model_memory_or_revision (test_w02_external_absorption.ExternalAbsorptionTests.test_read_only_outcome_does_not_advance_model_memory_or_revision) ... ok
test_receipted_root_becomes_pre_answer_candidate_not_subject_fact (test_w02_external_absorption.ExternalAbsorptionTests.test_receipted_root_becomes_pre_answer_candidate_not_subject_fact) ... ok
test_revocation_correction_scope_and_expiry_invalidate_old_context (test_w02_external_absorption.ExternalAbsorptionTests.test_revocation_correction_scope_and_expiry_invalidate_old_context) ... ok
test_same_root_original_and_derived_wrapper_count_once (test_w02_external_absorption.ExternalAbsorptionTests.test_same_root_original_and_derived_wrapper_count_once) ... ok
test_two_independent_current_roots_can_use_original_p04_memory_and_summary (test_w02_external_absorption.ExternalAbsorptionTests.test_two_independent_current_roots_can_use_original_p04_memory_and_summary) ... ok
test_unrelated_external_material_is_not_selected_for_this_response (test_w02_external_absorption.ExternalAbsorptionTests.test_unrelated_external_material_is_not_selected_for_this_response) ... ok
test_w02_a_and_b_real_ingress_share_pre_answer_external_candidate (test_w02_external_absorption.ExternalAbsorptionTests.test_w02_a_and_b_real_ingress_share_pre_answer_external_candidate) ... ok
test_withdrawing_only_derived_material_invalidates_every_dependent_use (test_w02_external_absorption.ExternalAbsorptionTests.test_withdrawing_only_derived_material_invalidates_every_dependent_use) ... ok
test_after_adapter_result_loss_recovers_exact_fact_not_second_query (test_w02_external_recovery.ExternalRecoveryTests.test_after_adapter_result_loss_recovers_exact_fact_not_second_query) ... ok
test_corrupt_absorption_binding_fails_closed_before_context (test_w02_external_recovery.ExternalRecoveryTests.test_corrupt_absorption_binding_fails_closed_before_context) ... ok
test_old_p16_cache_without_root_proof_is_not_trusted_w02c_material (test_w02_external_recovery.ExternalRecoveryTests.test_old_p16_cache_without_root_proof_is_not_trusted_w02c_material) ... ok
test_original_completed_request_replays_without_new_execution_or_cache_row (test_w02_external_recovery.ExternalRecoveryTests.test_original_completed_request_replays_without_new_execution_or_cache_row) ... ok
test_real_child_reopens_original_request_and_root_without_effect_replay (test_w02_external_recovery.ExternalRecoveryTests.test_real_child_reopens_original_request_and_root_without_effect_replay) ... ok
test_revoked_source_never_becomes_new_material_on_replay (test_w02_external_recovery.ExternalRecoveryTests.test_revoked_source_never_becomes_new_material_on_replay) ... ok
test_unknown_result_never_means_not_executed (test_w02_external_recovery.ExternalRecoveryTests.test_unknown_result_never_means_not_executed) ... ok
test_budget_clipping_is_explicit_and_does_not_claim_input_consumed (test_w02_input_integration.InputIntegrationTests.test_budget_clipping_is_explicit_and_does_not_claim_input_consumed) ... ok
test_cross_process_busy_admission_does_not_create_operation (test_w02_input_integration.InputIntegrationTests.test_cross_process_busy_admission_does_not_create_operation) ... ok
test_current_material_is_bound_to_original_message_version (test_w02_input_integration.InputIntegrationTests.test_current_material_is_bound_to_original_message_version) ... ok
test_disabled_feature_has_no_new_fields_or_component_calls (test_w02_input_integration.InputIntegrationTests.test_disabled_feature_has_no_new_fields_or_component_calls) ... ok
test_material_rejected_before_any_w02_persistence (test_w02_input_integration.InputIntegrationTests.test_material_rejected_before_any_w02_persistence) ... ok
test_model_capability_input_uses_the_same_current_input_composition (test_w02_input_integration.InputIntegrationTests.test_model_capability_input_uses_the_same_current_input_composition) ... ok
test_native_opportunity_without_input_flag_preserves_original_chain (test_w02_input_integration.InputIntegrationTests.test_native_opportunity_without_input_flag_preserves_original_chain) ... ok
test_ordinary_psychological_content_not_screened (test_w02_input_integration.InputIntegrationTests.test_ordinary_psychological_content_not_screened) ... ok
test_protected_fixture_rejected_without_writes (test_w02_input_integration.InputIntegrationTests.test_protected_fixture_rejected_without_writes) ... ok
test_read_rechecks_permission_before_return (test_w02_input_integration.InputIntegrationTests.test_read_rechecks_permission_before_return) ... ok
test_read_view_does_not_call_model_or_write (test_w02_input_integration.InputIntegrationTests.test_read_view_does_not_call_model_or_write) ... ok
test_real_process_restart_restores_original_effect_once (test_w02_input_integration.InputIntegrationTests.test_real_process_restart_restores_original_effect_once) ... ok
test_snapshot_branch_preserves_input_progress (test_w02_input_integration.InputIntegrationTests.test_snapshot_branch_preserves_input_progress) ... ok
test_w02_internal_evolution_survives_expression_refusal_and_replay (test_w02_input_integration.InputIntegrationTests.test_w02_internal_evolution_survives_expression_refusal_and_replay) ... ok
test_affirmative_sender_through_real_ingress (test_w02_input_processing.InputLanguageRepairTests.test_affirmative_sender_through_real_ingress) ... ok
test_incomplete_quote_and_reported_scope_remain_uncertain (test_w02_input_processing.InputLanguageRepairTests.test_incomplete_quote_and_reported_scope_remain_uncertain) ... ok
test_negation_lexemes_and_ambiguous_scope (test_w02_input_processing.InputLanguageRepairTests.test_negation_lexemes_and_ambiguous_scope) ... ok
test_other_colors_is_not_another_person_through_real_ingress (test_w02_input_processing.InputLanguageRepairTests.test_other_colors_is_not_another_person_through_real_ingress) ... ok
test_plain_negation_through_real_ingress (test_w02_input_processing.InputLanguageRepairTests.test_plain_negation_through_real_ingress) ... ok
test_pronoun_words_and_object_are_not_sentence_subject (test_w02_input_processing.InputLanguageRepairTests.test_pronoun_words_and_object_are_not_sentence_subject) ... ok
test_quote_and_scope_reach_real_context_without_fact_upgrade (test_w02_input_processing.InputLanguageRepairTests.test_quote_and_scope_reach_real_context_without_fact_upgrade) ... ok
test_quoted_negation_is_not_sender_negation (test_w02_input_processing.InputLanguageRepairTests.test_quoted_negation_is_not_sender_negation) ... ok
test_reported_friend_through_real_ingress (test_w02_input_processing.InputLanguageRepairTests.test_reported_friend_through_real_ingress) ... ok
test_v1_pending_recovery_preserves_original_interpretation (test_w02_input_processing.InputLanguageRepairTests.test_v1_pending_recovery_preserves_original_interpretation) ... ok
test_existing_authoritative_event_can_be_referenced_by_memory_station (test_w02_input_processing.InputProcessingTests.test_existing_authoritative_event_can_be_referenced_by_memory_station) ... ok
test_explicit_input_gate_exists_without_changing_legacy_default (test_w02_input_processing.InputProcessingTests.test_explicit_input_gate_exists_without_changing_legacy_default) ... ok
test_input_statement_does_not_grant_permission (test_w02_input_processing.InputProcessingTests.test_input_statement_does_not_grant_permission) ... ok
test_negation_desire_other_and_history_are_not_claimed_experience (test_w02_input_processing.InputProcessingTests.test_negation_desire_other_and_history_are_not_claimed_experience) ... ok
test_plain_claim_received_does_not_create_event_or_memory (test_w02_input_processing.InputProcessingTests.test_plain_claim_received_does_not_create_event_or_memory) ... ok
test_question_routes_without_all_stations (test_w02_input_processing.InputProcessingTests.test_question_routes_without_all_stations) ... ok
test_raw_message_reaches_thinking_through_actual_composition (test_w02_input_processing.InputProcessingTests.test_raw_message_reaches_thinking_through_actual_composition) ... ok
test_same_event_name_with_different_content_is_not_evidence (test_w02_input_processing.InputProcessingTests.test_same_event_name_with_different_content_is_not_evidence) ... ok
test_uncertain_report_has_verification_reason_without_fact_upgrade (test_w02_input_processing.InputProcessingTests.test_uncertain_report_has_verification_reason_without_fact_upgrade) ... ok
test_admission_does_not_reclassify_an_application_runtime_error (test_w02_input_recovery.InputRecoveryTests.test_admission_does_not_reclassify_an_application_runtime_error) ... ok
test_completed_station_not_reexecuted_after_later_checkpoint_fault (test_w02_input_recovery.InputRecoveryTests.test_completed_station_not_reexecuted_after_later_checkpoint_fault) ... ok
test_composer_failure_preserves_finished_memory_and_safe_reason (test_w02_input_recovery.InputRecoveryTests.test_composer_failure_preserves_finished_memory_and_safe_reason) ... ok
test_concurrent_submission_is_replayed_or_explicitly_busy_without_duplicate (test_w02_input_recovery.InputRecoveryTests.test_concurrent_submission_is_replayed_or_explicitly_busy_without_duplicate) ... ok
test_context_expired_after_checkpoint_rejects (test_w02_input_recovery.InputRecoveryTests.test_context_expired_after_checkpoint_rejects) ... ok
test_cross_operation_record_rejected (test_w02_input_recovery.InputRecoveryTests.test_cross_operation_record_rejected) ... ok
test_current_permission_revocation_stops_new_thinking_without_effect (test_w02_input_recovery.InputRecoveryTests.test_current_permission_revocation_stops_new_thinking_without_effect) ... ok
test_disabled_after_original_enabled_checkpoint_refuses_downgrade (test_w02_input_recovery.InputRecoveryTests.test_disabled_after_original_enabled_checkpoint_refuses_downgrade) ... ok
test_forged_conversation_receipt_cannot_claim_a_missing_fragment (test_w02_input_recovery.InputRecoveryTests.test_forged_conversation_receipt_cannot_claim_a_missing_fragment) ... ok
test_forged_memory_receipt_cannot_claim_message_was_remembered (test_w02_input_recovery.InputRecoveryTests.test_forged_memory_receipt_cannot_claim_message_was_remembered) ... ok
test_idempotency_conflict_preserves_original_receipts (test_w02_input_recovery.InputRecoveryTests.test_idempotency_conflict_preserves_original_receipts) ... ok
test_local_memory_failure_is_recorded_then_resumed (test_w02_input_recovery.InputRecoveryTests.test_local_memory_failure_is_recorded_then_resumed) ... ok
test_missing_input_checkpoint_cannot_be_downgraded_to_legacy (test_w02_input_recovery.InputRecoveryTests.test_missing_input_checkpoint_cannot_be_downgraded_to_legacy) ... ok
test_missing_original_gate_is_rejected (test_w02_input_recovery.InputRecoveryTests.test_missing_original_gate_is_rejected) ... ok
test_receipt_cannot_be_rewritten_or_removed (test_w02_input_recovery.InputRecoveryTests.test_receipt_cannot_be_rewritten_or_removed) ... ok
test_restart_completed_request_is_byte_stable_and_no_duplicate_effect (test_w02_input_recovery.InputRecoveryTests.test_restart_completed_request_is_byte_stable_and_no_duplicate_effect) ... ok
test_saved_memory_fact_before_receipt_loss_is_not_written_twice (test_w02_input_recovery.InputRecoveryTests.test_saved_memory_fact_before_receipt_loss_is_not_written_twice) ... ok
test_thinking_saved_before_checkpoint_reuses_original_session (test_w02_input_recovery.InputRecoveryTests.test_thinking_saved_before_checkpoint_reuses_original_session) ... ok
test_composition_failure_exposes_other_station_and_resumes_only_failed (test_w02_input_recovery.PartialInputQueryTests.test_composition_failure_exposes_other_station_and_resumes_only_failed) ... ok
test_legacy_partial_read_remains_unverified_until_explicit_resubmit (test_w02_input_recovery.PartialInputQueryTests.test_legacy_partial_read_remains_unverified_until_explicit_resubmit) ... ok
test_partial_preparation_cannot_be_removed_or_rewritten (test_w02_input_recovery.PartialInputQueryTests.test_partial_preparation_cannot_be_removed_or_rewritten) ... ok
test_partial_public_query_after_local_failure (test_w02_input_recovery.PartialInputQueryTests.test_partial_public_query_after_local_failure) ... ok
test_partial_public_query_after_reopen (test_w02_input_recovery.PartialInputQueryTests.test_partial_public_query_after_reopen) ... ok
test_partial_read_corruption_and_forged_success_refused (test_w02_input_recovery.PartialInputQueryTests.test_partial_read_corruption_and_forged_success_refused) ... ok
test_partial_read_expired_context (test_w02_input_recovery.PartialInputQueryTests.test_partial_read_expired_context) ... ok
test_partial_read_in_separate_process_is_read_only (test_w02_input_recovery.PartialInputQueryTests.test_partial_read_in_separate_process_is_read_only) ... ok
test_partial_read_rechecks_revision_before_return (test_w02_input_recovery.PartialInputQueryTests.test_partial_read_rechecks_revision_before_return) ... ok
test_partial_read_rejects_unbound_completed_result (test_w02_input_recovery.PartialInputQueryTests.test_partial_read_rejects_unbound_completed_result) ... ok
test_partial_read_revoked_during_query (test_w02_input_recovery.PartialInputQueryTests.test_partial_read_revoked_during_query) ... ok
test_partial_read_revoked_permission (test_w02_input_recovery.PartialInputQueryTests.test_partial_read_revoked_permission) ... ok
test_partial_read_subject_and_environment_mismatch (test_w02_input_recovery.PartialInputQueryTests.test_partial_read_subject_and_environment_mismatch) ... ok
test_partial_read_subject_revision_changed (test_w02_input_recovery.PartialInputQueryTests.test_partial_read_subject_revision_changed) ... ok
test_repeat_read_and_resume_do_not_repeat_successful_stations (test_w02_input_recovery.PartialInputQueryTests.test_repeat_read_and_resume_do_not_repeat_successful_stations) ... ok
test_failed_station_stays_pending_when_failure_repeats_then_resumes (test_w02_integration.W02IntegratedChainTests.test_failed_station_stays_pending_when_failure_repeats_then_resumes) ... ok
test_partial_derived_withdrawal_invalidates_integrated_reply_and_support (test_w02_integration.W02IntegratedChainTests.test_partial_derived_withdrawal_invalidates_integrated_reply_and_support) ... ok
test_partial_failure_reopen_read_original_progress_and_resume_once (test_w02_integration.W02IntegratedChainTests.test_partial_failure_reopen_read_original_progress_and_resume_once) ... ok
test_public_read_only_views_do_not_retrieve_or_execute (test_w02_integration.W02IntegratedChainTests.test_public_read_only_views_do_not_retrieve_or_execute) ... ok
test_raw_message_stations_old_memory_receipt_and_final_preanswer_context (test_w02_integration.W02IntegratedChainTests.test_raw_message_stations_old_memory_receipt_and_final_preanswer_context) ... ok
test_recovered_station_preserves_verified_old_event_context (test_w02_integration.W02IntegratedChainTests.test_recovered_station_preserves_verified_old_event_context) ... ok
test_recovery_rechecks_current_input_permission_before_reusing_context (test_w02_integration.W02IntegratedChainTests.test_recovery_rechecks_current_input_permission_before_reusing_context) ... ok
test_unrelated_history_and_external_candidate_do_not_fill_reply (test_w02_integration.W02IntegratedChainTests.test_unrelated_history_and_external_candidate_do_not_fill_reply) ... ok
test_failure_and_reopen_resume_same_request (test_w02_recall.AutomaticRecallTests.test_failure_and_reopen_resume_same_request) ... ok
test_negative_preference_does_not_become_consumption (test_w02_recall.AutomaticRecallTests.test_negative_preference_does_not_become_consumption) ... ok
test_no_relevant_cue_is_assessed_without_forced_recall (test_w02_recall.AutomaticRecallTests.test_no_relevant_cue_is_assessed_without_forced_recall) ... ok
test_original_message_is_assessed_before_thinking (test_w02_recall.AutomaticRecallTests.test_original_message_is_assessed_before_thinking) ... ok
test_read_only_recall_query_does_not_resume_or_write (test_w02_recall.AutomaticRecallTests.test_read_only_recall_query_does_not_resume_or_write) ... ok
test_t03_raw_noon_and_afternoon_messages_recall_before_answer (test_w02_recall.AutomaticRecallTests.test_t03_raw_noon_and_afternoon_messages_recall_before_answer) ... ok
test_t04_preference_candidate_uses_original_roots_without_state_write (test_w02_recall.AutomaticRecallTests.test_t04_preference_candidate_uses_original_roots_without_state_write) ... ok
test_t05_variants_preserve_report_scope (test_w02_recall.AutomaticRecallTests.test_t05_variants_preserve_report_scope) ... ok
test_actual_effect_return_lost_replays_without_duplicate (test_w02_recall_boundaries.RecallBoundaryTests.test_actual_effect_return_lost_replays_without_duplicate) ... ok
test_bound_policy_does_not_force_fixed_depth (test_w02_recall_boundaries.RecallBoundaryTests.test_bound_policy_does_not_force_fixed_depth) ... ok
test_corrupt_recall_hash_is_refused_without_writes (test_w02_recall_boundaries.RecallBoundaryTests.test_corrupt_recall_hash_is_refused_without_writes) ... ok
test_disabled_gate_preserves_original_round_trip (test_w02_recall_boundaries.RecallBoundaryTests.test_disabled_gate_preserves_original_round_trip) ... ok
test_native_cognition_uses_same_pre_answer_evaluation (test_w02_recall_boundaries.RecallBoundaryTests.test_native_cognition_uses_same_pre_answer_evaluation) ... ok
test_no_match_is_distinct_from_source_failure (test_w02_recall_boundaries.RecallBoundaryTests.test_no_match_is_distinct_from_source_failure) ... ok
test_ready_preparation_return_lost_reuses_receipt (test_w02_recall_boundaries.RecallBoundaryTests.test_ready_preparation_return_lost_reuses_receipt) ... ok
test_reference_withdrawal_prevents_new_model (test_w02_recall_boundaries.RecallBoundaryTests.test_reference_withdrawal_prevents_new_model) ... ok
test_retrieval_and_context_budgets_are_independent (test_w02_recall_boundaries.RecallBoundaryTests.test_retrieval_and_context_budgets_are_independent) ... ok
test_source_revocation_excludes_memory_and_history_projection (test_w02_recall_boundaries.RecallBoundaryTests.test_source_revocation_excludes_memory_and_history_projection) ... ok
test_stale_context_does_not_authorize_resume (test_w02_recall_boundaries.RecallBoundaryTests.test_stale_context_does_not_authorize_resume) ... ok
test_stale_source_version_cannot_be_consumed (test_w02_recall_boundaries.RecallBoundaryTests.test_stale_source_version_cannot_be_consumed) ... ok
test_timeout_is_blocked_before_model_and_query_is_read_only (test_w02_recall_boundaries.RecallBoundaryTests.test_timeout_is_blocked_before_model_and_query_is_read_only) ... ok
test_wrong_subject_record_is_rejected (test_w02_recall_boundaries.RecallBoundaryTests.test_wrong_subject_record_is_rejected) ... ok
test_archive_and_delete_cannot_reenter_through_input_history (test_w02_recall_combinations.RecallCombinationTests.test_archive_and_delete_cannot_reenter_through_input_history) ... ok
test_blocked_record_after_revision_change_cannot_be_shown_as_current (test_w02_recall_combinations.RecallCombinationTests.test_blocked_record_after_revision_change_cannot_be_shown_as_current) ... ok
test_cross_environment_source_is_rejected_without_resolution (test_w02_recall_combinations.RecallCombinationTests.test_cross_environment_source_is_rejected_without_resolution) ... ok
test_cross_process_restore_and_read_only_show (test_w02_recall_combinations.RecallCombinationTests.test_cross_process_restore_and_read_only_show) ... ok
test_current_context_invalidated_by_corrected_root (test_w02_recall_combinations.RecallCombinationTests.test_current_context_invalidated_by_corrected_root) ... ok
test_denied_memory_source_is_not_recorded_as_empty_history (test_w02_recall_combinations.RecallCombinationTests.test_denied_memory_source_is_not_recorded_as_empty_history) ... ok
test_finite_association_records_a_reason_and_stops_on_repetition (test_w02_recall_combinations.RecallCombinationTests.test_finite_association_records_a_reason_and_stops_on_repetition) ... ok
test_legacy_gate_disabled_does_not_construct_recall (test_w02_recall_combinations.RecallCombinationTests.test_legacy_gate_disabled_does_not_construct_recall) ... ok
test_local_recall_preserves_existing_external_capability_wait_channel (test_w02_recall_combinations.RecallCombinationTests.test_local_recall_preserves_existing_external_capability_wait_channel) ... ok
test_negative_counterevidence_prevents_candidate_confirmation (test_w02_recall_combinations.RecallCombinationTests.test_negative_counterevidence_prevents_candidate_confirmation) ... ok
test_new_independent_root_keeps_prior_candidate_source_readable (test_w02_recall_combinations.RecallCombinationTests.test_new_independent_root_keeps_prior_candidate_source_readable) ... ok
test_not_wanting_is_not_positive_intent (test_w02_recall_combinations.RecallCombinationTests.test_not_wanting_is_not_positive_intent) ... ok
test_other_person_report_does_not_count_as_user_preference (test_w02_recall_combinations.RecallCombinationTests.test_other_person_report_does_not_count_as_user_preference) ... ok
test_p18_native_recall_keeps_pause_stop_and_continuous_host (test_w02_recall_combinations.RecallCombinationTests.test_p18_native_recall_keeps_pause_stop_and_continuous_host) ... ok
test_permission_withdrawn_during_view_is_rechecked (test_w02_recall_combinations.RecallCombinationTests.test_permission_withdrawn_during_view_is_rechecked) ... ok
test_quoted_and_ambiguous_reports_never_confirm_preference (test_w02_recall_combinations.RecallCombinationTests.test_quoted_and_ambiguous_reports_never_confirm_preference) ... ok
test_read_only_view_does_not_start_recall_or_provider (test_w02_recall_combinations.RecallCombinationTests.test_read_only_view_does_not_start_recall_or_provider) ... ok
test_recalled_information_does_not_force_expression (test_w02_recall_combinations.RecallCombinationTests.test_recalled_information_does_not_force_expression) ... ok
test_snapshot_branch_preserves_recall_and_does_not_pollute_origin (test_w02_recall_combinations.RecallCombinationTests.test_snapshot_branch_preserves_recall_and_does_not_pollute_origin) ... ok
test_sufficient_material_stops_before_configured_depth (test_w02_recall_combinations.RecallCombinationTests.test_sufficient_material_stops_before_configured_depth) ... ok
test_t04_configured_candidate_rule_is_recorded_and_never_confirms (test_w02_recall_combinations.RecallCombinationTests.test_t04_configured_candidate_rule_is_recorded_and_never_confirms) ... ok
test_t04_no_fixed_number_implies_true_preference (test_w02_recall_combinations.RecallCombinationTests.test_t04_no_fixed_number_implies_true_preference) ... ok
test_t04_replay_and_derived_summary_do_not_add_roots (test_w02_recall_combinations.RecallCombinationTests.test_t04_replay_and_derived_summary_do_not_add_roots) ... ok
test_t05_actual_ingress_variants_reach_final_context (test_w02_recall_combinations.RecallCombinationTests.test_t05_actual_ingress_variants_reach_final_context) ... ok
test_unrelated_material_does_not_trigger_association (test_w02_recall_combinations.RecallCombinationTests.test_unrelated_material_does_not_trigger_association) ... ok
test_candidate_record_changed_during_permission_blocks_before_model (test_w02_recall_consistency.RecallReadConsistencyTests.test_candidate_record_changed_during_permission_blocks_before_model) ... ok
test_historical_root_revoked_during_permission_cannot_be_returned (test_w02_recall_consistency.RecallReadConsistencyTests.test_historical_root_revoked_during_permission_cannot_be_returned) ... ok
test_input_projection_cannot_hide_corruption_in_another_original_record (test_w02_recall_consistency.RecallReadConsistencyTests.test_input_projection_cannot_hide_corruption_in_another_original_record) ... ok
test_parse_reuse_ends_with_scope_and_keeps_legacy_validation (test_w02_recall_consistency.RecallReadConsistencyTests.test_parse_reuse_ends_with_scope_and_keeps_legacy_validation) ... ok
test_scoped_input_projection_matches_original_without_persisting_changes (test_w02_recall_consistency.RecallReadConsistencyTests.test_scoped_input_projection_matches_original_without_persisting_changes) ... ok
test_scoped_journal_reads_do_not_share_mutation_or_hide_corruption (test_w02_recall_consistency.RecallReadConsistencyTests.test_scoped_journal_reads_do_not_share_mutation_or_hide_corruption) ... ok
test_color_preference_is_not_a_meal_in_real_response_context (test_w02_recall_semantics.RecallEventScopeTests.test_color_preference_is_not_a_meal_in_real_response_context) ... ok
test_food_preference_recalls_same_object_without_other_meal_expansion (test_w02_recall_semantics.RecallEventScopeTests.test_food_preference_recalls_same_object_without_other_meal_expansion) ... ok
test_music_preference_is_not_a_meal_in_real_response_context (test_w02_recall_semantics.RecallEventScopeTests.test_music_preference_is_not_a_meal_in_real_response_context) ... ok
test_quoted_preference_is_not_consumption_or_verified_fact (test_w02_recall_semantics.RecallEventScopeTests.test_quoted_preference_is_not_consumption_or_verified_fact) ... ok
test_capability_bytes_change_during_revalidation_blocks_old_candidate (test_w02_recall_timeout.W02RecallTimeoutTests.test_capability_bytes_change_during_revalidation_blocks_old_candidate) ... ok
test_four_materials_preanswer_with_original_1000ms_policy (test_w02_recall_timeout.W02RecallTimeoutTests.test_four_materials_preanswer_with_original_1000ms_policy) ... ok
test_permission_revoked_between_external_retrieval_and_revalidation (test_w02_recall_timeout.W02RecallTimeoutTests.test_permission_revoked_between_external_retrieval_and_revalidation) ... ok
test_scoped_capability_parse_rechecks_bytes_and_returns_private_copies (test_w02_recall_timeout.W02RecallTimeoutTests.test_scoped_capability_parse_rechecks_bytes_and_returns_private_copies) ... ok
test_third_message_sixteen_candidates_and_current_derived_sources (test_w02_recall_timeout.W02RecallTimeoutTests.test_third_message_sixteen_candidates_and_current_derived_sources) ... ok
test_capability_model_replacement_receives_the_same_core_contract (test_w03_core_context.W03CoreContextTests.test_capability_model_replacement_receives_the_same_core_contract) ... ok
test_everyday_response_contains_identity_and_relationship_before_thinking (test_w03_core_context.W03CoreContextTests.test_everyday_response_contains_identity_and_relationship_before_thinking) ... ok
test_insufficient_budget_does_not_silently_omit_core (test_w03_core_context.W03CoreContextTests.test_insufficient_budget_does_not_silently_omit_core) ... ok
test_legacy_gate_remains_compatible (test_w03_core_context.W03CoreContextTests.test_legacy_gate_remains_compatible) ... ok
test_missing_core_fails_before_thinking_or_action (test_w03_core_context.W03CoreContextTests.test_missing_core_fails_before_thinking_or_action) ... ok
test_completed_and_cancelled_sink_without_exhausting_64_current_slots (test_w03_n06_repair.W03N06RepairTests.test_completed_and_cancelled_sink_without_exhausting_64_current_slots) ... ok
test_existing_structured_item_can_bind_legacy_on_terminal_transition (test_w03_n06_repair.W03N06RepairTests.test_existing_structured_item_can_bind_legacy_on_terminal_transition) ... ok
test_original_w03_command_hash_replays_without_new_revision (test_w03_n06_repair.W03N06RepairTests.test_original_w03_command_hash_replays_without_new_revision) ... ok
test_same_title_needs_explicit_version_bound_legacy_migration (test_w03_n06_repair.W03N06RepairTests.test_same_title_needs_explicit_version_bound_legacy_migration) ... ok
test_same_title_without_binding_keeps_ambiguous_legacy_item (test_w03_n06_repair.W03N06RepairTests.test_same_title_without_binding_keeps_ambiguous_legacy_item) ... ok
test_unavailable_local_memory_is_not_ready_and_read_is_read_only (test_w03_n06_repair.W03N06RepairTests.test_unavailable_local_memory_is_not_ready_and_read_is_read_only) ... ok
test_withdrawn_external_rendering_stops_item_after_reopen (test_w03_n06_repair.W03N06RepairTests.test_withdrawn_external_rendering_stops_item_after_reopen) ... ok
test_expired_transient_interpretation_cannot_become_current (test_w03_recognition.W03RecognitionTests.test_expired_transient_interpretation_cannot_become_current) ... ok
test_raw_messages_enter_w02_then_original_learning_before_recognition (test_w03_recognition.W03RecognitionTests.test_raw_messages_enter_w02_then_original_learning_before_recognition) ... ok
test_read_rechecks_permission_before_return_without_writing (test_w03_recognition.W03RecognitionTests.test_read_rechecks_permission_before_return_without_writing) ... ok
test_revised_conclusion_keeps_old_evolution_and_revocation_marks_view_stale (test_w03_recognition.W03RecognitionTests.test_revised_conclusion_keeps_old_evolution_and_revocation_marks_view_stale) ... ok
test_revoked_support_blocks_commit_without_state_write (test_w03_recognition.W03RecognitionTests.test_revoked_support_blocks_commit_without_state_write) ... ok
test_same_root_and_different_object_cannot_corroborate (test_w03_recognition.W03RecognitionTests.test_same_root_and_different_object_cannot_corroborate) ... ok
test_three_independent_experiences_commit_correct_and_replay (test_w03_recognition.W03RecognitionTests.test_three_independent_experiences_commit_correct_and_replay) ... ok
test_validated_contrary_roots_withdraw_without_erasing_history (test_w03_recognition.W03RecognitionTests.test_validated_contrary_roots_withdraw_without_erasing_history) ... ok
test_atomic_storage_failure_and_legacy_serialization (test_w03_unfinished_items.W03UnfinishedItemTests.test_atomic_storage_failure_and_legacy_serialization) ... ok
test_blocked_urgent_does_not_starve_normal_and_identity_is_stable (test_w03_unfinished_items.W03UnfinishedItemTests.test_blocked_urgent_does_not_starve_normal_and_identity_is_stable) ... ok
test_create_replay_restart_and_read_only_view (test_w03_unfinished_items.W03UnfinishedItemTests.test_create_replay_restart_and_read_only_view) ... ok
test_defer_due_and_cancel_keep_one_identity_without_dispatch (test_w03_unfinished_items.W03UnfinishedItemTests.test_defer_due_and_cancel_keep_one_identity_without_dispatch) ... ok
test_future_deadline_does_not_hide_actionable_matter (test_w03_unfinished_items.W03UnfinishedItemTests.test_future_deadline_does_not_hide_actionable_matter) ... ok
test_internal_result_must_bind_the_same_item_not_its_creation (test_w03_unfinished_items.W03UnfinishedItemTests.test_internal_result_must_bind_the_same_item_not_its_creation) ... ok
test_older_low_priority_eventually_passes_continuous_urgent_arrivals (test_w03_unfinished_items.W03UnfinishedItemTests.test_older_low_priority_eventually_passes_continuous_urgent_arrivals) ... ok
test_read_rechecks_permission_before_return_without_writing (test_w03_unfinished_items.W03UnfinishedItemTests.test_read_rechecks_permission_before_return_without_writing) ... ok
test_revoked_source_stops_new_opportunity_but_keeps_item_history (test_w03_unfinished_items.W03UnfinishedItemTests.test_revoked_source_stops_new_opportunity_but_keeps_item_history) ... ok
test_two_writers_with_one_revision_accept_one_item_only (test_w03_unfinished_items.W03UnfinishedItemTests.test_two_writers_with_one_revision_accept_one_item_only) ... ok
test_unverified_completion_and_stale_revision_fail_without_write (test_w03_unfinished_items.W03UnfinishedItemTests.test_unverified_completion_and_stale_revision_fail_without_write) ... ok
test_verified_effect_completes_once_and_cancel_is_terminal (test_w03_unfinished_items.W03UnfinishedItemTests.test_verified_effect_completes_once_and_cancel_is_terminal) ... ok

----------------------------------------------------------------------
Ran 1145 tests in 1666.164s

OK (skipped=1)
