         71318891 function calls (63628470 primitive calls) in 32.232 seconds

   Ordered by: cumulative time

   ncalls  tottime  percall  cumtime  percall filename:lineno(function)
    557/1    0.122    0.000   32.574   32.574 {built-in method builtins.exec}
        1    0.000    0.000   32.574   32.574 <frozen runpy>:201(run_module)
        1    0.000    0.000   32.545   32.545 <frozen runpy>:65(_run_code)
        1    0.000    0.000   32.545   32.545 __main__.py:1(<module>)
        1    0.000    0.000   32.545   32.545 main.py:66(__init__)
        1    0.000    0.000   31.798   31.798 main.py:244(runTests)
        1    0.000    0.000   31.798   31.798 runner.py:241(run)
      2/1    0.000    0.000   31.797   31.797 suite.py:83(__call__)
      2/1    0.000    0.000   31.797   31.797 suite.py:102(run)
        1    0.000    0.000   31.797   31.797 case.py:724(__call__)
        1    0.000    0.000   31.797   31.797 case.py:634(run)
        1    0.000    0.000   30.942   30.942 case.py:614(_callTestMethod)
        1    0.000    0.000   30.942   30.942 test_w04_4_continuity.py:108(test_no_transfer_permission_keeps_other_authorized_entry_material)
        2    0.000    0.000   30.876   15.438 w04_cross_entry_fixture.py:179(submit)
        2    0.000    0.000   30.822   15.411 cross_entry_service.py:310(receive)
        2    0.000    0.000   30.822   15.411 continuity_interaction_service.py:181(submit)
        2    0.001    0.000   30.819   15.409 continuity_interaction_service.py:198(_submit)
        2    0.000    0.000   27.404   13.702 continuity_interaction_service.py:738(_run_domain)
        1    0.000    0.000   21.931   21.931 continuity_interaction_service.py:1152(_complete_domain_after_thinking)
       18    0.001    0.000   21.743    1.208 continuity_core_service.py:469(current)
      753    0.021    0.000   21.571    0.029 json_integration_repository.py:730(_load_operations)
      590    0.023    0.000   19.800    0.034 integration_results.py:1213(from_dict)
        2    0.000    0.000   19.726    9.863 continuity_core_service.py:529(after_action)
      588    0.022    0.000   16.983    0.029 integration_results.py:655(from_dict)
        1    0.000    0.000   16.735   16.735 action_planning_service.py:144(run)
    16133    0.019    0.000   16.427    0.001 action_planning.py:12(digest)
    16170    0.049    0.000   16.302    0.001 integration_hashing.py:31(canonicalize_json)
        1    0.000    0.000   14.226   14.226 action_planning_service.py:176(_resume)
       19    0.003    0.000   13.514    0.711 context_composer_service.py:103(compose)
        8    0.000    0.000   13.076    1.635 execution_service.py:176(current)
    16170    0.024    0.000   12.731    0.001 _impl.py:177(dumps)
2220841/16170    3.889    0.000   12.699    0.001 _impl.py:188(dump)
       10    0.000    0.000   12.691    1.269 expression_policy_service.py:119(decide)
      184    0.016    0.000   12.595    0.068 cross_entry_service.py:23(_decision)
      184    0.017    0.000   12.579    0.068 cross_entry_service.py:171(reference_allowed)
  866/508    0.001    0.000   11.358    0.022 execution_service.py:78(port)
      604    0.019    0.000   11.209    0.019 integration_results.py:465(__post_init__)
      364    0.019    0.000   10.651    0.029 json_integration_repository.py:621(load_operation)
      355    0.018    0.000   10.491    0.030 json_integration_repository.py:291(list_operations)
      139    0.000    0.000   10.363    0.075 cross_entry_service.py:30(authorize_reference)
     1115    0.017    0.000    9.830    0.009 continuity_core.py:116(binding_hash)
        1    0.000    0.000    9.761    9.761 execution_service.py:22(execute)
        1    0.000    0.000    9.761    9.761 execution_service.py:245(execute)
        7    0.000    0.000    9.138    1.305 w04_cross_entry_fixture.py:149(confirmed)
        7    0.000    0.000    9.126    1.304 p17_execution_fixture.py:192(choose)
        7    0.000    0.000    9.116    1.302 execution_service.py:39(choose)
        7    0.000    0.000    9.115    1.302 cross_entry_service.py:372(choose)
      109    0.009    0.000    9.087    0.083 cross_entry_service.py:224(scoped_state)
       95    0.010    0.000    8.698    0.092 entry_context_source.py:41(resolve)
        6    0.000    0.000    7.405    1.234 continuity_core_service.py:96(validate_context)
      238    0.003    0.000    7.218    0.030 cross_entry_service.py:193(origins)
        5    0.000    0.000    6.476    1.295 action_planning_service.py:115(_validate_input)
        5    0.000    0.000    6.466    1.293 continuity_core_service.py:85(resolve)
  3128102    2.852    0.000    5.599    0.000 _impl.py:79(_serialize_str)
     1152    0.030    0.000    5.252    0.005 perception.py:695(from_dict)
     1133    0.016    0.000    5.019    0.004 continuity_core.py:120(from_dict)
     1120    0.019    0.000    4.844    0.004 json_environment_repository.py:33(load)
       19    0.000    0.000    4.758    0.250 input_context_source.py:116(resolve)
       19    0.003    0.000    4.758    0.250 input_context_source.py:119(_resolve)
      247    0.007    0.000    4.592    0.019 cross_entry_service.py:69(binding)
     2284    0.048    0.000    4.123    0.002 associative_recall.py:39(validate_record)
        2    0.000    0.000    3.981    1.991 continuity_core_service.py:333(prepare)
       25    0.000    0.000    3.890    0.156 input_context_source.py:85(_authorize_material)
      282    0.009    0.000    3.874    0.014 environment_access_service.py:89(require)
        2    0.000    0.000    3.831    1.915 continuity_core_service.py:348(_prepare)
      191    0.002    0.000    3.667    0.019 cross_entry_service.py:80(current_record)
     1130    0.085    0.000    3.565    0.003 json_runtime_repository.py:34(safe_root)
2221603/16202    1.690    0.000    3.524    0.000 integration_hashing.py:21(_json_value)
        1    0.000    0.000    3.517    3.517 device_operation_service.py:138(execute)
    39/38    0.000    0.000    3.214    0.085 device_operation_service.py:28(_call)
        9    0.000    0.000    3.163    0.351 device_operation_service.py:82(current)
        9    0.001    0.000    3.163    0.351 device_operation_service.py:94(_current)
        2    0.000    0.000    3.121    1.560 associative_recall_service.py:82(prepare)
        2    0.000    0.000    3.120    1.560 associative_recall_service.py:102(_prepare)
        1    0.000    0.000    3.054    3.054 w04_device_fixture.py:184(execute)
        1    0.000    0.000    3.023    3.023 device_operation_service.py:147(guard)
        1    0.000    0.000    2.993    2.993 execution_service.py:28(execution_preflight)
        1    0.000    0.000    2.950    2.950 continuity_interaction_service.py:630(_finish_operation)
      610    0.038    0.000    2.805    0.005 integration_results.py:1039(__post_init__)
        2    0.000    0.000    2.794    1.397 context_router_service.py:691(route)
        2    0.001    0.000    2.793    1.396 context_router_service.py:786(_execute)
        9    0.005    0.001    2.721    0.302 cross_entry_service.py:284(delivery_current)
 13929281    1.804    0.000    2.596    0.000 {built-in method builtins.isinstance}
        1    0.000    0.000    2.537    2.537 expression_policy_service.py:153(compose)
      282    0.009    0.000    2.511    0.009 environment_access_service.py:58(_available)
       45    0.000    0.000    2.234    0.050 cross_entry_service.py:27(authorize_candidate)
     1134    0.017    0.000    2.153    0.002 continuity_core.py:50(__post_init__)
        2    0.000    0.000    2.037    1.019 continuity_interaction_service.py:1240(_validate_core_before_thinking)
        2    0.000    0.000    2.037    1.019 continuity_core_service.py:515(before_thinking)
        3    0.000    0.000    1.709    0.570 execution_context_source.py:34(retrieve)
        3    0.000    0.000    1.707    0.569 execution_context_source.py:24(items)
        3    0.000    0.000    1.707    0.569 execution_service.py:439(results_for_context)
 14431650    1.636    0.000    1.636    0.000 {method 'write' of '_io.BytesIO' objects}
241066/241038    0.476    0.000    1.600    0.000 {built-in method builtins.sorted}
       28    0.001    0.000    1.579    0.056 __init__.py:1(<module>)
     1133    0.008    0.000    1.544    0.001 context_routing.py:947(from_dict)
        1    0.000    0.000    1.528    1.528 continuity_interaction_service.py:1246(_verify_core_completed)
       48    0.000    0.000    1.405    0.029 input_context_source.py:33(_material)
    21776    0.014    0.000    1.395    0.000 __init__.py:663(exists)
    21796    1.352    0.000    1.383    0.000 {built-in method nt._path_exists}
       48    0.000    0.000    1.354    0.028 json_integration_repository.py:631(_load_operation_input)
        2    0.000    0.000    1.301    0.651 expression_policy_service.py:178(verify)
    18373    0.009    0.000    1.249    0.000 __init__.py:703(is_symlink)
    18373    1.229    0.000    1.240    0.000 {built-in method nt._path_islink}
  5486830    1.230    0.000    1.230    0.000 {method 'encode' of 'str' objects}
  3128342    1.170    0.000    1.229    0.000 {method 'sub' of 're.Pattern' objects}
1205627/2994    0.396    0.000    1.226    0.000 copy.py:110(deepcopy)
       56    0.003    0.000    1.209    0.022 json_integration_repository.py:483(_load_capability_document)
51334/2397    0.080    0.000    1.200    0.001 copy.py:172(_deepcopy_list)
       20    0.003    0.000    1.172    0.059 json_integration_repository.py:659(save_operation)
45277/2157    0.223    0.000    1.172    0.001 copy.py:198(_deepcopy_dict)
     1139    0.008    0.000    1.116    0.001 context_composition.py:883(from_dict)
  1874967    0.425    0.000    1.106    0.000 _impl.py:238(<lambda>)
    18276    0.009    0.000    1.025    0.000 __init__.py:656(lstat)
    18277    1.006    0.000    1.016    0.000 {built-in method nt.lstat}
     1250    0.013    0.000    1.016    0.001 input_processing.py:97(validate_binding)
       16    0.002    0.000    0.944    0.059 continuity_interaction_service.py:1503(_save_domain_progress)
        4    0.000    0.000    0.929    0.232 execution_service.py:470(_current_result_source)
      604    0.002    0.000    0.901    0.001 associative_recall.py:68(validate_history)
     1406    0.002    0.000    0.896    0.001 action_planning.py:138(canonical_hash)
        1    0.000    0.000    0.858    0.858 execution_context_source.py:51(revalidate)
      670    0.004    0.000    0.825    0.001 json_integration_repository.py:82(_read_json)
       28    0.000    0.000    0.815    0.029 json_integration_repository.py:389(load_capability_request)
   349/16    0.002    0.000    0.802    0.050 <frozen importlib._bootstrap>:1360(_find_and_load)
   346/16    0.002    0.000    0.801    0.050 <frozen importlib._bootstrap>:1308(_find_and_load_unlocked)
   323/16    0.001    0.000    0.799    0.050 <frozen importlib._bootstrap>:914(_load_unlocked)
   294/13    0.001    0.000    0.798    0.061 <frozen importlib._bootstrap_external>:753(exec_module)
        1    0.000    0.000    0.798    0.798 case.py:611(_callSetUp)
        1    0.000    0.000    0.798    0.798 test_w04_4_continuity.py:15(setUp)
   909/37    0.001    0.000    0.796    0.022 <frozen importlib._bootstrap>:483(_call_with_frames_removed)
        1    0.000    0.000    0.795    0.795 w04_cross_entry_fixture.py:66(__init__)
  2223680    0.402    0.000    0.792    0.000 <frozen abc>:117(__instancecheck__)
     1166    0.001    0.000    0.785    0.001 action_capability.py:57(request_hash)
27834/217    0.069    0.000    0.783    0.004 copy.py:228(_reconstruct)
       10    0.000    0.000    0.775    0.077 cross_entry_service.py:269(require_delivery)
       28    0.001    0.000    0.769    0.027 json_integration_repository.py:92(_atomic_write_json)
  783/591    0.001    0.000    0.769    0.001 {built-in method builtins.__import__}
        1    0.000    0.000    0.748    0.748 main.py:115(parseArgs)
        1    0.000    0.000    0.736    0.736 main.py:144(createTests)
        1    0.000    0.000    0.736    0.736 loader.py:203(loadTestsFromNames)
        1    0.000    0.000    0.736    0.736 loader.py:121(loadTestsFromName)
        1    0.000    0.000    0.733    0.733 test_w04_4_continuity.py:1(<module>)
     3470    0.014    0.000    0.728    0.000 continuity_core.py:104(to_dict)
20008/1199    0.032    0.000    0.724    0.001 copy.py:181(_deepcopy_tuple)
      445    0.002    0.000    0.712    0.002 action_capability.py:82(to_dict)
       19    0.000    0.000    0.685    0.036 cross_entry_service.py:149(transfer)
       10    0.000    0.000    0.681    0.068 capability_coordination_service.py:66(action_attempts)
      670    0.004    0.000    0.680    0.001 __init__.py:278(load)
     1139    0.014    0.000    0.665    0.001 context_composition.py:819(from_dict)
        2    0.000    0.000    0.663    0.332 input_processing_service.py:144(prepare)
    37105    0.057    0.000    0.654    0.000 __init__.py:185(dumps)
       57    0.000    0.000    0.628    0.011 action_capability.py:268(from_dict)
       18    0.000    0.000    0.596    0.033 execution_service.py:116(request)
       11    0.000    0.000    0.592    0.054 execution_service.py:165(query)
    37105    0.044    0.000    0.588    0.000 encoder.py:185(encode)
     2465    0.027    0.000    0.586    0.000 perception.py:668(to_dict)
       16    0.000    0.000    0.583    0.036 execution_service.py:120(route_for)
       67    0.074    0.001    0.580    0.009 __init__.py:120(dump)
     2581    0.005    0.000    0.566    0.000 __init__.py:932(resolve)
     1133    0.019    0.000    0.563    0.000 context_routing.py:885(from_dict)
      174    0.002    0.000    0.555    0.003 action_capability.py:89(from_dict)
     2581    0.016    0.000    0.545    0.000 <frozen ntpath>:661(realpath)
     4645    0.011    0.000    0.538    0.000 context_routing.py:940(to_dict)
        6    0.000    0.000    0.536    0.089 input_context_source.py:82(authorize)
      600    0.007    0.000    0.532    0.001 continuity_core.py:95(validate_perception)
    25788    0.526    0.000    0.526    0.000 encoder.py:207(iterencode)
     3012    0.008    0.000    0.517    0.000 __init__.py:304(loads)
       14    0.001    0.000    0.509    0.036 entry_context_source.py:17(retrieve)
     3012    0.010    0.000    0.508    0.000 decoder.py:340(decode)
        1    0.000    0.000    0.497    0.497 w04_device_fixture.py:222(__init__)
     3012    0.490    0.000    0.490    0.000 decoder.py:351(raw_decode)
     5328    0.480    0.000    0.480    0.000 {built-in method nt._getfinalpathname}
        8    0.000    0.000    0.473    0.059 continuity_interaction_service.py:860(save_input)
     1133    0.006    0.000    0.467    0.000 context_routing.py:783(from_dict)
      801    0.009    0.000    0.466    0.001 cross_entry.py:113(validate_entry_record)
     3550    0.422    0.000    0.451    0.000 {built-in method _io.open}
      128    0.001    0.000    0.449    0.004 action_capability.py:241(from_dict)
       59    0.000    0.000    0.440    0.007 action_capability.py:257(__post_init__)
     1139    0.022    0.000    0.434    0.000 context_composition.py:691(from_dict)
     3460    0.005    0.000    0.430    0.000 __init__.py:763(open)
   206222    0.036    0.000    0.419    0.000 encoder.py:426(_iterencode)
       83    0.416    0.005    0.416    0.005 {built-in method nt.fsync}
        1    0.000    0.000    0.408    0.408 p17_execution_fixture.py:204(__init__)
      251    0.001    0.000    0.401    0.002 action_capability.py:235(to_dict)
       12    0.000    0.000    0.396    0.033 entry_context_source.py:28(revalidate)
  2223680    0.390    0.000    0.391    0.000 {built-in method _abc._abc_instancecheck}
1385941/206222    0.263    0.000    0.383    0.000 encoder.py:339(_iterencode_dict)
     4639    0.014    0.000    0.377    0.000 context_routing.py:104(_hash)
        1    0.000    0.000    0.349    0.349 p09_core_fixture.py:122(__init__)
      473    0.001    0.000    0.346    0.001 action_capability.py:78(idempotency_key)
408392/204708    0.081    0.000    0.344    0.000 encoder.py:280(_iterencode_list)
     7973    0.005    0.000    0.344    0.000 context_composition.py:838(<genexpr>)
     1175    0.007    0.000    0.341    0.000 context_routing.py:957(canonical_hash)
      813    0.002    0.000    0.341    0.000 cross_entry.py:67(fingerprint)
     6834    0.048    0.000    0.340    0.000 context_composition.py:394(from_dict)
      364    0.004    0.000    0.339    0.001 json_repository.py:311(list_update_records)
      590    0.008    0.000    0.334    0.001 awakening.py:325(from_dict)
      353    0.002    0.000    0.333    0.001 subject_state_service.py:162(get_update_history)
     6852    0.007    0.000    0.330    0.000 dataclasses.py:1475(asdict)
     1133    0.011    0.000    0.328    0.000 context_routing.py:359(from_dict)
     7931    0.004    0.000    0.325    0.000 context_routing.py:790(<genexpr>)
       63    0.000    0.000    0.322    0.005 cross_entry_service.py:306(<genexpr>)
     6798    0.026    0.000    0.321    0.000 context_routing.py:508(from_dict)
     1140    0.001    0.000    0.320    0.000 input_processing.py:80(binding_hash)
472871/6852    0.230    0.000    0.317    0.000 dataclasses.py:1499(_asdict_inner)
       12    0.000    0.000    0.299    0.025 capability_coordination_service.py:93(_verify_action_result_evidence)
     1457    0.007    0.000    0.294    0.000 __init__.py:780(read_text)
  1663344    0.279    0.000    0.279    0.000 {method 'get' of 'dict' objects}
      116    0.000    0.000    0.270    0.002 action_capability.py:199(capability_result_id)
     3476    0.008    0.000    0.263    0.000 context_composition.py:875(to_dict)
      260    0.001    0.000    0.261    0.001 dataclasses.py:1431(wrap)
      260    0.013    0.000    0.260    0.001 dataclasses.py:986(_process_class)
   185938    0.085    0.000    0.259    0.000 context_routing.py:58(_identifier)
       18    0.000    0.000    0.256    0.014 environment_access_service.py:118(require_action)
       23    0.001    0.000    0.255    0.011 expression_policy_service.py:28(binding)
    77896    0.181    0.000    0.251    0.000 _impl.py:97(_serialize_float)
     6842    0.020    0.000    0.249    0.000 context_routing.py:467(__post_init__)
     4669    0.048    0.000    0.249    0.000 context_routing.py:865(to_dict)
        5    0.000    0.000    0.248    0.050 execution_service.py:19(query)
     2127    0.200    0.000    0.247    0.000 {method 'read' of '_io.TextIOWrapper' objects}
        4    0.000    0.000    0.245    0.061 input_context_source.py:102(retrieve)
     1200    0.010    0.000    0.242    0.000 events.py:599(from_dict)
    37478    0.016    0.000    0.241    0.000 <frozen _collections_abc>:1011(__iter__)
        4    0.000    0.000    0.240    0.060 capability_coordination_service.py:106(_verify_action_receipt)
    12463    0.006    0.000    0.236    0.000 context_routing.py:907(<genexpr>)
    38544    0.042    0.000    0.236    0.000 __init__.py:63(__getitem__)
        4    0.000    0.000    0.233    0.058 capability_coordination_service.py:81(_query_action_fact)
    11330    0.045    0.000    0.230    0.000 context_routing.py:714(from_dict)
     6948    0.054    0.000    0.227    0.000 context_composition.py:317(__post_init__)
     1158    0.023    0.000    0.224    0.000 context_composition.py:753(__post_init__)
       70    0.003    0.000    0.218    0.003 json_execution_outbox.py:30(_safe)
       10    0.000    0.000    0.217    0.022 json_integration_repository.py:473(list_capability_attempts)
     1792    0.028    0.000    0.215    0.000 events.py:482(from_dict)
      615    0.005    0.000    0.211    0.000 json_repository.py:336(_decode_document)
     4634    0.024    0.000    0.208    0.000 context_composition.py:799(canonical_dict)
   496710    0.208    0.000    0.208    0.000 {method 'fullmatch' of 're.Pattern' objects}
     1856    0.005    0.000    0.207    0.000 action_planning.py:134(to_dict)
        1    0.000    0.000    0.204    0.204 integration_contract_validation.py:1(<module>)
  1918878    0.203    0.000    0.203    0.000 {built-in method builtins.hasattr}
      295    0.003    0.000    0.199    0.001 <frozen importlib._bootstrap_external>:826(get_code)
     2791    0.008    0.000    0.198    0.000 context_composition.py:71(_hash)
        6    0.000    0.000    0.195    0.033 device_operation_service.py:40(observe)
        9    0.000    0.000    0.195    0.022 json_environment_repository.py:99(transact)
      250    0.002    0.000    0.193    0.001 json_repository.py:240(load)
     6961    0.037    0.000    0.192    0.000 context_routing.py:348(to_dict)
        2    0.000    0.000    0.192    0.096 action_planning_service.py:171(_save)
        2    0.000    0.000    0.192    0.096 capability_coordination_service.py:114(accept_action_result)
       27    0.001    0.000    0.190    0.007 persistence.py:27(atomic_write_json)
     1133    0.006    0.000    0.190    0.000 contradiction.py:1105(from_dict)
   511099    0.124    0.000    0.187    0.000 enum.py:187(__get__)
     1319    0.006    0.000    0.186    0.000 __init__.py:773(read_bytes)
      504    0.004    0.000    0.186    0.000 action.py:932(from_dict)
     2375    0.012    0.000    0.184    0.000 <frozen _collections_abc>:1021(__contains__)
      236    0.001    0.000    0.183    0.001 subject_state_service.py:42(load)
     5781    0.013    0.000    0.181    0.000 context_routing.py:773(canonical_dict)
     2316    0.005    0.000    0.177    0.000 context_routing.py:356(canonical_hash)
     1136    0.002    0.000    0.176    0.000 context_routing.py:928(__post_init__)
   131253    0.058    0.000    0.176    0.000 context_composition.py:50(_identifier)
       17    0.000    0.000    0.175    0.010 device_operation_service.py:128(query)
        1    0.000    0.000    0.175    0.175 sandbox.py:799(create_sandbox)
     1133    0.010    0.000    0.173    0.000 contradiction.py:1034(from_dict)
      719    0.003    0.000    0.172    0.000 persistence.py:186(now)
    34916    0.046    0.000    0.170    0.000 context_routing.py:492(to_dict)
      737    0.004    0.000    0.168    0.000 persistence.py:51(read_json)
      753    0.001    0.000    0.168    0.000 __init__.py:685(is_file)
     7066    0.043    0.000    0.168    0.000 context_routing.py:399(__post_init__)
      754    0.149    0.000    0.167    0.000 {built-in method nt._path_isfile}
     1158    0.028    0.000    0.167    0.000 context_composition.py:567(__post_init__)
    46546    0.037    0.000    0.163    0.000 context_routing.py:71(_format_time)
       44    0.001    0.000    0.163    0.004 w04_device_fixture.py:40(load)
      179    0.001    0.000    0.160    0.001 action_planning.py:141(from_dict)
    27804    0.070    0.000    0.158    0.000 context_composition.py:367(to_dict)
    36624    0.022    0.000    0.157    0.000 __init__.py:269(_from_parsed_parts)
        4    0.000    0.000    0.156    0.039 execution_service.py:352(_stopped)
     1727    0.017    0.000    0.156    0.000 environment_access.py:147(from_dict)
     3476    0.004    0.000    0.156    0.000 context_composition.py:816(to_dict)
        9    0.000    0.000    0.153    0.017 capability_coordination_service.py:63(action_requests_by_decision)
        9    0.000    0.000    0.153    0.017 json_integration_repository.py:409(find_action_requests_by_decision)
      358    0.000    0.000    0.151    0.000 action_planning.py:146(<genexpr>)
      179    0.001    0.000    0.151    0.001 action_planning.py:77(from_dict)
      198    0.004    0.000    0.150    0.001 action_planning.py:41(__post_init__)
      615    0.004    0.000    0.149    0.000 json_repository.py:450(_read_payload)
    97585    0.146    0.000    0.146    0.000 {method 'isoformat' of 'datetime.datetime' objects}
       13    0.000    0.000    0.144    0.011 execution_service.py:156(_fact)
        1    0.000    0.000    0.144    0.144 integration_contract_schema.py:1(<module>)
     4645    0.005    0.000    0.144    0.000 context_routing.py:780(to_dict)
    45990    0.076    0.000    0.143    0.000 context_routing.py:93(_unique_texts)
    12463    0.006    0.000    0.138    0.000 context_routing.py:370(<genexpr>)
    11370    0.046    0.000    0.137    0.000 context_routing.py:669(__post_init__)
        1    0.000    0.000    0.136    0.136 sandbox.py:1584(_initialize_branch)
     9064    0.005    0.000    0.135    0.000 context_routing.py:910(<genexpr>)
   166967    0.077    0.000    0.135    0.000 enum.py:677(__call__)
    13668    0.020    0.000    0.133    0.000 context_composition.py:453(from_dict)
     1136    0.013    0.000    0.132    0.000 context_routing.py:754(__post_init__)
    11330    0.023    0.000    0.132    0.000 context_routing.py:315(from_dict)
    66367    0.033    0.000    0.131    0.000 action_planning.py:16(identifier)
     7931    0.021    0.000    0.131    0.000 context_routing.py:626(from_dict)
     1210    0.016    0.000    0.130    0.000 models.py:370(from_dict)
    34332    0.078    0.000    0.129    0.000 dataclasses.py:1445(fields)
       11    0.000    0.000    0.129    0.012 expression_policy_service.py:58(authorization_request)
       10    0.000    0.000    0.129    0.013 expression_policy_service.py:79(_authorize)
      260    0.004    0.000    0.128    0.000 dataclasses.py:478(add_fns_to_class)
     3854    0.127    0.000    0.127    0.000 {method '__exit__' of '_io._IOBase' objects}
     4639    0.045    0.000    0.127    0.000 context_composition.py:657(canonical_dict)
    41512    0.038    0.000    0.127    0.000 __init__.py:157(with_segments)
        6    0.000    0.000    0.126    0.021 json_environment_repository.py:117(register)
        2    0.000    0.000    0.126    0.063 cross_entry_service.py:91(prepare)
    25699    0.125    0.000    0.125    0.000 {built-in method _hashlib.openssl_sha256}
    11330    0.005    0.000    0.125    0.000 context_routing.py:913(<genexpr>)
        1    0.000    0.000    0.124    0.124 w04_cross_entry_fixture.py:1(<module>)
      127    0.124    0.001    0.124    0.001 {built-in method builtins.compile}
        2    0.000    0.000    0.123    0.062 input_context_source.py:110(revalidate)
        8    0.000    0.000    0.123    0.015 validators.py:349(iter_errors)
  3794/66    0.010    0.000    0.123    0.002 validators.py:396(descend)
      194    0.001    0.000    0.122    0.001 action_capability.py:28(__post_init__)
  1533/46    0.002    0.000    0.121    0.003 _keywords.py:274(ref)
        1    0.000    0.000    0.121    0.121 execution_service.py:320(collect)
        6    0.000    0.000    0.121    0.020 validators.py:306(check_schema)
    174/6    0.001    0.000    0.120    0.020 _keywords.py:332(allOf)
  1412/50    0.002    0.000    0.120    0.002 _keywords.py:290(properties)
    10197    0.017    0.000    0.119    0.000 context_routing.py:556(from_dict)
    66990    0.035    0.000    0.118    0.000 __init__.py:190(__fspath__)
    16178    0.017    0.000    0.116    0.000 integration_hashing.py:42(sha256_hash)
     1058    0.017    0.000    0.113    0.000 cross_entry.py:60(from_dict)
       41    0.000    0.000    0.113    0.003 <frozen importlib._bootstrap_external>:818(source_to_code)
   168/89    0.000    0.000    0.113    0.001 _keywords.py:278(dynamicRef)
    37077    0.029    0.000    0.113    0.000 context_composition.py:90(_format_time)
        3    0.000    0.000    0.112    0.037 cross_entry_service.py:56(configure)
    36698    0.013    0.000    0.110    0.000 __init__.py:276(_from_parsed_string)
      208    0.001    0.000    0.110    0.001 device_operation.py:129(hash)
    71697    0.035    0.000    0.109    0.000 __init__.py:169(fullmatch)
        7    0.001    0.000    0.108    0.015 p08_action_fixture.py:26(_validate_fixture_root)
   185950    0.070    0.000    0.108    0.000 context_routing.py:52(_text)
        2    0.000    0.000    0.107    0.053 continuity_interaction_service.py:1434(_prepare_domain_progress)
        9    0.000    0.000    0.106    0.012 json_environment_repository.py:85(_write)
     7973    0.004    0.000    0.105    0.000 context_composition.py:727(<genexpr>)
      196    0.001    0.000    0.104    0.001 dataclasses.py:1754(replace)
      196    0.002    0.000    0.103    0.001 dataclasses.py:1773(_replace)
    46/35    0.000    0.000    0.102    0.003 _keywords.py:36(additionalProperties)
      505    0.007    0.000    0.101    0.000 action.py:870(from_dict)
     6834    0.013    0.000    0.101    0.000 context_composition.py:497(from_dict)
   181161    0.065    0.000    0.100    0.000 context_composition.py:44(_text)
    89094    0.033    0.000    0.098    0.000 __init__.py:251(__str__)
     3481    0.005    0.000    0.098    0.000 context_composition.py:688(to_dict)
    22057    0.024    0.000    0.097    0.000 {method '__reduce_ex__' of 'object' objects}
   197781    0.042    0.000    0.095    0.000 tempfile.py:518(func_wrapper)
    22759    0.012    0.000    0.095    0.000 events.py:101(_validate_json_value)
   567281    0.094    0.000    0.094    0.000 {method 'items' of 'dict' objects}
   135493    0.059    0.000    0.093    0.000 copy.py:212(_keep_alive)
     8960    0.014    0.000    0.089    0.000 events.py:136(from_dict)
    46879    0.039    0.000    0.088    0.000 <frozen ntpath>:50(normcase)
    13782    0.016    0.000    0.087    0.000 context_composition.py:436(__post_init__)
     6000    0.021    0.000    0.085    0.000 events.py:548(from_dict)
    46804    0.054    0.000    0.084    0.000 context_routing.py:697(to_dict)
     1133    0.007    0.000    0.083    0.000 context_routing.py:261(from_dict)
    11350    0.024    0.000    0.082    0.000 context_routing.py:286(__post_init__)
     1134    0.014    0.000    0.081    0.000 contradiction.py:969(__post_init__)
    10217    0.022    0.000    0.081    0.000 context_routing.py:537(__post_init__)
     1856    0.002    0.000    0.081    0.000 action_planning.py:72(to_dict)
       18    0.000    0.000    0.081    0.004 w04_device_fixture.py:99(query)
      504    0.005    0.000    0.081    0.000 action.py:355(from_dict)
     7959    0.025    0.000    0.081    0.000 context_routing.py:584(__post_init__)
       18    0.001    0.000    0.080    0.004 persistence.py:82(assert_no_link_components)
        1    0.000    0.000    0.080    0.080 sandbox.py:269(apply_fixture)
     2230    0.002    0.000    0.080    0.000 action_capability.py:43(operation_id)
        2    0.000    0.000    0.079    0.039 json_integration_repository.py:417(save_capability_result)
       20    0.000    0.000    0.077    0.004 json_execution_outbox.py:38(load)
        1    0.000    0.000    0.077    0.077 action_planning_service.py:1(<module>)
    69610    0.049    0.000    0.077    0.000 context_routing.py:305(to_dict)
419388/345181    0.061    0.000    0.076    0.000 {built-in method builtins.len}
2439/2382    0.004    0.000    0.076    0.000 {built-in method builtins.next}
       98    0.000    0.000    0.075    0.001 action_capability.py:142(validate_request)
     9064    0.005    0.000    0.075    0.000 context_routing.py:369(<genexpr>)
   631507    0.074    0.000    0.074    0.000 {method 'strip' of 'str' objects}
        1    0.000    0.000    0.074    0.074 continuity_interaction_service.py:872(save_recall)
        1    0.000    0.000    0.074    0.074 capability_coordination_service.py:1(<module>)
    11222    0.019    0.000    0.072    0.000 dataclasses.py:1250(_dataclass_getstate)
        1    0.000    0.000    0.072    0.072 capability_contract_validation.py:1(<module>)
    44354    0.045    0.000    0.072    0.000 __init__.py:135(__init__)
     7973    0.004    0.000    0.071    0.000 context_composition.py:728(<genexpr>)
        1    0.000    0.000    0.071    0.071 capability_schema.py:1(<module>)
     6948    0.018    0.000    0.071    0.000 context_composition.py:476(__post_init__)
        1    0.000    0.000    0.071    0.071 capability_schema.py:65(__init__)
     1793    0.027    0.000    0.071    0.000 events.py:238(__post_init__)
388335/388095    0.068    0.000    0.071    0.000 {built-in method builtins.getattr}
    74386    0.034    0.000    0.070    0.000 __init__.py:330(_compile)
     7931    0.011    0.000    0.070    0.000 context_routing.py:204(from_dict)
        3    0.000    0.000    0.069    0.023 json_environment_repository.py:162(bind_entry)
     7973    0.003    0.000    0.068    0.000 context_composition.py:839(<genexpr>)
     7931    0.005    0.000    0.067    0.000 contradiction.py:1054(<genexpr>)
      300    0.001    0.000    0.067    0.000 environment_access_service.py:55(_now)
     6961    0.015    0.000    0.067    0.000 context_routing.py:249(to_dict)
    12585    0.018    0.000    0.066    0.000 __init__.py:341(drive)
    21/19    0.000    0.000    0.066    0.003 contextlib.py:136(__enter__)
       15    0.000    0.000    0.065    0.004 w04_device_fixture.py:209(read_result)
     1449    0.001    0.000    0.065    0.000 action_capability.py:49(capability_request_id)
      340    0.002    0.000    0.065    0.000 <frozen importlib._bootstrap>:1243(_find_spec)
        4    0.001    0.000    0.064    0.016 local_integration_app.py:293(build_local_integration_app)
     8966    0.015    0.000    0.064    0.000 events.py:116(__post_init__)
      592    0.004    0.000    0.064    0.000 memory.py:284(from_dict)
    20474    0.013    0.000    0.064    0.000 __init__.py:217(__eq__)
     1735    0.016    0.000    0.063    0.000 environment_access.py:111(__post_init__)
   511099    0.063    0.000    0.063    0.000 enum.py:1324(value)
     6798    0.010    0.000    0.063    0.000 contradiction.py:356(from_dict)
        1    0.000    0.000    0.062    0.062 thinking_service.py:61(handle_perception)
     5488    0.002    0.000    0.061    0.000 environment_access.py:154(<genexpr>)
    11222    0.024    0.000    0.061    0.000 dataclasses.py:1254(_dataclass_setstate)
        1    0.000    0.000    0.060    0.060 w04_cross_entry_fixture.py:186(configure)
     4609    0.018    0.000    0.060    0.000 contradiction.py:1010(canonical_dict)
       73    0.000    0.000    0.059    0.001 subject_state_service.py:45(require_active)
   164365    0.037    0.000    0.059    0.000 _impl.py:84(_replace)
      323    0.000    0.000    0.059    0.000 <frozen importlib._bootstrap_external>:1284(find_spec)
      323    0.001    0.000    0.059    0.000 <frozen importlib._bootstrap_external>:1255(_get_spec)
      390    0.001    0.000    0.059    0.000 device_operation.py:105(to_dict)
     3761    0.008    0.000    0.058    0.000 environment_access.py:83(from_dict)
     2365    0.009    0.000    0.058    0.000 environment_access.py:178(__post_init__)
   166967    0.058    0.000    0.058    0.000 enum.py:1146(__new__)
     1700    0.001    0.000    0.057    0.000 validators.py:459(_validate_reference)
     3470    0.006    0.000    0.056    0.000 contradiction.py:1095(to_dict)
    18443    0.014    0.000    0.056    0.000 capability.py:744(parse_capability_datetime)
    64972    0.036    0.000    0.056    0.000 context_routing.py:65(_utc)
      843    0.005    0.000    0.056    0.000 <frozen importlib._bootstrap_external>:1357(find_spec)
     1700    0.005    0.000    0.056    0.000 _core.py:653(lookup)
        3    0.000    0.000    0.055    0.018 w04_device_fixture.py:66(__init__)
        3    0.000    0.000    0.055    0.018 w04_device_fixture.py:30(__init__)
    42043    0.030    0.000    0.055    0.000 context_routing.py:546(to_dict)
       25    0.000    0.000    0.055    0.002 execution_service.py:101(bindings)
   203339    0.054    0.000    0.054    0.000 {method 'replace' of 'str' objects}
        2    0.000    0.000    0.054    0.027 w04_cross_entry_fixture.py:165(message)
   392073    0.053    0.000    0.053    0.000 {method 'append' of 'list' objects}
        1    0.000    0.000    0.052    0.052 integration_contract_schema.py:85(__init__)
       49    0.001    0.000    0.051    0.001 input_context_source.py:38(_material_from_operation)
        1    0.000    0.000    0.050    0.050 _format.py:1(<module>)
        1    0.000    0.000    0.050    0.050 case.py:628(_callTearDown)
        1    0.000    0.000    0.050    0.050 test_w04_4_continuity.py:20(tearDown)
      824    0.002    0.000    0.050    0.000 cross_entry.py:57(to_dict)
   121461    0.035    0.000    0.050    0.000 context_routing.py:97(<genexpr>)
   469029    0.049    0.000    0.049    0.000 {built-in method builtins.id}
    41026    0.029    0.000    0.049    0.000 __init__.py:198(_str_normcase)
       83    0.047    0.001    0.049    0.001 {built-in method nt.replace}
     3475    0.004    0.000    0.048    0.000 contradiction.py:1031(to_dict)
        1    0.000    0.000    0.047    0.047 associative_recall_service.py:307(_authorize)
     2162    0.005    0.000    0.047    0.000 <frozen codecs>:322(decode)
    27876    0.026    0.000    0.047    0.000 perception.py:84(_text_list)
    21186    0.031    0.000    0.047    0.000 context_composition.py:118(_unique)
        1    0.000    0.000    0.047    0.047 p09_core_fixture.py:139(reopen)
        7    0.000    0.000    0.047    0.007 persistence.py:415(record)
    32697    0.027    0.000    0.047    0.000 context_routing.py:610(to_dict)
        2    0.000    0.000    0.046    0.023 awakening_service.py:94(wake_manual)
      313    0.001    0.000    0.046    0.000 execution_service.py:104(<genexpr>)
     9112    0.004    0.000    0.045    0.000 context_composition.py:722(<genexpr>)
      336    0.001    0.000    0.045    0.000 <frozen importlib._bootstrap_external>:947(get_data)
   108/97    0.000    0.000    0.045    0.000 <frozen importlib._bootstrap>:1409(_handle_fromlist)
        2    0.000    0.000    0.045    0.023 awakening_service.py:255(_run)
     7944    0.010    0.000    0.045    0.000 context_routing.py:189(__post_init__)
        1    0.000    0.000    0.045    0.045 awakening.py:1(<module>)
        3    0.000    0.000    0.044    0.015 json_integration_repository.py:603(_write_capability_document)
        1    0.000    0.000    0.044    0.044 json_integration_repository.py:691(save_completed)
        7    0.000    0.000    0.044    0.006 json_awakening_repository.py:112(_write_json)
1108/1101    0.013    0.000    0.044    0.000 {built-in method builtins.__build_class__}
        4    0.000    0.000    0.044    0.011 exceptions.py:1(<module>)
       22    0.001    0.000    0.044    0.002 json_runtime_repository.py:48(file_lock)
    27834    0.024    0.000    0.043    0.000 context_composition.py:486(to_dict)
   206256    0.043    0.000    0.043    0.000 {method 'write' of '_io.TextIOWrapper' objects}
     1133    0.005    0.000    0.043    0.000 context_routing.py:169(from_dict)
      301    0.000    0.000    0.043    0.000 execution.py:66(hash)
        3    0.000    0.000    0.043    0.014 thinking.py:764(from_dict)
    55567    0.028    0.000    0.043    0.000 context_composition.py:84(_utc)
     2162    0.043    0.000    0.043    0.000 {built-in method _codecs.utf_8_decode}
    28076    0.007    0.000    0.042    0.000 environment_access.py:43(_optional_id)
        1    0.000    0.000    0.042    0.042 contradiction.py:1(<module>)
      130    0.001    0.000    0.041    0.000 action_capability.py:163(__post_init__)
   126/98    0.001    0.000    0.041    0.000 __init__.py:1006(mkdir)
     7973    0.008    0.000    0.041    0.000 context_composition.py:529(from_dict)
     6804    0.011    0.000    0.041    0.000 contradiction.py:337(__post_init__)
      817    0.006    0.000    0.040    0.000 cross_entry.py:106(from_dict)
     3788    0.008    0.000    0.040    0.000 environment_access.py:60(__post_init__)
       57    0.000    0.000    0.040    0.001 action_capability.py:215(request_hash)
   343941    0.040    0.000    0.040    0.000 dataclasses.py:1460(<genexpr>)
        3    0.000    0.000    0.039    0.013 validators.py:1(<module>)
        2    0.000    0.000    0.039    0.020 json_integration_repository.py:258(lookup)
        2    0.000    0.000    0.039    0.020 json_thinking_repository.py:33(save_think_session)
      570    0.004    0.000    0.039    0.000 environment_access.py:142(to_dict)
    18443    0.019    0.000    0.038    0.000 capability.py:71(_utc)
        1    0.000    0.000    0.038    0.038 integration_results.py:1(<module>)
        4    0.000    0.000    0.038    0.009 thinking.py:473(__post_init__)
    27678    0.013    0.000    0.038    0.000 context_composition.py:57(_reason)
        3    0.000    0.000    0.038    0.013 json_execution_outbox.py:97(save)
        1    0.000    0.000    0.037    0.037 input_processing_service.py:278(finish_context)
        1    0.000    0.000    0.037    0.037 continuity_core_service.py:445(<lambda>)
        3    0.000    0.000    0.037    0.012 models.py:1(<module>)
        1    0.000    0.000    0.036    0.036 http_server.py:1(<module>)
        1    0.000    0.000    0.036    0.036 p17_execution_fixture.py:65(__init__)
        4    0.000    0.000    0.036    0.009 continuity_core_runtime.py:39(build_continuity_core)
    46201    0.025    0.000    0.036    0.000 context_routing.py:84(_ratio)
     1139    0.003    0.000    0.035    0.000 contradiction.py:21(contradiction_hash)
     1136    0.010    0.000    0.035    0.000 context_routing.py:816(__post_init__)
        1    0.000    0.000    0.035    0.035 action.py:1(<module>)
        1    0.000    0.000    0.034    0.034 w02_input_fixture.py:11(capture_failure)
      244    0.000    0.000    0.034    0.000 inspect.py:3320(signature)
      584    0.004    0.000    0.034    0.000 input_processing.py:112(from_dict)
        1    0.000    0.000    0.034    0.034 server.py:1(<module>)
      244    0.000    0.000    0.034    0.000 inspect.py:3033(from_callable)
     1164    0.013    0.000    0.033    0.000 context_routing.py:125(__post_init__)
  724/244    0.005    0.000    0.033    0.000 inspect.py:2413(_signature_from_callable)
     7409    0.009    0.000    0.033    0.000 perception.py:64(_format_datetime)
97159/97152    0.013    0.000    0.033    0.000 {built-in method nt.fspath}
        2    0.000    0.000    0.033    0.016 device_operation_service.py:233(read_result)
61729/60739    0.013    0.000    0.033    0.000 copy.py:233(<genexpr>)
     1061    0.010    0.000    0.032    0.000 cross_entry.py:32(__post_init__)
        2    0.000    0.000    0.032    0.016 sandbox.py:857(open_runtime)
    42834    0.020    0.000    0.031    0.000 __init__.py:261(_format_parsed_parts)
     7426    0.017    0.000    0.031    0.000 __init__.py:281(_parse_path)
        1    0.000    0.000    0.031    0.031 w04_cross_entry_fixture.py:137(reopen)
      127    0.031    0.000    0.031    0.000 {built-in method nt.mkdir}
      336    0.031    0.000    0.031    0.000 {built-in method _io.open_code}
      505    0.003    0.000    0.031    0.000 action.py:688(from_dict)
   144373    0.031    0.000    0.031    0.000 {method 'astimezone' of 'datetime.datetime' objects}
    25698    0.030    0.000    0.030    0.000 {method 'hexdigest' of '_hashlib.HASH' objects}
     3741    0.008    0.000    0.030    0.000 validators.py:339(evolve)
      592    0.003    0.000    0.030    0.000 memory.py:248(from_dict)
        4    0.000    0.000    0.030    0.007 w04_cross_entry_fixture.py:117(capacity)
      505    0.003    0.000    0.030    0.000 action.py:799(from_dict)
        1    0.000    0.000    0.030    0.030 p17_execution_fixture.py:1(<module>)
      819    0.006    0.000    0.029    0.000 cross_entry.py:89(__post_init__)
        2    0.000    0.000    0.029    0.015 environment_access_service.py:108(require_ingress)
     1319    0.028    0.000    0.028    0.000 {method 'read' of '_io.FileIO' objects}
      2/1    0.000    0.000    0.028    0.028 <frozen runpy>:105(_get_module_details)
     3718    0.005    0.000    0.028    0.000 <frozen ntpath>:80(isabs)
      254    0.001    0.000    0.028    0.000 <frozen importlib._bootstrap_external>:509(_compile_bytecode)
       71    0.001    0.000    0.028    0.000 tempfile.py:558(NamedTemporaryFile)
     2304    0.002    0.000    0.028    0.000 perception.py:744(<genexpr>)
        1    0.000    0.000    0.027    0.027 c1_snapshot.py:14(initialize_profile)
      592    0.003    0.000    0.027    0.000 memory.py:135(from_dict)
   156593    0.027    0.000    0.027    0.000 {method 'find' of 'str' objects}
       83    0.001    0.000    0.027    0.000 tempfile.py:242(_mkstemp_inner)
        1    0.000    0.000    0.027    0.027 context_composition.py:1(<module>)
    45749    0.027    0.000    0.027    0.000 {built-in method _winapi.LCMapStringEx}
     1410    0.007    0.000    0.027    0.000 parse.py:582(urljoin)
     1614    0.027    0.000    0.027    0.000 {built-in method nt.stat}
    46252    0.018    0.000    0.027    0.000 context_composition.py:112(_integer)
       28    0.000    0.000    0.027    0.001 json_memory_repository.py:509(_load_if_exists)
    15168    0.007    0.000    0.027    0.000 context_composition.py:64(_sha)
      254    0.026    0.000    0.026    0.000 {built-in method marshal.loads}
    81989    0.026    0.000    0.026    0.000 {built-in method fromisoformat}
     4220    0.018    0.000    0.026    0.000 <frozen importlib._bootstrap_external>:101(_path_join)
      412    0.001    0.000    0.026    0.000 device_operation.py:41(to_dict)
     2087    0.006    0.000    0.026    0.000 dataclasses.py:825(_get_field)
     1154    0.006    0.000    0.026    0.000 perception.py:147(from_dict)
    44354    0.015    0.000    0.026    0.000 __init__.py:632(__new__)
    42500    0.016    0.000    0.026    0.000 events.py:71(_require_text)
      506    0.004    0.000    0.026    0.000 thinking.py:312(from_dict)
     1152    0.004    0.000    0.025    0.000 perception.py:489(from_dict)
     1137    0.001    0.000    0.025    0.000 __init__.py:894(absolute)
68993/68589    0.019    0.000    0.025    0.000 {built-in method __new__ of type object at 0x00007FFEB78C7D90}
     1205    0.009    0.000    0.025    0.000 perception.py:596(__post_init__)
     2666    0.003    0.000    0.025    0.000 {built-in method nt._path_normpath}
      207    0.011    0.000    0.025    0.000 dataclasses.py:1329(_add_slots)
       84    0.024    0.000    0.024    0.000 {built-in method nt.open}
    27654    0.014    0.000    0.024    0.000 contradiction.py:348(to_dict)
     1569    0.001    0.000    0.024    0.000 <frozen importlib._bootstrap_external>:145(_path_stat)
     8106    0.006    0.000    0.024    0.000 context_composition.py:519(__post_init__)
        1    0.000    0.000    0.024    0.024 continuity_interaction_service.py:1643(_restore_domain_thinking)
     1137    0.001    0.000    0.024    0.000 __init__.py:505(is_absolute)
     9112    0.011    0.000    0.024    0.000 context_composition.py:94(_parse_time)
     9064    0.011    0.000    0.024    0.000 context_routing.py:75(_parse_time)
     2304    0.006    0.000    0.024    0.000 perception.py:520(from_dict)
     1210    0.011    0.000    0.024    0.000 models.py:114(from_dict)
     1160    0.005    0.000    0.024    0.000 context_routing.py:227(__post_init__)
   175219    0.024    0.000    0.024    0.000 {method 'group' of 're.Match' objects}
        1    0.000    0.000    0.024    0.024 thinking_service.py:226(_run_provider)
        3    0.000    0.000    0.024    0.008 json_awakening_repository.py:37(save_cycle)
        1    0.000    0.000    0.024    0.024 json_integration_repository.py:294(initialize_empty)
        1    0.000    0.000    0.023    0.023 p16_provider_fixture.py:1(<module>)
      504    0.003    0.000    0.023    0.000 action.py:223(from_dict)
        6    0.000    0.000    0.023    0.004 json_execution_outbox.py:69(transaction)
      213    0.001    0.000    0.023    0.000 device_operation.py:113(from_dict)
    30/29    0.000    0.000    0.023    0.001 _keywords.py:59(items)
        1    0.000    0.000    0.023    0.023 w04_cross_entry_fixture.py:139(factory)
        4    0.000    0.000    0.023    0.006 json_awakening_repository.py:63(save_session)
    16960    0.017    0.000    0.023    0.000 models.py:51(_string_list)
    74785    0.016    0.000    0.023    0.000 __init__.py:60(__len__)
    80229    0.021    0.000    0.022    0.000 {method 'join' of 'str' objects}
     9157    0.010    0.000    0.022    0.000 action.py:59(_text_list)
     1152    0.004    0.000    0.022    0.000 perception.py:408(from_dict)
        2    0.000    0.000    0.022    0.011 p17_execution_fixture.py:224(reopen)
     1010    0.004    0.000    0.022    0.000 action.py:438(from_dict)
      592    0.004    0.000    0.022    0.000 memory.py:195(from_dict)
        2    0.000    0.000    0.022    0.011 json_thinking_repository.py:134(_write_json)
        1    0.000    0.000    0.022    0.022 client.py:1(<module>)
       71    0.000    0.000    0.022    0.000 tempfile.py:598(opener)
     5882    0.011    0.000    0.022    0.000 integration_results.py:89(_utc_datetime)
        2    0.000    0.000    0.022    0.011 continuity_core_service.py:281(_consolidate_events)
     2418    0.005    0.000    0.022    0.000 memory.py:40(_json_object)
     1152    0.004    0.000    0.022    0.000 perception.py:355(from_dict)
     2291    0.001    0.000    0.021    0.000 input_processing.py:116(<genexpr>)
       90    0.000    0.000    0.021    0.000 _compiler.py:757(compile)
     9232    0.007    0.000    0.021    0.000 perception.py:94(_enum)
        5    0.000    0.000    0.021    0.004 w04_device_fixture.py:130(projected_document)
       30    0.000    0.000    0.021    0.001 device_operation_service.py:35(_active)
       27    0.000    0.000    0.021    0.001 json_memory_repository.py:705(_read_document)
        1    0.000    0.000    0.021    0.021 thinking.py:630(start)
        4    0.000    0.000    0.021    0.005 local_integration_app.py:61(assert_ready)
        1    0.000    0.000    0.020    0.020 p08_action_fixture.py:66(__init__)
    12484    0.007    0.000    0.020    0.000 contradiction.py:34(_identifier)
     1707    0.006    0.000    0.020    0.000 input_processing.py:43(from_dict)
        1    0.000    0.000    0.020    0.020 action_service.py:1(<module>)
        1    0.000    0.000    0.020    0.020 sandbox.py:753(__init__)
        6    0.000    0.000    0.020    0.003 w04_device_fixture.py:96(observe)
      245    0.003    0.000    0.019    0.000 device_operation.py:44(from_dict)
      505    0.002    0.000    0.019    0.000 action.py:748(from_dict)
    53446    0.014    0.000    0.019    0.000 perception.py:85(<genexpr>)
     1210    0.008    0.000    0.019    0.000 models.py:67(from_dict)
      113    0.000    0.000    0.019    0.000 persistence.py:72(is_link_like)
     1152    0.005    0.000    0.019    0.000 perception.py:309(from_dict)
        1    0.000    0.000    0.019    0.019 api_service.py:1(<module>)
     1152    0.004    0.000    0.019    0.000 perception.py:560(from_dict)
       46    0.001    0.000    0.018    0.000 _make.py:1441(wrap)
      323    0.001    0.000    0.018    0.000 <frozen importlib._bootstrap>:809(module_from_spec)
     4788    0.004    0.000    0.018    0.000 __init__.py:391(parents)
       27    0.000    0.000    0.018    0.001 device_operation_service.py:65(command)
     1220    0.007    0.000    0.018    0.000 models.py:233(from_dict)
     2472    0.004    0.000    0.018    0.000 perception.py:133(to_dict)
       55    0.000    0.000    0.018    0.000 <frozen ntpath>:605(_getfinalpathname_nonstrict)
       13    0.000    0.000    0.018    0.001 device_operation_service.py:155(_validate_result)
     4610    0.005    0.000    0.018    0.000 contradiction.py:61(_format_time)
    86264    0.018    0.000    0.018    0.000 {built-in method _json.encode_basestring}
    29180    0.011    0.000    0.018    0.000 perception.py:58(_require_text)
     5412    0.007    0.000    0.017    0.000 dataclasses.py:766(_is_type)
        2    0.000    0.000    0.017    0.009 thinking_service.py:407(get_sessions)
        2    0.000    0.000    0.017    0.009 json_thinking_repository.py:110(list_think_sessions)
        1    0.000    0.000    0.017    0.017 local_integration_app.py:1(<module>)
     7426    0.006    0.000    0.017    0.000 __init__.py:330(_raw_path)
    55638    0.017    0.000    0.017    0.000 context_composition.py:444(to_dict)
     1136    0.008    0.000    0.017    0.000 context_routing.py:336(__post_init__)
     1010    0.003    0.000    0.017    0.000 action.py:616(from_dict)
        2    0.000    0.000    0.017    0.008 input_context_source.py:168(retrieve)
       14    0.001    0.000    0.017    0.001 context_router_service.py:209(retrieve)
      243    0.004    0.000    0.017    0.000 inspect.py:2307(_signature_from_function)
        2    0.000    0.000    0.017    0.008 sandbox.py:193(__init__)
       49    0.000    0.000    0.016    0.000 input_context_source.py:75(_candidate)
        1    0.000    0.000    0.016    0.016 p17_execution_fixture.py:30(__init__)
        1    0.000    0.000    0.016    0.016 tempfile.py:973(cleanup)
        1    0.000    0.000    0.016    0.016 tempfile.py:915(_rmtree)
        1    0.000    0.000    0.016    0.016 shutil.py:810(rmtree)
        1    0.000    0.000    0.016    0.016 result.py:1(<module>)
       19    0.001    0.000    0.016    0.001 context_composer_service.py:553(_trace)
        1    0.000    0.000    0.016    0.016 shutil.py:669(_rmtree_unsafe)
     1152    0.003    0.000    0.016    0.000 perception.py:458(from_dict)
     2826    0.008    0.000    0.016    0.000 parse.py:501(_urlsplit)
        2    0.000    0.000    0.016    0.008 sandbox.py:247(_assert_repository_roots_authorized)
        1    0.000    0.000    0.016    0.016 sandbox.py:1741(_initialize_root)
        6    0.000    0.000    0.016    0.003 thinking_service.py:410(get_session)
        6    0.000    0.000    0.016    0.003 json_thinking_repository.py:101(load_think_session)
        1    0.000    0.000    0.016    0.016 capability_coordination_service.py:49(ensure_action_request)
      505    0.007    0.000    0.015    0.000 action.py:163(__post_init__)
      504    0.004    0.000    0.015    0.000 action.py:136(from_dict)
     1211    0.007    0.000    0.015    0.000 models.py:265(__post_init__)
        1    0.000    0.000    0.015    0.015 json_integration_repository.py:358(save_capability_request)
        2    0.000    0.000    0.015    0.008 json_memory_repository.py:42(wrapped)
       94    0.000    0.000    0.015    0.000 __init__.py:287(compile)
      130    0.015    0.000    0.015    0.000 {built-in method nt.scandir}
     2189    0.002    0.000    0.015    0.000 __init__.py:172(__truediv__)
        1    0.000    0.000    0.015    0.015 context_routing.py:1(<module>)
      112    0.002    0.000    0.015    0.000 input_processing_service.py:46(interpret)
        1    0.000    0.000    0.014    0.014 integration_adapter.py:1(<module>)
      508    0.008    0.000    0.014    0.000 thinking.py:191(__post_init__)
        1    0.000    0.000    0.014    0.014 memory.py:1(<module>)
       29    0.001    0.000    0.014    0.000 json_memory_repository.py:720(_validate_document)
      617    0.003    0.000    0.014    0.000 json_repository.py:232(_path_for)
        2    0.000    0.000    0.014    0.007 json_memory_repository.py:1158(_write_document)
       87    0.014    0.000    0.014    0.000 {method 'flush' of '_io.TextIOWrapper' objects}
     4788    0.004    0.000    0.014    0.000 __init__.py:54(__init__)
     1210    0.005    0.000    0.014    0.000 models.py:144(from_dict)
     3747    0.002    0.000    0.014    0.000 validators.py:1335(validator_for)
      594    0.003    0.000    0.014    0.000 memory.py:83(__post_init__)
       13    0.000    0.000    0.014    0.001 json_memory_repository.py:169(list_memories)
        1    0.000    0.000    0.014    0.014 traceback.py:1(<module>)
     1582    0.003    0.000    0.014    0.000 __init__.py:381(parent)
       77    0.003    0.000    0.013    0.000 glob.py:551(scandir)
       74    0.000    0.000    0.013    0.000 glob.py:495(select_recursive)
        1    0.000    0.000    0.013    0.013 memory_consolidation_service.py:77(consolidate)
        1    0.000    0.000    0.013    0.013 capability.py:1(<module>)
        1    0.000    0.000    0.013    0.013 w04_device_fixture.py:1(<module>)
     2278    0.004    0.000    0.013    0.000 context_composition.py:153(from_dict)
        2    0.000    0.000    0.013    0.007 _core.py:1(<module>)
       76    0.002    0.000    0.013    0.000 integration_results.py:847(from_dict)
     1154    0.003    0.000    0.013    0.000 perception.py:330(__post_init__)
       25    0.000    0.000    0.013    0.001 _next_gen.py:392(wrap)
     8236    0.005    0.000    0.013    0.000 action.py:87(_enum)
        1    0.000    0.000    0.013    0.013 learning.py:1(<module>)
       31    0.000    0.000    0.013    0.000 _next_gen.py:365(do_it)
     2308    0.003    0.000    0.013    0.000 perception.py:506(__post_init__)
       46    0.000    0.000    0.013    0.000 _make.py:1325(attrs)
       52    0.001    0.000    0.013    0.000 associative_recall_service.py:21(assess)
4202/4198    0.002    0.000    0.013    0.000 {method 'extend' of 'list' objects}
    20424    0.008    0.000    0.013    0.000 contradiction.py:28(_text)
     2285    0.009    0.000    0.013    0.000 associative_recall.py:22(__post_init__)
     1713    0.003    0.000    0.012    0.000 <string>:2(__init__)
        1    0.000    0.000    0.012    0.012 _core.py:352(__rmatmul__)
      110    0.000    0.000    0.012    0.000 glob.py:503(select_recursive_step)
        4    0.000    0.000    0.012    0.003 continuity_core_service.py:111(__init__)
       21    0.000    0.000    0.012    0.001 _core.py:17(_schemas)
    16658    0.008    0.000    0.012    0.000 integration_results.py:54(_text)
        1    0.000    0.000    0.012    0.012 cross_entry.py:1(<module>)
    48716    0.012    0.000    0.012    0.000 context_routing.py:196(to_dict)
       25    0.000    0.000    0.012    0.000 _next_gen.py:23(define)
    68396    0.011    0.000    0.012    0.000 {built-in method builtins.setattr}
     1026    0.004    0.000    0.012    0.000 action.py:396(__post_init__)
    14124    0.008    0.000    0.012    0.000 context_composition.py:103(_ratio)
    27458    0.009    0.000    0.012    0.000 action.py:60(<genexpr>)
     1210    0.006    0.000    0.012    0.000 models.py:91(from_dict)
      111    0.002    0.000    0.012    0.000 enum.py:480(__new__)
       40    0.000    0.000    0.012    0.000 _make.py:796(build_class)
        2    0.000    0.000    0.012    0.006 converters.py:1(<module>)
    21707    0.008    0.000    0.012    0.000 copyreg.py:103(__newobj__)
    10918    0.007    0.000    0.011    0.000 <frozen importlib._bootstrap>:648(parent)
    77896    0.011    0.000    0.011    0.000 {built-in method math.isnan}
     1011    0.002    0.000    0.011    0.000 action.py:94(_json_object)
     6961    0.011    0.000    0.011    0.000 context_routing.py:160(to_dict)
        2    0.000    0.000    0.011    0.006 sandbox.py:1818(_load_registered)
     2792    0.001    0.000    0.011    0.000 _utils.py:19(__getitem__)
        1    0.000    0.000    0.011    0.011 main.py:156(_initArgParsers)
        1    0.000    0.000    0.011    0.011 external_capability_service.py:1(<module>)
      613    0.000    0.000    0.011    0.000 execution.py:63(to_dict)
       90    0.000    0.000    0.011    0.000 _parser.py:963(parse)
     2326    0.007    0.000    0.011    0.000 <frozen ntpath>:99(join)
        1    0.000    0.000    0.011    0.011 events.py:1(<module>)
        2    0.000    0.000    0.011    0.005 json_repository.py:457(_write_payload)
       81    0.000    0.000    0.011    0.000 __init__.py:674(is_dir)
       28    0.000    0.000    0.010    0.000 integration_results.py:1183(to_dict)
        1    0.000    0.000    0.010    0.010 main.py:161(_getParentArgParser)
    11840    0.010    0.000    0.010    0.000 {method 'match' of 're.Pattern' objects}
      240    0.000    0.000    0.010    0.000 inspect.py:3256(__str__)
   216/90    0.001    0.000    0.010    0.000 _parser.py:452(_parse_sub)
       17    0.000    0.000    0.010    0.001 argparse.py:1506(add_argument)
       81    0.010    0.000    0.010    0.000 {built-in method nt._path_isdir}
      595    0.002    0.000    0.010    0.000 memory.py:166(__post_init__)
       13    0.000    0.000    0.010    0.001 execution_service.py:144(_entry)
     1010    0.002    0.000    0.010    0.000 action.py:569(from_dict)
      240    0.002    0.000    0.010    0.000 inspect.py:3259(format)
     2798    0.002    0.000    0.010    0.000 _utils.py:12(normalize)
     4930    0.006    0.000    0.010    0.000 perception.py:512(to_dict)
        4    0.000    0.000    0.010    0.003 p17_execution_fixture.py:239(request)
     6804    0.004    0.000    0.010    0.000 contradiction.py:41(_reason)
     1154    0.002    0.000    0.010    0.000 perception.py:380(__post_init__)
        4    0.000    0.000    0.010    0.003 p09_core_fixture.py:161(request)
        4    0.000    0.000    0.010    0.003 interaction.py:159(_build_request)
      112    0.002    0.000    0.010    0.000 memory.py:783(from_dict)
    77896    0.010    0.000    0.010    0.000 {built-in method math.isinf}
       34    0.000    0.000    0.010    0.000 argparse.py:2733(_get_validation_formatter)
        3    0.000    0.000    0.010    0.003 argparse.py:2728(_get_formatter)
        3    0.000    0.000    0.010    0.003 argparse.py:168(__init__)
     6576    0.006    0.000    0.010    0.000 events.py:77(_parse_datetime)
       26    0.000    0.000    0.010    0.000 integration_results.py:627(to_dict)
     2465    0.005    0.000    0.010    0.000 perception.py:346(to_dict)
  411/161    0.004    0.000    0.010    0.000 _parser.py:512(_parse)
       90    0.000    0.000    0.010    0.000 _compiler.py:590(_code)
    14985    0.007    0.000    0.010    0.000 __init__.py:398(name)
        1    0.000    0.000    0.010    0.010 subject_state_service.py:72(apply_event)
        1    0.000    0.000    0.010    0.010 subject_state_service.py:81(_apply_event)
     1713    0.004    0.000    0.010    0.000 input_processing.py:30(__post_init__)
        1    0.000    0.000    0.010    0.010 continuity_core_runtime.py:1(<module>)
        1    0.000    0.000    0.009    0.009 continuity_interaction_service.py:1610(_validate_completed_thinking)
       53    0.000    0.000    0.009    0.000 _make.py:216(_compile_and_eval)
       71    0.000    0.000    0.009    0.000 tempfile.py:537(__exit__)
       11    0.000    0.000    0.009    0.001 <frozen importlib._bootstrap_external>:1051(create_module)
        1    0.000    0.000    0.009    0.009 scheduling.py:1(<module>)
       11    0.009    0.001    0.009    0.001 {built-in method _imp.create_dynamic}
    37145    0.009    0.000    0.009    0.000 encoder.py:105(__init__)
        1    0.000    0.000    0.009    0.009 continuity_interaction_service.py:1568(_validate_thinking_observation)
        1    0.000    0.000    0.009    0.009 json_contradiction_repository.py:55(initialize_empty)
     1156    0.004    0.000    0.009    0.000 perception.py:116(__post_init__)
        2    0.000    0.000    0.009    0.005 readers.py:1(<module>)
    15834    0.006    0.000    0.009    0.000 action.py:47(_require_text)
      590    0.002    0.000    0.009    0.000 <frozen importlib._bootstrap_external>:239(cache_from_source)
      304    0.009    0.000    0.009    0.000 {method 'read' of '_io.BufferedReader' objects}
     1210    0.004    0.000    0.009    0.000 models.py:174(from_dict)
      520    0.003    0.000    0.009    0.000 action.py:114(__post_init__)
        1    0.000    0.000    0.009    0.009 action.py:299(from_results)
        1    0.000    0.000    0.009    0.009 integration_contract.py:1(<module>)
        1    0.000    0.000    0.009    0.009 persistence.py:168(create)
        1    0.000    0.000    0.009    0.009 action.py:190(from_perception)
     7273    0.008    0.000    0.009    0.000 action_planning.py:26(exact)
        2    0.000    0.000    0.009    0.005 json_integration_repository.py:337(initialize_capabilities)
       14    0.000    0.000    0.009    0.001 p17_execution_fixture.py:237(state)
    56232    0.009    0.000    0.009    0.000 {built-in method builtins.issubclass}
     1154    0.002    0.000    0.009    0.000 perception.py:540(__post_init__)
        1    0.000    0.000    0.009    0.009 json_memory_repository.py:75(initialize_empty)
      506    0.002    0.000    0.009    0.000 action.py:723(__post_init__)
     1026    0.003    0.000    0.009    0.000 action.py:589(__post_init__)
        1    0.000    0.000    0.009    0.009 shutil.py:1(<module>)
        1    0.000    0.000    0.009    0.009 json_contradiction_repository.py:309(_write_document)
        1    0.000    0.000    0.009    0.009 subject_state_service.py:35(create)
      750    0.001    0.000    0.009    0.000 execution_service.py:85(material)
       10    0.000    0.000    0.009    0.001 persistence.py:100(assert_descendant)
       15    0.000    0.000    0.009    0.001 p09_core_fixture.py:39(confirmed)
      257    0.002    0.000    0.009    0.000 device_operation.py:23(__post_init__)
      113    0.000    0.000    0.009    0.000 glob.py:452(select_wildcard)
     6696    0.005    0.000    0.009    0.000 inspect.py:663(unwrap)
       40    0.000    0.000    0.009    0.000 _make.py:778(_eval_snippets)
      475    0.000    0.000    0.009    0.000 context_composition.py:78(composition_hash)
        1    0.000    0.000    0.009    0.009 expression.py:1(<module>)
        1    0.000    0.000    0.009    0.009 perception.py:1(<module>)
     2425    0.007    0.000    0.009    0.000 unfinished_item.py:101(item_records)
     2798    0.001    0.000    0.009    0.000 parse.py:333(geturl)
        1    0.000    0.000    0.008    0.008 resource_manager.py:46(create_resource_state)
     1700    0.002    0.000    0.008    0.000 _core.py:716(_evolve)
    29425    0.007    0.000    0.008    0.000 context_composition.py:124(<genexpr>)
        2    0.000    0.000    0.008    0.004 p17_execution_fixture.py:226(factory)
        1    0.000    0.000    0.008    0.008 thinking.py:386(from_perception)
       40    0.000    0.000    0.008    0.000 _make.py:230(_linecache_and_compile)
       16    0.000    0.000    0.008    0.001 _attrs.py:15(frozen)
        1    0.000    0.000    0.008    0.008 parser.py:1(<module>)
     1819    0.003    0.000    0.008    0.000 _keywords.py:282(type)
    21/19    0.000    0.000    0.008    0.000 contextlib.py:145(__exit__)
     1154    0.004    0.000    0.008    0.000 perception.py:434(__post_init__)
       14    0.000    0.000    0.008    0.001 json_subject_binding_repository.py:52(load_active)
        1    0.000    0.000    0.008    0.008 json_resource_repository.py:44(create)
        1    0.000    0.000    0.008    0.008 persistence.py:305(initialize)
      655    0.002    0.000    0.008    0.000 <frozen importlib._bootstrap>:304(acquire)
      205    0.002    0.000    0.008    0.000 action_planning.py:102(__post_init__)
      750    0.001    0.000    0.008    0.000 p17_execution_fixture.py:146(material_allowed)
        1    0.000    0.000    0.008    0.008 json_resource_repository.py:233(_write_document)
     2519    0.001    0.000    0.008    0.000 _core.py:700(in_subresource)
      323    0.001    0.000    0.008    0.000 <frozen importlib._bootstrap>:736(_init_module_attrs)
       98    0.000    0.000    0.008    0.000 entry_context_source.py:25(<genexpr>)
      170    0.000    0.000    0.008    0.000 action_capability.py:203(capability_request_id)
       76    0.000    0.000    0.008    0.000 expression.py:120(from_dict)
     2798    0.003    0.000    0.008    0.000 parse.py:552(urlunsplit)
    14163    0.008    0.000    0.008    0.000 {built-in method nt._path_splitroot_ex}
    16170    0.008    0.000    0.008    0.000 {method 'getvalue' of '_io.BytesIO' objects}
        2    0.000    0.000    0.008    0.004 sandbox.py:1840(_validate_cleanup_target)
      592    0.005    0.000    0.008    0.000 input_processing.py:57(__post_init__)
       12    0.000    0.000    0.008    0.001 w04_device_fixture.py:89(observation)
        1    0.000    0.000    0.008    0.008 persistence.py:223(initialize)
    10430    0.008    0.000    0.008    0.000 {method 'split' of 'str' objects}
     3460    0.004    0.000    0.008    0.000 perception.py:70(_parse_datetime)
      112    0.001    0.000    0.007    0.000 input_processing_service.py:23(_interpret_v1)
        1    0.000    0.000    0.007    0.007 feedparser.py:1(<module>)
     1690    0.001    0.000    0.007    0.000 __init__.py:174(search)
    34472    0.007    0.000    0.007    0.000 {method 'startswith' of 'str' objects}
        1    0.000    0.000    0.007    0.007 persistence.py:403(initialize)
        1    0.000    0.000    0.007    0.007 sandbox.py:1784(_register)
        1    0.000    0.000    0.007    0.007 environment_access.py:1(<module>)
        9    0.000    0.000    0.007    0.001 timeline_service.py:22(rebuild)
     2400    0.004    0.000    0.007    0.000 {built-in method builtins.sum}
      348    0.000    0.000    0.007    0.000 <frozen importlib._bootstrap>:419(__enter__)
      114    0.001    0.000    0.007    0.000 context_composer_service.py:390(_seal_material)
   610/90    0.002    0.000    0.007    0.000 _compiler.py:39(_compile)
     3749    0.002    0.000    0.007    0.000 <attrs generated methods jsonschema.validators.create.<locals>.Validator>:26(__init__)
    32473    0.007    0.000    0.007    0.000 context_composition.py:523(to_dict)
     1398    0.001    0.000    0.007    0.000 <frozen _collections_abc>:799(__contains__)
     1885    0.003    0.000    0.007    0.000 _make.py:587(evolve)
      375    0.000    0.000    0.007    0.000 <frozen importlib._bootstrap_external>:164(_path_isfile)
        3    0.000    0.000    0.007    0.002 {method 'throw' of 'generator' objects}
      260    0.003    0.000    0.007    0.000 dataclasses.py:670(_init_fn)
      404    0.000    0.000    0.007    0.000 <frozen importlib._bootstrap_external>:155(_path_is_mode_type)
        6    0.000    0.000    0.007    0.001 case.py:53(testPartExecutor)
       37    0.007    0.000    0.007    0.000 {built-in method nt.unlink}
      617    0.003    0.000    0.007    0.000 json_repository.py:358(_validate_history)
        5    0.000    0.000    0.007    0.001 json_execution_outbox.py:21(__init__)
        1    0.000    0.000    0.007    0.007 case.py:95(_addError)
        1    0.000    0.000    0.007    0.007 runner.py:105(addError)
     1402    0.005    0.000    0.007    0.000 models.py:205(to_dict)
    35518    0.006    0.000    0.006    0.000 {method 'values' of 'dict' objects}
     1926    0.002    0.000    0.006    0.000 inspect.py:2771(_format)
        3    0.000    0.000    0.006    0.002 _common.py:33(wrapper)
        3    0.000    0.000    0.006    0.002 _common.py:51(files)
     6878    0.004    0.000    0.006    0.000 contradiction.py:55(_utc)
        1    0.000    0.000    0.006    0.006 _colorize.py:1(<module>)
        1    0.000    0.000    0.006    0.006 thinking.py:1(<module>)
        3    0.000    0.000    0.006    0.002 input_processing_service.py:213(verify_receipts)
     6578    0.004    0.000    0.006    0.000 events.py:95(normalize_utc)
        3    0.000    0.000    0.006    0.002 _common.py:108(from_package)
        1    0.000    0.000    0.006    0.006 result.py:13(inner)
        1    0.000    0.000    0.006    0.006 json_environment_repository.py:1(<module>)
        1    0.000    0.000    0.006    0.006 result.py:111(addError)
        1    0.001    0.001    0.006    0.006 _core.py:490(crawl)
        1    0.000    0.000    0.006    0.006 subject_lifecycle.py:1(<module>)
        5    0.000    0.000    0.006    0.001 json_memory_repository.py:1048(event_recall_weights)
        1    0.000    0.000    0.006    0.006 result.py:185(_exc_info_to_string)
        1    0.000    0.000    0.006    0.006 w04_cross_entry_fixture.py:183(advance)
        1    0.000    0.000    0.006    0.006 json_memory_repository.py:94(save_consolidation)
        1    0.000    0.000    0.006    0.006 persistence.py:196(advance)
        5    0.000    0.000    0.006    0.001 action_planning_service.py:238(_gate)
        4    0.000    0.000    0.006    0.002 json_integration_repository.py:327(validate_initialized)
     1154    0.002    0.000    0.006    0.000 perception.py:295(__post_init__)
     3045    0.004    0.000    0.006    0.000 memory.py:64(_text_list)
        1    0.000    0.000    0.006    0.006 sandbox.py:1804(_save_descriptor)
        8    0.000    0.000    0.006    0.001 input_processing_service.py:88(_reading)
      505    0.002    0.000    0.006    0.000 action.py:260(__post_init__)
        1    0.000    0.000    0.006    0.006 json_repository.py:267(save_transition)
      600    0.000    0.000    0.006    0.000 <frozen importlib._bootstrap>:635(cached)
        2    0.000    0.000    0.006    0.003 integration_contract_validation.py:84(validate_request)
      133    0.000    0.000    0.006    0.000 context_composer_service.py:358(<genexpr>)
  298/292    0.000    0.000    0.006    0.000 <frozen importlib._bootstrap_external>:401(_check_name_wrapper)
        1    0.000    0.000    0.006    0.006 json_subject_binding_repository.py:31(initialize)
      114    0.000    0.000    0.006    0.000 context_composer_service.py:441(_fragment)
      168    0.001    0.000    0.006    0.000 jsonschema.py:604(resolve)
     1776    0.002    0.000    0.006    0.000 integration_results.py:81(_hash)
       12    0.000    0.000    0.006    0.000 tempfile.py:318(mkstemp)
      306    0.000    0.000    0.006    0.000 <frozen importlib._bootstrap_external>:369(_get_cached)
     7048    0.004    0.000    0.006    0.000 dataclasses.py:1463(_is_dataclass_instance)
     1134    0.003    0.000    0.006    0.000 contradiction.py:1069(__post_init__)
        1    0.000    0.000    0.006    0.006 p07_contradiction_fixture.py:1(<module>)
        1    0.000    0.000    0.006    0.006 _policybase.py:1(<module>)
     1474    0.000    0.000    0.006    0.000 <frozen _collections_abc>:792(get)
     2282    0.003    0.000    0.006    0.000 context_composition.py:138(__post_init__)
       18    0.001    0.000    0.006    0.000 json_integration_repository.py:818(_validate_operation_progress)
        1    0.000    0.000    0.005    0.005 _make.py:1(<module>)
        3    0.000    0.000    0.005    0.002 _adapters.py:28(get_resource_reader)
     1201    0.002    0.000    0.005    0.000 events.py:572(__post_init__)
     3850    0.002    0.000    0.005    0.000 dataclasses.py:751(_is_classvar)
        3    0.000    0.000    0.005    0.002 _adapters.py:149(_native)
      506    0.003    0.000    0.005    0.000 action.py:773(__post_init__)
       76    0.001    0.000    0.005    0.000 expression.py:67(from_dict)
        3    0.000    0.000    0.005    0.002 _adapters.py:144(_reader)
        3    0.000    0.000    0.005    0.002 <frozen importlib._bootstrap_external>:956(get_resource_reader)
 1297/758    0.002    0.000    0.005    0.000 annotationlib.py:907(get_annotations)
        1    0.000    0.000    0.005    0.005 json_repository.py:249(save)
      101    0.000    0.000    0.005    0.000 _keywords.py:337(anyOf)
       19    0.000    0.000    0.005    0.000 context_composer_service.py:660(_normalized_clock)
     3749    0.004    0.000    0.005    0.000 validators.py:282(__attrs_post_init__)
        1    0.000    0.000    0.005    0.005 utils.py:1(<module>)
     3787    0.001    0.000    0.005    0.000 validators.py:452(is_type)
      113    0.001    0.000    0.005    0.000 memory.py:613(__post_init__)
        9    0.000    0.000    0.005    0.001 w04_device_fixture.py:235(<genexpr>)
     2176    0.003    0.000    0.005    0.000 inspect.py:2681(__init__)
     5436    0.004    0.000    0.005    0.000 parse.py:119(_coerce_args)
     1189    0.003    0.000    0.005    0.000 memory.py:52(_sections)
        1    0.000    0.000    0.005    0.005 p09_core_fixture.py:148(factory)
     9072    0.004    0.000    0.005    0.000 contradiction.py:992(<genexpr>)
      114    0.002    0.000    0.005    0.000 context_composition.py:186(__post_init__)
        4    0.000    0.000    0.005    0.001 context_router_service.py:528(_weights)
       36    0.000    0.000    0.005    0.000 execution_service.py:89(validate_input_material)
        1    0.000    0.000    0.005    0.005 resources.py:1(<module>)
        2    0.000    0.000    0.005    0.003 context_router_service.py:630(revalidate)
     2420    0.003    0.000    0.005    0.000 models.py:17(_parse_datetime)
        8    0.000    0.000    0.005    0.001 integration_hashing.py:74(calculate_request_hash)
        1    0.000    0.000    0.005    0.005 persistence.py:241(save_memory)
     1158    0.003    0.000    0.005    0.000 context_composition.py:855(__post_init__)
      393    0.002    0.000    0.005    0.000 enum.py:239(__set_name__)
        4    0.000    0.000    0.005    0.001 context_router_service.py:304(_query)
      509    0.001    0.000    0.005    0.000 thinking.py:160(from_dict)
        1    0.000    0.000    0.005    0.005 header.py:1(<module>)
        4    0.000    0.000    0.005    0.001 json_memory_repository.py:194(query_memories)
       86    0.001    0.000    0.005    0.000 expression.py:50(__post_init__)
     2465    0.003    0.000    0.005    0.000 perception.py:483(to_dict)
     1026    0.002    0.000    0.005    0.000 action.py:552(__post_init__)
     2465    0.003    0.000    0.005    0.000 perception.py:398(to_dict)
        5    0.000    0.000    0.005    0.001 continuity_core_service.py:100(confirmed)
      720    0.001    0.000    0.005    0.000 inspect.py:1910(_signature_get_user_defined_method)
        1    0.000    0.000    0.005    0.005 ssl.py:1(<module>)
    24448    0.005    0.000    0.005    0.000 {method 'lower' of 'str' objects}
      111    0.000    0.000    0.005    0.000 <frozen ntpath>:563(_readlink_deep)
      590    0.002    0.000    0.005    0.000 awakening.py:270(from_dict)
     3029    0.003    0.000    0.005    0.000 action.py:75(_parse_datetime)
    12735    0.005    0.000    0.005    0.000 {method 'rpartition' of 'str' objects}
      873    0.002    0.000    0.005    0.000 enum.py:342(__setitem__)
        6    0.000    0.000    0.005    0.001 w04_cross_entry_fixture.py:133(state)
        2    0.000    0.000    0.005    0.002 context_router_service.py:574(retrieve)
      484    0.003    0.000    0.005    0.000 inspect.py:2973(__init__)
       39    0.001    0.000    0.005    0.000 <frozen os>:297(walk)
      310    0.002    0.000    0.005    0.000 _core.py:254(pointer)
       22    0.000    0.000    0.005    0.000 memory.py:932(from_dict)
        4    0.000    0.000    0.005    0.001 w04_device_fixture.py:248(attachment)
     3854    0.005    0.000    0.005    0.000 {method '__enter__' of '_io._IOBase' objects}
        1    0.000    0.000    0.005    0.005 learning_service.py:115(create_candidate)
    21776    0.004    0.000    0.004    0.000 models.py:54(<genexpr>)
       80    0.001    0.000    0.004    0.000 <string>:27(__eq__)
       38    0.004    0.000    0.004    0.000 {built-in method nt.rmdir}
      307    0.000    0.000    0.004    0.000 <frozen importlib._bootstrap>:466(_lock_unlock_module)
     3774    0.001    0.000    0.004    0.000 _keywords.py:285(<genexpr>)
      213    0.001    0.000    0.004    0.000 tempfile.py:510(__getattr__)
        6    0.000    0.000    0.004    0.001 validators.py:136(create)
        1    0.000    0.000    0.004    0.004 action_capability.py:1(<module>)
     2465    0.003    0.000    0.004    0.000 perception.py:551(to_dict)
     1133    0.002    0.000    0.004    0.000 contradiction.py:65(_parse_time)
       12    0.000    0.000    0.004    0.000 json_integration_repository.py:961(_load_results)
        3    0.000    0.000    0.004    0.001 action_capability.py:265(to_dict)
       80    0.000    0.000    0.004    0.000 action.py:926(to_dict)
    27641    0.004    0.000    0.004    0.000 __init__.py:359(_tail)
        1    0.000    0.000    0.004    0.004 json_learning_repository.py:62(save_change)
        1    0.000    0.000    0.004    0.004 json_learning_repository.py:72(_save_change)
 1301/794    0.001    0.000    0.004    0.000 annotationlib.py:1144(_get_dunder_annotations)
     3787    0.003    0.000    0.004    0.000 _types.py:94(is_type)
      171    0.002    0.000    0.004    0.000 models.py:304(to_dict)
        1    0.000    0.000    0.004    0.004 _compat.py:1(<module>)
       36    0.000    0.000    0.004    0.000 __init__.py:476(relative_to)
      189    0.003    0.000    0.004    0.000 _compiler.py:248(_optimize_charset)
        3    0.000    0.000    0.004    0.001 json_memory_repository.py:163(load_memory)
      240    0.001    0.000    0.004    0.000 inspect.py:2031(_signature_bound_method)
        1    0.000    0.000    0.004    0.004 hashlib.py:1(<module>)
        1    0.000    0.000    0.004    0.004 json_environment_repository.py:17(__init__)
       23    0.000    0.000    0.004    0.000 memory.py:874(__post_init__)
       14    0.000    0.000    0.004    0.000 p08_action_fixture.py:44(<genexpr>)
      506    0.002    0.000    0.004    0.000 action.py:829(__post_init__)
      111    0.004    0.000    0.004    0.000 {built-in method nt.readlink}
     1700    0.002    0.000    0.004    0.000 _core.py:410(get_or_retrieve)
        4    0.000    0.000    0.004    0.001 context_router_service.py:536(_entries)
        1    0.000    0.000    0.004    0.004 timeline.py:1(<module>)
    12496    0.003    0.000    0.004    0.000 context_routing.py:341(<genexpr>)
    13710    0.004    0.000    0.004    0.000 associative_recall.py:24(<genexpr>)
     3850    0.002    0.000    0.004    0.000 typing.py:2483(get_origin)
        5    0.000    0.000    0.004    0.001 sandbox.py:266(subject_state)
        1    0.000    0.000    0.004    0.004 json_learning_repository.py:344(_write_document)
        1    0.000    0.000    0.004    0.004 _keywords.py:1(<module>)
        6    0.000    0.000    0.004    0.001 sandbox.py:1851(<genexpr>)
    32825    0.004    0.000    0.004    0.000 action.py:186(<genexpr>)
      117    0.000    0.000    0.004    0.000 <frozen abc>:105(__new__)
        1    0.000    0.000    0.004    0.004 permissions.py:1(<module>)
     1284    0.002    0.000    0.004    0.000 dataclasses.py:446(add_fn)
      655    0.001    0.000    0.004    0.000 <frozen importlib._bootstrap>:162(__enter__)
        1    0.000    0.000    0.004    0.004 memory_consolidation_service.py:251(_load_operation_result)
     2166    0.002    0.000    0.004    0.000 inspect.py:1339(formatannotation)
      114    0.000    0.000    0.004    0.000 action_capability.py:53(request_id)
       88    0.001    0.000    0.004    0.000 action_capability.py:135(from_dict)
      292    0.001    0.000    0.004    0.000 action_planning_service.py:51(__post_init__)
      207    0.001    0.000    0.004    0.000 device_operation.py:122(accepts_capability)
     2470    0.002    0.000    0.004    0.000 memory.py:28(_parse_datetime)
      611    0.003    0.000    0.004    0.000 json_repository.py:396(_advance_lifecycle)
       19    0.000    0.000    0.004    0.000 context_composer_service.py:633(_upstream_notices)
      214    0.001    0.000    0.004    0.000 device_operation.py:65(__post_init__)
      123    0.001    0.000    0.004    0.000 dynamic_mind.py:233(context_state_document)
        1    0.000    0.000    0.004    0.004 action_planning.py:1(<module>)
       30    0.000    0.000    0.004    0.000 awakening.py:314(to_dict)
     3119    0.002    0.000    0.004    0.000 _core.py:165(create_resource)
       46    0.000    0.000    0.004    0.000 _make.py:674(__init__)
        1    0.000    0.000    0.004    0.004 input_processing_service.py:1(<module>)
      4/3    0.000    0.000    0.004    0.001 traceback.py:1044(__init__)
       25    0.000    0.000    0.004    0.000 traceback.py:1468(format)
        1    0.000    0.000    0.003    0.003 device_operation_service.py:1(<module>)
        1    0.000    0.000    0.003    0.003 json_runtime_repository.py:1(<module>)
        1    0.000    0.000    0.003    0.003 associative_recall_service.py:1(<module>)
     1154    0.002    0.000    0.003    0.000 perception.py:478(__post_init__)
     1600    0.002    0.000    0.003    0.000 parse.py:418(_splitnetloc)
        2    0.000    0.000    0.003    0.002 integration_contract_schema.py:135(validate)
       18    0.000    0.000    0.003    0.000 integration_hashing.py:95(calculate_binding_fixture_hash)
        1    0.000    0.000    0.003    0.003 external_capabilities.py:1(<module>)
      838    0.000    0.000    0.003    0.000 _core.py:506(<genexpr>)
     2134    0.003    0.000    0.003    0.000 <frozen codecs>:312(__init__)
        1    0.000    0.000    0.003    0.003 context_router_service.py:1(<module>)
        4    0.000    0.000    0.003    0.001 traceback.py:459(_extract_from_extended_frame_gen)
       61    0.000    0.000    0.003    0.000 <string>:20(__eq__)
        1    0.000    0.000    0.003    0.003 parse.py:1(<module>)
     2976    0.001    0.000    0.003    0.000 _core.py:227(id)
    10758    0.003    0.000    0.003    0.000 events.py:317(<genexpr>)
       27    0.001    0.000    0.003    0.000 <frozen importlib._bootstrap_external>:1408(_fill_cache)
    11021    0.003    0.000    0.003    0.000 memory.py:43(<genexpr>)
        6    0.000    0.000    0.003    0.001 w04_cross_entry_fixture.py:93(<genexpr>)
     2589    0.003    0.000    0.003    0.000 {built-in method nt.getcwd}
      295    0.000    0.000    0.003    0.000 <frozen importlib._bootstrap_external>:966(path_stats)
      838    0.000    0.000    0.003    0.000 _core.py:240(<genexpr>)
      244    0.001    0.000    0.003    0.000 dataclasses.py:541(__annotate__)
        2    0.000    0.000    0.003    0.002 associative_recall.py:35(seal_record)
        4    0.000    0.000    0.003    0.001 traceback.py:745(format)
       36    0.000    0.000    0.003    0.000 __init__.py:649(stat)
     1222    0.002    0.000    0.003    0.000 parse.py:654(urldefrag)
        4    0.000    0.000    0.003    0.001 input_processing_service.py:117(admission)
    14564    0.003    0.000    0.003    0.000 {method 'add' of 'set' objects}
       15    0.000    0.000    0.003    0.000 json_subject_binding_repository.py:78(_validate_hash)
      723    0.002    0.000    0.003    0.000 models.py:18(parse_utc)
      307    0.001    0.000    0.003    0.000 <frozen importlib._bootstrap_external>:1352(_get_spec)
       13    0.000    0.000    0.003    0.000 traceback.py:528(format_frame_summary)
     9086    0.002    0.000    0.003    0.000 context_routing.py:339(<genexpr>)
        1    0.000    0.000    0.003    0.003 socket.py:1(<module>)
     9273    0.003    0.000    0.003    0.000 context_composition.py:147(to_dict)
        2    0.000    0.000    0.003    0.002 context_router_service.py:332(retrieve)
     4932    0.002    0.000    0.003    0.000 memory.py:16(_require_text)
        2    0.000    0.000    0.003    0.002 integration_contract_schema.py:143(_validate_schema)
     8480    0.002    0.000    0.003    0.000 models.py:35(_mapping)
        1    0.000    0.000    0.003    0.003 fractions.py:1(<module>)
        1    0.000    0.000    0.003    0.003 models.py:288(create)
     1792    0.002    0.000    0.003    0.000 awakening.py:47(_parse_datetime)
        1    0.000    0.000    0.003    0.003 loader.py:1(<module>)
        1    0.000    0.000    0.003    0.003 bz2.py:1(<module>)
       46    0.001    0.000    0.003    0.000 _make.py:379(_transform_attrs)
       19    0.001    0.000    0.003    0.000 enum.py:1740(convert_class)
       64    0.000    0.000    0.003    0.000 typing.py:1977(__new__)
     9205    0.003    0.000    0.003    0.000 enum.py:781(<genexpr>)
        5    0.000    0.000    0.003    0.001 json_contradiction_repository.py:38(__init__)
       57    0.000    0.000    0.003    0.000 memory.py:837(canonical_hash)
      134    0.000    0.000    0.003    0.000 action_capability.py:131(to_dict)
       38    0.002    0.000    0.003    0.000 _make.py:857(_create_slots_class)
     9088    0.002    0.000    0.003    0.000 context_routing.py:834(<genexpr>)
        1    0.000    0.000    0.003    0.003 main.py:1(<module>)
        1    0.000    0.000    0.003    0.003 p11_scheduler_fixture.py:1(<module>)
        6    0.000    0.000    0.003    0.000 json_awakening_repository.py:40(load_cycle)
        5    0.000    0.000    0.003    0.001 json_integration_repository.py:351(validate_capability_initialized)
        2    0.000    0.000    0.003    0.001 typing.py:1(<module>)
        3    0.000    0.000    0.003    0.001 json_thinking_repository.py:127(_read_json)
      655    0.001    0.000    0.003    0.000 <frozen importlib._bootstrap>:124(setdefault)
        5    0.000    0.000    0.003    0.001 json_memory_repository.py:57(__init__)
      275    0.001    0.000    0.003    0.000 functools.py:35(update_wrapper)
        1    0.000    0.000    0.003    0.003 contract_test_doubles.py:1(<module>)
       90    0.000    0.000    0.003    0.000 _compiler.py:525(_compile_info)
      240    0.000    0.000    0.003    0.000 inspect.py:3051(replace)
        4    0.000    0.000    0.003    0.001 local_integration_app.py:176(_validate_data_dir)
       93    0.000    0.000    0.003    0.000 action_capability.py:116(__post_init__)
       12    0.000    0.000    0.003    0.000 enum.py:880(_convert_)
        1    0.000    0.000    0.003    0.003 external_absorption.py:1(<module>)
        1    0.000    0.000    0.003    0.003 dynamic_mind.py:1(<module>)
        2    0.000    0.000    0.003    0.001 context_router_service.py:375(revalidate)
     1258    0.002    0.000    0.003    0.000 integration_results.py:36(_object)
       81    0.000    0.000    0.003    0.000 action.py:854(to_dict)
     8106    0.002    0.000    0.003    0.000 context_composition.py:616(<genexpr>)
       11    0.000    0.000    0.003    0.000 <frozen importlib._bootstrap_external>:1059(exec_module)
        1    0.000    0.000    0.003    0.003 case.py:1(<module>)
       12    0.000    0.000    0.003    0.000 device_operation.py:49(state_hash)
       11    0.002    0.000    0.003    0.000 {built-in method _imp.exec_dynamic}
      521    0.002    0.000    0.003    0.000 action.py:643(__post_init__)
     8106    0.002    0.000    0.003    0.000 context_composition.py:772(<genexpr>)
        1    0.000    0.000    0.003    0.003 p05_context_fixture.py:1(<module>)
       27    0.003    0.000    0.003    0.000 {built-in method nt.listdir}
        1    0.000    0.000    0.003    0.003 user_interaction_service.py:1(<module>)
        2    0.000    0.000    0.002    0.001 perception_service.py:22(perceive)
     9264    0.002    0.000    0.002    0.000 context_composition.py:627(<genexpr>)
      307    0.001    0.000    0.002    0.000 <frozen importlib._bootstrap_external>:560(spec_from_file_location)
      510    0.001    0.000    0.002    0.000 thinking.py:134(__post_init__)
      206    0.000    0.000    0.002    0.000 {built-in method fromkeys}
    15691    0.002    0.000    0.002    0.000 {method 'endswith' of 'str' objects}
     1891    0.002    0.000    0.002    0.000 _make.py:1891(fields)
     7953    0.002    0.000    0.002    0.000 context_routing.py:758(<genexpr>)
     2465    0.002    0.000    0.002    0.000 perception.py:302(to_dict)
        1    0.000    0.000    0.002    0.002 security.py:1(<module>)
      590    0.001    0.000    0.002    0.000 <frozen importlib._bootstrap_external>:137(_path_split)
      592    0.002    0.000    0.002    0.000 awakening.py:300(__post_init__)
        1    0.000    0.000    0.002    0.002 persistent_runtime.py:1(<module>)
      168    0.000    0.000    0.002    0.000 dataclasses.py:728(_frozen_get_del_attr)
        2    0.000    0.000    0.002    0.001 context_router_service.py:447(retrieve)
       26    0.000    0.000    0.002    0.000 traceback.py:373(line)
       15    0.001    0.000    0.002    0.000 __init__.py:829(iterdir)
        3    0.000    0.000    0.002    0.001 continuity_core_service.py:202(_require_essential_core)
        1    0.000    0.000    0.002    0.002 execution.py:1(<module>)
     8106    0.002    0.000    0.002    0.000 context_composition.py:785(<genexpr>)
     1136    0.001    0.000    0.002    0.000 contradiction.py:48(_sha)
       78    0.000    0.000    0.002    0.000 traceback.py:344(_set_lines)
        2    0.000    0.000    0.002    0.001 context_router_service.py:418(_query)
        1    0.000    0.000    0.002    0.002 platform.py:1(<module>)
        2    0.000    0.000    0.002    0.001 json_memory_repository.py:321(query_summaries)
      610    0.002    0.000    0.002    0.000 json_integration_repository.py:784(_validate_operation_set)
     8106    0.002    0.000    0.002    0.000 context_composition.py:618(<genexpr>)
      655    0.001    0.000    0.002    0.000 <frozen importlib._bootstrap>:372(release)
    13688    0.002    0.000    0.002    0.000 {method 'rstrip' of 'str' objects}
       21    0.000    0.000    0.002    0.000 linecache.py:22(getline)
       84    0.000    0.000    0.002    0.000 tempfile.py:115(_sanitize_params)
     2245    0.002    0.000    0.002    0.000 dataclasses.py:1283(_update_func_cell_for__class__)
        1    0.000    0.000    0.002    0.002 integration_hashing.py:1(<module>)
     8347    0.002    0.000    0.002    0.000 memory.py:67(<genexpr>)
      821    0.000    0.000    0.002    0.000 action_planning.py:21(hash_value)
       21    0.000    0.000    0.002    0.000 linecache.py:32(getlines)
        1    0.000    0.000    0.002    0.002 tempfile.py:905(__init__)
        1    0.000    0.000    0.002    0.002 tempfile.py:1(<module>)
       23    0.000    0.000    0.002    0.000 json_memory_repository.py:669(_validate_operation_source_chain)
      435    0.000    0.000    0.002    0.000 _core.py:195(from_contents)
        1    0.000    0.000    0.002    0.002 memory_consolidation_service.py:1(<module>)
     6060    0.002    0.000    0.002    0.000 models.py:43(_string)
      594    0.001    0.000    0.002    0.000 memory.py:228(__post_init__)
        7    0.000    0.000    0.002    0.000 linecache.py:106(updatecache)
       85    0.001    0.000    0.002    0.000 memory.py:732(to_dict)
     5160    0.002    0.000    0.002    0.000 {method 'pop' of 'dict' objects}
     5777    0.002    0.000    0.002    0.000 {method '__reduce_ex__' of 'datetime.datetime' objects}
     2087    0.002    0.000    0.002    0.000 dataclasses.py:391(field)
     2750    0.001    0.000    0.002    0.000 jsonschema.py:47(_dollar_id)
      655    0.001    0.000    0.002    0.000 <frozen importlib._bootstrap>:429(_get_module_lock)
       36    0.000    0.000    0.002    0.000 action_planning_service.py:63(canonical_hash)
        1    0.000    0.000    0.002    0.002 tempfile.py:357(mkdtemp)
        1    0.000    0.000    0.002    0.002 _types.py:1(<module>)
        1    0.000    0.000    0.002    0.002 integration_ports.py:1(<module>)
        4    0.000    0.000    0.002    0.000 w04_device_fixture.py:179(projected_size)
       92    0.000    0.000    0.002    0.000 enum.py:466(__prepare__)
        2    0.000    0.000    0.002    0.001 input_context_source.py:26(bind)
    22136    0.002    0.000    0.002    0.000 enum.py:1305(__deepcopy__)
       57    0.000    0.000    0.002    0.000 action_capability.py:211(request_id)
        1    0.000    0.000    0.002    0.002 continuity_core_runtime.py:142(current_input_root)
       93    0.000    0.000    0.002    0.000 context_router_service.py:108(_lexical_relevance)
      480    0.001    0.000    0.002    0.000 inspect.py:1725(getattr_static)
     2465    0.002    0.000    0.002    0.000 perception.py:449(to_dict)
     1636    0.001    0.000    0.002    0.000 dataclasses.py:922(_set_new_attribute)
     4204    0.002    0.000    0.002    0.000 parse.py:568(_urlunsplit)
     2108    0.001    0.000    0.002    0.000 dataclasses.py:591(_field_init)
       15    0.000    0.000    0.002    0.000 action_service.py:53(assess_local_action)
        1    0.000    0.000    0.002    0.002 input_processing.py:1(<module>)
       82    0.000    0.000    0.002    0.000 memory.py:533(_canonical_hash)
     3091    0.002    0.000    0.002    0.000 {method 'update' of 'dict' objects}
       57    0.000    0.000    0.002    0.000 action_capability.py:207(operation_id)
        1    0.000    0.000    0.002    0.002 p03_timeline_fixture.py:1(<module>)
        8    0.000    0.000    0.002    0.000 json_awakening_repository.py:105(_read_json)
        1    0.000    0.000    0.002    0.002 device_operation.py:1(<module>)
        1    0.000    0.000    0.002    0.002 fnmatch.py:1(<module>)
        1    0.000    0.000    0.002    0.002 associative_recall_service.py:312(_merge)
        1    0.000    0.000    0.002    0.002 p09_core_fixture.py:1(<module>)
     3696    0.002    0.000    0.002    0.000 {built-in method math.isfinite}
      348    0.000    0.000    0.002    0.000 <frozen importlib._bootstrap>:423(__exit__)
        7    0.000    0.000    0.002    0.000 persistence.py:427(to_dict)
      672    0.002    0.000    0.002    0.000 json_integration_repository.py:59(_strict_document)
      114    0.000    0.000    0.002    0.000 continuity_core_runtime.py:131(<lambda>)
    12585    0.002    0.000    0.002    0.000 __init__.py:350(root)
       14    0.001    0.000    0.002    0.000 __init__.py:361(namedtuple)
      929    0.000    0.000    0.002    0.000 <frozen importlib._bootstrap_external>:1233(_path_importer_cache)
     1090    0.001    0.000    0.002    0.000 {built-in method builtins.max}
       29    0.000    0.000    0.002    0.000 json_memory_repository.py:1148(_document_hash)
      678    0.001    0.000    0.002    0.000 memory.py:520(_unique_texts)
        1    0.000    0.000    0.002    0.002 execution_service.py:25(validate_request_material)
      207    0.001    0.000    0.002    0.000 dataclasses.py:1304(_create_slots)
      114    0.000    0.000    0.002    0.000 continuity_core.py:28(model_material_tokens)
     3078    0.001    0.000    0.002    0.000 action.py:590(<genexpr>)
   131/97    0.001    0.000    0.002    0.000 context_router_service.py:94(_terms)
     2072    0.001    0.000    0.002    0.000 thinking.py:34(_require_text)
      399    0.001    0.000    0.002    0.000 enum.py:1041(_add_member_)
        1    0.000    0.000    0.002    0.002 jsonschema.py:1(<module>)
     3119    0.002    0.000    0.002    0.000 <attrs generated methods referencing._core.Resource>:29(__init__)
       10    0.000    0.000    0.002    0.000 expression_policy_service.py:96(_style_inputs)
     8106    0.002    0.000    0.002    0.000 context_composition.py:780(<genexpr>)
        1    0.000    0.000    0.002    0.002 subject_binding.py:1(<module>)
     3508    0.001    0.000    0.002    0.000 _parser.py:261(get)
      337    0.000    0.000    0.002    0.000 __init__.py:164(match)
       85    0.000    0.000    0.002    0.000 tempfile.py:154(__next__)
       71    0.001    0.000    0.002    0.000 events.py:434(to_dict)
      367    0.001    0.000    0.002    0.000 action_capability.py:39(step)
      133    0.000    0.000    0.002    0.000 environment_access.py:80(to_dict)
        1    0.000    0.000    0.002    0.002 contradiction_detector_service.py:100(detect)
     1177    0.001    0.000    0.001    0.000 enum.py:777(__iter__)
       77    0.000    0.000    0.001    0.000 expression.py:109(__post_init__)
      342    0.000    0.000    0.001    0.000 models.py:29(_format_datetime)
     5523    0.001    0.000    0.001    0.000 environment_access.py:135(<genexpr>)
       80    0.000    0.000    0.001    0.000 action.py:336(to_dict)
3009/3008    0.001    0.000    0.001    0.000 {method 'format' of 'str' objects}
        1    0.000    0.000    0.001    0.001 <frozen importlib._bootstrap>:1174(exec_module)
      344    0.000    0.000    0.001    0.000 expression.py:31(_hash)
     3613    0.001    0.000    0.001    0.000 _parser.py:168(__getitem__)
        3    0.000    0.000    0.001    0.000 persistence.py:68(canonical_hash)
     1876    0.001    0.000    0.001    0.000 <attrs generated methods referencing._core.Resolver>:31(__init__)
        1    0.000    0.000    0.001    0.001 device_operation_service.py:58(step)
      608    0.000    0.000    0.001    0.000 memory.py:22(_format_datetime)
       12    0.000    0.000    0.001    0.000 action_capability.py:139(canonical_hash)
        1    0.000    0.000    0.001    0.001 evolution.py:1(<module>)
     1801    0.001    0.000    0.001    0.000 integration_results.py:61(_integer)
        2    0.000    0.000    0.001    0.001 input_processing_service.py:193(_memory_refs)
      224    0.000    0.000    0.001    0.000 __init__.py:280(finditer)
        1    0.000    0.000    0.001    0.001 json_learning_repository.py:1(<module>)
        1    0.000    0.000    0.001    0.001 continuity_core_service.py:1(<module>)
        1    0.000    0.000    0.001    0.001 p06_context_fixture.py:1(<module>)
     9264    0.001    0.000    0.001    0.000 context_composition.py:634(<genexpr>)
     6025    0.001    0.000    0.001    0.000 {method 'end' of 're.Match' objects}
        1    0.000    0.000    0.001    0.001 continuity_interaction_service.py:1786(_build_result)
        1    0.000    0.000    0.001    0.001 textwrap.py:1(<module>)
      480    0.001    0.000    0.001    0.000 inspect.py:1686(_check_class)
        1    0.000    0.000    0.001    0.001 sandbox.py:1(<module>)
     2129    0.001    0.000    0.001    0.000 <attrs generated methods referencing._core.Retrieved>:29(__init__)
        1    0.000    0.000    0.001    0.001 textwrap.py:17(TextWrapper)
        2    0.000    0.000    0.001    0.001 capability.py:749(calculate_capability_result_hash)
      334    0.000    0.000    0.001    0.000 <frozen importlib._bootstrap_external>:190(_path_abspath)
        2    0.000    0.000    0.001    0.001 sandbox.py:1809(_load_descriptor)
        1    0.000    0.000    0.001    0.001 continuity_core.py:1(<module>)
     2129    0.001    0.000    0.001    0.000 {method 'get' of 'rpds.HashTrieMap' objects}
        1    0.000    0.000    0.001    0.001 action_service.py:89(decide)
        1    0.000    0.000    0.001    0.001 <frozen posixpath>:1(<module>)
       27    0.000    0.000    0.001    0.000 <frozen importlib._bootstrap_external>:1220(_path_hooks)
       40    0.000    0.000    0.001    0.000 _make.py:1081(add_init)
        1    0.000    0.000    0.001    0.001 environment_access_service.py:1(<module>)
      485    0.000    0.000    0.001    0.000 action.py:69(_format_datetime)
        1    0.000    0.000    0.001    0.001 resource_policy.py:1(<module>)
     1640    0.001    0.000    0.001    0.000 encoder.py:226(floatstr)
        1    0.000    0.000    0.001    0.001 contract_test_bootstrap.py:1(<module>)
     1692    0.001    0.000    0.001    0.000 {method 'search' of 're.Pattern' objects}
        1    0.000    0.000    0.001    0.001 unfinished_item.py:1(<module>)
      260    0.001    0.000    0.001    0.000 dataclasses.py:415(_fields_in_init_order)
        1    0.000    0.000    0.001    0.001 context_material_resolvers.py:1(<module>)
     4244    0.001    0.000    0.001    0.000 cross_entry.py:48(<genexpr>)
        1    0.000    0.000    0.001    0.001 ipaddress.py:1(<module>)
        1    0.000    0.000    0.001    0.001 base64mime.py:1(<module>)
        1    0.000    0.000    0.001    0.001 runner.py:1(<module>)
      191    0.001    0.000    0.001    0.000 <string>:22(__eq__)
        2    0.000    0.000    0.001    0.001 continuity_interaction_service.py:686(_validated_binding)
       40    0.000    0.000    0.001    0.000 _make.py:1997(_make_init_script)
       25    0.000    0.000    0.001    0.000 memory.py:840(consolidation_hash)
     3615    0.001    0.000    0.001    0.000 perception.py:606(<genexpr>)
        1    0.000    0.000    0.001    0.001 associative_recall.py:1(<module>)
       77    0.000    0.000    0.001    0.000 integration_results.py:777(__post_init__)
       56    0.000    0.000    0.001    0.000 json_integration_repository.py:395(<genexpr>)
        9    0.000    0.000    0.001    0.000 tempfile.py:310(gettempdir)
      602    0.000    0.000    0.001    0.000 expression.py:61(<genexpr>)
        1    0.000    0.000    0.001    0.001 core.py:1(<module>)
        1    0.000    0.000    0.001    0.001 decoder.py:1(<module>)
        1    0.000    0.000    0.001    0.001 json_memory_repository.py:272(memory_history)
     9264    0.001    0.000    0.001    0.000 context_composition.py:645(<genexpr>)
      334    0.001    0.000    0.001    0.000 <frozen importlib._bootstrap_external>:177(_path_isabs)
        2    0.000    0.000    0.001    0.001 awakening.py:530(complete)
       63    0.000    0.000    0.001    0.000 typing.py:2128(__init_subclass__)
        9    0.000    0.000    0.001    0.000 tempfile.py:298(_gettempdir)
     8106    0.001    0.000    0.001    0.000 context_composition.py:791(<genexpr>)
     8412    0.001    0.000    0.001    0.000 models.py:210(<genexpr>)
     1052    0.001    0.000    0.001    0.000 enum.py:811(__setattr__)
       67    0.001    0.000    0.001    0.000 {built-in method builtins.eval}
        1    0.000    0.000    0.001    0.001 tempfile.py:184(_get_default_tempdir)
        1    0.000    0.000    0.001    0.001 base.py:1(<module>)
        3    0.000    0.000    0.001    0.000 sandbox.py:770(<genexpr>)
        1    0.000    0.000    0.001    0.001 json_memory_repository.py:1037(current_usable)
     3667    0.001    0.000    0.001    0.000 {built-in method _io.text_encoding}
     7953    0.001    0.000    0.001    0.000 context_routing.py:760(<genexpr>)
        1    0.000    0.000    0.001    0.001 uuid.py:1(<module>)
      184    0.000    0.000    0.001    0.000 enum.py:928(_get_mixins_)
        1    0.000    0.000    0.001    0.001 interaction.py:1(<module>)
       64    0.000    0.000    0.001    0.000 typing.py:1996(__init__)
     8106    0.001    0.000    0.001    0.000 context_composition.py:774(<genexpr>)
      260    0.001    0.000    0.001    0.000 reprlib.py:12(decorating_function)
       27    0.000    0.000    0.001    0.000 ast.py:26(parse)
        3    0.000    0.000    0.001    0.000 execution_service.py:59(__init__)
        4    0.000    0.000    0.001    0.000 json_integration_repository.py:288(list_completed)
    120/2    0.000    0.000    0.001    0.001 integration_contract_validation.py:46(_reject_state_write_fields)
      140    0.000    0.000    0.001    0.000 integration_results.py:103(format_contract_datetime)
      239    0.000    0.000    0.001    0.000 __init__.py:183(sub)
     1027    0.000    0.000    0.001    0.000 {built-in method builtins.delattr}
        1    0.000    0.000    0.001    0.001 contradiction_detector_service.py:317(_seal_composition)
      236    0.000    0.000    0.001    0.000 action_capability.py:74(capability_type)
      263    0.001    0.000    0.001    0.000 <frozen importlib._bootstrap_external>:424(_classify_pyc)
        5    0.000    0.000    0.001    0.000 continuity_interaction_service.py:1516(_load_think_session_if_present)
      620    0.000    0.000    0.001    0.000 jsonschema.py:287(maybe_in_subresource)
       71    0.000    0.000    0.001    0.000 tempfile.py:495(__init__)
        4    0.000    0.000    0.001    0.000 sandbox.py:774(<genexpr>)
     3078    0.001    0.000    0.001    0.000 action.py:595(<genexpr>)
        2    0.000    0.000    0.001    0.001 loader.py:37(_make_failed_import_test)
        5    0.000    0.000    0.001    0.000 _make.py:1876(_add_repr)
     2826    0.001    0.000    0.001    0.000 parse.py:426(_checknetloc)
  661/175    0.001    0.000    0.001    0.000 _parser.py:178(getwidth)
        6    0.000    0.000    0.001    0.000 sandbox.py:1776(_registry)
      594    0.001    0.000    0.001    0.000 memory.py:267(__post_init__)
      168    0.000    0.000    0.001    0.000 dataclasses.py:943(_hash_add)
     2962    0.001    0.000    0.001    0.000 _types.py:52(is_object)
        1    0.000    0.000    0.001    0.001 platform.py:1249(python_implementation)
      208    0.001    0.000    0.001    0.000 copyreg.py:112(_slotnames)
        1    0.000    0.000    0.001    0.001 platform.py:1145(_sys_version)
        1    0.000    0.000    0.001    0.001 _os.py:1(<module>)
        1    0.000    0.000    0.001    0.001 message.py:1(<module>)
       40    0.000    0.000    0.001    0.000 execution.py:50(__post_init__)
       40    0.000    0.000    0.001    0.000 _make.py:2154(_attrs_to_init_script)
        2    0.000    0.000    0.001    0.000 traceback.py:212(format_exc)
        1    0.000    0.000    0.001    0.001 context_composer_service.py:1(<module>)
       13    0.000    0.000    0.001    0.000 traceback.py:812(_extract_caret_anchors_from_line_segment)
        2    0.000    0.000    0.001    0.000 traceback.py:146(format_exception)
        1    0.000    0.000    0.001    0.001 input_context_source.py:158(_material_from_operation)
        3    0.000    0.000    0.001    0.000 argparse.py:1866(__init__)
       60    0.000    0.000    0.001    0.000 typing.py:1842(_get_protocol_attrs)
      655    0.001    0.000    0.001    0.000 <frozen importlib._bootstrap>:74(__new__)
      780    0.001    0.000    0.001    0.000 <frozen importlib._bootstrap_external>:89(_unpack_uint32)
        7    0.000    0.000    0.001    0.000 continuity_core_service.py:38(choose)
       94    0.000    0.000    0.001    0.000 context_router_service.py:83(_canonical_hash)
        1    0.000    0.000    0.001    0.001 socketserver.py:1(<module>)
       31    0.000    0.000    0.001    0.000 events.py:587(to_dict)
      340    0.000    0.000    0.001    0.000 __init__.py:101(find_spec)
     2417    0.001    0.000    0.001    0.000 inspect.py:3028(<genexpr>)
      660    0.001    0.000    0.001    0.000 enum.py:36(_is_descriptor)
     1700    0.001    0.000    0.001    0.000 <attrs generated methods referencing._core.Resolved>:29(__init__)
        1    0.000    0.000    0.001    0.001 warnings.py:1(<module>)
        2    0.000    0.000    0.001    0.000 json_repository.py:142(_replace_payload)
      340    0.000    0.000    0.001    0.000 <frozen importlib._bootstrap>:985(find_spec)
      263    0.000    0.000    0.001    0.000 <frozen importlib._bootstrap_external>:457(_validate_timestamp_pyc)
        1    0.000    0.000    0.001    0.001 json_memory_repository.py:1(<module>)
        1    0.000    0.000    0.001    0.001 subject_growth.py:1(<module>)
        5    0.000    0.000    0.001    0.000 execution_context_source.py:43(<genexpr>)
        1    0.000    0.000    0.001    0.001 learning_service.py:1(<module>)
        7    0.001    0.000    0.001    0.000 {method 'readlines' of '_io._IOBase' objects}
      565    0.000    0.000    0.001    0.000 memory.py:494(_enum_value)
      617    0.001    0.000    0.001    0.000 json_repository.py:227(_validate_subject_id)
        1    0.000    0.000    0.001    0.001 contradiction_detector_service.py:1(<module>)
      184    0.001    0.000    0.001    0.000 enum.py:969(_find_data_type_)
        1    0.000    0.000    0.001    0.001 wake_perception_thinking_action_service.py:1(<module>)
        1    0.000    0.000    0.001    0.001 awakening_service.py:1(<module>)
      112    0.000    0.000    0.001    0.000 memory.py:560(from_dict)
        2    0.000    0.000    0.001    0.000 __init__.py:843(glob)
     1770    0.001    0.000    0.001    0.000 <frozen importlib._bootstrap_external>:139(<genexpr>)
        1    0.000    0.000    0.001    0.001 signals.py:1(<module>)
     4453    0.001    0.000    0.001    0.000 _parser.py:240(__next)
        1    0.000    0.000    0.001    0.001 p04_memory_fixture.py:1(<module>)
     3728    0.001    0.000    0.001    0.000 {built-in method builtins.repr}
       81    0.000    0.000    0.001    0.000 action.py:674(to_dict)
       17    0.000    0.000    0.001    0.000 traceback.py:410(_walk_tb_with_full_positions)
     1136    0.001    0.000    0.001    0.000 enum.py:77(_is_private)
        1    0.000    0.000    0.001    0.001 difflib.py:1(<module>)
       84    0.000    0.000    0.001    0.000 tempfile.py:86(_infer_return_type)
        1    0.000    0.000    0.001    0.001 random.py:1(<module>)
     3891    0.001    0.000    0.001    0.000 dataclasses.py:756(_is_initvar)
       85    0.001    0.000    0.001    0.000 random.py:460(choices)
      162    0.000    0.000    0.001    0.000 action.py:423(to_dict)
        1    0.000    0.000    0.001    0.001 quoprimime.py:1(<module>)
     4795    0.001    0.000    0.001    0.000 {method 'setdefault' of 'dict' objects}
       13    0.000    0.000    0.001    0.000 traceback.py:424(_get_code_position)
        1    0.000    0.000    0.001    0.001 charset.py:1(<module>)
        1    0.000    0.000    0.001    0.001 expression_policy_service.py:1(<module>)
      429    0.000    0.000    0.001    0.000 _core.py:456(anchor)
      300    0.001    0.000    0.001    0.000 environment_access_service.py:16(_time)
        7    0.000    0.000    0.001    0.000 tokenize.py:457(open)
       30    0.000    0.000    0.001    0.000 w04_device_fixture.py:210(<genexpr>)
        1    0.000    0.000    0.001    0.001 _typing.py:1(<module>)
      104    0.000    0.000    0.001    0.000 _keywords.py:269(enum)
     2410    0.001    0.000    0.001    0.000 perception.py:617(<genexpr>)
     1819    0.001    0.000    0.001    0.000 _utils.py:95(ensure_list)
       10    0.000    0.000    0.001    0.000 json_integration_repository.py:645(_input_view)
       53    0.000    0.000    0.001    0.000 __init__.py:241(split)
      484    0.001    0.000    0.001    0.000 inspect.py:1712(_shadowed_dict)
     4407    0.001    0.000    0.001    0.000 <frozen importlib._bootstrap>:494(_verbose_message)
       22    0.000    0.000    0.001    0.000 typing.py:396(inner)
        6    0.000    0.000    0.001    0.000 json_environment_repository.py:120(change)
        1    0.000    0.000    0.001    0.001 continuity_interaction_service.py:1(<module>)
  360/124    0.000    0.000    0.001    0.000 <frozen abc>:121(__subclasscheck__)
       20    0.000    0.000    0.001    0.000 action_service.py:418(_id)
        2    0.000    0.000    0.001    0.000 action_planning_service.py:148(<genexpr>)
      615    0.001    0.000    0.001    0.000 json_repository.py:320(_is_envelope)
     2308    0.001    0.000    0.001    0.000 perception.py:479(<genexpr>)
        1    0.000    0.000    0.001    0.001 lzma.py:1(<module>)
  360/124    0.001    0.000    0.001    0.000 {built-in method _abc._abc_subclasscheck}
       52    0.000    0.000    0.001    0.000 __init__.py:270(findall)
       20    0.000    0.000    0.001    0.000 json_integration_repository.py:648(input_only)
        7    0.000    0.000    0.001    0.000 associative_recall_service.py:333(<genexpr>)
     2108    0.001    0.000    0.001    0.000 dataclasses.py:579(_field_assign)
      139    0.000    0.000    0.001    0.000 p09_core_fixture.py:60(authorize_reference)
        1    0.000    0.000    0.001    0.001 _common.py:1(<module>)
      152    0.000    0.000    0.001    0.000 context_composer_service.py:593(<genexpr>)
       63    0.000    0.000    0.001    0.000 {method '__init_subclass__' of 'object' objects}
      945    0.001    0.000    0.001    0.000 enum.py:746(__delattr__)
     6696    0.001    0.000    0.001    0.000 {built-in method sys.getrecursionlimit}
        2    0.000    0.000    0.001    0.000 sandbox.py:1861(_validate_branch_marker)
      655    0.000    0.000    0.001    0.000 <frozen importlib._bootstrap>:82(remove)
     2022    0.001    0.000    0.001    0.000 action.py:95(<genexpr>)
     3014    0.001    0.000    0.001    0.000 {method 'get' of 'mappingproxy' objects}
        2    0.000    0.000    0.001    0.000 errors.py:1(<module>)
        1    0.000    0.000    0.001    0.001 json_repository.py:1(<module>)
       34    0.000    0.000    0.001    0.000 uuid.py:781(uuid5)
      3/2    0.000    0.000    0.001    0.000 glob.py:394(selector)
      242    0.000    0.000    0.001    0.000 inspect.py:2057(_signature_is_builtin)
       32    0.000    0.000    0.001    0.000 memory.py:277(to_dict)
       71    0.001    0.000    0.001    0.000 tempfile.py:506(__repr__)
     2279    0.001    0.000    0.001    0.000 input_processing.py:36(<genexpr>)
        1    0.000    0.000    0.001    0.001 contextlib.py:1(<module>)
     6259    0.001    0.000    0.001    0.000 inspect.py:2746(kind)
      146    0.000    0.000    0.001    0.000 _make.py:2498(__init__)
     2134    0.001    0.000    0.001    0.000 <frozen codecs>:263(__init__)
     2986    0.001    0.000    0.001    0.000 {method 'lstrip' of 'str' objects}
  252/244    0.000    0.000    0.001    0.000 annotationlib.py:1127(_get_and_call_annotate)
      147    0.000    0.000    0.001    0.000 cross_entry_service.py:20(authorize_source)
      340    0.001    0.000    0.001    0.000 {built-in method _imp.is_builtin}
      564    0.001    0.000    0.001    0.000 environment_access_service.py:60(<genexpr>)
        1    0.000    0.000    0.001    0.001 resource_aware_wake_scheduler.py:1(<module>)
      341    0.000    0.000    0.001    0.000 <frozen importlib._bootstrap>:448(cb)
      409    0.000    0.000    0.001    0.000 _core.py:60(_detect)
       97    0.000    0.000    0.001    0.000 _make.py:2561(from_counting_attr)
       15    0.000    0.000    0.001    0.000 context_router_service.py:1076(<genexpr>)
       27    0.000    0.000    0.001    0.000 <frozen importlib._bootstrap_external>:1449(path_hook_for_FileFinder)
       24    0.000    0.000    0.001    0.000 execution.py:70(from_dict)
        1    0.000    0.000    0.001    0.001 local_frontend_app.py:1(<module>)
       85    0.000    0.000    0.001    0.000 enum.py:1594(__and__)
      112    0.000    0.000    0.001    0.000 integration_contract_validation.py:42(_normalized_field_name)
        1    0.000    0.000    0.001    0.001 base64.py:1(<module>)
     1223    0.001    0.000    0.001    0.000 {method 'get' of '_contextvars.ContextVar' objects}
      505    0.001    0.000    0.001    0.000 action.py:901(__post_init__)
       12    0.000    0.000    0.001    0.000 <frozen os>:1070(fdopen)
      244    0.000    0.000    0.001    0.000 events.py:89(_format_datetime)
        1    0.000    0.000    0.001    0.001 _version_info.py:1(<module>)
     1542    0.000    0.000    0.001    0.000 dataclasses.py:733(<genexpr>)
      655    0.001    0.000    0.001    0.000 <frozen importlib._bootstrap>:79(__init__)
      115    0.000    0.000    0.001    0.000 <frozen ntpath>:222(split)
       30    0.000    0.000    0.001    0.000 json_memory_repository.py:72(_path)
       43    0.000    0.000    0.001    0.000 context_routing.py:436(__post_init__)
        5    0.000    0.000    0.001    0.000 continuity_core_service.py:454(_trace)
        2    0.000    0.000    0.001    0.000 continuity_interaction_service.py:1605(_validate_capability_material)
      564    0.001    0.000    0.001    0.000 environment_access_service.py:84(<genexpr>)
     2150    0.001    0.000    0.001    0.000 {method 'index' of 'tuple' objects}
        1    0.000    0.000    0.001    0.001 interaction.py:101(create_completed_result)
      382    0.000    0.000    0.001    0.000 cross_entry_service.py:45(_allowed)
        1    0.000    0.000    0.001    0.001 codeop.py:1(<module>)
        1    0.000    0.000    0.001    0.001 capability.py:83(CapabilityStatus)
     3241    0.001    0.000    0.001    0.000 {built-in method builtins.min}
        2    0.000    0.000    0.001    0.000 glob.py:442(wildcard_selector)
       40    0.001    0.000    0.001    0.000 _make.py:265(_make_attr_tuple_class)
      702    0.000    0.000    0.001    0.000 memory.py:501(_utc)
        2    0.000    0.000    0.001    0.000 continuity_core_service.py:262(validate_input_material)
       27    0.000    0.000    0.001    0.000 <frozen zipimport>:67(__init__)
       97    0.000    0.000    0.001    0.000 _make.py:106(attrib)
     1099    0.000    0.000    0.001    0.000 enum.py:46(_is_dunder)
        1    0.000    0.000    0.001    0.001 glob.py:390(compile)
      626    0.000    0.000    0.001    0.000 awakening.py:33(_require_text)
      494    0.001    0.000    0.001    0.000 cross_entry_service.py:70(<genexpr>)
       79    0.000    0.000    0.001    0.000 typing.py:1174(_generic_init_subclass)
      117    0.001    0.000    0.001    0.000 {built-in method _abc._abc_init}
        1    0.000    0.000    0.001    0.001 glob.py:349(_compile_pattern)
        2    0.000    0.000    0.001    0.000 context_router_service.py:1317(_derive_signals)
       81    0.000    0.000    0.001    0.000 action.py:788(to_dict)
        1    0.000    0.000    0.001    0.001 sandbox.py:1720(_validate_base_root)
        1    0.000    0.000    0.001    0.001 in_memory_action_repository.py:11(save_action_session)
        1    0.000    0.000    0.001    0.001 typing_extensions.py:1(<module>)
     1222    0.001    0.000    0.001    0.000 {method 'push_front' of 'rpds.List' objects}
      324    0.000    0.000    0.001    0.000 <frozen importlib._bootstrap>:1131(find_spec)
        1    0.000    0.000    0.001    0.001 input_processing_service.py:107(__init__)
        1    0.000    0.000    0.001    0.001 scanner.py:1(<module>)
     1327    0.000    0.000    0.001    0.000 <frozen importlib._bootstrap>:1229(__exit__)
     5436    0.001    0.000    0.001    0.000 parse.py:108(_noop)
       20    0.000    0.000    0.001    0.000 associative_recall.py:32(to_dict)
        4    0.000    0.000    0.001    0.000 awakening.py:574(to_dict)
        1    0.000    0.000    0.001    0.001 encoders.py:1(<module>)
       13    0.000    0.000    0.001    0.000 traceback.py:712(_should_show_carets)
       57    0.000    0.000    0.001    0.000 action_capability.py:231(capability_type)
     3410    0.001    0.000    0.001    0.000 {method 'isascii' of 'str' objects}
     1327    0.000    0.000    0.001    0.000 <frozen importlib._bootstrap>:1225(__enter__)
     2087    0.001    0.000    0.001    0.000 dataclasses.py:294(__init__)
      750    0.000    0.000    0.001    0.000 _keywords.py:270(<genexpr>)
       23    0.000    0.000    0.001    0.000 execution_service.py:145(<genexpr>)
        2    0.000    0.000    0.000    0.000 thinking.py:735(to_dict)
      423    0.000    0.000    0.000    0.000 <string>:19(__eq__)
       38    0.000    0.000    0.000    0.000 <string>:33(__eq__)
      306    0.000    0.000    0.000    0.000 __init__.py:231(__lt__)
      564    0.000    0.000    0.000    0.000 environment_access_service.py:95(<genexpr>)
      429    0.000    0.000    0.000    0.000 _core.py:248(anchors)
   198/18    0.000    0.000    0.000    0.000 integration_hashing.py:83(_without_hash_fields)
     2108    0.000    0.000    0.000    0.000 dataclasses.py:651(_init_param)
       17    0.000    0.000    0.000    0.000 traceback.py:640(output_line)
     1136    0.000    0.000    0.000    0.000 enum.py:57(_is_sunder)
     2425    0.000    0.000    0.000    0.000 unfinished_item.py:107(<genexpr>)
      399    0.000    0.000    0.000    0.000 typing.py:1286(__setattr__)
      190    0.000    0.000    0.000    0.000 jsonschema.py:247(subresources_of)
      152    0.000    0.000    0.000    0.000 thinking.py:292(to_dict)
       10    0.000    0.000    0.000    0.000 json_memory_repository.py:1052(<genexpr>)
      240    0.000    0.000    0.000    0.000 inspect.py:2404(_descriptor_get)
        1    0.000    0.000    0.000    0.000 __init__.py:72(search_function)
       85    0.000    0.000    0.000    0.000 <frozen ntpath>:529(abspath)
        2    0.000    0.000    0.000    0.000 sandbox.py:1883(_record_access)
        1    0.000    0.000    0.000    0.000 action_evolution_service.py:1(<module>)
        5    0.000    0.000    0.000    0.000 _make.py:1802(_add_eq)
      667    0.000    0.000    0.000    0.000 cross_entry_service.py:52(ledger)
        1    0.000    0.000    0.000    0.000 memory_service.py:1(<module>)
     2280    0.000    0.000    0.000    0.000 {method 'isidentifier' of 'str' objects}
       14    0.000    0.000    0.000    0.000 subject_binding.py:109(from_dict)
     3891    0.000    0.000    0.000    0.000 dataclasses.py:762(_is_kw_only)
      341    0.000    0.000    0.000    0.000 <frozen importlib._bootstrap>:232(__init__)
        2    0.000    0.000    0.000    0.000 <frozen importlib.util>:69(find_spec)
       15    0.000    0.000    0.000    0.000 expression.py:64(to_dict)
      147    0.000    0.000    0.000    0.000 p09_core_fixture.py:56(authorize_source)
        1    0.000    0.000    0.000    0.000 ipaddress.py:2369(_IPv6Constants)
        1    0.000    0.000    0.000    0.000 integration_results.py:378(from_dict)
      886    0.000    0.000    0.000    0.000 {built-in method from_bytes}
        1    0.000    0.000    0.000    0.000 thinking_service.py:1(<module>)
        8    0.000    0.000    0.000    0.000 events.py:473(canonical_hash)
        2    0.000    0.000    0.000    0.000 perception_rules.py:34(perceive)
       16    0.000    0.000    0.000    0.000 action_evaluators.py:23(evaluate)
       81    0.000    0.000    0.000    0.000 _parser.py:98(closegroup)
       38    0.000    0.000    0.000    0.000 <string>:21(__eq__)
     1550    0.000    0.000    0.000    0.000 _parser.py:256(match)
       35    0.000    0.000    0.000    0.000 ipaddress.py:2293(__init__)
     1262    0.000    0.000    0.000    0.000 _parser.py:164(__len__)
       94    0.000    0.000    0.000    0.000 <string>:13(__eq__)
     1073    0.000    0.000    0.000    0.000 _parser.py:176(append)
       80    0.000    0.000    0.000    0.000 action.py:129(to_dict)
     1237    0.000    0.000    0.000    0.000 memory.py:524(<genexpr>)
        3    0.000    0.000    0.000    0.000 _make.py:3117(__init__)
        8    0.000    0.000    0.000    0.000 gettext.py:627(gettext)
      655    0.000    0.000    0.000    0.000 <frozen importlib._bootstrap>:173(__exit__)
        6    0.000    0.000    0.000    0.000 input_processing.py:87(append)
        5    0.000    0.000    0.000    0.000 integration_hashing.py:61(calculate_projection_content_hash)
      577    0.000    0.000    0.000    0.000 memory.py:511(_ratio)
        8    0.000    0.000    0.000    0.000 gettext.py:587(dgettext)
       40    0.000    0.000    0.000    0.000 typing.py:1541(__init__)
     1891    0.000    0.000    0.000    0.000 _compat.py:95(get_generic_base)
      107    0.000    0.000    0.000    0.000 typing.py:3827(__getattr__)
        2    0.000    0.000    0.000    0.000 sandbox.py:1562(scan_expired)
        1    0.000    0.000    0.000    0.000 json_integration_repository.py:402(find_capability_request_by_operation)
        1    0.000    0.000    0.000    0.000 tempfile.py:157(_candidate_tempdir_list)
        2    0.000    0.000    0.000    0.000 setters.py:1(<module>)
     2250    0.000    0.000    0.000    0.000 {method '__contains__' of 'frozenset' objects}
        1    0.000    0.000    0.000    0.000 main.py:199(_getMainArgParser)
     1196    0.000    0.000    0.000    0.000 integration_results.py:1072(<genexpr>)
        8    0.000    0.000    0.000    0.000 gettext.py:528(translation)
      734    0.000    0.000    0.000    0.000 action_capability.py:41(<genexpr>)
       85    0.000    0.000    0.000    0.000 memory.py:554(to_dict)
        2    0.000    0.000    0.000    0.000 perception.py:217(from_awakening)
       17    0.000    0.000    0.000    0.000 typing.py:1341(__init__)
       92    0.000    0.000    0.000    0.000 enum.py:996(_find_new_)
      369    0.000    0.000    0.000    0.000 {method 'findall' of 're.Pattern' objects}
       10    0.000    0.000    0.000    0.000 integration_results.py:823(to_dict)
      730    0.000    0.000    0.000    0.000 {method 'values' of 'mappingproxy' objects}
      249    0.000    0.000    0.000    0.000 functools.py:65(wraps)
       50    0.000    0.000    0.000    0.000 uuid.py:774(uuid4)
       10    0.000    0.000    0.000    0.000 typing.py:1113(_generic_class_getitem)
     4101    0.000    0.000    0.000    0.000 inspect.py:2734(name)
        8    0.000    0.000    0.000    0.000 gettext.py:488(find)
        2    0.000    0.000    0.000    0.000 integration_contract_schema.py:127(get_schema)
       26    0.000    0.000    0.000    0.000 w04_device_fixture.py:251(<genexpr>)
       15    0.000    0.000    0.000    0.000 action_permissions.py:19(check)
        3    0.000    0.000    0.000    0.000 _compat.py:48(__init__)
      336    0.000    0.000    0.000    0.000 <string>:30(__eq__)
        8    0.000    0.000    0.000    0.000 json_thinking_repository.py:26(_path)
       53    0.000    0.000    0.000    0.000 _compiler.py:400(_mk_bitmap)
      114    0.000    0.000    0.000    0.000 continuity_core.py:18(model_fragment)
      117    0.000    0.000    0.000    0.000 _keywords.py:149(minimum)
        1    0.000    0.000    0.000    0.000 <frozen ntpath>:407(expandvars)
        1    0.000    0.000    0.000    0.000 integration_hashing.py:52(calculate_state_hash)
     1445    0.000    0.000    0.000    0.000 {method 'pop' of 'list' objects}
      429    0.000    0.000    0.000    0.000 _core.py:159(anchors_in)
       14    0.000    0.000    0.000    0.000 continuity_core_service.py:49(<genexpr>)
     1320    0.000    0.000    0.000    0.000 {method '__enter__' of '_thread.RLock' objects}
        4    0.000    0.000    0.000    0.000 context_router_service.py:339(<genexpr>)
      8/4    0.000    0.000    0.000    0.000 annotationlib.py:697(call_annotate_function)
       57    0.000    0.000    0.000    0.000 typing.py:1225(__init__)
       50    0.000    0.000    0.000    0.000 __init__.py:841(<genexpr>)
        1    0.000    0.000    0.000    0.000 ipaddress.py:1565(_IPv4Constants)
     1012    0.000    0.000    0.000    0.000 action.py:776(<genexpr>)
        1    0.000    0.000    0.000    0.000 main.py:210(_getDiscoveryArgParser)
      189    0.000    0.000    0.000    0.000 _compiler.py:221(_compile_charset)
      168    0.000    0.000    0.000    0.000 dataclasses.py:424(_tuple_str)
        2    0.000    0.000    0.000    0.000 glob.py:1(<module>)
      113    0.000    0.000    0.000    0.000 memory.py:548(__post_init__)
       10    0.000    0.000    0.000    0.000 expression.py:117(to_dict)
        1    0.000    0.000    0.000    0.000 signal.py:1(<module>)
     1188    0.000    0.000    0.000    0.000 memory.py:270(<genexpr>)
     1366    0.000    0.000    0.000    0.000 integration_contract_validation.py:43(<genexpr>)
        3    0.000    0.000    0.000    0.000 json_environment_repository.py:167(change)
      520    0.000    0.000    0.000    0.000 enum.py:783(__len__)
        1    0.000    0.000    0.000    0.000 json_memory_repository.py:515(_load_or_empty)
        2    0.000    0.000    0.000    0.000 integration_results.py:204(__post_init__)
     1320    0.000    0.000    0.000    0.000 {method '__exit__' of '_thread.RLock' objects}
     2323    0.000    0.000    0.000    0.000 {built-in method _imp.acquire_lock}
       27    0.000    0.000    0.000    0.000 <frozen importlib._bootstrap_external>:1331(__init__)
        2    0.000    0.000    0.000    0.000 continuity_core_service.py:257(validate_thinking_material)
        1    0.000    0.000    0.000    0.000 entities.py:1(<module>)
      843    0.000    0.000    0.000    0.000 <frozen importlib._bootstrap_external>:67(_relax_case)
       21    0.000    0.000    0.000    0.000 ipaddress.py:1498(__init__)
        1    0.000    0.000    0.000    0.000 integration_results.py:266(from_dict)
        1    0.000    0.000    0.000    0.000 encoder.py:1(<module>)
      142    0.000    0.000    0.000    0.000 tempfile.py:455(cleanup)
        1    0.000    0.000    0.000    0.000 _impl.py:1(<module>)
        2    0.000    0.000    0.000    0.000 execution_service.py:93(validate_thinking_material)
      262    0.000    0.000    0.000    0.000 <frozen abc>:146(update_abstractmethods)
        1    0.000    0.000    0.000    0.000 json_integration_repository.py:280(load_completed)
      241    0.000    0.000    0.000    0.000 inspect.py:2071(_signature_is_functionlike)
        1    0.000    0.000    0.000    0.000 json_memory_repository.py:494(load_consolidation_operation)
     1184    0.000    0.000    0.000    0.000 awakening.py:308(<genexpr>)
     2318    0.000    0.000    0.000    0.000 dataclasses.py:419(<genexpr>)
     2318    0.000    0.000    0.000    0.000 dataclasses.py:1233(<genexpr>)
      258    0.000    0.000    0.000    0.000 jsonschema.py:208(subresources_of)
        4    0.000    0.000    0.000    0.000 context_router_service.py:548(<lambda>)
        1    0.000    0.000    0.000    0.000 message.py:141(Message)
     2323    0.000    0.000    0.000    0.000 {built-in method _imp.release_lock}
       35    0.000    0.000    0.000    0.000 __init__.py:823(_from_dir_entry)
        4    0.000    0.000    0.000    0.000 w04_cross_entry_fixture.py:107(use)
       23    0.000    0.000    0.000    0.000 _make.py:1066(add_hash)
        1    0.000    0.000    0.000    0.000 capability_ports.py:1(<module>)
     1012    0.000    0.000    0.000    0.000 action.py:839(<genexpr>)
      833    0.000    0.000    0.000    0.000 {method 'casefold' of 'str' objects}
       85    0.000    0.000    0.000    0.000 tempfile.py:143(rng)
      139    0.000    0.000    0.000    0.000 continuity_core_runtime.py:32(authorize_reference)
       26    0.000    0.000    0.000    0.000 _make.py:1611(_make_hash_script)
      356    0.000    0.000    0.000    0.000 events.py:128(to_dict)
        1    0.000    0.000    0.000    0.000 argparse.py:1(<module>)
       20    0.000    0.000    0.000    0.000 _keywords.py:206(uniqueItems)
       39    0.000    0.000    0.000    0.000 _keywords.py:223(format)
        8    0.000    0.000    0.000    0.000 tokenize.py:358(detect_encoding)
      727    0.000    0.000    0.000    0.000 inspect.py:267(isfunction)
      778    0.000    0.000    0.000    0.000 _utils.py:127(equal)
        4    0.000    0.000    0.000    0.000 context_router_service.py:531(_entry_identity)
      334    0.000    0.000    0.000    0.000 {built-in method nt._path_splitroot}
     1608    0.000    0.000    0.000    0.000 {method 'isalpha' of 'str' objects}
       10    0.000    0.000    0.000    0.000 _core.py:520(with_resources)
      612    0.000    0.000    0.000    0.000 __init__.py:222(_parts_normcase)
        2    0.000    0.000    0.000    0.000 json_contradiction_repository.py:146(_load_if_exists)
      296    0.000    0.000    0.000    0.000 <frozen importlib._bootstrap>:48(_new_module)
        4    0.000    0.000    0.000    0.000 context_router_service.py:587(<genexpr>)
      243    0.000    0.000    0.000    0.000 _make.py:1256(_determine_attrib_eq_order)
       18    0.000    0.000    0.000    0.000 _keywords.py:215(pattern)
        1    0.000    0.000    0.000    0.000 memory_consolidation_service.py:230(_consolidation_operation)
       26    0.000    0.000    0.000    0.000 _core.py:44(_detect_or_error)
        2    0.000    0.000    0.000    0.000 {built-in method nt._findfirstfile}
        1    0.000    0.000    0.000    0.000 {built-in method builtins.print}
      234    0.000    0.000    0.000    0.000 json_integration_repository.py:837(<genexpr>)
       37    0.000    0.000    0.000    0.000 typing.py:260(_collect_type_parameters)
       22    0.000    0.000    0.000    0.000 context_router_service.py:751(<genexpr>)
        1    0.000    0.000    0.000    0.000 _make.py:2847(ClassProps)
     1200    0.000    0.000    0.000    0.000 {method 'rfind' of 'str' objects}
       35    0.000    0.000    0.000    0.000 traceback.py:990(emit)
       16    0.000    0.000    0.000    0.000 action_evaluators.py:67(evaluate)
       29    0.000    0.000    0.000    0.000 _make.py:1819(_make_repr_script)
        6    0.000    0.000    0.000    0.000 validators.py:222(Validator)
     2365    0.000    0.000    0.000    0.000 dataclasses.py:1169(<genexpr>)
       30    0.000    0.000    0.000    0.000 json_memory_repository.py:66(_identity_hash)
        1    0.000    0.000    0.000    0.000 action_service.py:176(_extract_intents)
     1793    0.000    0.000    0.000    0.000 events.py:340(<genexpr>)
      633    0.000    0.000    0.000    0.000 _parser.py:293(tell)
      435    0.000    0.000    0.000    0.000 _core.py:79(__get__)
       44    0.000    0.000    0.000    0.000 _next_gen.py:437(field)
        2    0.000    0.000    0.000    0.000 interaction.py:59(validate_fixed_subject_binding)
       13    0.000    0.000    0.000    0.000 typing.py:184(_type_check)
       15    0.000    0.000    0.000    0.000 subject_binding.py:34(__post_init__)
      260    0.000    0.000    0.000    0.000 dataclasses.py:536(_make_annotate_function)
     1310    0.000    0.000    0.000    0.000 {built-in method _thread.get_ident}
      721    0.000    0.000    0.000    0.000 inspect.py:184(isclass)
       13    0.000    0.000    0.000    0.000 json_integration_repository.py:989(_validate_result_set)
       24    0.000    0.000    0.000    0.000 _make.py:1000(add_repr)
      157    0.000    0.000    0.000    0.000 _compiler.py:412(_simple)
      104    0.000    0.000    0.000    0.000 {built-in method builtins.locals}
      203    0.000    0.000    0.000    0.000 action_planning.py:130(complex)
        4    0.000    0.000    0.000    0.000 context_router_service.py:324(_source_version)
        9    0.000    0.000    0.000    0.000 timeline.py:119(from_updates)
       32    0.000    0.000    0.000    0.000 memory.py:123(to_dict)
      592    0.000    0.000    0.000    0.000 awakening.py:250(__post_init__)
        1    0.000    0.000    0.000    0.000 json_resource_repository.py:55(load)
       39    0.000    0.000    0.000    0.000 _format.py:111(check)
       20    0.000    0.000    0.000    0.000 _utils.py:156(uniq)
        4    0.000    0.000    0.000    0.000 {method 'flush' of '_io.BufferedRandom' objects}
       16    0.000    0.000    0.000    0.000 <frozen importlib._bootstrap>:1000(exec_module)
        1    0.000    0.000    0.000    0.000 threading.py:1(<module>)
        1    0.000    0.000    0.000    0.000 json_resource_repository.py:182(_load_document)
      279    0.000    0.000    0.000    0.000 enum.py:1576(_get_value)
       52    0.000    0.000    0.000    0.000 ipaddress.py:1916(__init__)
        1    0.000    0.000    0.000    0.000 glob.py:294(translate)
        1    0.000    0.000    0.000    0.000 events.py:370(create)
       44    0.000    0.000    0.000    0.000 w04_device_fixture.py:35(empty)
        1    0.000    0.000    0.000    0.000 typing.py:2965(__new__)
        7    0.000    0.000    0.000    0.000 json_integration_repository.py:211(__init__)
        2    0.000    0.000    0.000    0.000 awakening_service.py:161(get_session)
       32    0.000    0.000    0.000    0.000 memory.py:239(to_dict)
        2    0.000    0.000    0.000    0.000 associative_recall_service.py:321(<genexpr>)
      439    0.000    0.000    0.000    0.000 typing.py:1212(_is_dunder)
        1    0.000    0.000    0.000    0.000 numbers.py:1(<module>)
        5    0.000    0.000    0.000    0.000 p09_core_fixture.py:143(<genexpr>)
        8    0.000    0.000    0.000    0.000 _core.py:586(resolver_with_root)
      109    0.000    0.000    0.000    0.000 awakening.py:39(_format_datetime)
     1458    0.000    0.000    0.000    0.000 {built-in method builtins.callable}
      154    0.000    0.000    0.000    0.000 thinking.py:152(to_dict)
       28    0.000    0.000    0.000    0.000 interaction.py:155(_identifier)
       28    0.000    0.000    0.000    0.000 {built-in method msvcrt.locking}
       84    0.000    0.000    0.000    0.000 uuid.py:267(_from_int)
        2    0.000    0.000    0.000    0.000 sandbox.py:230(repository_roots)
        2    0.000    0.000    0.000    0.000 json_awakening_repository.py:83(load_session)
       75    0.000    0.000    0.000    0.000 _compiler.py:481(_get_charset_prefix)
     1133    0.000    0.000    0.000    0.000 contradiction.py:1113(<genexpr>)
       45    0.000    0.000    0.000    0.000 context_router_service.py:187(authorize_candidate)
       29    0.000    0.000    0.000    0.000 <frozen importlib._bootstrap_external>:169(_path_isdir)
       20    0.000    0.000    0.000    0.000 context_router_service.py:1298(_score)
      124    0.000    0.000    0.000    0.000 _types.py:45(is_number)
       85    0.000    0.000    0.000    0.000 {built-in method nt._getfullpathname}
       16    0.000    0.000    0.000    0.000 {built-in method _imp.exec_builtin}
     1793    0.000    0.000    0.000    0.000 events.py:342(<genexpr>)
       26    0.000    0.000    0.000    0.000 textwrap.py:416(dedent)
       84    0.000    0.000    0.000    0.000 uuid.py:398(hex)
        1    0.000    0.000    0.000    0.000 selectors.py:1(<module>)
       29    0.000    0.000    0.000    0.000 _make.py:1142(add_eq)
      224    0.000    0.000    0.000    0.000 {method 'finditer' of 're.Pattern' objects}
     1134    0.000    0.000    0.000    0.000 contradiction.py:1078(<genexpr>)
       21    0.000    0.000    0.000    0.000 models.py:12(format_utc)
        9    0.000    0.000    0.000    0.000 argparse.py:1421(__init__)
        1    0.000    0.000    0.000    0.000 inspect.py:2291(_signature_from_builtin)
       38    0.000    0.000    0.000    0.000 <string>:25(__eq__)
      135    0.000    0.000    0.000    0.000 _parser.py:449(_uniq)
     1138    0.000    0.000    0.000    0.000 integration_results.py:1114(<genexpr>)
       45    0.000    0.000    0.000    0.000 uuid.py:331(__str__)
        1    0.000    0.000    0.000    0.000 hmac.py:1(<module>)
       92    0.000    0.000    0.000    0.000 enum.py:918(_check_for_existing_members_)
        6    0.000    0.000    0.000    0.000 awakening.py:180(from_dict)
        1    0.000    0.000    0.000    0.000 argparse.py:2004(parse_args)
      120    0.000    0.000    0.000    0.000 {built-in method builtins.round}
        8    0.000    0.000    0.000    0.000 integration_hashing.py:106(verify_declared_hash)
        1    0.000    0.000    0.000    0.000 argparse.py:2014(parse_known_args)
        6    0.000    0.000    0.000    0.000 validators.py:100(_validates)
      406    0.000    0.000    0.000    0.000 <frozen ntpath>:146(splitdrive)
       12    0.000    0.000    0.000    0.000 context_router_service.py:1379(<genexpr>)
        3    0.000    0.000    0.000    0.000 _make.py:1683(_add_hash)
        1    0.000    0.000    0.000    0.000 protocols.py:1(<module>)
       12    0.000    0.000    0.000    0.000 json_memory_repository.py:529(_normalize_query_terms)
        1    0.000    0.000    0.000    0.000 __init__.py:175(CompressionParameter)
        1    0.000    0.000    0.000    0.000 inspect.py:2144(_signature_fromstr)
        1    0.000    0.000    0.000    0.000 argparse.py:2017(_parse_known_args2)
     1867    0.000    0.000    0.000    0.000 dataclasses.py:1344(<genexpr>)
     1793    0.000    0.000    0.000    0.000 events.py:353(<genexpr>)
        8    0.000    0.000    0.000    0.000 events.py:456(canonical_dict)
      310    0.000    0.000    0.000    0.000 parse.py:718(unquote)
       25    0.000    0.000    0.000    0.000 _make.py:318(_collect_base_attrs)
        8    0.000    0.000    0.000    0.000 tokenize.py:382(read_or_stop)
      429    0.000    0.000    0.000    0.000 _core.py:709(dynamic_scope)
      330    0.000    0.000    0.000    0.000 {method 'rsplit' of 'str' objects}
        1    0.000    0.000    0.000    0.000 evolution.py:81(evolve)
        1    0.000    0.000    0.000    0.000 typing.py:2912(<generic parameters of SupportsAbs>)
       97    0.000    0.000    0.000    0.000 _make.py:2774(__init__)
        1    0.000    0.000    0.000    0.000 _adapters.py:1(<module>)
        3    0.000    0.000    0.000    0.000 _core.py:550(combine)
       16    0.000    0.000    0.000    0.000 <frozen importlib._bootstrap>:992(create_module)
       46    0.000    0.000    0.000    0.000 _compat.py:26(_get_annotations)
       18    0.000    0.000    0.000    0.000 json_thinking_repository.py:20(_hash)
      254    0.000    0.000    0.000    0.000 {built-in method _imp._fix_co_filename}
      655    0.000    0.000    0.000    0.000 {built-in method _weakref._remove_dead_weakref}
       11    0.000    0.000    0.000    0.000 sandbox.py:103(_id)
      324    0.000    0.000    0.000    0.000 {built-in method _imp.find_frozen}
        7    0.000    0.000    0.000    0.000 {method 'readline' of '_io.BufferedReader' objects}
       99    0.000    0.000    0.000    0.000 _parser.py:312(_class_escape)
      189    0.000    0.000    0.000    0.000 jsonschema.py:176(subresources_of)
        1    0.000    0.000    0.000    0.000 _py_warnings.py:1(<module>)
        3    0.000    0.000    0.000    0.000 readers.py:23(__init__)
       34    0.000    0.000    0.000    0.000 _make.py:1709(_make_eq_script)
       31    0.000    0.000    0.000    0.000 ipaddress.py:1272(__init__)
      657    0.000    0.000    0.000    0.000 {method 'remove' of 'list' objects}
        1    0.000    0.000    0.000    0.000 json_repository.py:237(exists)
       14    0.000    0.000    0.000    0.000 <string>:15(__eq__)
       22    0.000    0.000    0.000    0.000 input_processing.py:108(to_dict)
   102/84    0.000    0.000    0.000    0.000 _compiler.py:450(_get_literal_prefix)
        6    0.000    0.000    0.000    0.000 _utils.py:22(__setitem__)
       33    0.000    0.000    0.000    0.000 memory.py:182(to_dict)
        1    0.000    0.000    0.000    0.000 argparse.py:2055(_parse_known_args)
       35    0.000    0.000    0.000    0.000 textwrap.py:447(indent)
       16    0.000    0.000    0.000    0.000 contextlib.py:276(contextmanager)
      162    0.000    0.000    0.000    0.000 action.py:562(to_dict)
        1    0.000    0.000    0.000    0.000 abc.py:1(<module>)
        1    0.000    0.000    0.000    0.000 p13_expression_fixture.py:17(present)
        3    0.000    0.000    0.000    0.000 thinking.py:422(from_dict)
      681    0.000    0.000    0.000    0.000 {method 'find' of 'bytearray' objects}
       14    0.000    0.000    0.000    0.000 hashlib.py:126(__get_openssl_constructor)
        1    0.000    0.000    0.000    0.000 action_service.py:325(_build_plan)
      396    0.000    0.000    0.000    0.000 cross_entry_service.py:219(<genexpr>)
      240    0.000    0.000    0.000    0.000 inspect.py:196(ismethoddescriptor)
       13    0.000    0.000    0.000    0.000 <frozen abc>:110(register)
       21    0.000    0.000    0.000    0.000 functools.py:593(decorating_function)
        9    0.000    0.000    0.000    0.000 json_awakening_repository.py:29(_cycle_path)
       15    0.000    0.000    0.000    0.000 _format.py:415(is_regex)
        1    0.000    0.000    0.000    0.000 _encoded_words.py:1(<module>)
        1    0.000    0.000    0.000    0.000 expression_ports.py:17(present)
       16    0.000    0.000    0.000    0.000 action.py:111(<lambda>)
       11    0.000    0.000    0.000    0.000 json_subject_binding_repository.py:24(__init__)
        6    0.000    0.000    0.000    0.000 json_awakening_repository.py:32(_session_path)
       81    0.000    0.000    0.000    0.000 action.py:737(to_dict)
        8    0.000    0.000    0.000    0.000 _core.py:514(with_resource)
        4    0.000    0.000    0.000    0.000 json_memory_repository.py:253(<lambda>)
      155    0.000    0.000    0.000    0.000 events.py:539(to_dict)
       13    0.000    0.000    0.000    0.000 {built-in method _abc._abc_register}
       71    0.000    0.000    0.000    0.000 tempfile.py:531(__enter__)
       81    0.000    0.000    0.000    0.000 _parser.py:86(opengroup)
        1    0.000    0.000    0.000    0.000 persistence.py:284(_load)
       16    0.000    0.000    0.000    0.000 gettext.py:231(_expand_lang)
        1    0.000    0.000    0.000    0.000 action_ports.py:1(<module>)
       16    0.000    0.000    0.000    0.000 {built-in method _imp.create_builtin}
        1    0.000    0.000    0.000    0.000 __init__.py:873(rglob)
       49    0.000    0.000    0.000    0.000 traceback.py:960(_display_width)
      429    0.000    0.000    0.000    0.000 _core.py:236(subresources)
      393    0.000    0.000    0.000    0.000 enum.py:68(_is_internal_class)
      141    0.000    0.000    0.000    0.000 {method 'utcoffset' of 'datetime.datetime' objects}
        3    0.000    0.000    0.000    0.000 functools.py:978(wrapper)
        2    0.000    0.000    0.000    0.000 contextlib.py:571(__exit__)
        5    0.000    0.000    0.000    0.000 sandbox.py:792(_sandbox_root)
       25    0.000    0.000    0.000    0.000 typing.py:175(_type_convert)
        2    0.000    0.000    0.000    0.000 models.py:169(from_dict)
        4    0.000    0.000    0.000    0.000 json_memory_repository.py:346(<genexpr>)
        1    0.000    0.000    0.000    0.000 argparse.py:2227(consume_positionals)
       16    0.000    0.000    0.000    0.000 _colorize.py:115(__annotate__)
       19    0.000    0.000    0.000    0.000 <string>:10(__eq__)
        4    0.000    0.000    0.000    0.000 json_integration_repository.py:429(<genexpr>)
      116    0.000    0.000    0.000    0.000 _parser.py:372(_escape)
       39    0.000    0.000    0.000    0.000 traceback.py:365(_dedented_lines)
       10    0.000    0.000    0.000    0.000 typing.py:385(decorator)
       21    0.000    0.000    0.000    0.000 json_awakening_repository.py:23(_hash)
       35    0.000    0.000    0.000    0.000 ipaddress.py:1647(_ip_int_from_string)
        8    0.000    0.000    0.000    0.000 enum.py:1583(__or__)
      212    0.000    0.000    0.000    0.000 _make.py:1198(_add_method_dunders_unsafe)
        4    0.000    0.000    0.000    0.000 continuity_interaction_service.py:106(__init__)
       22    0.000    0.000    0.000    0.000 action.py:469(__post_init__)
      179    0.000    0.000    0.000    0.000 _utils.py:69(find_additional_properties)
       30    0.000    0.000    0.000    0.000 awakening.py:263(to_dict)
        1    0.000    0.000    0.000    0.000 ports.py:1(<module>)
     1877    0.000    0.000    0.000    0.000 inspect.py:2738(default)
       21    0.000    0.000    0.000    0.000 contextlib.py:303(helper)
        1    0.000    0.000    0.000    0.000 expression_ports.py:1(<module>)
        5    0.000    0.000    0.000    0.000 p17_execution_fixture.py:214(<genexpr>)
      201    0.000    0.000    0.000    0.000 jsonschema.py:151(subresources_of)
       22    0.000    0.000    0.000    0.000 ipaddress.py:1182(_ip_int_from_string)
        4    0.000    0.000    0.000    0.000 thinking.py:353(__post_init__)
        1    0.000    0.000    0.000    0.000 skill_adapter.py:1(<module>)
      118    0.000    0.000    0.000    0.000 uuid.py:335(bytes)
       90    0.000    0.000    0.000    0.000 _parser.py:231(__init__)
        1    0.000    0.000    0.000    0.000 contextlib.py:17(AbstractContextManager)
       80    0.000    0.000    0.000    0.000 action.py:207(to_dict)
        1    0.000    0.000    0.000    0.000 w04_cross_entry_fixture.py:41(think)
        2    0.000    0.000    0.000    0.000 awakening_service.py:353(_memory_request)
        2    0.000    0.000    0.000    0.000 typing.py:1552(__getitem__)
       32    0.000    0.000    0.000    0.000 jsonschema.py:573(specification_with)
        1    0.000    0.000    0.000    0.000 execution_context_source.py:1(<module>)
      508    0.000    0.000    0.000    0.000 thinking.py:213(<genexpr>)
        2    0.000    0.000    0.000    0.000 memory_service.py:60(retrieve)
      373    0.000    0.000    0.000    0.000 w04_cross_entry_fixture.py:81(<lambda>)
      260    0.000    0.000    0.000    0.000 dataclasses.py:1414(dataclass)
        2    0.000    0.000    0.000    0.000 awakening.py:596(from_dict)
        1    0.000    0.000    0.000    0.000 {built-in method _imp.get_frozen_object}
       10    0.000    0.000    0.000    0.000 typing.py:380(_tp_cache)
       57    0.000    0.000    0.000    0.000 <frozen os>:704(__getitem__)
       88    0.000    0.000    0.000    0.000 {method 'fileno' of '_io.TextIOWrapper' objects}
      245    0.000    0.000    0.000    0.000 {built-in method sys._clear_type_descriptors}
        1    0.000    0.000    0.000    0.000 memory_ports.py:1(<module>)
      114    0.000    0.000    0.000    0.000 jsonschema.py:69(_anchor)
        4    0.000    0.000    0.000    0.000 models.py:146(to_dict)
        1    0.000    0.000    0.000    0.000 _adapters.py:40(CompatibilityFiles)
        3    0.000    0.000    0.000    0.000 _common.py:80(_)
       19    0.000    0.000    0.000    0.000 subject_binding.py:88(to_fixture)
      117    0.000    0.000    0.000    0.000 _types.py:197(<lambda>)
        6    0.000    0.000    0.000    0.000 typing.py:952(_make_forward_ref)
        4    0.000    0.000    0.000    0.000 json_memory_repository.py:542(_lexical_query_score)
        9    0.000    0.000    0.000    0.000 _colorize.py:274(can_colorize)
        4    0.000    0.000    0.000    0.000 json_integration_repository.py:218(_verified_operation_reads)
        1    0.000    0.000    0.000    0.000 argparse.py:2414(_match_arguments_partial)
       71    0.000    0.000    0.000    0.000 tempfile.py:480(__del__)
       67    0.000    0.000    0.000    0.000 encoder.py:265(_make_iterencode)
       28    0.000    0.000    0.000    0.000 {method 'seek' of '_io.BufferedRandom' objects}
       56    0.000    0.000    0.000    0.000 ipaddress.py:528(_split_addr_prefix)
      260    0.000    0.000    0.000    0.000 reprlib.py:9(recursive_repr)
      298    0.000    0.000    0.000    0.000 _make.py:1265(decide_callable_or_boolean)
       92    0.000    0.000    0.000    0.000 enum.py:947(_find_data_repr_)
        4    0.000    0.000    0.000    0.000 __init__.py:428(with_suffix)
       67    0.000    0.000    0.000    0.000 {method 'decode' of 'bytes' objects}
        1    0.000    0.000    0.000    0.000 runner.py:152(printErrors)
      309    0.000    0.000    0.000    0.000 integration_results.py:69(_boolean)
        3    0.000    0.000    0.000    0.000 __init__.py:71(import_module)
      342    0.000    0.000    0.000    0.000 <frozen importlib._bootstrap>:602(__init__)
        1    0.000    0.000    0.000    0.000 util.py:1(<module>)
        2    0.000    0.000    0.000    0.000 integration_contract.py:212(_from_validated_dict)
        6    0.000    0.000    0.000    0.000 parse.py:474(urlsplit)
       12    0.000    0.000    0.000    0.000 input_processing.py:92(validate_successor)
      346    0.000    0.000    0.000    0.000 _parser.py:83(groups)
        9    0.000    0.000    0.000    0.000 _format.py:205(wrap)
       14    0.000    0.000    0.000    0.000 _make.py:1156(add_order)
       24    0.000    0.000    0.000    0.000 execution_service.py:134(adapter)
       63    0.000    0.000    0.000    0.000 {method 'insert' of 'rpds.HashTrieMap' objects}
        7    0.000    0.000    0.000    0.000 json_awakening_repository.py:18(__init__)
        1    0.000    0.000    0.000    0.000 thinking_ports.py:1(<module>)
       17    0.000    0.000    0.000    0.000 {method 'sort' of 'list' objects}
      115    0.000    0.000    0.000    0.000 {method 'splitlines' of 'str' objects}
     1008    0.000    0.000    0.000    0.000 {built-in method builtins.ord}
        1    0.000    0.000    0.000    0.000 _zstdfile.py:1(<module>)
       73    0.000    0.000    0.000    0.000 subject_lifecycle.py:33(lifecycle_status)
        1    0.000    0.000    0.000    0.000 contradiction_detector_service.py:343(_seal_claim)
       22    0.000    0.000    0.000    0.000 json_memory_repository.py:1063(_project_consumption_weights)
        9    0.000    0.000    0.000    0.000 runner.py:26(writeln)
      409    0.000    0.000    0.000    0.000 _core.py:57(_detect_or_default)
       26    0.000    0.000    0.000    0.000 _make.py:1638(append_hash_computation_lines)
        3    0.000    0.000    0.000    0.000 <frozen importlib._bootstrap>:1394(_gcd_import)
       35    0.000    0.000    0.000    0.000 {built-in method _hashlib.openssl_sha1}
      130    0.000    0.000    0.000    0.000 jsonschema.py:107(_legacy_anchor_in_dollar_id)
        6    0.000    0.000    0.000    0.000 w04_cross_entry_fixture.py:86(<genexpr>)
      260    0.000    0.000    0.000    0.000 dataclasses.py:437(__init__)
      162    0.000    0.000    0.000    0.000 action.py:606(to_dict)
      414    0.000    0.000    0.000    0.000 device_operation.py:118(capability)
        2    0.000    0.000    0.000    0.000 {method 'reset' of '_contextvars.ContextVar' objects}
      210    0.000    0.000    0.000    0.000 _make.py:1299(_determine_whether_to_implement)
     1302    0.000    0.000    0.000    0.000 {method 'isalnum' of 'str' objects}
      639    0.000    0.000    0.000    0.000 _parser.py:113(__init__)
        3    0.000    0.000    0.000    0.000 learning.py:335(__post_init__)
       92    0.000    0.000    0.000    0.000 enum.py:334(__init__)
       10    0.000    0.000    0.000    0.000 context_router_service.py:90(_version_hash)
        1    0.000    0.000    0.000    0.000 struct.py:1(<module>)
      114    0.000    0.000    0.000    0.000 context_composer_service.py:602(_reference_failure_reason)
      282    0.000    0.000    0.000    0.000 w04_device_fixture.py:228(<lambda>)
       16    0.000    0.000    0.000    0.000 locale.py:386(normalize)
        1    0.000    0.000    0.000    0.000 json_integration_repository.py:1(<module>)
      310    0.000    0.000    0.000    0.000 dataclasses.py:420(<genexpr>)
       53    0.000    0.000    0.000    0.000 input_processing.py:39(to_dict)
       27    0.000    0.000    0.000    0.000 _colorize.py:276(_safe_getenv)
      332    0.000    0.000    0.000    0.000 {method 'items' of 'mappingproxy' objects}
       48    0.000    0.000    0.000    0.000 traceback.py:794(_byte_offset_to_character_offset)
       38    0.000    0.000    0.000    0.000 _make.py:1021(_make_getstate_setstate)
      655    0.000    0.000    0.000    0.000 <frozen importlib._bootstrap>:158(__init__)
        3    0.000    0.000    0.000    0.000 _make.py:2596(evolve)
        6    0.000    0.000    0.000    0.000 argparse.py:1565(add_argument_group)
       22    0.000    0.000    0.000    0.000 traceback.py:890(setup_positions)
      312    0.000    0.000    0.000    0.000 associative_recall_service.py:29(<genexpr>)
       90    0.000    0.000    0.000    0.000 {built-in method _sre.compile}
      352    0.000    0.000    0.000    0.000 _types.py:56(is_string)
       33    0.000    0.000    0.000    0.000 argparse.py:1785(_add_action)
       21    0.000    0.000    0.000    0.000 input_processing.py:84(latest)
        8    0.000    0.000    0.000    0.000 sandbox.py:123(_physical_id)
      972    0.000    0.000    0.000    0.000 {method 'isupper' of 'str' objects}
        1    0.000    0.000    0.000    0.000 _streams.py:1(<module>)
        6    0.000    0.000    0.000    0.000 annotationlib.py:261(__forward_code__)
       12    0.000    0.000    0.000    0.000 context_routing.py:111(hash_signal)
      237    0.000    0.000    0.000    0.000 socket.py:96(<lambda>)
      448    0.000    0.000    0.000    0.000 {method 'partition' of 'str' objects}
      342    0.000    0.000    0.000    0.000 {built-in method _thread.allocate_lock}
       17    0.000    0.000    0.000    0.000 <frozen importlib._bootstrap>:665(spec_from_loader)
      680    0.000    0.000    0.000    0.000 {built-in method math.floor}
        1    0.000    0.000    0.000    0.000 typing.py:2923(<generic parameters of SupportsRound>)
       20    0.000    0.000    0.000    0.000 __init__.py:442(stem)
        2    0.000    0.000    0.000    0.000 memory.py:99(create)
        2    0.000    0.000    0.000    0.000 perception.py:625(create)
        1    0.000    0.000    0.000    0.000 weakref.py:468(__init__)
      180    0.000    0.000    0.000    0.000 _compiler.py:587(isstring)
      234    0.000    0.000    0.000    0.000 socket.py:81(<lambda>)
        1    0.000    0.000    0.000    0.000 input_context_source.py:1(<module>)
        1    0.000    0.000    0.000    0.000 json_contradiction_repository.py:152(_load_or_empty)
      144    0.000    0.000    0.000    0.000 json_integration_repository.py:917(<genexpr>)
      235    0.000    0.000    0.000    0.000 socket.py:86(<lambda>)
        5    0.000    0.000    0.000    0.000 __init__.py:210(__hash__)
        2    0.000    0.000    0.000    0.000 hashlib.py:82(__get_builtin_constructor)
      236    0.000    0.000    0.000    0.000 socket.py:91(<lambda>)
        1    0.000    0.000    0.000    0.000 typing.py:2941(_make_eager_annotate)
      120    0.000    0.000    0.000    0.000 subject_binding.py:11(_required_text)
      242    0.000    0.000    0.000    0.000 inspect.py:432(isbuiltin)
        4    0.000    0.000    0.000    0.000 functools.py:922(register)
        3    0.000    0.000    0.000    0.000 copy.py:62(copy)
        1    0.000    0.000    0.000    0.000 heapq.py:1(<module>)
        7    0.000    0.000    0.000    0.000 {method 'update' of 'rpds.HashTrieMap' objects}
        8    0.000    0.000    0.000    0.000 traceback.py:1226(format_exception_only)
        8    0.000    0.000    0.000    0.000 integration_hashing.py:46(calculate_content_hash)
        6    0.000    0.000    0.000    0.000 argparse.py:1755(__init__)
        1    0.000    0.000    0.000    0.000 typing.py:2934(_make_nmtuple)
      536    0.000    0.000    0.000    0.000 action.py:663(<genexpr>)
        7    0.000    0.000    0.000    0.000 awakening.py:80(__post_init__)
       50    0.000    0.000    0.000    0.000 {built-in method nt.urandom}
        1    0.000    0.000    0.000    0.000 json_repository.py:324(_envelope)
       30    0.000    0.000    0.000    0.000 _parser.py:274(getuntil)
        1    0.000    0.000    0.000    0.000 suite.py:1(<module>)
        1    0.000    0.000    0.000    0.000 json_external_provider_repository.py:1(<module>)
      506    0.000    0.000    0.000    0.000 action.py:53(_optional_text)
      107    0.000    0.000    0.000    0.000 traceback.py:974(<genexpr>)
        1    0.000    0.000    0.000    0.000 models.py:25(ExternalOperation)
        2    0.000    0.000    0.000    0.000 runner.py:169(printErrorList)
        4    0.000    0.000    0.000    0.000 memory_consolidation_service.py:64(__init__)
        4    0.000    0.000    0.000    0.000 enum.py:1446(_missing_)
        1    0.000    0.000    0.000    0.000 typing.py:1637(__getitem__)
       58    0.000    0.000    0.000    0.000 capability.py:100(failed_terminally)
      136    0.000    0.000    0.000    0.000 jsonschema.py:53(_legacy_dollar_id)
        1    0.000    0.000    0.000    0.000 execution.py:19(Outcome)
      189    0.000    0.000    0.000    0.000 dataclasses.py:705(<genexpr>)
  634/633    0.000    0.000    0.000    0.000 {built-in method builtins.iter}
       88    0.000    0.000    0.000    0.000 ipaddress.py:1208(_parse_octet)
       22    0.000    0.000    0.000    0.000 context_composer_service.py:59(__post_init__)
      680    0.000    0.000    0.000    0.000 {method 'random' of '_random.Random' objects}
        1    0.000    0.000    0.000    0.000 memory.py:477(MemoryLifecycle)
       38    0.000    0.000    0.000    0.000 _core.py:331(__getitem__)
        1    0.000    0.000    0.000    0.000 inspect.py:2094(_signature_strip_non_python_syntax)
       15    0.000    0.000    0.000    0.000 action.py:496(__post_init__)
      224    0.000    0.000    0.000    0.000 glob.py:557(<genexpr>)
      266    0.000    0.000    0.000    0.000 <string>:11(__eq__)
       40    0.000    0.000    0.000    0.000 typing.py:1276(__getattr__)
        5    0.000    0.000    0.000    0.000 typing.py:1557(<genexpr>)
       54    0.000    0.000    0.000    0.000 _keywords.py:237(maxLength)
        8    0.000    0.000    0.000    0.000 execution_service.py:353(<genexpr>)
        3    0.000    0.000    0.000    0.000 expression.py:75(trace)
       71    0.000    0.000    0.000    0.000 {method 'close' of '_io.TextIOWrapper' objects}
        1    0.000    0.000    0.000    0.000 p08_action_fixture.py:1(<module>)
        9    0.000    0.000    0.000    0.000 __init__.py:164(joinpath)
       54    0.000    0.000    0.000    0.000 _keywords.py:231(minLength)
        1    0.000    0.000    0.000    0.000 deterministic_integration_providers.py:1(<module>)
       79    0.000    0.000    0.000    0.000 _make.py:1601(_generate_unique_filename)
        1    0.000    0.000    0.000    0.000 datetime.py:1(<module>)
       21    0.000    0.000    0.000    0.000 contextlib.py:108(__init__)
       33    0.000    0.000    0.000    0.000 argparse.py:1575(_add_action)
       57    0.000    0.000    0.000    0.000 action_capability.py:223(binding_id)
        1    0.000    0.000    0.000    0.000 models.py:35(InterfaceCapability)
       35    0.000    0.000    0.000    0.000 thinking.py:62(_text_list)
      348    0.000    0.000    0.000    0.000 <frozen importlib._bootstrap>:415(__init__)
       40    0.000    0.000    0.000    0.000 _make.py:1110(add_match_args)
        4    0.000    0.000    0.000    0.000 annotationlib.py:452(__getitem__)
      171    0.000    0.000    0.000    0.000 _parser.py:172(__setitem__)
       18    0.000    0.000    0.000    0.000 timeline.py:173(<genexpr>)
        1    0.000    0.000    0.000    0.000 thinking.py:252(create)
        1    0.000    0.000    0.000    0.000 __init__.py:222(Strategy)
        6    0.000    0.000    0.000    0.000 argparse.py:199(_set_color)
        1    0.000    0.000    0.000    0.000 typing.py:1651(__getitem_inner__)
        9    0.000    0.000    0.000    0.000 linecache.py:74(checkcache)
        1    0.000    0.000    0.000    0.000 mimetypes.py:1(<module>)
        2    0.000    0.000    0.000    0.000 continuity_interaction_service.py:91(_operation_id)
       17    0.000    0.000    0.000    0.000 argparse.py:1983(_add_action)
        4    0.000    0.000    0.000    0.000 ssl.py:399(__new__)
      117    0.000    0.000    0.000    0.000 _types.py:34(is_integer)
        1    0.000    0.000    0.000    0.000 execution_service.py:1(<module>)
       15    0.000    0.000    0.000    0.000 _compiler.py:405(_bytes_to_codes)
        1    0.000    0.000    0.000    0.000 bisect.py:1(<module>)
       20    0.000    0.000    0.000    0.000 <attrs generated methods referencing._core.Registry>:18(__init__)
      297    0.000    0.000    0.000    0.000 _make.py:311(_has_own_attribute)
      118    0.000    0.000    0.000    0.000 {method 'to_bytes' of 'int' objects}
        4    0.000    0.000    0.000    0.000 __init__.py:406(with_name)
       77    0.000    0.000    0.000    0.000 <string>:17(__eq__)
        4    0.000    0.000    0.000    0.000 memory.py:1205(__init__)
       53    0.000    0.000    0.000    0.000 {method 'split' of 're.Pattern' objects}
      260    0.000    0.000    0.000    0.000 dataclasses.py:359(__init__)
       10    0.000    0.000    0.000    0.000 typing.py:2258(runtime_checkable)
        1    0.000    0.000    0.000    0.000 persistence.py:1(<module>)
       34    0.000    0.000    0.000    0.000 {method 'insert' of 'rpds.HashTrieSet' objects}
       85    0.000    0.000    0.000    0.000 {built-in method nt.getpid}
        1    0.000    0.000    0.000    0.000 json_learning_repository.py:317(_validate_growth_resolutions)
        2    0.000    0.000    0.000    0.000 json_resource_repository.py:41(_path)
        1    0.000    0.000    0.000    0.000 models.py:34(SandboxEnvironment)
      288    0.000    0.000    0.000    0.000 execution_service.py:16(__init__)
      268    0.000    0.000    0.000    0.000 {method 'keys' of 'dict' objects}
      115    0.000    0.000    0.000    0.000 <frozen ntpath>:34(_get_bothseps)
        1    0.000    0.000    0.000    0.000 contradiction.py:241(__post_init__)
       25    0.000    0.000    0.000    0.000 typing.py:1026(_is_unpacked_typevartuple)
      222    0.000    0.000    0.000    0.000 context_routing.py:440(<genexpr>)
      506    0.000    0.000    0.000    0.000 action.py:843(<genexpr>)
        1    0.000    0.000    0.000    0.000 scheduler_ports.py:1(<module>)
        3    0.000    0.000    0.000    0.000 shutil.py:1511(get_terminal_size)
       96    0.000    0.000    0.000    0.000 jsonschema.py:124(_legacy_anchor_in_id)
        4    0.000    0.000    0.000    0.000 perception_service.py:40(<genexpr>)
        1    0.000    0.000    0.000    0.000 timeline_service.py:1(<module>)
       36    0.000    0.000    0.000    0.000 json_environment_repository.py:66(<genexpr>)
       35    0.000    0.000    0.000    0.000 _os.py:493(__init__)
        1    0.000    0.000    0.000    0.000 scheduling.py:59(SchedulerTickStatus)
      121    0.000    0.000    0.000    0.000 _make.py:2418(_default_init_alias_for)
       40    0.000    0.000    0.000    0.000 _make.py:1106(add_replace)
       57    0.000    0.000    0.000    0.000 <frozen os>:778(encodekey)
        1    0.000    0.000    0.000    0.000 _legacy_keywords.py:1(<module>)
        1    0.000    0.000    0.000    0.000 json_execution_outbox.py:1(<module>)
       54    0.000    0.000    0.000    0.000 _make.py:294(_is_class_var)
        8    0.000    0.000    0.000    0.000 locale.py:352(_replace_encoding)
      324    0.000    0.000    0.000    0.000 action_capability.py:62(subject_id)
        1    0.000    0.000    0.000    0.000 models.py:38(RetentionMode)
        1    0.000    0.000    0.000    0.000 json_memory_repository.py:50(JsonMemoryRepository)
        1    0.000    0.000    0.000    0.000 context_routing.py:19(ContextPartition)
        2    0.000    0.000    0.000    0.000 perception_rules.py:79(_temporal)
        1    0.000    0.000    0.000    0.000 input_processing.py:12(InputDisposition)
       35    0.000    0.000    0.000    0.000 ipaddress.py:1627(_make_netmask)
      145    0.000    0.000    0.000    0.000 _utils.py:164(<genexpr>)
       30    0.000    0.000    0.000    0.000 action_permissions.py:50(<genexpr>)
        3    0.000    0.000    0.000    0.000 continuity_core_service.py:178(core_status)
       10    0.000    0.000    0.000    0.000 tokenize.py:472(tokenize)
       11    0.000    0.000    0.000    0.000 models.py:220(effective_at)
       85    0.000    0.000    0.000    0.000 dataclasses.py:336(__set_name__)
      207    0.000    0.000    0.000    0.000 {built-in method from_iterable}
       98    0.000    0.000    0.000    0.000 jsonschema.py:90(_anchor_2019)
        1    0.000    0.000    0.000    0.000 cross_entry_service.py:1(<module>)
        1    0.000    0.000    0.000    0.000 learning.py:451(from_dict)
        2    0.000    0.000    0.000    0.000 perception_rules.py:262(_observation)
        2    0.000    0.000    0.000    0.000 {built-in method nt.fstat}
        6    0.000    0.000    0.000    0.000 json_thinking_repository.py:17(__init__)
      122    0.000    0.000    0.000    0.000 {method 'removeprefix' of 'str' objects}
      128    0.000    0.000    0.000    0.000 typing.py:2133(<genexpr>)
       22    0.000    0.000    0.000    0.000 traceback.py:851(normalize)
        3    0.000    0.000    0.000    0.000 execution.py:83(__post_init__)
        2    0.000    0.000    0.000    0.000 action_planning_service.py:97(__init__)
        1    0.000    0.000    0.000    0.000 expression.py:21(ExpressionMode)
        1    0.000    0.000    0.000    0.000 _utils.py:1(<module>)
       90    0.000    0.000    0.000    0.000 _parser.py:947(fix_flags)
        2    0.000    0.000    0.000    0.000 context_router_service.py:1250(_allocate_budget)
        1    0.000    0.000    0.000    0.000 events.py:32(EventClassification)
        1    0.000    0.000    0.000    0.000 ssl.py:415(Purpose)
       70    0.000    0.000    0.000    0.000 _make.py:1159(<genexpr>)
        6    0.000    0.000    0.000    0.000 w04_cross_entry_fixture.py:104(<genexpr>)
       23    0.000    0.000    0.000    0.000 {built-in method convert}
      296    0.000    0.000    0.000    0.000 <frozen importlib._bootstrap_external>:917(__init__)
        1    0.000    0.000    0.000    0.000 scheduling.py:30(SchedulerTaskState)
        1    0.000    0.000    0.000    0.000 typing.py:570(__getitem__)
        1    0.000    0.000    0.000    0.000 learning.py:42(LearningRecordType)
        1    0.000    0.000    0.000    0.000 memory.py:488(DerivedSummaryStatus)
        1    0.000    0.000    0.000    0.000 _policybase.py:108(_extend_docstrings)
        2    0.000    0.000    0.000    0.000 argparse.py:1599(_add_container_actions)
      484    0.000    0.000    0.000    0.000 inspect.py:3043(parameters)
       89    0.000    0.000    0.000    0.000 {built-in method sys.audit}
        3    0.000    0.000    0.000    0.000 random.py:119(__init__)
        1    0.000    0.000    0.000    0.000 utf_16_be.py:1(<module>)
       59    0.000    0.000    0.000    0.000 json_execution_outbox.py:35(empty)
      118    0.000    0.000    0.000    0.000 {method 'intersection' of 'set' objects}
        1    0.000    0.000    0.000    0.000 action.py:17(ActionType)
        1    0.000    0.000    0.000    0.000 json_subject_binding_repository.py:1(<module>)
      106    0.000    0.000    0.000    0.000 {method 'update' of 'set' objects}
        3    0.000    0.000    0.000    0.000 typing.py:1576(copy_with)
        1    0.000    0.000    0.000    0.000 _make.py:2696(_CountingAttr)
       39    0.000    0.000    0.000    0.000 json_environment_repository.py:28(_empty)
        9    0.000    0.000    0.000    0.000 __init__.py:44(normalize_encoding)
        1    0.000    0.000    0.000    0.000 server.py:199(BaseHTTPRequestHandler)
        1    0.000    0.000    0.000    0.000 pprint.py:1(<module>)
        1    0.000    0.000    0.000    0.000 json_awakening_repository.py:1(<module>)
        5    0.000    0.000    0.000    0.000 json_memory_repository.py:1016(_usable_in)
        6    0.000    0.000    0.000    0.000 p09_core_fixture.py:67(project)
        1    0.000    0.000    0.000    0.000 environment_access.py:17(AttachmentKind)
        8    0.000    0.000    0.000    0.000 w04_cross_entry_fixture.py:116(<lambda>)
        1    0.000    0.000    0.000    0.000 {built-in method nt.write}
        4    0.000    0.000    0.000    0.000 {built-in method _ssl.txt2obj}
       60    0.000    0.000    0.000    0.000 {built-in method builtins.any}
        2    0.000    0.000    0.000    0.000 cross_entry.py:103(to_dict)
        4    0.000    0.000    0.000    0.000 capability_schema.py:87(<genexpr>)
        8    0.000    0.000    0.000    0.000 json_memory_repository.py:242(<genexpr>)
       92    0.000    0.000    0.000    0.000 dataclasses.py:936(_hash_set_none)
        2    0.000    0.000    0.000    0.000 perception_rules.py:171(_relationship)
      484    0.000    0.000    0.000    0.000 inspect.py:3047(return_annotation)
      266    0.000    0.000    0.000    0.000 <string>:9(__eq__)
        2    0.000    0.000    0.000    0.000 typing.py:2327(get_type_hints)
      111    0.000    0.000    0.000    0.000 argparse.py:1475(register)
       52    0.000    0.000    0.000    0.000 json_execution_outbox.py:45(<genexpr>)
       13    0.000    0.000    0.000    0.000 linecache.py:200(lazycache)
       40    0.000    0.000    0.000    0.000 _make.py:1097(_attach_init)
       25    0.000    0.000    0.000    0.000 _colorize.py:322(get_theme)
       66    0.000    0.000    0.000    0.000 __init__.py:26(__new__)
        9    0.000    0.000    0.000    0.000 __init__.py:248(detect_encoding)
       13    0.000    0.000    0.000    0.000 enum.py:1436(_iter_member_by_def_)
        1    0.000    0.000    0.000    0.000 fractions.py:182(Fraction)
        3    0.000    0.000    0.000    0.000 <attrs generated methods jsonschema._types.TypeChecker>:12(__init__)
        1    0.000    0.000    0.000    0.000 validators.py:634(_NotValidator)
        3    0.000    0.000    0.000    0.000 random.py:128(seed)
       36    0.000    0.000    0.000    0.000 __init__.py:325(as_posix)
       13    0.000    0.000    0.000    0.000 <string>:16(__eq__)
        1    0.000    0.000    0.000    0.000 permissions.py:20(PermissionChangeType)
       57    0.000    0.000    0.000    0.000 action_capability.py:227(binding_version)
        1    0.000    0.000    0.000    0.000 events.py:17(StateSection)
        1    0.000    0.000    0.000    0.000 events.py:45(EventSourceKind)
        3    0.000    0.000    0.000    0.000 json_contradiction_repository.py:131(_path)
        1    0.000    0.000    0.000    0.000 json_scheduler_repository.py:1(<module>)
        4    0.000    0.000    0.000    0.000 execution_service.py:450(<genexpr>)
      329    0.000    0.000    0.000    0.000 <frozen importlib._bootstrap>:656(has_location)
        1    0.000    0.000    0.000    0.000 contextvars.py:1(<module>)
        1    0.000    0.000    0.000    0.000 json_resource_repository.py:1(<module>)
       83    0.000    0.000    0.000    0.000 _make.py:431(<genexpr>)
       22    0.000    0.000    0.000    0.000 local_integration_app.py:287(_binding_datetime)
       34    0.000    0.000    0.000    0.000 {method 'digest' of '_hashlib.HASH' objects}
        1    0.000    0.000    0.000    0.000 integration_results.py:425(IntegrationOperationStage)
        3    0.000    0.000    0.000    0.000 sandbox.py:795(_branch_root)
        2    0.000    0.000    0.000    0.000 deterministic_integration_providers.py:38(retrieve)
        1    0.000    0.000    0.000    0.000 capability_coordination_service.py:34(CapabilityCoordinationService)
        1    0.000    0.000    0.000    0.000 security.py:46(InterfaceAccessGuard)
       56    0.000    0.000    0.000    0.000 ipaddress.py:156(_split_optional_netmask)
        1    0.000    0.000    0.000    0.000 threading.py:1393(__init__)
        1    0.000    0.000    0.000    0.000 entry_context_source.py:1(<module>)
        9    0.000    0.000    0.000    0.000 learning.py:92(_json_value)
      130    0.000    0.000    0.000    0.000 {method '__exit__' of 'nt.ScandirIterator' objects}
      294    0.000    0.000    0.000    0.000 <frozen importlib._bootstrap_external>:750(create_module)
        4    0.000    0.000    0.000    0.000 perception.py:182(__post_init__)
        1    0.000    0.000    0.000    0.000 context_composition.py:21(ContextAuthority)
        1    0.000    0.000    0.000    0.000 typing.py:1633(copy_with)
       52    0.000    0.000    0.000    0.000 json_memory_repository.py:518(_require_boundary)
       10    0.000    0.000    0.000    0.000 _make.py:2724(<genexpr>)
       57    0.000    0.000    0.000    0.000 action_capability.py:219(subject_id)
      102    0.000    0.000    0.000    0.000 jsonschema.py:61(_legacy_id)
        1    0.000    0.000    0.000    0.000 learning.py:143(__post_init__)
       40    0.000    0.000    0.000    0.000 <string>:1(<lambda>)
        1    0.000    0.000    0.000    0.000 validators.py:862(_RefResolver)
       24    0.000    0.000    0.000    0.000 functools.py:553(lru_cache)
        1    0.000    0.000    0.000    0.000 typing.py:749(Literal)
       30    0.000    0.000    0.000    0.000 {method 'total_seconds' of 'datetime.timedelta' objects}
       21    0.000    0.000    0.000    0.000 ipaddress.py:1156(_make_netmask)
      111    0.000    0.000    0.000    0.000 enum.py:903(<lambda>)
        1    0.000    0.000    0.000    0.000 p13_expression_fixture.py:1(<module>)
      393    0.000    0.000    0.000    0.000 enum.py:236(__init__)
       38    0.000    0.000    0.000    0.000 json_integration_repository.py:666(<genexpr>)
      137    0.000    0.000    0.000    0.000 _types.py:30(is_bool)
       17    0.000    0.000    0.000    0.000 argparse.py:635(_format_args)
        1    0.000    0.000    0.000    0.000 memory.py:1208(evaluate)
        1    0.000    0.000    0.000    0.000 integration_results.py:433(IntegrationDomainProgressStage)
        1    0.000    0.000    0.000    0.000 perception_rules.py:1(<module>)
        2    0.000    0.000    0.000    0.000 awakening.py:423(from_dict)
        3    0.000    0.000    0.000    0.000 awakening.py:168(to_dict)
        3    0.000    0.000    0.000    0.000 _types.py:20(_typed_map_converter)
      480    0.000    0.000    0.000    0.000 {built-in method builtins.chr}
       14    0.000    0.000    0.000    0.000 <frozen _collections_abc>:473(__new__)
        1    0.000    0.000    0.000    0.000 models.py:44(SandboxLifecycle)
       24    0.000    0.000    0.000    0.000 _make.py:1003(_attach_repr)
      295    0.000    0.000    0.000    0.000 <frozen importlib._bootstrap_external>:942(get_filename)
        1    0.000    0.000    0.000    0.000 contradiction.py:129(ContradictionStatus)
        1    0.000    0.000    0.000    0.000 context_composition.py:29(CompositionStatus)
        1    0.000    0.000    0.000    0.000 _make.py:62(_Nothing)
        1    0.000    0.000    0.000    0.000 perception.py:43(DriveKind)
        1    0.000    0.000    0.000    0.000 timeline.py:19(TimelineEventStatus)
        3    0.000    0.000    0.000    0.000 json_resource_repository.py:32(__init__)
      146    0.000    0.000    0.000    0.000 {method 'is_dir' of 'nt.DirEntry' objects}
        1    0.000    0.000    0.000    0.000 integration_results.py:1297(FirstRoundErrorCode)
       20    0.000    0.000    0.000    0.000 _keywords.py:304(required)
        2    0.000    0.000    0.000    0.000 perception_rules.py:230(_memory_influence)
       29    0.000    0.000    0.000    0.000 _make.py:1147(_attach_eq)
        1    0.000    0.000    0.000    0.000 typing.py:1666(__getitem__)
        2    0.000    0.000    0.000    0.000 perception_rules.py:60(_current_focus)
        2    0.000    0.000    0.000    0.000 json_resource_repository.py:35(_hash)
        3    0.000    0.000    0.000    0.000 models.py:122(__post_init__)
        2    0.000    0.000    0.000    0.000 loader.py:47(_make_failed_test)
        2    0.000    0.000    0.000    0.000 integration_contract.py:118(_from_validated_dict)
       47    0.000    0.000    0.000    0.000 ipaddress.py:1760(_parse_hextet)
        1    0.000    0.000    0.000    0.000 json_thinking_repository.py:1(<module>)
        1    0.000    0.000    0.000    0.000 environment_access.py:37(SensationSource)
      103    0.000    0.000    0.000    0.000 {built-in method unicodedata.east_asian_width}
        6    0.000    0.000    0.000    0.000 json_memory_repository.py:41(_write_transaction)
        1    0.000    0.000    0.000    0.000 scheduler_service.py:1(<module>)
        1    0.000    0.000    0.000    0.000 unfinished_item_service.py:1(<module>)
        1    0.000    0.000    0.000    0.000 resources.py:14(RuntimeMode)
        4    0.000    0.000    0.000    0.000 awakening.py:462(__post_init__)
        1    0.000    0.000    0.000    0.000 main.py:46(_convert_names)
        1    0.000    0.000    0.000    0.000 _next_gen.py:1(<module>)
        1    0.000    0.000    0.000    0.000 learning.py:35(LearningValidationStatus)
        1    0.000    0.000    0.000    0.000 resource_manager.py:1(<module>)
        4    0.000    0.000    0.000    0.000 memory.py:1175(__post_init__)
        1    0.000    0.000    0.000    0.000 capability.py:109(IntegrationThinkingMode)
       59    0.000    0.000    0.000    0.000 typing.py:1355(__eq__)
      130    0.000    0.000    0.000    0.000 {method '__enter__' of 'nt.ScandirIterator' objects}
      222    0.000    0.000    0.000    0.000 context_routing.py:442(<genexpr>)
        1    0.000    0.000    0.000    0.000 _make.py:2916(Hashability)
        1    0.000    0.000    0.000    0.000 perception.py:16(TemporalMeaning)
       13    0.000    0.000    0.000    0.000 argparse.py:1662(_get_optional_kwargs)
        4    0.000    0.000    0.000    0.000 continuity_core_service.py:75(__post_init__)
        1    0.000    0.000    0.000    0.000 scheduling.py:72(SchedulerCancelStatus)
        2    0.000    0.000    0.000    0.000 contextlib.py:515(enter_context)
        1    0.000    0.000    0.000    0.000 result.py:24(TestResult)
        1    0.000    0.000    0.000    0.000 permissions.py:13(PermissionStatus)
       22    0.000    0.000    0.000    0.000 {method 'timestamp' of 'datetime.datetime' objects}
       25    0.000    0.000    0.000    0.000 continuity_core_service.py:267(enabled)
      176    0.000    0.000    0.000    0.000 {method 'pop' of 'set' objects}
        2    0.000    0.000    0.000    0.000 __init__.py:300(_parse_pattern)
        1    0.000    0.000    0.000    0.000 execution.py:13(World)
        1    0.000    0.000    0.000    0.000 main.py:30(_convert_name)
       86    0.000    0.000    0.000    0.000 _make.py:3001(is_hashable)
        1    0.000    0.000    0.000    0.000 scheduling.py:39(SchedulerWakeReason)
        1    0.000    0.000    0.000    0.000 json_contradiction_repository.py:1(<module>)
        1    0.000    0.000    0.000    0.000 context_routing.py:39(PartitionDecisionStatus)
      216    0.000    0.000    0.000    0.000 <frozen importlib._bootstrap_external>:1337(<genexpr>)
        1    0.000    0.000    0.000    0.000 glob.py:472(recursive_selector)
        1    0.000    0.000    0.000    0.000 integration_results.py:1504(LedgerLookupStatus)
       11    0.000    0.000    0.000    0.000 json_repository.py:224(__init__)
        1    0.000    0.000    0.000    0.000 contradiction.py:151(ResolutionBasisKind)
        1    0.000    0.000    0.000    0.000 <frozen os>:44(_get_exports_list)
        1    0.000    0.000    0.000    0.000 contradiction.py:143(AuditAction)
       13    0.000    0.000    0.000    0.000 enum.py:1260(__repr__)
        2    0.000    0.000    0.000    0.000 integration_results.py:324(__post_init__)
        2    0.000    0.000    0.000    0.000 awakening.py:512(start)
      130    0.000    0.000    0.000    0.000 ssl.py:150(<lambda>)
        3    0.000    0.000    0.000    0.000 functools.py:188(total_ordering)
        1    0.000    0.000    0.000    0.000 perception.py:30(RelationshipDirection)
      177    0.000    0.000    0.000    0.000 _compiler.py:442(_get_iscased)
        1    0.000    0.000    0.000    0.000 context_composition.py:37(CompositionDecisionStatus)
       32    0.000    0.000    0.000    0.000 execution_service.py:124(<genexpr>)
        1    0.000    0.000    0.000    0.000 w02_input_fixture.py:1(<module>)
        1    0.000    0.000    0.000    0.000 resources.py:129(create)
       90    0.000    0.000    0.000    0.000 _parser.py:77(__init__)
        1    0.000    0.000    0.000    0.000 typing.py:3493(IO)
      114    0.000    0.000    0.000    0.000 action_capability.py:66(binding_id)
      133    0.000    0.000    0.000    0.000 context_composer_service.py:567(<genexpr>)
       83    0.000    0.000    0.000    0.000 <frozen codecs>:189(__init__)
        1    0.000    0.000    0.000    0.000 runner.py:210(_makeResult)
      121    0.000    0.000    0.000    0.000 _make.py:1826(<genexpr>)
        4    0.000    0.000    0.000    0.000 annotationlib.py:404(__convert_to_ast_getitem)
        1    0.000    0.000    0.000    0.000 json_integration_repository.py:208(JsonIntegrationResultLedger)
        1    0.000    0.000    0.000    0.000 resources.py:21(ResourceSessionType)
        1    0.000    0.000    0.000    0.000 scheduling.py:46(NotificationStatus)
        1    0.000    0.000    0.000    0.000 ssl.py:978(SSLSocket)
        1    0.000    0.000    0.000    0.000 in_memory_action_repository.py:1(<module>)
       14    0.000    0.000    0.000    0.000 typing.py:1517(__mro_entries__)
        1    0.000    0.000    0.000    0.000 permission_service.py:1(<module>)
        1    0.000    0.000    0.000    0.000 __future__.py:1(<module>)
        1    0.000    0.000    0.000    0.000 action.py:27(RiskLevel)
       40    0.000    0.000    0.000    0.000 expression_policy_service.py:115(<genexpr>)
        1    0.000    0.000    0.000    0.000 {built-in method nt.close}
        1    0.000    0.000    0.000    0.000 _streams.py:33(DecompressReader)
        1    0.000    0.000    0.000    0.000 typing_extensions.py:233(_SpecialForm)
        1    0.000    0.000    0.000    0.000 awakening.py:15(AwakeMode)
        1    0.000    0.000    0.000    0.000 action_capability.py:14(ReceiptQuery)
        1    0.000    0.000    0.000    0.000 _colorize.py:242(no_colors)
       44    0.000    0.000    0.000    0.000 json_memory_repository.py:756(<genexpr>)
        1    0.000    0.000    0.000    0.000 wake_perception_thinking_service.py:1(<module>)
        3    0.000    0.000    0.000    0.000 _make.py:2628(__getstate__)
        4    0.000    0.000    0.000    0.000 traceback.py:1213(_load_lines)
        1    0.000    0.000    0.000    0.000 json_permission_repository.py:1(<module>)
        1    0.000    0.000    0.000    0.000 _core.py:297(Registry)
        1    0.000    0.000    0.000    0.000 awakening.py:26(WakeAction)
        1    0.000    0.000    0.000    0.000 thinking.py:15(ThinkingDepth)
        1    0.000    0.000    0.000    0.000 case.py:371(TestCase)
        1    0.000    0.000    0.000    0.000 contradiction.py:93(ContradictionKind)
        1    0.000    0.000    0.000    0.000 action.py:34(ActionPlanStatus)
       17    0.000    0.000    0.000    0.000 argparse.py:1744(_check_help)
        3    0.000    0.000    0.000    0.000 {function Random.seed at 0x000002329553C460}
       14    0.000    0.000    0.000    0.000 _parser.py:265(getwhile)
       20    0.000    0.000    0.000    0.000 context_router_service.py:1177(<lambda>)
        1    0.000    0.000    0.000    0.000 memory.py:570(MemoryRecord)
        1    0.000    0.000    0.000    0.000 resource_policy.py:31(ResourcePolicy)
        1    0.000    0.000    0.000    0.000 perception.py:23(InteractionFrequencyTrend)
       53    0.000    0.000    0.000    0.000 {method 'translate' of 'bytearray' objects}
      130    0.000    0.000    0.000    0.000 ssl.py:125(<lambda>)
       16    0.000    0.000    0.000    0.000 <frozen importlib._bootstrap>:504(_requires_builtin_wrapper)
       30    0.000    0.000    0.000    0.000 inspect.py:1343(repl)
        3    0.000    0.000    0.000    0.000 argparse.py:1819(_prog_name)
        1    0.000    0.000    0.000    0.000 _attrs.py:1(<module>)
        2    0.000    0.000    0.000    0.000 continuity_interaction_service.py:1677(_state_authorization)
       84    0.000    0.000    0.000    0.000 tempfile.py:228(_get_candidate_names)
        1    0.000    0.000    0.000    0.000 memory.py:453(MemoryTemperature)
        1    0.000    0.000    0.000    0.000 _version_info.py:10(VersionInfo)
        1    0.000    0.000    0.000    0.000 memory.py:441(MemoryKind)
        1    0.000    0.000    0.000    0.000 thinking.py:21(ThinkSessionStatus)
        1    0.000    0.000    0.000    0.000 memory.py:464(MemoryStatus)
        1    0.000    0.000    0.000    0.000 _parseaddr.py:1(<module>)
        1    0.000    0.000    0.000    0.000 environment_access.py:25(DiscoveryState)
        1    0.000    0.000    0.000    0.000 runner.py:40(__init__)
        1    0.000    0.000    0.000    0.000 contradiction.py:122(ClaimDisposition)
      165    0.000    0.000    0.000    0.000 integration_results.py:545(<genexpr>)
        1    0.000    0.000    0.000    0.000 awakening.py:20(WakeReason)
      130    0.000    0.000    0.000    0.000 ssl.py:135(<lambda>)
        1    0.000    0.000    0.000    0.000 environment_access.py:31(BodyKind)
        4    0.000    0.000    0.000    0.000 context_composer_service.py:70(__init__)
        1    0.000    0.000    0.000    0.000 subject_binding.py:63(from_fixture)
       37    0.000    0.000    0.000    0.000 {built-in method _operator.add}
       95    0.000    0.000    0.000    0.000 _types.py:26(is_array)
        9    0.000    0.000    0.000    0.000 continuity_interaction_service.py:99(_contract_datetime)
      130    0.000    0.000    0.000    0.000 ssl.py:145(<lambda>)
        1    0.000    0.000    0.000    0.000 timeline.py:26(TimelineRelativeOrder)
      130    0.000    0.000    0.000    0.000 ssl.py:140(<lambda>)
        1    0.000    0.000    0.000    0.000 context_routing.py:32(ContextRouteStatus)
        4    0.000    0.000    0.000    0.000 context_router_service.py:671(__init__)
        1    0.000    0.000    0.000    0.000 integration_result_factory.py:1(<module>)
        7    0.000    0.000    0.000    0.000 __init__.py:305(escape)
        1    0.000    0.000    0.000    0.000 scheduling.py:53(SchedulerAdmissionStatus)
        2    0.000    0.000    0.000    0.000 awakening_rules.py:7(decide)
       70    0.000    0.000    0.000    0.000 thinking.py:63(<genexpr>)
        2    0.000    0.000    0.000    0.000 memory.py:401(evaluate)
       84    0.000    0.000    0.000    0.000 {method 'hex' of 'bytes' objects}
      130    0.000    0.000    0.000    0.000 ssl.py:130(<lambda>)
        1    0.000    0.000    0.000    0.000 _core.py:24(_Unset)
        1    0.000    0.000    0.000    0.000 events.py:57(EventTimeBasis)
        1    0.000    0.000    0.000    0.000 action_evaluators.py:1(<module>)
        8    0.000    0.000    0.000    0.000 integration_contract_schema.py:53(_is_strict_utc_date_time)
        3    0.000    0.000    0.000    0.000 persistence.py:302(__init__)
      122    0.000    0.000    0.000    0.000 {method 'isspace' of 'str' objects}
        6    0.000    0.000    0.000    0.000 enum.py:1207(_add_alias_)
      260    0.000    0.000    0.000    0.000 thinking.py:376(<genexpr>)
        3    0.000    0.000    0.000    0.000 expression.py:90(render_body)
       23    0.000    0.000    0.000    0.000 _make.py:1074(attach_hash)
        1    0.000    0.000    0.000    0.000 contradiction.py:99(ClaimDomain)
        7    0.000    0.000    0.000    0.000 __init__.py:924(cwd)
        4    0.000    0.000    0.000    0.000 integration_contract.py:122(<genexpr>)
        1    0.000    0.000    0.000    0.000 _make.py:2932(KeywordOnly)
       68    0.000    0.000    0.000    0.000 {method 'issubset' of 'set' objects}
      233    0.000    0.000    0.000    0.000 <frozen _collections_abc>:439(__subclasshook__)
        4    0.000    0.000    0.000    0.000 _colorize.py:140(no_colors)
        1    0.000    0.000    0.000    0.000 typing.py:526(_SpecialForm)
      226    0.000    0.000    0.000    0.000 memory.py:507(_optional_utc)
        4    0.000    0.000    0.000    0.000 integration_contract_schema.py:118(<genexpr>)
        1    0.000    0.000    0.000    0.000 __init__.py:209(DecompressionParameter)
        1    0.000    0.000    0.000    0.000 events.py:26(ChangeOperation)
       10    0.000    0.000    0.000    0.000 learning.py:102(_text_list)
        2    0.000    0.000    0.000    0.000 context_router_service.py:436(_source_version)
        2    0.000    0.000    0.000    0.000 w04_cross_entry_fixture.py:44(<genexpr>)
        3    0.000    0.000    0.000    0.000 persistence.py:220(__init__)
        3    0.000    0.000    0.000    0.000 {built-in method nt.get_terminal_size}
       98    0.000    0.000    0.000    0.000 <frozen abc>:7(abstractmethod)
        7    0.000    0.000    0.000    0.000 linecache.py:224(_make_lazycache_entry)
        1    0.000    0.000    0.000    0.000 integration_results.py:1526(IntegrationRequestQueryStatus)
        4    0.000    0.000    0.000    0.000 <frozen ntpath>:254(basename)
        1    0.000    0.000    0.000    0.000 _types.py:156(remove)
        1    0.000    0.000    0.000    0.000 mcp_adapter.py:1(<module>)
        8    0.000    0.000    0.000    0.000 _colorize.py:127(__post_init__)
        3    0.000    0.000    0.000    0.000 result.py:12(failfast)
        1    0.000    0.000    0.000    0.000 subject_state_service.py:1(<module>)
      115    0.000    0.000    0.000    0.000 _compiler.py:33(_combine_flags)
        1    0.000    0.000    0.000    0.000 perception_service.py:1(<module>)
        3    0.000    0.000    0.000    0.000 persistence.py:400(__init__)
        1    0.000    0.000    0.000    0.000 contradiction.py:105(ClaimEvidenceType)
        1    0.000    0.000    0.000    0.000 {method 'disable' of '_lsprof.Profiler' objects}
        1    0.000    0.000    0.000    0.000 events.py:65(EventRelationType)
        1    0.000    0.000    0.000    0.000 models.py:100(SandboxDescriptor)
        1    0.000    0.000    0.000    0.000 _funcs.py:1(<module>)
        2    0.000    0.000    0.000    0.000 contradiction_detector_service.py:683(_digest)
        1    0.000    0.000    0.000    0.000 memory.py:447(MemoryEvidenceType)
        1    0.000    0.000    0.000    0.000 memory.py:471(MemoryLineageType)
        1    0.000    0.000    0.000    0.000 action.py:41(FailurePolicy)
       82    0.000    0.000    0.000    0.000 json_memory_repository.py:531(<genexpr>)
       36    0.000    0.000    0.000    0.000 environment_access_service.py:126(<genexpr>)
      122    0.000    0.000    0.000    0.000 _make.py:484(<genexpr>)
       14    0.000    0.000    0.000    0.000 p17_execution_fixture.py:197(<genexpr>)
        4    0.000    0.000    0.000    0.000 annotationlib.py:662(__missing__)
        6    0.000    0.000    0.000    0.000 uuid.py:178(__init__)
        1    0.000    0.000    0.000    0.000 validators.py:387(_DeepMapping)
        3    0.000    0.000    0.000    0.000 sandbox.py:1886(_maintenance_now)
        2    0.000    0.000    0.000    0.000 learning.py:425(to_dict)
        4    0.000    0.000    0.000    0.000 thinking.py:40(_format_datetime)
        1    0.000    0.000    0.000    0.000 perception.py:52(DriveStrength)
        3    0.000    0.000    0.000    0.000 resource_manager.py:34(__init__)
        1    0.000    0.000    0.000    0.000 contradiction.py:116(ClaimEvaluationStatus)
        2    0.000    0.000    0.000    0.000 perception_rules.py:321(_drives)
       21    0.000    0.000    0.000    0.000 typing.py:1127(<genexpr>)
       74    0.000    0.000    0.000    0.000 {built-in method sys.intern}
        4    0.000    0.000    0.000    0.000 annotationlib.py:361(__convert_to_ast)
       10    0.000    0.000    0.000    0.000 awakening.py:61(_text_list)
        1    0.000    0.000    0.000    0.000 _make.py:3313(_AndValidator)
      114    0.000    0.000    0.000    0.000 context_composer_service.py:289(<lambda>)
       77    0.000    0.000    0.000    0.000 expression_policy_service.py:73(<genexpr>)
        1    0.000    0.000    0.000    0.000 idnadata.py:1(<module>)
        2    0.000    0.000    0.000    0.000 continuity_core_service.py:216(state_authorization)
        1    0.000    0.000    0.000    0.000 _types.py:64(TypeChecker)
        1    0.000    0.000    0.000    0.000 __init__.py:621(Path)
        1    0.000    0.000    0.000    0.000 contradiction.py:180(__post_init__)
        1    0.000    0.000    0.000    0.000 exceptions.py:55(__init__)
        1    0.000    0.000    0.000    0.000 json_learning_repository.py:59(_path)
        1    0.000    0.000    0.000    0.000 json_resource_repository.py:208(_document)
        1    0.000    0.000    0.000    0.000 capability_result_interpreter.py:1(<module>)
        1    0.000    0.000    0.000    0.000 integration_results.py:1304(FirstRoundRetryClass)
       26    0.000    0.000    0.000    0.000 _keywords.py:85(const)
       22    0.000    0.000    0.000    0.000 expression_policy_service.py:66(<genexpr>)
       30    0.000    0.000    0.000    0.000 _parser.py:304(checkgroupname)
        1    0.000    0.000    0.000    0.000 associative_recall_service.py:77(__init__)
       57    0.000    0.000    0.000    0.000 <frozen os>:772(check_str)
       26    0.000    0.000    0.000    0.000 ipaddress.py:469(_prefix_from_prefix_string)
        1    0.000    0.000    0.000    0.000 ipaddress.py:1266(IPv4Address)
       18    0.000    0.000    0.000    0.000 device_operation.py:133(expected_outcome)
       20    0.000    0.000    0.000    0.000 expression_policy_service.py:81(<genexpr>)
        1    0.000    0.000    0.000    0.000 json_execution_outbox.py:20(JsonExecutionOutbox)
        2    0.000    0.000    0.000    0.000 _make.py:821(_patch_original_class)
        4    0.000    0.000    0.000    0.000 integration_contract.py:229(<genexpr>)
        1    0.000    0.000    0.000    0.000 core_views.py:1(<module>)
        1    0.000    0.000    0.000    0.000 models.py:71(__post_init__)
        2    0.000    0.000    0.000    0.000 integration_contract.py:88(_from_validated_dict)
       30    0.000    0.000    0.000    0.000 input_processing.py:85(<genexpr>)
        6    0.000    0.000    0.000    0.000 thinking.py:48(_parse_datetime)
        1    0.000    0.000    0.000    0.000 ssl.py:422(SSLContext)
       18    0.000    0.000    0.000    0.000 continuity_interaction_service.py:1834(_record)
        1    0.000    0.000    0.000    0.000 continuity_interaction_service.py:103(ContinuityInteractionService)
        8    0.000    0.000    0.000    0.000 _format.py:49(__init__)
        3    0.000    0.000    0.000    0.000 device_operation_service.py:16(__init__)
        2    0.000    0.000    0.000    0.000 loader.py:25(__init__)
        2    0.000    0.000    0.000    0.000 awakening.py:225(manual)
    45/42    0.000    0.000    0.000    0.000 {built-in method builtins.hash}
        1    0.000    0.000    0.000    0.000 models.py:407(SandboxAcceptanceReceipt)
      140    0.000    0.000    0.000    0.000 _make.py:696(<genexpr>)
        3    0.000    0.000    0.000    0.000 case.py:420(__init__)
      122    0.000    0.000    0.000    0.000 _make.py:1111(<genexpr>)
        6    0.000    0.000    0.000    0.000 _core.py:484(contents)
        1    0.000    0.000    0.000    0.000 resources.py:99(__post_init__)
        1    0.000    0.000    0.000    0.000 fnmatch.py:109(_translate)
        1    0.000    0.000    0.000    0.000 contradiction.py:159(ContradictionDetectionStatus)
        1    0.000    0.000    0.000    0.000 _core.py:626(Resolver)
        1    0.000    0.000    0.000    0.000 ipaddress.py:666(_BaseNetwork)
        7    0.000    0.000    0.000    0.000 {method 'translate' of 'str' objects}
        2    0.000    0.000    0.000    0.000 typing.py:1675(<genexpr>)
        1    0.000    0.000    0.000    0.000 _core.py:181(Resource)
      137    0.000    0.000    0.000    0.000 _make.py:1026(<genexpr>)
       28    0.000    0.000    0.000    0.000 {method 'fileno' of '_io.BufferedRandom' objects}
        2    0.000    0.000    0.000    0.000 functools.py:875(singledispatch)
       71    0.000    0.000    0.000    0.000 tempfile.py:441(__init__)
        1    0.000    0.000    0.000    0.000 context_routing.py:47(CandidateDecisionStatus)
        1    0.000    0.000    0.000    0.000 threading.py:880(__init__)
        1    0.000    0.000    0.000    0.000 result.py:210(_clean_tracebacks)
        1    0.000    0.000    0.000    0.000 perception.py:38(StateStability)
        1    0.000    0.000    0.000    0.000 contradiction.py:111(ClaimPolarity)
        9    0.000    0.000    0.000    0.000 tokenize.py:581(_generate_tokens_from_c_tokenizer)
       28    0.000    0.000    0.000    0.000 dataclasses.py:1260(_get_slots)
       74    0.000    0.000    0.000    0.000 __init__.py:435(<genexpr>)
       30    0.000    0.000    0.000    0.000 signal.py:9(<lambda>)
        3    0.000    0.000    0.000    0.000 _adapters.py:163(wrap_spec)
        6    0.000    0.000    0.000    0.000 _policybase.py:103(_append_doc)
        1    0.000    0.000    0.000    0.000 validators.py:332(_DeepIterable)
        2    0.000    0.000    0.000    0.000 continuity_interaction_service.py:95(_response_id)
        2    0.000    0.000    0.000    0.000 <frozen ntpath>:343(expanduser)
        1    0.000    0.000    0.000    0.000 resources.py:153(to_dict)
        1    0.000    0.000    0.000    0.000 awakening.py:111(manual)
       24    0.000    0.000    0.000    0.000 entry_context_source.py:30(<genexpr>)
        1    0.000    0.000    0.000    0.000 contradiction.py:138(VerificationStatus)
      117    0.000    0.000    0.000    0.000 {built-in method _sre.unicode_iscased}
        1    0.000    0.000    0.000    0.000 mimetypes.py:447(_default_mime_types)
       22    0.000    0.000    0.000    0.000 runner.py:21(__getattr__)
       57    0.000    0.000    0.000    0.000 _make.py:2632(<genexpr>)
        6    0.000    0.000    0.000    0.000 integration_contract.py:26(_from_validated_dict)
        3    0.000    0.000    0.000    0.000 _compat.py:54(get_first_param_type)
        1    0.000    0.000    0.000    0.000 _cmp.py:1(<module>)
       91    0.000    0.000    0.000    0.000 _make.py:1614(<genexpr>)
        8    0.000    0.000    0.000    0.000 tokenize.py:400(find_cookie)
        3    0.000    0.000    0.000    0.000 functools.py:893(dispatch)
       11    0.000    0.000    0.000    0.000 traceback.py:855(next_valid_char)
        6    0.000    0.000    0.000    0.000 _core.py:218(opaque)
        9    0.000    0.000    0.000    0.000 action_planning.py:162(plan)
        1    0.000    0.000    0.000    0.000 _core.py:90(Specification)
      257    0.000    0.000    0.000    0.000 hmac.py:21(<genexpr>)
       17    0.000    0.000    0.000    0.000 argparse.py:1694(_pop_action_class)
        1    0.000    0.000    0.000    0.000 memory.py:484(MemoryLifecycleSignal)
       46    0.000    0.000    0.000    0.000 json_environment_repository.py:77(<genexpr>)
       13    0.000    0.000    0.000    0.000 enum.py:1426(_iter_member_by_value_)
        1    0.000    0.000    0.000    0.000 argparse.py:2103(take_action)
        9    0.000    0.000    0.000    0.000 timeline.py:184(<lambda>)
       87    0.000    0.000    0.000    0.000 {method 'upper' of 'str' objects}
       14    0.000    0.000    0.000    0.000 _make.py:1746(_make_order)
        1    0.000    0.000    0.000    0.000 __init__.py:78(PurePath)
        1    0.000    0.000    0.000    0.000 socket.py:218(socket)
       30    0.000    0.000    0.000    0.000 learning.py:53(_require_text)
       46    0.000    0.000    0.000    0.000 _make.py:2965(__init__)
        1    0.000    0.000    0.000    0.000 dynamic_mind.py:59(MindState)
       48    0.000    0.000    0.000    0.000 annotationlib.py:272(__eq__)
        8    0.000    0.000    0.000    0.000 annotationlib.py:335(__init__)
        1    0.000    0.000    0.000    0.000 c1_snapshot.py:1(<module>)
        1    0.000    0.000    0.000    0.000 {built-in method builtins.dir}
        1    0.000    0.000    0.000    0.000 contextlib.py:41(AbstractAsyncContextManager)
        2    0.000    0.000    0.000    0.000 integration_contract.py:153(_from_validated_dict)
        1    0.000    0.000    0.000    0.000 awakening_rules.py:1(<module>)
        4    0.000    0.000    0.000    0.000 unfinished_item.py:113(active_titles)
        1    0.000    0.000    0.000    0.000 action_permissions.py:1(<module>)
        8    0.000    0.000    0.000    0.000 p17_execution_fixture.py:144(authorize_reference)
      104    0.000    0.000    0.000    0.000 __init__.py:108(<lambda>)
        1    0.000    0.000    0.000    0.000 ipaddress.py:1910(IPv6Address)
        1    0.000    0.000    0.000    0.000 client.py:257(HTTPResponse)
        1    0.000    0.000    0.000    0.000 protocols.py:39(Validator)
        4    0.000    0.000    0.000    0.000 contradiction_detector_service.py:79(__init__)
       13    0.000    0.000    0.000    0.000 context_router_service.py:1039(<lambda>)
       38    0.000    0.000    0.000    0.000 contextlib.py:450(__exit__)
       21    0.000    0.000    0.000    0.000 integration_contract.py:266(to_dict)
        1    0.000    0.000    0.000    0.000 models.py:253(SubjectState)
       15    0.000    0.000    0.000    0.000 {method 'tolist' of 'memoryview' objects}
        1    0.000    0.000    0.000    0.000 api_service.py:50(APIService)
       88    0.000    0.000    0.000    0.000 json_memory_repository.py:959(<genexpr>)
        3    0.000    0.000    0.000    0.000 _make.py:2637(__setstate__)
        9    0.000    0.000    0.000    0.000 _keywords.py:194(minItems)
        1    0.000    0.000    0.000    0.000 numbers.py:57(Complex)
        1    0.000    0.000    0.000    0.000 timeline_service.py:16(TimelineService)
        1    0.000    0.000    0.000    0.000 pprint.py:112(PrettyPrinter)
        5    0.000    0.000    0.000    0.000 memory.py:726(is_available)
        1    0.000    0.000    0.000    0.000 client.py:839(HTTPConnection)
        1    0.000    0.000    0.000    0.000 __init__.py:1255(home)
       13    0.000    0.000    0.000    0.000 threading.py:126(RLock)
       23    0.000    0.000    0.000    0.000 json_memory_repository.py:664(_latest_memory)
       46    0.000    0.000    0.000    0.000 _make.py:1228(_determine_attrs_eq_order)
       23    0.000    0.000    0.000    0.000 models.py:28(require_text)
        2    0.000    0.000    0.000    0.000 inspect.py:2233(p)
        2    0.000    0.000    0.000    0.000 suite.py:285(_tearDownPreviousClass)
        2    0.000    0.000    0.000    0.000 awakening.py:364(to_dict)
        2    0.000    0.000    0.000    0.000 context_router_service.py:1238(_select_partitions)
        1    0.000    0.000    0.000    0.000 models.py:266(SnapshotManifest)
        2    0.000    0.000    0.000    0.000 continuity_interaction_service.py:1599(_thinking_material_options)
       35    0.000    0.000    0.000    0.000 ipaddress.py:1890(_split_scope_id)
       42    0.000    0.000    0.000    0.000 _format.py:57(checks)
        9    0.000    0.000    0.000    0.000 _compiler.py:421(_generate_overlap_table)
        4    0.000    0.000    0.000    0.000 annotationlib.py:853(_build_closure)
        1    0.000    0.000    0.000    0.000 case.py:602(_addDuration)
        1    0.000    0.000    0.000    0.000 __init__.py:204(Path)
        1    0.000    0.000    0.000    0.000 memory.py:460(MemoryVisibility)
        3    0.000    0.000    0.000    0.000 {method 'update' of 'rpds.HashTrieSet' objects}
        9    0.000    0.000    0.000    0.000 typing.py:1361(__hash__)
        3    0.000    0.000    0.000    0.000 <string>:23(__eq__)
        1    0.000    0.000    0.000    0.000 validators.py:567(_MinLengthValidator)
        2    0.000    0.000    0.000    0.000 continuity_interaction_service.py:673(safe_request_id)
      113    0.000    0.000    0.000    0.000 <frozen _collections_abc>:345(__subclasshook__)
        1    0.000    0.000    0.000    0.000 contextlib.py:202(_AsyncGeneratorContextManager)
       30    0.000    0.000    0.000    0.000 memory.py:721(effective_weight)
        3    0.000    0.000    0.000    0.000 sandbox.py:759(<lambda>)
       36    0.000    0.000    0.000    0.000 continuity_core_service.py:76(<genexpr>)
        1    0.000    0.000    0.000    0.000 weakref.py:492(detach)
        1    0.000    0.000    0.000    0.000 validators.py:596(_SubclassOfValidator)
        1    0.000    0.000    0.000    0.000 input_processing_service.py:106(InputProcessingService)
        4    0.000    0.000    0.000    0.000 annotationlib.py:430(__make_new)
        2    0.000    0.000    0.000    0.000 perception_rules.py:139(_approaching_dates)
       76    0.000    0.000    0.000    0.000 context_composer_service.py:291(<genexpr>)
        4    0.000    0.000    0.000    0.000 suite.py:21(__init__)
       14    0.000    0.000    0.000    0.000 {method 'tell' of '_io.BufferedRandom' objects}
        2    0.000    0.000    0.000    0.000 charset.py:206(__init__)
       20    0.000    0.000    0.000    0.000 json_memory_repository.py:547(<genexpr>)
        1    0.000    0.000    0.000    0.000 case.py:45(_Outcome)
        1    0.000    0.000    0.000    0.000 _zstdfile.py:20(ZstdFile)
       36    0.000    0.000    0.000    0.000 json_memory_repository.py:1077(<genexpr>)
        1    0.000    0.000    0.000    0.000 learning.py:487(LearningContext)
        3    0.000    0.000    0.000    0.000 learning.py:74(_format_datetime)
        1    0.000    0.000    0.000    0.000 contradiction_detector_service.py:380(_seal_trusted_supersessions)
        1    0.000    0.000    0.000    0.000 _py_warnings.py:294(simplefilter)
        1    0.000    0.000    0.000    0.000 thinking.py:664(complete)
       35    0.000    0.000    0.000    0.000 argparse.py:1479(_registry_get)
        1    0.000    0.000    0.000    0.000 typing.py:1315(_GenericAlias)
        4    0.000    0.000    0.000    0.000 awakening_service.py:38(__init__)
        1    0.000    0.000    0.000    0.000 typing.py:3606(TextIO)
      257    0.000    0.000    0.000    0.000 hmac.py:22(<genexpr>)
        1    0.000    0.000    0.000    0.000 json_memory_repository.py:555(_append_memory)
       55    0.000    0.000    0.000    0.000 {built-in method _sre.unicode_tolower}
        1    0.000    0.000    0.000    0.000 _format.py:21(FormatChecker)
       40    0.000    0.000    0.000    0.000 _make.py:2107(_determine_setters)
        1    0.000    0.000    0.000    0.000 argparse.py:161(HelpFormatter)
       35    0.000    0.000    0.000    0.000 _os.py:317(__init__)
        1    0.000    0.000    0.000    0.000 typing.py:1540(_SpecialGenericAlias)
      125    0.000    0.000    0.000    0.000 _utils.py:145(unbool)
        1    0.000    0.000    0.000    0.000 __init__.py:101(CompleteDirs)
        3    0.000    0.000    0.000    0.000 execution_service.py:107(policy)
        5    0.000    0.000    0.000    0.000 {built-in method now}
        2    0.000    0.000    0.000    0.000 perception_rules.py:117(_interaction_frequency)
        1    0.000    0.000    0.000    0.000 integration_results.py:168(from_dict)
        1    0.000    0.000    0.000    0.000 _types.py:122(redefine)
        2    0.000    0.000    0.000    0.000 awakening.py:353(__post_init__)
        1    0.000    0.000    0.000    0.000 thinking.py:172(ThinkingResult)
       46    0.000    0.000    0.000    0.000 _make.py:2066(_setattr)
        1    0.000    0.000    0.000    0.000 __init__.py:423(ZipInfo)
        1    0.000    0.000    0.000    0.000 json_learning_repository.py:53(_hash)
        2    0.000    0.000    0.000    0.000 awakening.py:396(from_context)
        1    0.000    0.000    0.000    0.000 validators.py:460(_NumberValidator)
        7    0.000    0.000    0.000    0.000 <attrs generated methods referencing._core.Specification>:20(__init__)
        7    0.000    0.000    0.000    0.000 fractions.py:616(_operator_fallbacks)
        1    0.000    0.000    0.000    0.000 {built-in method _hashlib.openssl_md5}
        8    0.000    0.000    0.000    0.000 {built-in method _hashlib.compare_digest}
        6    0.000    0.000    0.000    0.000 suite.py:11(_call_if_exists)
        1    0.000    0.000    0.000    0.000 validators.py:361(deep_iterable)
       21    0.000    0.000    0.000    0.000 {built-in method time.monotonic}
        4    0.000    0.000    0.000    0.000 traceback.py:186(_format_final_exc_line)
        1    0.000    0.000    0.000    0.000 events.py:217(Event)
      114    0.000    0.000    0.000    0.000 action_capability.py:70(binding_version)
      112    0.000    0.000    0.000    0.000 ipaddress.py:569(__int__)
       42    0.000    0.000    0.000    0.000 _format.py:80(_checks)
        1    0.000    0.000    0.000    0.000 context_composition.py:291(ComposedContextFragment)
        1    0.000    0.000    0.000    0.000 threading.py:869(Thread)
        2    0.000    0.000    0.000    0.000 suite.py:250(_handleModuleTearDown)
       39    0.000    0.000    0.000    0.000 action.py:918(decision)
       14    0.000    0.000    0.000    0.000 context_routing.py:157(limit_for)
       17    0.000    0.000    0.000    0.000 ssl.py:972(_sslcopydoc)
        1    0.000    0.000    0.000    0.000 json_external_provider_repository.py:14(JsonExternalProviderRepository)
       13    0.000    0.000    0.000    0.000 traceback.py:295(__init__)
        1    0.000    0.000    0.000    0.000 capability.py:114(CapabilityModelInput)
        1    0.000    0.000    0.000    0.000 input_context_source.py:17(InputContextSource)
        1    0.000    0.000    0.000    0.000 integration_results.py:362(to_dict)
        1    0.000    0.000    0.000    0.000 deterministic_integration_providers.py:82(allocate)
        1    0.000    0.000    0.000    0.000 scheduling.py:156(SchedulerTask)
        1    0.000    0.000    0.000    0.000 _types.py:142(redefine_many)
        5    0.000    0.000    0.000    0.000 input_processing_service.py:97(_stations)
        1    0.000    0.000    0.000    0.000 traceback.py:1004(TracebackException)
       17    0.000    0.000    0.000    0.000 argparse.py:880(__init__)
        1    0.000    0.000    0.000    0.000 resources.py:40(_format_datetime)
       15    0.000    0.000    0.000    0.000 action_permissions.py:41(<lambda>)
       62    0.000    0.000    0.000    0.000 _make.py:436(<lambda>)
        1    0.000    0.000    0.000    0.000 suite.py:142(_handleClassSetUp)
        1    0.000    0.000    0.000    0.000 integration_results.py:130(from_dict)
        6    0.000    0.000    0.000    0.000 _make.py:2654(_setattrs)
        4    0.000    0.000    0.000    0.000 capability_coordination_service.py:37(__init__)
        8    0.000    0.000    0.000    0.000 w04_cross_entry_fixture.py:120(<genexpr>)
        8    0.000    0.000    0.000    0.000 tokenize.py:388(check)
        2    0.000    0.000    0.000    0.000 json_learning_repository.py:30(__init__)
        1    0.000    0.000    0.000    0.000 numbers.py:328(Integral)
       38    0.000    0.000    0.000    0.000 contextlib.py:444(__init__)
        1    0.000    0.000    0.000    0.000 typing.py:1601(__init__)
        1    0.000    0.000    0.000    0.000 typing.py:1632(_CallableType)
        1    0.000    0.000    0.000    0.000 typing.py:1665(_TupleType)
        1    0.000    0.000    0.000    0.000 threading.py:630(set)
        7    0.000    0.000    0.000    0.000 subject_state_service.py:25(__init__)
       15    0.000    0.000    0.000    0.000 _make.py:351(_collect_base_attrs_broken)
       45    0.000    0.000    0.000    0.000 _make.py:2083(_assign)
       11    0.000    0.000    0.000    0.000 traceback.py:878(increment_until)
        1    0.000    0.000    0.000    0.000 sandbox.py:747(P01SandboxManager)
        1    0.000    0.000    0.000    0.000 learning_service.py:39(LearningService)
        1    0.000    0.000    0.000    0.000 numbers.py:172(Real)
       24    0.000    0.000    0.000    0.000 execution_service.py:138(<lambda>)
        1    0.000    0.000    0.000    0.000 result.py:161(addDuration)
        1    0.000    0.000    0.000    0.000 bz2.py:26(BZ2File)
        6    0.000    0.000    0.000    0.000 argparse.py:1004(__init__)
        1    0.000    0.000    0.000    0.000 json_awakening_repository.py:15(JsonAwakeningRepository)
       18    0.000    0.000    0.000    0.000 _make.py:425(<lambda>)
        1    0.000    0.000    0.000    0.000 validators.py:235(_InValidator)
        1    0.000    0.000    0.000    0.000 validators.py:130(_MatchesReValidator)
        1    0.000    0.000    0.000    0.000 {method 'copy' of 'dict' objects}
        4    0.000    0.000    0.000    0.000 suite.py:54(addTests)
        3    0.000    0.000    0.000    0.000 contradiction.py:74(_unique)
       46    0.000    0.000    0.000    0.000 json_memory_repository.py:682(<genexpr>)
      114    0.000    0.000    0.000    0.000 {method 'isdigit' of 'str' objects}
       84    0.000    0.000    0.000    0.000 dataclasses.py:177(__repr__)
        2    0.000    0.000    0.000    0.000 contextlib.py:547(_push_cm_exit)
        1    0.000    0.000    0.000    0.000 awakening.py:386(WakeObservationLog)
        1    0.000    0.000    0.000    0.000 action.py:459(PermissionGrant)
        2    0.000    0.000    0.000    0.000 suite.py:69(_removeTestAtIndex)
        1    0.000    0.000    0.000    0.000 perception.py:573(PerceptionResult)
       52    0.000    0.000    0.000    0.000 associative_recall_service.py:60(<genexpr>)
       37    0.000    0.000    0.000    0.000 typing.py:1345(<genexpr>)
        1    0.000    0.000    0.000    0.000 action_planning_service.py:40(ActionCapabilityBinding)
        1    0.000    0.000    0.000    0.000 json_runtime_repository.py:83(JsonRuntimeRepository)
       31    0.000    0.000    0.000    0.000 action_evaluators.py:53(<genexpr>)
        1    0.000    0.000    0.000    0.000 base.py:156(MemoryRepository)
        1    0.000    0.000    0.000    0.000 models.py:45(APIRequest)
        1    0.000    0.000    0.000    0.000 typing_extensions.py:4210(Sentinel)
        1    0.000    0.000    0.000    0.000 validators.py:92(_InstanceOfValidator)
       33    0.000    0.000    0.000    0.000 argparse.py:1707(_check_conflict)
        3    0.000    0.000    0.000    0.000 resource_policy.py:46(__init__)
        1    0.000    0.000    0.000    0.000 json_resource_repository.py:29(JsonResourceRepository)
        9    0.000    0.000    0.000    0.000 argparse.py:1698(_get_handler)
        2    0.000    0.000    0.000    0.000 action.py:984(from_execution)
        1    0.000    0.000    0.000    0.000 action_capability.py:154(InternalActionResult)
        5    0.000    0.000    0.000    0.000 exceptions.py:39(__getattr__)
       20    0.000    0.000    0.000    0.000 context_router_service.py:1283(_candidate_boundary_reason)
       35    0.000    0.000    0.000    0.000 {method 'startswith' of 'bytes' objects}
        1    0.000    0.000    0.000    0.000 learning.py:310(LearningRecord)
        1    0.000    0.000    0.000    0.000 ipaddress.py:1607(_BaseV6)
       17    0.000    0.000    0.000    0.000 argparse.py:663(_expand_help)
        1    0.000    0.000    0.000    0.000 _py_warnings.py:320(_add_filter)
        4    0.000    0.000    0.000    0.000 annotationlib.py:673(transmogrify)
        9    0.000    0.000    0.000    0.000 <frozen os>:863(fsdecode)
        4    0.000    0.000    0.000    0.000 case.py:414(__init_subclass__)
       16    0.000    0.000    0.000    0.000 enum.py:789(__members__)
        4    0.000    0.000    0.000    0.000 annotationlib.py:652(__init__)
        1    0.000    0.000    0.000    0.000 contradiction.py:278(canonical_dict)
        1    0.000    0.000    0.000    0.000 action_capability.py:251(InternalActionAttempt)
        9    0.000    0.000    0.000    0.000 _format.py:188(_checks_drafts)
       49    0.000    0.000    0.000    0.000 continuity_core_service.py:58(<genexpr>)
        1    0.000    0.000    0.000    0.000 thinking_service.py:439(_validate_provider_result)
        1    0.000    0.000    0.000    0.000 contextlib.py:472(_BaseExitStack)
        1    0.000    0.000    0.000    0.000 learning.py:191(to_dict)
        1    0.000    0.000    0.000    0.000 socket.py:683(SocketIO)
       18    0.000    0.000    0.000    0.000 _make.py:2397(<genexpr>)
        1    0.000    0.000    0.000    0.000 external_absorption.py:94(__annotate__)
        3    0.000    0.000    0.000    0.000 continuity_core_service.py:556(<genexpr>)
        1    0.000    0.000    0.000    0.000 __init__.py:44(FrameInfo)
        1    0.000    0.000    0.000    0.000 platform.py:938(uname_result)
        2    0.000    0.000    0.000    0.000 filters.py:1(<module>)
        1    0.000    0.000    0.000    0.000 continuity_core_service.py:110(ContinuityCoreService)
       17    0.000    0.000    0.000    0.000 _make.py:1166(add_setattr)
       10    0.000    0.000    0.000    0.000 action_planning_service.py:241(<genexpr>)
       16    0.000    0.000    0.000    0.000 json_environment_repository.py:58(<genexpr>)
        6    0.000    0.000    0.000    0.000 input_processing_service.py:252(<genexpr>)
        1    0.000    0.000    0.000    0.000 thinking_service.py:30(ThinkingService)
        2    0.000    0.000    0.000    0.000 integration_results.py:151(__post_init__)
        1    0.000    0.000    0.000    0.000 perception_rules.py:27(PerceptionPolicy)
        1    0.000    0.000    0.000    0.000 json_repository.py:216(JsonSubjectStateRepository)
       32    0.000    0.000    0.000    0.000 action_evaluators.py:37(<lambda>)
        1    0.000    0.000    0.000    0.000 _common.py:19(package_to_anchor)
        9    0.000    0.000    0.000    0.000 <attrs generated methods referencing.jsonschema.DynamicAnchor>:29(__init__)
        1    0.000    0.000    0.000    0.000 contradiction_detector_service.py:445(_reject_supersession_cycles)
        1    0.000    0.000    0.000    0.000 uuid.py:114(UUID)
        1    0.000    0.000    0.000    0.000 external_capability_service.py:57(ExternalCapabilityService)
        3    0.000    0.000    0.000    0.000 <frozen os>:1134(__subclasshook__)
        1    0.000    0.000    0.000    0.000 memory.py:72(MemoryRetrievalRequest)
        1    0.000    0.000    0.000    0.000 ipaddress.py:1483(IPv4Network)
        6    0.000    0.000    0.000    0.000 _keywords.py:200(maxItems)
        6    0.000    0.000    0.000    0.000 associative_recall_service.py:335(<lambda>)
        1    0.000    0.000    0.000    0.000 traceback.py:434(StackSummary)
        3    0.000    0.000    0.000    0.000 _adapters.py:12(__init__)
        1    0.000    0.000    0.000    0.000 tempfile.py:706(SpooledTemporaryFile)
        1    0.000    0.000    0.000    0.000 ssl.py:792(SSLObject)
        1    0.000    0.000    0.000    0.000 __init__.py:1384(ZipFile)
       47    0.000    0.000    0.000    0.000 {method 'issuperset' of 'frozenset' objects}
        1    0.000    0.000    0.000    0.000 thinking.py:448(ThinkSession)
        8    0.000    0.000    0.000    0.000 argparse.py:967(__init__)
        1    0.000    0.000    0.000    0.000 context_routing.py:216(ContextRoutingRequest)
        5    0.000    0.000    0.000    0.000 continuity_core_service.py:103(recoverable)
       12    0.000    0.000    0.000    0.000 associative_recall_service.py:132(<lambda>)
        1    0.000    0.000    0.000    0.000 _py_warnings.py:639(__enter__)
        1    0.000    0.000    0.000    0.000 awakening.py:445(WakeSession)
        1    0.000    0.000    0.000    0.000 json_learning_repository.py:27(JsonLearningRepository)
        1    0.000    0.000    0.000    0.000 argparse.py:2599(_get_values)
        5    0.000    0.000    0.000    0.000 evolution.py:178(_apply_mutation)
        1    0.000    0.000    0.000    0.000 contradiction_detector_service.py:76(ContradictionDetectorService)
       23    0.000    0.000    0.000    0.000 _make.py:1593(_has_frozen_base_class)
        6    0.000    0.000    0.000    0.000 {method '__typing_prepare_subst__' of 'typing.TypeVar' objects}
        2    0.000    0.000    0.000    0.000 models.py:13(utc_now)
        1    0.000    0.000    0.000    0.000 resource_manager.py:31(ResourceManager)
        1    0.000    0.000    0.000    0.000 contradiction_detector_service.py:464(_find_conflicts)
        1    0.000    0.000    0.000    0.000 random.py:103(Random)
        1    0.000    0.000    0.000    0.000 action.py:896(ActionExecutionResult)
        1    0.000    0.000    0.000    0.000 action.py:246(ActionContext)
        1    0.000    0.000    0.000    0.000 learning.py:126(LearningEvent)
        1    0.000    0.000    0.000    0.000 ipaddress.py:383(_IPAddressBase)
       14    0.000    0.000    0.000    0.000 context_router_service.py:854(<lambda>)
       23    0.000    0.000    0.000    0.000 continuity_interaction_service.py:1839(_fault)
        1    0.000    0.000    0.000    0.000 _colorize.py:210(Theme)
        6    0.000    0.000    0.000    0.000 integration_results.py:160(to_dict)
        1    0.000    0.000    0.000    0.000 <attrs generated methods attr.validators._DeepIterable>:14(__init__)
       17    0.000    0.000    0.000    0.000 argparse.py:628(format)
        6    0.000    0.000    0.000    0.000 json_integration_repository.py:612(<genexpr>)
        1    0.000    0.000    0.000    0.000 subject_binding.py:102(to_dict)
        1    0.000    0.000    0.000    0.000 _py_warnings.py:668(__exit__)
        1    0.000    0.000    0.000    0.000 capability.py:198(CapabilityRequest)
        1    0.000    0.000    0.000    0.000 scheduler_service.py:34(SchedulerService)
        1    0.000    0.000    0.000    0.000 continuity_interaction_service.py:1547(_validate_perception)
        1    0.000    0.000    0.000    0.000 feedparser.py:136(FeedParser)
        1    0.000    0.000    0.000    0.000 _functional.py:1(<module>)
       20    0.000    0.000    0.000    0.000 context_router_service.py:768(<genexpr>)
        1    0.000    0.000    0.000    0.000 models.py:330(SandboxInteractionProof)
        9    0.000    0.000    0.000    0.000 typing.py:1136(<genexpr>)
        4    0.000    0.000    0.000    0.000 integration_contract.py:50(_from_validated_dict)
        1    0.000    0.000    0.000    0.000 exceptions.py:265(UndefinedTypeCheck)
        3    0.000    0.000    0.000    0.000 <frozen os>:818(getenv)
        1    0.000    0.000    0.000    0.000 memory.py:154(MemoryCandidate)
        1    0.000    0.000    0.000    0.000 loader.py:63(TestLoader)
        1    0.000    0.000    0.000    0.000 traceback.py:278(FrameSummary)
        1    0.000    0.000    0.000    0.000 contradiction.py:502(VerifiedResolutionEvidence)
        4    0.000    0.000    0.000    0.000 awakening.py:412(to_dict)
       21    0.000    0.000    0.000    0.000 continuity_core_service.py:195(<genexpr>)
        2    0.000    0.000    0.000    0.000 cross_entry_service.py:125(<genexpr>)
        4    0.000    0.000    0.000    0.000 traceback.py:1201(exc_type_str)
        2    0.000    0.000    0.000    0.000 case.py:539(__str__)
        4    0.000    0.000    0.000    0.000 argparse.py:1029(__init__)
       18    0.000    0.000    0.000    0.000 timeline.py:126(<genexpr>)
        1    0.000    0.000    0.000    0.000 validators.py:707(_OrValidator)
        1    0.000    0.000    0.000    0.000 execution_context_source.py:17(ExecutionContextSource)
        1    0.000    0.000    0.000    0.000 memory.py:298(MemoryInfluenceRecord)
        1    0.000    0.000    0.000    0.000 threading.py:602(__init__)
        1    0.000    0.000    0.000    0.000 thinking.py:80(__post_init__)
        2    0.000    0.000    0.000    0.000 _make.py:2073(_setattr_with_converter)
       34    0.000    0.000    0.000    0.000 context_router_service.py:758(<genexpr>)
        1    0.000    0.000    0.000    0.000 device_operation_service.py:15(DeviceOperationService)
        6    0.000    0.000    0.000    0.000 typing.py:310(_check_generic_specialization)
        2    0.000    0.000    0.000    0.000 thinking.py:404(to_dict)
        1    0.000    0.000    0.000    0.000 suite.py:196(_handleModuleFixture)
       26    0.000    0.000    0.000    0.000 ipaddress.py:426(_ip_int_from_prefix)
        1    0.000    0.000    0.000    0.000 json_subject_binding_repository.py:21(JsonSubjectBindingRepository)
        1    0.000    0.000    0.000    0.000 <string>:1(__create_fn__)
        1    0.000    0.000    0.000    0.000 typing.py:2912(SupportsAbs)
        1    0.000    0.000    0.000    0.000 exceptions.py:50(_Error)
       13    0.000    0.000    0.000    0.000 traceback.py:359(_original_lines)
        1    0.000    0.000    0.000    0.000 argparse.py:1209(_SubParsersAction)
        6    0.000    0.000    0.000    0.000 memory_service.py:47(__init__)
        2    0.000    0.000    0.000    0.000 exceptions.py:165(_set)
        1    0.000    0.000    0.000    0.000 p16_provider_fixture.py:116(P16Fixture)
        1    0.000    0.000    0.000    0.000 __init__.py:367(anchor)
        1    0.000    0.000    0.000    0.000 events.py:561(StateUpdateRecord)
        1    0.000    0.000    0.000    0.000 models.py:59(IdentityState)
        3    0.000    0.000    0.000    0.000 <attrs generated methods referencing._core.Registry>:1(__eq__)
        1    0.000    0.000    0.000    0.000 permission_service.py:30(PermissionService)
        1    0.000    0.000    0.000    0.000 _policybase.py:121(Policy)
        1    0.000    0.000    0.000    0.000 execution_service.py:58(ExecutionService)
       13    0.000    0.000    0.000    0.000 enum.py:114(_iter_bits_lsb)
        3    0.000    0.000    0.000    0.000 annotationlib.py:296(__hash__)
        1    0.000    0.000    0.000    0.000 thinking.py:339(ThinkingObservationLog)
        1    0.000    0.000    0.000    0.000 p11_scheduler_fixture.py:221(P11SchedulerFixture)
       30    0.000    0.000    0.000    0.000 action_service.py:68(<genexpr>)
        1    0.000    0.000    0.000    0.000 w04_device_fixture.py:65(SimulatedDevicePort)
        1    0.000    0.000    0.000    0.000 memory.py:1039(DerivedSummary)
        9    0.000    0.000    0.000    0.000 {method 'removesuffix' of 'str' objects}
       38    0.000    0.000    0.000    0.000 enum.py:90(_is_single_bit)
        4    0.000    0.000    0.000    0.000 action_service.py:40(__init__)
        1    0.000    0.000    0.000    0.000 models.py:59(StateFixture)
        1    0.000    0.000    0.000    0.000 capability_contract_validation.py:14(CapabilityContractValidator)
        6    0.000    0.000    0.000    0.000 annotationlib.py:1117(_rewrite_star_unpack)
        1    0.000    0.000    0.000    0.000 models.py:128(TemporalState)
        1    0.000    0.000    0.000    0.000 models.py:107(ContinuityState)
        1    0.000    0.000    0.000    0.000 integration_contract.py:130(PlatformObservation)
        1    0.000    0.000    0.000    0.000 wake_perception_thinking_action_service.py:28(WakePerceptionThinkingActionService)
       21    0.000    0.000    0.000    0.000 continuity_core_service.py:193(<genexpr>)
        3    0.000    0.000    0.000    0.000 <frozen _collections_abc>:955(clear)
        3    0.000    0.000    0.000    0.000 _make.py:3150(_fmt_converter_call)
        1    0.000    0.000    0.000    0.000 action_planning.py:87(ActionChoice)
        1    0.000    0.000    0.000    0.000 context_routing.py:656(PartitionTrace)
        1    0.000    0.000    0.000    0.000 models.py:86(to_dict)
        9    0.000    0.000    0.000    0.000 __init__.py:196(__new__)
       10    0.000    0.000    0.000    0.000 models.py:80(<genexpr>)
       15    0.000    0.000    0.000    0.000 {method 'cast' of 'memoryview' objects}
        1    0.000    0.000    0.000    0.000 functools.py:726(cache)
        1    0.000    0.000    0.000    0.000 shutil.py:660(_rmtree_islink)
        1    0.000    0.000    0.000    0.000 integration_contract.py:105(PlatformFactPackage)
       18    0.000    0.000    0.000    0.000 learning.py:103(<genexpr>)
        1    0.000    0.000    0.000    0.000 context_composer_service.py:67(ContextComposerService)
        1    0.000    0.000    0.000    0.000 w04_device_fixture.py:221(W04DeviceFixture)
       26    0.000    0.000    0.000    0.000 {method 'discard' of 'set' objects}
       13    0.000    0.000    0.000    0.000 traceback.py:987(indent)
        2    0.000    0.000    0.000    0.000 glob.py:362(__init__)
        1    0.000    0.000    0.000    0.000 action.py:944(ApprovedStateAction)
        9    0.000    0.000    0.000    0.000 timeline.py:41(sort_key)
        1    0.000    0.000    0.000    0.000 base.py:271(ResourceRepository)
        1    0.000    0.000    0.000    0.000 integration_contract_schema.py:82(LocalSchemaRegistry)
       19    0.000    0.000    0.000    0.000 enum.py:1724(_simple_enum)
        1    0.000    0.000    0.000    0.000 case.py:527(id)
       38    0.000    0.000    0.000    0.000 contextlib.py:447(__enter__)
        4    0.000    0.000    0.000    0.000 typing.py:2458(_strip_annotations)
        1    0.000    0.000    0.000    0.000 models.py:193(EmotionState)
        1    0.000    0.000    0.000    0.000 permissions.py:259(PermissionContext)
        1    0.000    0.000    0.000    0.000 models.py:167(IntentionsState)
        1    0.000    0.000    0.000    0.000 integration_results.py:192(SubjectStateProjection)
        1    0.000    0.000    0.000    0.000 timeline.py:112(TimelineProjection)
        5    0.000    0.000    0.000    0.000 evolution.py:73(_field_owner)
        1    0.000    0.000    0.000    0.000 models.py:63(MemoryAPIRequest)
        1    0.000    0.000    0.000    0.000 _py_warnings.py:67(_GlobalContext)
        1    0.000    0.000    0.000    0.000 runner.py:52(getDescription)
        1    0.000    0.000    0.000    0.000 models.py:83(RelationshipState)
       10    0.000    0.000    0.000    0.000 _policybase.py:113(<genexpr>)
        1    0.000    0.000    0.000    0.000 ipaddress.py:1416(IPv4Interface)
        1    0.000    0.000    0.000    0.000 validators.py:538(_MaxLengthValidator)
       24    0.000    0.000    0.000    0.000 p09_core_fixture.py:36(validate_context)
        2    0.000    0.000    0.000    0.000 awakening.py:209(__post_init__)
        4    0.000    0.000    0.000    0.000 <string>:18(__eq__)
        1    0.000    0.000    0.000    0.000 perception.py:473(MemoryInfluence)
       25    0.000    0.000    0.000    0.000 _make.py:2384(<genexpr>)
        1    0.000    0.000    0.000    0.000 intranges.py:1(<module>)
       18    0.000    0.000    0.000    0.000 execution.py:84(<genexpr>)
        1    0.000    0.000    0.000    0.000 utf_16_be.py:33(getregentry)
        5    0.000    0.000    0.000    0.000 functools.py:1095(__init__)
        8    0.000    0.000    0.000    0.000 memory.py:710(effective_lifecycle)
       18    0.000    0.000    0.000    0.000 typing.py:529(__init__)
        1    0.000    0.000    0.000    0.000 resources.py:257(ResourceRequest)
        1    0.000    0.000    0.000    0.000 associative_recall_service.py:225(_preference_candidates)
        1    0.000    0.000    0.000    0.000 parse.py:152(_NetlocResultMixinBase)
        1    0.000    0.000    0.000    0.000 feedparser.py:46(BufferedSubFile)
        1    0.000    0.000    0.000    0.000 __init__.py:199(_Extra)
        1    0.000    0.000    0.000    0.000 environment_access.py:88(Attachment)
        3    0.000    0.000    0.000    0.000 execution_service.py:35(__init__)
        1    0.000    0.000    0.000    0.000 dynamic_mind.py:59(__annotate__)
        3    0.000    0.000    0.000    0.000 input_context_source.py:30(release)
        1    0.000    0.000    0.000    0.000 contradiction.py:948(ContradictionTrace)
       26    0.000    0.000    0.000    0.000 ipaddress.py:410(_check_int_address)
        1    0.000    0.000    0.000    0.000 readers.py:137(NamespaceReader)
        1    0.000    0.000    0.000    0.000 cross_entry_service.py:34(CrossEntryService)
        1    0.000    0.000    0.000    0.000 awakening.py:346(WakeDecision)
        1    0.000    0.000    0.000    0.000 action.py:106(ResourceLimits)
        1    0.000    0.000    0.000    0.000 validators.py:200(_OptionalValidator)
        1    0.000    0.000    0.000    0.000 expression_policy_service.py:20(ExpressionPolicyService)
       44    0.000    0.000    0.000    0.000 traceback.py:1001(<lambda>)
        1    0.000    0.000    0.000    0.000 scheduling.py:376(SchedulerQueue)
        1    0.000    0.000    0.000    0.000 json_thinking_repository.py:14(JsonThinkingRepository)
        1    0.000    0.000    0.000    0.000 header.py:545(_Accumulator)
        1    0.000    0.000    0.000    0.000 ssl.py:394(_ASN1Object)
        1    0.000    0.000    0.000    0.000 _make.py:2094(_assign_with_converter)
        8    0.000    0.000    0.000    0.000 __init__.py:453(_make)
        8    0.000    0.000    0.000    0.000 perception.py:203(<genexpr>)
        1    0.000    0.000    0.000    0.000 integration_results.py:311(FirstRoundSuccessResult)
        1    0.000    0.000    0.000    0.000 {method 'remove' of 'rpds.HashTrieMap' objects}
        1    0.000    0.000    0.000    0.000 action_service.py:37(ActionService)
        6    0.000    0.000    0.000    0.000 json_memory_repository.py:524(_require_query_limit)
        1    0.000    0.000    0.000    0.000 _parser.py:887(_parse_flags)
        6    0.000    0.000    0.000    0.000 annotationlib.py:68(__init__)
        1    0.000    0.000    0.000    0.000 difflib.py:44(SequenceMatcher)
        1    0.000    0.000    0.000    0.000 action_capability.py:20(InternalActionRequest)
        1    0.000    0.000    0.000    0.000 integration_results.py:1440(FirstRoundErrorEnvelope)
        1    0.000    0.000    0.000    0.000 json_permission_repository.py:25(JsonPermissionRepository)
        2    0.000    0.000    0.000    0.000 execution_service.py:110(prepare)
        1    0.000    0.000    0.000    0.000 context_composition.py:538(CompositionTrace)
        1    0.000    0.000    0.000    0.000 context_composition.py:736(ComposedContextSnapshot)
        1    0.000    0.000    0.000    0.000 integration_results.py:441(IntegrationDomainProgress)
        1    0.000    0.000    0.000    0.000 p11_scheduler_fixture.py:65(FakeNotificationAdapter)
        1    0.000    0.000    0.000    0.000 unfinished_item_service.py:17(UnfinishedItemService)
        1    0.000    0.000    0.000    0.000 input_processing.py:51(InputProcessingRecord)
        1    0.000    0.000    0.000    0.000 abc.py:62(Traversable)
        1    0.000    0.000    0.000    0.000 capability.py:429(CapabilityResult)
        4    0.000    0.000    0.000    0.000 json_environment_repository.py:169(<genexpr>)
       15    0.000    0.000    0.000    0.000 {method 'setter' of 'property' objects}
        1    0.000    0.000    0.000    0.000 context_composition.py:160(ResolvedContextMaterial)
        4    0.000    0.000    0.000    0.000 suite.py:44(addTest)
        1    0.000    0.000    0.000    0.000 glob.py:545(_StringGlobber)
        1    0.000    0.000    0.000    0.000 integration_results.py:959(IntegrationCapabilityCheckpoint)
        1    0.000    0.000    0.000    0.000 threading.py:438(notify_all)
       34    0.000    0.000    0.000    0.000 context_router_service.py:756(<genexpr>)
        1    0.000    0.000    0.000    0.000 models.py:200(SnapshotFileInventoryEntry)
        1    0.000    0.000    0.000    0.000 w04_cross_entry_fixture.py:65(W04EntryFixture)
        3    0.000    0.000    0.000    0.000 <frozen _collections_abc>:108(_check_methods)
        1    0.000    0.000    0.000    0.000 lzma.py:38(LZMAFile)
        2    0.000    0.000    0.000    0.000 perception_rules.py:386(_summary)
        1    0.000    0.000    0.000    0.000 action_planning_service.py:96(ActionPlanningService)
        3    0.000    0.000    0.000    0.000 weakref.py:325(__getitem__)
        3    0.000    0.000    0.000    0.000 util.py:54(strclass)
       17    0.000    0.000    0.000    0.000 argparse.py:620(_metavar_formatter)
        1    0.000    0.000    0.000    0.000 __init__.py:6(HTTPStatus)
        1    0.000    0.000    0.000    0.000 contradiction.py:759(ContradictionCase)
        4    0.000    0.000    0.000    0.000 perception_service.py:19(__init__)
        1    0.000    0.000    0.000    0.000 message.py:989(MIMEPart)
        3    0.000    0.000    0.000    0.000 _compat.py:67(get_return_type)
        8    0.000    0.000    0.000    0.000 context_router_service.py:326(<genexpr>)
        1    0.000    0.000    0.000    0.000 action_planning_service.py:70(ActionRunResult)
       13    0.000    0.000    0.000    0.000 {method 'co_positions' of 'code' objects}
        1    0.000    0.000    0.000    0.000 contextlib.py:631(AsyncExitStack)
        1    0.000    0.000    0.000    0.000 context_routing.py:277(ContextPartitionRequest)
        1    0.000    0.000    0.000    0.000 base.py:327(IntegrationResultLedger)
        4    0.000    0.000    0.000    0.000 validators.py:214(optional)
        3    0.000    0.000    0.000    0.000 execution_service.py:96(bind)
        8    0.000    0.000    0.000    0.000 p17_execution_fixture.py:155(ready)
        1    0.000    0.000    0.000    0.000 associative_recall_service.py:76(AssociativeRecallService)
        1    0.000    0.000    0.000    0.000 <frozen importlib._bootstrap_external>:1131(__iter__)
        1    0.000    0.000    0.000    0.000 glob.py:358(_GlobberBase)
        1    0.000    0.000    0.000    0.000 awakening.py:69(AwakeCycle)
        1    0.000    0.000    0.000    0.000 typing.py:2857(SupportsInt)
        1    0.000    0.000    0.000    0.000 integration_results.py:1018(IntegrationOperationRecord)
       30    0.000    0.000    0.000    0.000 action_service.py:72(<genexpr>)
        1    0.000    0.000    0.000    0.000 scheduling.py:449(NotificationReceipt)
        9    0.000    0.000    0.000    0.000 device_operation_service.py:75(_history_allowed)
        5    0.000    0.000    0.000    0.000 {built-in method _struct.calcsize}
        1    0.000    0.000    0.000    0.000 <frozen ntpath>:438(repl)
        1    0.000    0.000    0.000    0.000 _colorize.py:115(ThemeSection)
        1    0.000    0.000    0.000    0.000 ipaddress.py:2202(IPv6Interface)
       14    0.000    0.000    0.000    0.000 expression_policy_service.py:54(mode)
       37    0.000    0.000    0.000    0.000 {method 'is_junction' of 'nt.DirEntry' objects}
        2    0.000    0.000    0.000    0.000 contextlib.py:485(__init__)
        1    0.000    0.000    0.000    0.000 context_routing.py:570(SourceTrace)
        1    0.000    0.000    0.000    0.000 integration_contract.py:59(MessageVersionFact)
        1    0.000    0.000    0.000    0.000 action_capability.py:100(ActionReceipt)
        1    0.000    0.000    0.000    0.000 quopri.py:1(<module>)
        1    0.000    0.000    0.000    0.000 _make.py:3087(Converter)
        1    0.000    0.000    0.000    0.000 external_absorption.py:9(ExternalRootProof)
        3    0.000    0.000    0.000    0.000 weakref.py:309(__init__)
        1    0.000    0.000    0.000    0.000 integration_results.py:1329(FirstRoundError)
       28    0.000    0.000    0.000    0.000 integration_results.py:519(<genexpr>)
        7    0.000    0.000    0.000    0.000 resources.py:34(_non_negative_int)
        1    0.000    0.000    0.000    0.000 base.py:257(ContradictionRepository)
        1    0.000    0.000    0.000    0.000 http_server.py:46(FrontendRequestHandler)
        1    0.000    0.000    0.000    0.000 ipaddress.py:1134(_BaseV4)
        1    0.000    0.000    0.000    0.000 action_planning_service.py:22(LocalActionAdapter)
        1    0.000    0.000    0.000    0.000 environment_access_service.py:45(EnvironmentAccessService)
        7    0.000    0.000    0.000    0.000 linecache.py:64(_source_unavailable)
        1    0.000    0.000    0.000    0.000 errors.py:224(__init__)
        1    0.000    0.000    0.000    0.000 models.py:508(SandboxEvidence)
        1    0.000    0.000    0.000    0.000 context_router_service.py:668(ContextRouterService)
        1    0.000    0.000    0.000    0.000 models.py:221(SnapshotComponent)
        8    0.000    0.000    0.000    0.000 context_router_service.py:624(<genexpr>)
        1    0.000    0.000    0.000    0.000 action.py:149(PerceptionActionSummary)
       23    0.000    0.000    0.000    0.000 json_memory_repository.py:683(<genexpr>)
        5    0.000    0.000    0.000    0.000 validators.py:316(is_callable)
        1    0.000    0.000    0.000    0.000 continuity_core.py:34(ContinuityCoreContext)
        5    0.000    0.000    0.000    0.000 continuity_core_service.py:106(reality_allowed)
        8    0.000    0.000    0.000    0.000 traceback.py:200(_safe_string)
        1    0.000    0.000    0.000    0.000 decoder.py:292(__init__)
        1    0.000    0.000    0.000    0.000 action.py:485(PermissionCheck)
        1    0.000    0.000    0.000    0.000 contradiction.py:219(StructuredClaim)
        1    0.000    0.000    0.000    0.000 context_routing.py:797(ContextTrace)
        1    0.000    0.000    0.000    0.000 resources.py:368(ResourceDecision)
        1    0.000    0.000    0.000    0.000 integration_contract.py:181(ContinuityInteractionRequest)
        1    0.000    0.000    0.000    0.000 integration_contract.py:238(SubjectBindingFixture)
       10    0.000    0.000    0.000    0.000 evolution.py:67(_json_value)
        1    0.000    0.000    0.000    0.000 learning.py:605(LearningResult)
        1    0.000    0.000    0.000    0.000 device_operation.py:11(DeviceObservation)
        6    0.000    0.000    0.000    0.000 json_environment_repository.py:126(<genexpr>)
        1    0.000    0.000    0.000    0.000 {built-in method _hashlib.openssl_sha3_224}
        2    0.000    0.000    0.000    0.000 awakening.py:155(mark_woken)
        4    0.000    0.000    0.000    0.000 typing.py:433(_eval_type)
        1    0.000    0.000    0.000    0.000 subject_binding.py:17(SubjectBinding)
        4    0.000    0.000    0.000    0.000 perception_rules.py:276(<genexpr>)
        1    0.000    0.000    0.000    0.000 core_views.py:4(RepositoryActionSessionProvider)
        1    0.000    0.000    0.000    0.000 models.py:160(APIError)
        1    0.000    0.000    0.000    0.000 _make.py:645(_ClassBuilder)
        1    0.000    0.000    0.000    0.000 readers.py:64(MultiplexedPath)
        1    0.000    0.000    0.000    0.000 cross_entry.py:14(__annotate__)
        2    0.000    0.000    0.000    0.000 p09_core_fixture.py:29(__init__)
       16    0.000    0.000    0.000    0.000 {method 'insert' of 'list' objects}
        1    0.000    0.000    0.000    0.000 argparse.py:1841(ArgumentParser)
        1    0.000    0.000    0.000    0.000 memory.py:543(MemoryTimeRange)
        1    0.000    0.000    0.000    0.000 permissions.py:192(PermissionChangeRecord)
        1    0.000    0.000    0.000    0.000 integration_results.py:758(IntegrationDomainCheckpoint)
        1    0.000    0.000    0.000    0.000 resources.py:187(TokenUsageRecord)
        6    0.000    0.000    0.000    0.000 expression.py:95(<genexpr>)
        1    0.000    0.000    0.000    0.000 json_contradiction_repository.py:30(JsonContradictionRepository)
        2    0.000    0.000    0.000    0.000 <frozen importlib._bootstrap_external>:1113(_get_parent_path)
        2    0.000    0.000    0.000    0.000 <string>:14(__eq__)
        1    0.000    0.000    0.000    0.000 thinking.py:70(TokenBudgetRequest)
        1    0.000    0.000    0.000    0.000 contradiction.py:1060(ContradictionDetectionResult)
        1    0.000    0.000    0.000    0.000 contradiction_detector_service.py:450(visit)
        1    0.000    0.000    0.000    0.000 __init__.py:947(ZipExtFile)
        2    0.000    0.000    0.000    0.000 continuity_core_service.py:81(__init__)
        1    0.000    0.000    0.000    0.000 <frozen importlib._bootstrap_external>:1096(__init__)
        4    0.000    0.000    0.000    0.000 annotationlib.py:424(__get_ast)
        1    0.000    0.000    0.000    0.000 contradiction.py:436(ResolutionEvidence)
        1    0.000    0.000    0.000    0.000 context_composition.py:848(ContextCompositionResult)
        1    0.000    0.000    0.000    0.000 resources.py:85(ResourceState)
        1    0.000    0.000    0.000    0.000 capability.py:626(CapabilityRequiredEnvelope)
        2    0.000    0.000    0.000    0.000 integration_results.py:115(__post_init__)
        1    0.000    0.000    0.000    0.000 action_planning_service.py:77(status)
        1    0.000    0.000    0.000    0.000 awakening_service.py:35(AwakeningService)
       10    0.000    0.000    0.000    0.000 json_integration_repository.py:531(<genexpr>)
        1    0.000    0.000    0.000    0.000 json_integration_repository.py:120(JsonSubjectBindingFixtureRepository)
        1    0.000    0.000    0.000    0.000 wake_perception_thinking_service.py:31(WakePerceptionThinkingService)
        1    0.000    0.000    0.000    0.000 p05_context_fixture.py:72(P05LocalFactSource)
        2    0.000    0.000    0.000    0.000 {built-in method math.log}
        4    0.000    0.000    0.000    0.000 argparse.py:1645(_get_positional_kwargs)
        1    0.000    0.000    0.000    0.000 awakening.py:202(WakeTrigger)
        1    0.000    0.000    0.000    0.000 awakening.py:244(WakeTimeInfo)
        1    0.000    0.000    0.000    0.000 context_routing.py:747(CandidateManifest)
        1    0.000    0.000    0.000    0.000 unfinished_item.py:36(__annotate__)
        1    0.000    0.000    0.000    0.000 mimetypes.py:59(MimeTypes)
        1    0.000    0.000    0.000    0.000 exceptions.py:315(ErrorTree)
        1    0.000    0.000    0.000    0.000 _utils.py:15(__init__)
       15    0.000    0.000    0.000    0.000 p09_core_fixture.py:43(recoverable)
        7    0.000    0.000    0.000    0.000 {method '__enter__' of '_thread.lock' objects}
        3    0.000    0.000    0.000    0.000 <frozen importlib._bootstrap>:1290(_sanity_check)
        1    0.000    0.000    0.000    0.000 perception.py:169(PerceptionContext)
        1    0.000    0.000    0.000    0.000 context_routing.py:329(RoutePlan)
        1    0.000    0.000    0.000    0.000 learning.py:235(PersonalityTrait)
        2    0.000    0.000    0.000    0.000 integration_contract.py:176(_from_validated_dict)
        1    0.000    0.000    0.000    0.000 capability.py:595(CapabilityAttempt)
        1    0.000    0.000    0.000    0.000 threading.py:685(Barrier)
        1    0.000    0.000    0.000    0.000 memory_consolidation_service.py:61(MemoryConsolidationService)
        4    0.000    0.000    0.000    0.000 context_router_service.py:645(<genexpr>)
        8    0.000    0.000    0.000    0.000 memory.py:273(selected_memories)
        1    0.000    0.000    0.000    0.000 permissions.py:87(PermissionState)
        1    0.000    0.000    0.000    0.000 contradiction.py:685(ContradictionAuditEntry)
        1    0.000    0.000    0.000    0.000 context_routing.py:922(ContextRouteResult)
        1    0.000    0.000    0.000    0.000 capability.py:682(CapabilityFailedEnvelope)
        1    0.000    0.000    0.000    0.000 __init__.py:64(Template)
        1    0.000    0.000    0.000    0.000 input_context_source.py:154(__init__)
        6    0.000    0.000    0.000    0.000 associative_recall_service.py:324(response_priority)
        2    0.000    0.000    0.000    0.000 traceback.py:104(_parse_value_tb)
        1    0.000    0.000    0.000    0.000 threading.py:290(__init__)
        5    0.000    0.000    0.000    0.000 typing.py:1033(_is_typevar_like)
        1    0.000    0.000    0.000    0.000 memory.py:919(to_dict)
        1    0.000    0.000    0.000    0.000 integration_results.py:145(SubjectStateProjectionSnapshot)
        1    0.000    0.000    0.000    0.000 integration_results.py:110(FirstRoundSubjectResponse)
        1    0.000    0.000    0.000    0.000 json_scheduler_repository.py:27(JsonSchedulerRepository)
        1    0.000    0.000    0.000    0.000 header.py:184(Header)
        1    0.000    0.000    0.000    0.000 selectors.py:84(BaseSelector)
        1    0.000    0.000    0.000    0.000 readers.py:38(ZipReader)
       14    0.000    0.000    0.000    0.000 context_router_service.py:1262(<lambda>)
        1    0.000    0.000    0.000    0.000 cross_entry.py:14(EntryBinding)
        1    0.000    0.000    0.000    0.000 device_operation.py:54(DeviceCommand)
        1    0.000    0.000    0.000    0.000 external_capabilities.py:16(QueryInput)
        1    0.000    0.000    0.000    0.000 functools.py:931(<lambda>)
        3    0.000    0.000    0.000    0.000 weakref.py:397(popitem)
        5    0.000    0.000    0.000    0.000 result.py:238(_is_relevant_tb_level)
       18    0.000    0.000    0.000    0.000 case.py:452(addTypeEqualityFunc)
        1    0.000    0.000    0.000    0.000 runner.py:32(TextTestResult)
        1    0.000    0.000    0.000    0.000 _os.py:314(_PathInfoBase)
        1    0.000    0.000    0.000    0.000 perception.py:499(Drive)
        1    0.000    0.000    0.000    0.000 memory.py:860(MemoryConsolidationOperation)
        1    0.000    0.000    0.000    0.000 action.py:382(ActionIntent)
        1    0.000    0.000    0.000    0.000 context_routing.py:452(ContextCandidateReference)
        1    0.000    0.000    0.000    0.000 integration_results.py:925(IntegrationEvolutionCheckpoint)
        6    0.000    0.000    0.000    0.000 subject_state_service.py:100(<genexpr>)
        1    0.000    0.000    0.000    0.000 socketserver.py:155(BaseServer)
        1    0.000    0.000    0.000    0.000 _policybase.py:288(Compat32)
        4    0.000    0.000    0.000    0.000 input_processing_service.py:195(<genexpr>)
        4    0.000    0.000    0.000    0.000 annotationlib.py:683(create_unique_name)
        2    0.000    0.000    0.000    0.000 contextlib.py:552(_push_exit_callback)
        2    0.000    0.000    0.000    0.000 argparse.py:1161(__init__)
        1    0.000    0.000    0.000    0.000 tempfile.py:885(TemporaryDirectory)
        1    0.000    0.000    0.000    0.000 contradiction.py:393(VerificationTask)
        1    0.000    0.000    0.000    0.000 subject_state_service.py:22(SubjectStateService)
        1    0.000    0.000    0.000    0.000 integration_contract_hashing.py:1(<module>)
        1    0.000    0.000    0.000    0.000 models.py:121(WakeAPIRequest)
        9    0.000    0.000    0.000    0.000 _format.py:105(_checks)
        4    0.000    0.000    0.000    0.000 context_router_service.py:384(<genexpr>)
        1    0.000    0.000    0.000    0.000 glob.py:7(Translator)
        4    0.000    0.000    0.000    0.000 context_router_service.py:720(<genexpr>)
        2    0.000    0.000    0.000    0.000 w02_input_fixture.py:17(<genexpr>)
        2    0.000    0.000    0.000    0.000 cross_entry_service.py:405(<genexpr>)
        3    0.000    0.000    0.000    0.000 warnings.py:80(__enter__)
        1    0.000    0.000    0.000    0.000 _py_warnings.py:111(_get_filters)
        1    0.000    0.000    0.000    0.000 events.py:148(EventEvidenceReference)
        1    0.000    0.000    0.000    0.000 thinking.py:127(TokenBudget)
        1    0.000    0.000    0.000    0.000 action.py:814(ActionSession)
       22    0.000    0.000    0.000    0.000 json_memory_repository.py:757(<genexpr>)
        1    0.000    0.000    0.000    0.000 server.py:706(SimpleHTTPRequestHandler)
        2    0.000    0.000    0.000    0.000 weakref.py:334(__setitem__)
        2    0.000    0.000    0.000    0.000 suite.py:366(_isnotsuite)
       12    0.000    0.000    0.000    0.000 awakening.py:62(<genexpr>)
        1    0.000    0.000    0.000    0.000 awakening.py:290(WakeContext)
        1    0.000    0.000    0.000    0.000 test_w04_4_continuity.py:14(CrossEntryTests)
        1    0.000    0.000    0.000    0.000 contradiction.py:368(ClaimDispositionRecord)
        1    0.000    0.000    0.000    0.000 context_composition.py:131(ContextBudget)
        1    0.000    0.000    0.000    0.000 action.py:630(ActionDecision)
        1    0.000    0.000    0.000    0.000 context_composition.py:428(MissingContextNotice)
        1    0.000    0.000    0.000    0.000 base.py:90(ActionRepository)
        1    0.000    0.000    0.000    0.000 action_planning_service.py:33(LocalActionConstraints)
        1    0.000    0.000    0.000    0.000 environment_access.py:48(Ability)
        1    0.000    0.000    0.000    0.000 action_planning_service.py:28(ActionChoiceProducer)
        1    0.000    0.000    0.000    0.000 p16_provider_fixture.py:46(FakeQueryProvider)
        7    0.000    0.000    0.000    0.000 execution_service.py:354(<genexpr>)
        1    0.000    0.000    0.000    0.000 external_capabilities.py:31(ProviderDescriptor)
        1    0.000    0.000    0.000    0.000 entry_context_source.py:13(__init__)
        6    0.000    0.000    0.000    0.000 functools.py:916(_is_valid_dispatch_type)
       27    0.000    0.000    0.000    0.000 traceback.py:704(<lambda>)
        1    0.000    0.000    0.000    0.000 memory.py:956(MemoryLineageRecord)
        1    0.000    0.000    0.000    0.000 integration_results.py:252(to_dict)
        1    0.000    0.000    0.000    0.000 capability.py:396(CapabilityModelOutput)
        1    0.000    0.000    0.000    0.000 learning.py:112(validate_learning_mutation)
       10    0.000    0.000    0.000    0.000 integration_contract_validation.py:66(_require_equal)
        1    0.000    0.000    0.000    0.000 models.py:182(APIResponse)
        1    0.000    0.000    0.000    0.000 server.py:1043(CGIHTTPRequestHandler)
        1    0.000    0.000    0.000    0.000 abc.py:16(ResourceReader)
        1    0.000    0.000    0.000    0.000 persistence.py:160(SandboxFrozenClock)
        1    0.000    0.000    0.000    0.000 cross_entry.py:72(EntryMessage)
        1    0.000    0.000    0.000    0.000 execution.py:34(WorldCapability)
       23    0.000    0.000    0.000    0.000 {built-in method builtins.globals}
        1    0.000    0.000    0.000    0.000 {built-in method _hashlib.openssl_shake_128}
        1    0.000    0.000    0.000    0.000 action.py:546(RiskAssessment)
        1    0.000    0.000    0.000    0.000 contradiction.py:330(ClaimEvaluation)
        2    0.000    0.000    0.000    0.000 integration_results.py:1515(__post_init__)
        1    0.000    0.000    0.000    0.000 expression.py:36(__annotate__)
        1    0.000    0.000    0.000    0.000 context_composition.py:466(CompositionDecision)
        1    0.000    0.000    0.000    0.000 action_planning.py:32(ActionSpecification)
        1    0.000    0.000    0.000    0.000 skill_adapter.py:15(SkillAdapter)
        1    0.000    0.000    0.000    0.000 p09_core_fixture.py:101(__init__)
        1    0.000    0.000    0.000    0.000 p17_execution_fixture.py:151(FakeRealityBoundary)
        1    0.000    0.000    0.000    0.000 p17_execution_fixture.py:64(FakeWorldAdapter)
        2    0.000    0.000    0.000    0.000 input_context_source.py:21(__init__)
        1    0.000    0.000    0.000    0.000 input_context_source.py:193(<lambda>)
        7    0.000    0.000    0.000    0.000 {method 'has_default' of 'typing.TypeVar' objects}
        1    0.000    0.000    0.000    0.000 <frozen importlib._bootstrap>:1106(_resolve_filename)
        1    0.000    0.000    0.000    0.000 typing.py:2890(SupportsBytes)
        1    0.000    0.000    0.000    0.000 typing.py:3423(NewType)
        1    0.000    0.000    0.000    0.000 action.py:763(ActionPlan)
        1    0.000    0.000    0.000    0.000 memory.py:261(MemoryRetrievalResult)
        1    0.000    0.000    0.000    0.000 context_composition.py:512(ResolverReadCount)
        1    0.000    0.000    0.000    0.000 contradiction.py:164(ClaimProjection)
        1    0.000    0.000    0.000    0.000 charset.py:162(Charset)
       16    0.000    0.000    0.000    0.000 context_router_service.py:1186(<genexpr>)
        1    0.000    0.000    0.000    0.000 p08_action_fixture.py:58(FakeActionAdapter)
        2    0.000    0.000    0.000    0.000 p17_execution_fixture.py:172(__init__)
        1    0.000    0.000    0.000    0.000 inspect.py:1693(_shadowed_dict_from_weakref_mro_tuple)
        1    0.000    0.000    0.000    0.000 signals.py:42(registerResult)
        1    0.000    0.000    0.000    0.000 action.py:1050(WakePerceptionThinkingActionResult)
        1    0.000    0.000    0.000    0.000 context_routing.py:528(CandidateDecision)
        2    0.000    0.000    0.000    0.000 resources.py:28(_require_text)
        1    0.000    0.000    0.000    0.000 user_interaction_service.py:109(UserInteractionService)
        1    0.000    0.000    0.000    0.000 context_router_service.py:201(SubjectStateContextSource)
        1    0.000    0.000    0.000    0.000 __init__.py:1292(_ZipWriteFile)
        1    0.000    0.000    0.000    0.000 p17_execution_fixture.py:203(P17Fixture)
        1    0.000    0.000    0.000    0.000 p13_expression_fixture.py:33(P13Fixture)
        8    0.000    0.000    0.000    0.000 associative_recall_service.py:337(<genexpr>)
        2    0.000    0.000    0.000    0.000 {method 'acquire' of '_thread.RLock' objects}
        4    0.000    0.000    0.000    0.000 {method 'write' of '_io.BufferedRandom' objects}
       13    0.000    0.000    0.000    0.000 {built-in method sys._getframemodulename}
        1    0.000    0.000    0.000    0.000 _colorize.py:174(Syntax)
        1    0.000    0.000    0.000    0.000 case.py:253(_AssertRaisesContext)
        1    0.000    0.000    0.000    0.000 runner.py:189(__init__)
        1    0.000    0.000    0.000    0.000 typing.py:166(__getattr__)
        2    0.000    0.000    0.000    0.000 typing.py:1660(<genexpr>)
        1    0.000    0.000    0.000    0.000 action.py:580(ResourceAssessment)
        1    0.000    0.000    0.000    0.000 perception.py:289(CurrentFocus)
        1    0.000    0.000    0.000    0.000 context_routing.py:117(RetrievalBudget)
        1    0.000    0.000    0.000    0.000 integration_results.py:1531(IntegrationRequestQueryResult)
        1    0.000    0.000    0.000    0.000 integration_contract.py:169(Constraints)
        1    0.000    0.000    0.000    0.000 action_ports.py:28(RiskEvaluatorPort)
       22    0.000    0.000    0.000    0.000 json_memory_repository.py:753(<genexpr>)
        3    0.000    0.000    0.000    0.000 json_integration_repository.py:459(<genexpr>)
        3    0.000    0.000    0.000    0.000 _adapters.py:16(__getattr__)
        5    0.000    0.000    0.000    0.000 context_router_service.py:205(__init__)
        1    0.000    0.000    0.000    0.000 context_router_service.py:296(MemoryContextSource)
        1    0.000    0.000    0.000    0.000 sandbox.py:190(SandboxRuntime)
        8    0.000    0.000    0.000    0.000 w04_cross_entry_fixture.py:96(<genexpr>)
        1    0.000    0.000    0.000    0.000 cross_entry.py:72(__annotate__)
        1    0.000    0.000    0.000    0.000 difflib.py:1682(HtmlDiff)
       17    0.000    0.000    0.000    0.000 typing.py:501(__init_subclass__)
        1    0.000    0.000    0.000    0.000 events.py:109(StateMutation)
        1    0.000    0.000    0.000    0.000 events.py:178(EventReference)
        1    0.000    0.000    0.000    0.000 action.py:713(ActionStep)
        1    0.000    0.000    0.000    0.000 context_routing.py:378(ContextSourceCandidate)
        1    0.000    0.000    0.000    0.000 capability.py:339(CapabilityProvider)
        1    0.000    0.000    0.000    0.000 capability.py:366(CapabilityActualUsage)
        1    0.000    0.000    0.000    0.000 expression.py:36(ExpressionDecision)
        1    0.000    0.000    0.000    0.000 security.py:38(InterfaceAccessError)
        2    0.000    0.000    0.000    0.000 thinking_service.py:460(_depth_rank)
        1    0.000    0.000    0.000    0.000 models.py:132(ChatAPIRequest)
        1    0.000    0.000    0.000    0.000 numbers.py:292(Rational)
        1    0.000    0.000    0.000    0.000 p07_contradiction_fixture.py:388(P07GoldenScenarioResult)
        1    0.000    0.000    0.000    0.000 device_operation.py:54(__annotate__)
        1    0.000    0.000    0.000    0.000 json_environment_repository.py:16(JsonEnvironmentRepository)
        1    0.000    0.000    0.000    0.000 unfinished_item.py:36(UnfinishedItem)
       10    0.000    0.000    0.000    0.000 associative_recall_service.py:339(<genexpr>)
        6    0.000    0.000    0.000    0.000 {method 'title' of 'str' objects}
        1    0.000    0.000    0.000    0.000 traceback.py:981(_ExceptionPrintContext)
        3    0.000    0.000    0.000    0.000 traceback.py:720(_spawns_full_line)
        1    0.000    0.000    0.000    0.000 perception.py:532(Observation)
        1    0.000    0.000    0.000    0.000 integration_contract.py:9(Identity)
        4    0.000    0.000    0.000    0.000 action_permissions.py:16(__init__)
        4    0.000    0.000    0.000    0.000 action_evolution_service.py:24(__init__)
        1    0.000    0.000    0.000    0.000 _encoded_words.py:73(_QByteMap)
        1    0.000    0.000    0.000    0.000 typing_extensions.py:1024(__new__)
        6    0.000    0.000    0.000    0.000 validators.py:79(validates)
        1    0.000    0.000    0.000    0.000 subject_lifecycle.py:112(TestMigrationCommand)
        4    0.000    0.000    0.000    0.000 p17_execution_fixture.py:228(<genexpr>)
        1    0.000    0.000    0.000    0.000 _colorize.py:189(Traceback)
       31    0.000    0.000    0.000    0.000 signal.py:16(<lambda>)
        1    0.000    0.000    0.000    0.000 events.py:531(FieldChange)
        8    0.000    0.000    0.000    0.000 perception.py:209(<genexpr>)
        1    0.000    0.000    0.000    0.000 perception.py:101(PerceivedPlatformFact)
        1    0.000    0.000    0.000    0.000 base.py:315(SubjectBindingFixtureRepository)
        4    0.000    0.000    0.000    0.000 jsonschema.py:331(_maybe_in_subresource_crazy_items_dependencies)
        1    0.000    0.000    0.000    0.000 context_router_service.py:410(DerivedSummaryContextSource)
        1    0.000    0.000    0.000    0.000 scheduler_ports.py:8(NotificationAdapter)
        6    0.000    0.000    0.000    0.000 w04_cross_entry_fixture.py:80(<lambda>)
        1    0.000    0.000    0.000    0.000 subject_growth.py:39(__annotate__)
        1    0.000    0.000    0.000    0.000 environment_access.py:187(HistoryScope)
        1    0.000    0.000    0.000    0.000 cross_entry_service.py:35(__init__)
        1    0.000    0.000    0.000    0.000 subject_lifecycle.py:52(LifecycleCommand)
        1    0.000    0.000    0.000    0.000 subject_lifecycle.py:85(SubjectLifecycle)
        1    0.000    0.000    0.000    0.000 external_absorption.py:9(__annotate__)
        1    0.000    0.000    0.000    0.000 input_processing.py:22(StationReceipt)
       16    0.000    0.000    0.000    0.000 {method 'reverse' of 'list' objects}
        1    0.000    0.000    0.000    0.000 <frozen importlib._bootstrap>:1161(create_module)
        1    0.000    0.000    0.000    0.000 result.py:38(__init__)
        3    0.000    0.000    0.000    0.000 traceback.py:982(__init__)
        1    0.000    0.000    0.000    0.000 runner.py:59(startTest)
        1    0.000    0.000    0.000    0.000 main.py:56(TestProgram)
        1    0.000    0.000    0.000    0.000 perception.py:426(MemoryImpact)
        1    0.000    0.000    0.000    0.000 hmac.py:42(HMAC)
        9    0.000    0.000    0.000    0.000 action_planning.py:159(__init__)
        1    0.000    0.000    0.000    0.000 learning.py:80(_parse_datetime)
        1    0.000    0.000    0.000    0.000 ipaddress.py:558(_BaseAddress)
        9    0.000    0.000    0.000    0.000 _format.py:101(_cls_checks)
        1    0.000    0.000    0.000    0.000 environment_access.py:163(AttachmentUse)
        1    0.000    0.000    0.000    0.000 p06_context_fixture.py:52(P06LocalFactMaterialResolver)
        3    0.000    0.000    0.000    0.000 p17_execution_fixture.py:190(__init__)
       11    0.000    0.000    0.000    0.000 associative_recall_service.py:338(<genexpr>)
        2    0.000    0.000    0.000    0.000 {method 'set' of '_contextvars.ContextVar' objects}
        1    0.000    0.000    0.000    0.000 <frozen importlib._bootstrap_external>:1117(_recalculate)
       16    0.000    0.000    0.000    0.000 <frozen importlib._bootstrap>:1017(is_package)
        1    0.000    0.000    0.000    0.000 <frozen codecs>:94(__new__)
        1    0.000    0.000    0.000    0.000 _colorize.py:157(Argparse)
        1    0.000    0.000    0.000    0.000 _colorize.py:16(ANSIColors)
        1    0.000    0.000    0.000    0.000 threading.py:408(notify)
        1    0.000    0.000    0.000    0.000 continuity_interaction_service.py:1292(_verify_core_evolution)
        1    0.000    0.000    0.000    0.000 tempfile.py:133(_RandomNameSequence)
        1    0.000    0.000    0.000    0.000 memory.py:220(MemoryRelevanceDecision)
        1    0.000    0.000    0.000    0.000 typing.py:2868(SupportsFloat)
        1    0.000    0.000    0.000    0.000 expression.py:103(ExpressionArtifact)
        1    0.000    0.000    0.000    0.000 base.py:124(LearningRepository)
        1    0.000    0.000    0.000    0.000 threading.py:278(Condition)
        1    0.000    0.000    0.000    0.000 header.py:417(_ValueFormatter)
        1    0.000    0.000    0.000    0.000 _compat.py:40(_AnnotationExtractor)
        1    0.000    0.000    0.000    0.000 _make.py:2429(Attribute)
        1    0.000    0.000    0.000    0.000 external_capabilities.py:67(ExternalCandidate)
        1    0.000    0.000    0.000    0.000 external_capabilities.py:100(ProviderResult)
        4    0.000    0.000    0.000    0.000 unfinished_item_service.py:18(__init__)
        7    0.000    0.000    0.000    0.000 {method 'seek' of '_io.BufferedReader' objects}
        1    0.000    0.000    0.000    0.000 {built-in method maketrans}
        1    0.000    0.000    0.000    0.000 {built-in method _hashlib.openssl_sha512}
        2    0.000    0.000    0.000    0.000 result.py:172(wasSuccessful)
        1    0.000    0.000    0.000    0.000 inspect.py:2200(RewriteSymbolics)
        1    0.000    0.000    0.000    0.000 suite.py:37(countTestCases)
        3    0.000    0.000    0.000    0.000 signal.py:51(decorator)
        1    0.000    0.000    0.000    0.000 tempfile.py:963(__repr__)
        1    0.000    0.000    0.000    0.000 typing.py:351(_deduplicate)
        1    0.000    0.000    0.000    0.000 typing.py:3592(BinaryIO)
        1    0.000    0.000    0.000    0.000 typing.py:3660(_IdentityCallable)
        1    0.000    0.000    0.000    0.000 perception.py:371(RelationshipPerception)
        1    0.000    0.000    0.000    0.000 perception.py:322(TemporalPerception)
        1    0.000    0.000    0.000    0.000 context_routing.py:182(RoutingSignal)
        1    0.000    0.000    0.000    0.000 timeline.py:53(TimelineQuery)
        1    0.000    0.000    0.000    0.000 scheduling.py:134(QuietHours)
        1    0.000    0.000    0.000    0.000 in_memory_action_repository.py:5(InMemoryActionRepository)
        1    0.000    0.000    0.000    0.000 action_service.py:91(<lambda>)
        1    0.000    0.000    0.000    0.000 integration_contract_validation.py:71(MachineContractValidator)
        1    0.000    0.000    0.000    0.000 _policybase.py:27(_PolicyBase)
        1    0.000    0.000    0.000    0.000 _adapters.py:46(SpecPath)
        1    0.000    0.000    0.000    0.000 context_composer_service.py:52(TrustedContextResolverBinding)
        1    0.000    0.000    0.000    0.000 capability_ports.py:15(CapabilityRepository)
        1    0.000    0.000    0.000    0.000 external_absorption.py:60(AbsorptionDecision)
       14    0.000    0.000    0.000    0.000 associative_recall_service.py:131(<genexpr>)
        7    0.000    0.000    0.000    0.000 {method '__exit__' of '_thread.lock' objects}
       11    0.000    0.000    0.000    0.000 <frozen importlib._bootstrap_external>:1040(__init__)
        1    0.000    0.000    0.000    0.000 _weakrefset.py:45(add)
        6    0.000    0.000    0.000    0.000 thinking.py:579(validate_provider_execution)
        1    0.000    0.000    0.000    0.000 _os.py:487(DirEntryInfo)
        1    0.000    0.000    0.000    0.000 integration_contract.py:37(Conversation)
        1    0.000    0.000    0.000    0.000 base.py:106(PermissionRepository)
        1    0.000    0.000    0.000    0.000 timeline.py:96(TimelineResult)
        1    0.000    0.000    0.000    0.000 evolution.py:78(SubjectStateEvolver)
        1    0.000    0.000    0.000    0.000 socketserver.py:392(TCPServer)
        1    0.000    0.000    0.000    0.000 client.py:188(HTTPMessage)
        1    0.000    0.000    0.000    0.000 client.py:1474(HTTPSConnection)
        1    0.000    0.000    0.000    0.000 iterators.py:1(<module>)
        1    0.000    0.000    0.000    0.000 expression_policy_service.py:21(__init__)
        1    0.000    0.000    0.000    0.000 p09_core_fixture.py:121(P09Fixture)
        1    0.000    0.000    0.000    0.000 p16_provider_fixture.py:26(FakeBroker)
        1    0.000    0.000    0.000    0.000 external_absorption.py:94(ExternalAbsorptionRecord)
       10    0.000    0.000    0.000    0.000 __future__.py:83(__init__)
        1    0.000    0.000    0.000    0.000 argparse.py:1753(_ArgumentGroup)
        4    0.000    0.000    0.000    0.000 suite.py:34(__iter__)
        1    0.000    0.000    0.000    0.000 typing.py:1791(_UnpackGenericAlias)
        1    0.000    0.000    0.000    0.000 api_service.py:34(InterfaceOperationError)
        1    0.000    0.000    0.000    0.000 socketserver.py:678(ThreadingMixIn)
        1    0.000    0.000    0.000    0.000 platform.py:882(_Processor)
        1    0.000    0.000    0.000    0.000 resource_aware_wake_scheduler.py:33(ResourceAwareWakeScheduler)
        1    0.000    0.000    0.000    0.000 skill_adapter.py:35(APIBackedSkillAdapter)
        1    0.000    0.000    0.000    0.000 local_integration_app.py:51(LocalIntegrationApp)
        1    0.000    0.000    0.000    0.000 p07_contradiction_fixture.py:159(_TrustedResolutionFixtureRecord)
        1    0.000    0.000    0.000    0.000 external_capabilities.py:67(__annotate__)
        1    0.000    0.000    0.000    0.000 external_absorption.py:60(__annotate__)
        1    0.000    0.000    0.000    0.000 result.py:79(stopTest)
       17    0.000    0.000    0.000    0.000 argparse.py:702(_get_help_string)
        1    0.000    0.000    0.000    0.000 awakening.py:628(AwakeningResult)
        1    0.000    0.000    0.000    0.000 typing.py:2144(_AnnotatedAlias)
        1    0.000    0.000    0.000    0.000 learning.py:65(_confidence)
        4    0.000    0.000    0.000    0.000 deterministic_integration_providers.py:70(__init__)
        1    0.000    0.000    0.000    0.000 client.py:1526(IncompleteRead)
        1    0.000    0.000    0.000    0.000 validators.py:204(__call__)
        1    0.000    0.000    0.000    0.000 exceptions.py:18(NoSuchResource)
        1    0.000    0.000    0.000    0.000 context_router_service.py:519(TimelineContextSource)
        1    0.000    0.000    0.000    0.000 resource_aware_wake_scheduler.py:23(WakeScheduleResult)
        5    0.000    0.000    0.000    0.000 context_material_resolvers.py:86(__init__)
        1    0.000    0.000    0.000    0.000 input_context_source.py:146(HistoricalInputContextSource)
        1    0.000    0.000    0.000    0.000 {built-in method _hashlib.openssl_sha3_384}
        9    0.000    0.000    0.000    0.000 enum.py:1443(<lambda>)
        1    0.000    0.000    0.000    0.000 argparse.py:2646(_get_value)
        2    0.000    0.000    0.000    0.000 inspect.py:2181(parse_name)
       11    0.000    0.000    0.000    0.000 traceback.py:951(<lambda>)
        1    0.000    0.000    0.000    0.000 argparse.py:1419(_ActionsContainer)
        1    0.000    0.000    0.000    0.000 decoder.py:262(JSONDecoder)
       14    0.000    0.000    0.000    0.000 thinking.py:495(<genexpr>)
        1    0.000    0.000    0.000    0.000 timeline.py:32(TimelineEntry)
        1    0.000    0.000    0.000    0.000 json_memory_repository.py:1137(_empty_document)
        6    0.000    0.000    0.000    0.000 _make.py:3142(_get_global_name)
        1    0.000    0.000    0.000    0.000 typing_extensions.py:3847(Doc)
        1    0.000    0.000    0.000    0.000 mcp_adapter.py:12(ContinuityMCPAdapter)
        1    0.000    0.000    0.000    0.000 environment_access.py:230(MigrationPreparation)
        1    0.000    0.000    0.000    0.000 persistence.py:297(SandboxActionRepository)
        1    0.000    0.000    0.000    0.000 w04_cross_entry_fixture.py:34(EntryThinking)
       15    0.000    0.000    0.000    0.000 p09_core_fixture.py:46(reality_allowed)
        3    0.000    0.000    0.000    0.000 execution_context_source.py:21(__init__)
        1    0.000    0.000    0.000    0.000 dynamic_mind.py:226(__annotate__)
        1    0.000    0.000    0.000    0.000 {built-in method _hashlib.openssl_sha224}
        1    0.000    0.000    0.000    0.000 {built-in method _hashlib.openssl_sha384}
        1    0.000    0.000    0.000    0.000 {built-in method _hashlib.openssl_sha3_512}
        1    0.000    0.000    0.000    0.000 _weakrefset.py:12(__init__)
        1    0.000    0.000    0.000    0.000 argparse.py:1067(__init__)
        1    0.000    0.000    0.000    0.000 random.py:225(__init_subclass__)
        1    0.000    0.000    0.000    0.000 tempfile.py:487(_TemporaryFileWrapper)
        1    0.000    0.000    0.000    0.000 typing.py:2923(SupportsRound)
        1    0.000    0.000    0.000    0.000 typing.py:2879(SupportsComplex)
        1    0.000    0.000    0.000    0.000 typing.py:2901(SupportsIndex)
        1    0.000    0.000    0.000    0.000 integration_results.py:1510(LedgerLookupResult)
        8    0.000    0.000    0.000    0.000 learning.py:59(_optional_text)
        1    0.000    0.000    0.000    0.000 threading.py:146(_RLock)
        9    0.000    0.000    0.000    0.000 json_memory_repository.py:184(<lambda>)
        4    0.000    0.000    0.000    0.000 deterministic_integration_providers.py:34(__init__)
        1    0.000    0.000    0.000    0.000 ssl.py:159(TLSVersion)
        4    0.000    0.000    0.000    0.000 selectors.py:568(_can_use)
       10    0.000    0.000    0.000    0.000 context_router_service.py:816(<genexpr>)
        2    0.000    0.000    0.000    0.000 validators.py:296(__call__)
        1    0.000    0.000    0.000    0.000 context_material_resolvers.py:41(ExactContextPayload)
        1    0.000    0.000    0.000    0.000 _adapters.py:81(ChildPath)
        1    0.000    0.000    0.000    0.000 p16_provider_fixture.py:39(FakePermissions)
        1    0.000    0.000    0.000    0.000 cross_entry_service.py:367(__init__)
        1    0.000    0.000    0.000    0.000 entry_context_source.py:37(__init__)
        1    0.000    0.000    0.000    0.000 associative_recall.py:11(__annotate__)
        1    0.000    0.000    0.000    0.000 suite.py:92(TestSuite)
        1    0.000    0.000    0.000    0.000 _streams.py:9(BaseStream)
        1    0.000    0.000    0.000    0.000 memory.py:1165(MemoryActivationConfig)
        1    0.000    0.000    0.000    0.000 base.py:307(SchedulerRepository)
        1    0.000    0.000    0.000    0.000 ports.py:30(ContinuityAPI)
        1    0.000    0.000    0.000    0.000 thinking_ports.py:8(ThinkingProvider)
        1    0.000    0.000    0.000    0.000 exceptions.py:241(_WrappedReferencingError)
        1    0.000    0.000    0.000    0.000 exceptions.py:301(FormatError)
        1    0.000    0.000    0.000    0.000 _utils.py:7(URIDict)
        1    0.000    0.000    0.000    0.000 p03_timeline_fixture.py:32(P03TemporalFactFixture)
        1    0.000    0.000    0.000    0.000 models.py:50(SandboxOperationError)
        1    0.000    0.000    0.000    0.000 p07_contradiction_fixture.py:278(P07DeterministicResolutionEvidenceVerifier)
        1    0.000    0.000    0.000    0.000 integration_adapter.py:19(IntegrationAdapter)
        1    0.000    0.000    0.000    0.000 cross_entry_service.py:16(__init__)
        2    0.000    0.000    0.000    0.000 input_processing_service.py:279(<genexpr>)
        1    0.000    0.000    0.000    0.000 {built-in method math.exp}
        1    0.000    0.000    0.000    0.000 {built-in method _hashlib.openssl_sha3_256}
        1    0.000    0.000    0.000    0.000 {built-in method _hashlib.openssl_shake_256}
        1    0.000    0.000    0.000    0.000 contextlib.py:105(_GeneratorContextManagerBase)
        1    0.000    0.000    0.000    0.000 action_service.py:384(_step_parameters)
        2    0.000    0.000    0.000    0.000 perception_rules.py:154(_metadata_datetime)
        1    0.000    0.000    0.000    0.000 typing.py:365(_flatten_literal_params)
        1    0.000    0.000    0.000    0.000 memory.py:1195(MemoryActivationDecision)
        1    0.000    0.000    0.000    0.000 action_planning.py:150(AutonomousActionPlan)
        4    0.000    0.000    0.000    0.000 memory_service.py:62(<genexpr>)
        1    0.000    0.000    0.000    0.000 models.py:100(ThinkingAPIRequest)
        1    0.000    0.000    0.000    0.000 _parseaddr.py:518(AddressList)
        1    0.000    0.000    0.000    0.000 abc.py:153(TraversableResources)
        1    0.000    0.000    0.000    0.000 selectors.py:210(_BaseSelectorImpl)
        1    0.000    0.000    0.000    0.000 validators.py:617(_subclass_of)
        2    0.000    0.000    0.000    0.000 action_planning_service.py:146(<genexpr>)
        1    0.000    0.000    0.000    0.000 context_router_service.py:116(ContextSourceQuery)
        1    0.000    0.000    0.000    0.000 capability_schema.py:62(CapabilitySchemaRegistry)
        1    0.000    0.000    0.000    0.000 p16_provider_fixture.py:98(_Thinking)
        1    0.000    0.000    0.000    0.000 persistent_runtime.py:50(__annotate__)
        1    0.000    0.000    0.000    0.000 {method 'union' of 'set' objects}
        5    0.000    0.000    0.000    0.000 functools.py:1101(__set_name__)
        1    0.000    0.000    0.000    0.000 case.py:699(doCleanups)
        2    0.000    0.000    0.000    0.000 enum.py:1299(__hash__)
        1    0.000    0.000    0.000    0.000 _colorize.py:201(Unittest)
        3    0.000    0.000    0.000    0.000 warnings.py:84(__exit__)
        1    0.000    0.000    0.000    0.000 contextlib.py:89(AsyncContextDecorator)
        2    0.000    0.000    0.000    0.000 contextlib.py:475(_create_exit_wrapper)
        1    0.000    0.000    0.000    0.000 _colorize.py:157(__annotate__)
        1    0.000    0.000    0.000    0.000 case.py:1537(FunctionTestCase)
        1    0.000    0.000    0.000    0.000 suite.py:16(BaseTestSuite)
        1    0.000    0.000    0.000    0.000 __init__.py:49(_PathParents)
        1    0.000    0.000    0.000    0.000 encoder.py:74(JSONEncoder)
        1    0.000    0.000    0.000    0.000 thinking.py:814(ThinkingExecutionResult)
        1    0.000    0.000    0.000    0.000 integration_results.py:123(to_dict)
        1    0.000    0.000    0.000    0.000 base.py:64(AwakeningRepository)
        1    0.000    0.000    0.000    0.000 action_evolution_service.py:21(ActionEvolutionService)
        4    0.000    0.000    0.000    0.000 thinking_service.py:33(__init__)
        1    0.000    0.000    0.000    0.000 parse.py:361(_fix_result_transcoding)
        1    0.000    0.000    0.000    0.000 parser.py:16(Parser)
        1    0.000    0.000    0.000    0.000 ssl.py:185(_TLSAlertType)
        1    0.000    0.000    0.000    0.000 typing.py:42(Anchor)
        1    0.000    0.000    0.000    0.000 _adapters.py:112(OrphanPath)
        1    0.000    0.000    0.000    0.000 context_router_service.py:144(ContextCandidateSource)
        1    0.000    0.000    0.000    0.000 execution.py:34(__annotate__)
        1    0.000    0.000    0.000    0.000 external_capabilities.py:31(__annotate__)
        1    0.000    0.000    0.000    0.000 subject_lifecycle.py:38(__annotate__)
        1    0.000    0.000    0.000    0.000 subject_lifecycle.py:52(__annotate__)
        4    0.000    0.000    0.000    0.000 {method 'copy' of 'list' objects}
        1    0.000    0.000    0.000    0.000 case.py:46(__init__)
        1    0.000    0.000    0.000    0.000 argparse.py:1002(_StoreConstAction)
        1    0.000    0.000    0.000    0.000 glob.py:560(_PathGlobber)
        1    0.000    0.000    0.000    0.000 typing.py:1974(_ProtocolMeta)
        1    0.000    0.000    0.000    0.000 typing.py:2964(NamedTupleMeta)
        4    0.000    0.000    0.000    0.000 contradiction.py:80(<genexpr>)
        4    0.000    0.000    0.000    0.000 perception_rules.py:187(<genexpr>)
        1    0.000    0.000    0.000    0.000 threading.py:313(__enter__)
        1    0.000    0.000    0.000    0.000 memory_service.py:40(MemoryService)
        1    0.000    0.000    0.000    0.000 user_interaction_service.py:53(UserInteractionResult)
        1    0.000    0.000    0.000    0.000 selectors.py:281(SelectSelector)
        1    0.000    0.000    0.000    0.000 exceptions.py:277(UnknownType)
        6    0.000    0.000    0.000    0.000 _make.py:1062(make_unhashable)
        1    0.000    0.000    0.000    0.000 jsonschema.py:595(DynamicAnchor)
        1    0.000    0.000    0.000    0.000 _adapters.py:7(SpecLoaderAdapter)
        7    0.000    0.000    0.000    0.000 contradiction_detector_service.py:174(<genexpr>)
        1    0.000    0.000    0.000    0.000 p03_timeline_fixture.py:93(_MutableClock)
        3    0.000    0.000    0.000    0.000 w04_cross_entry_fixture.py:79(<lambda>)
        1    0.000    0.000    0.000    0.000 device_operation.py:11(__annotate__)
        1    0.000    0.000    0.000    0.000 external_capabilities.py:100(__annotate__)
        1    0.000    0.000    0.000    0.000 subject_lifecycle.py:112(__annotate__)
        1    0.000    0.000    0.000    0.000 p16_provider_fixture.py:109(_Constraints)
        1    0.000    0.000    0.000    0.000 environment_access_service.py:22(SensorObservation)
        1    0.000    0.000    0.000    0.000 associative_recall.py:11(RecallPolicy)
        1    0.000    0.000    0.000    0.000 contextlib.py:775(nullcontext)
        1    0.000    0.000    0.000    0.000 contextlib.py:557(ExitStack)
        1    0.000    0.000    0.000    0.000 difflib.py:724(Differ)
        1    0.000    0.000    0.000    0.000 loader.py:74(__init__)
        3    0.000    0.000    0.000    0.000 suite.py:188(_get_previous_module)
        1    0.000    0.000    0.000    0.000 loader.py:22(_FailedTest)
        1    0.000    0.000    0.000    0.000 tempfile.py:433(_TemporaryFileCloser)
        1    0.000    0.000    0.000    0.000 context_routing.py:429(ContextSourceBatch)
        1    0.000    0.000    0.000    0.000 expression.py:80(__annotate__)
        1    0.000    0.000    0.000    0.000 action_planning.py:158(OptionalActionPlanner)
        1    0.000    0.000    0.000    0.000 scheduling.py:425(NotificationRequest)
        1    0.000    0.000    0.000    0.000 deterministic_integration_providers.py:109(DeterministicThinkingProvider)
        4    0.000    0.000    0.000    0.000 integration_result_factory.py:42(__init__)
        1    0.000    0.000    0.000    0.000 perception_service.py:16(PerceptionService)
        1    0.000    0.000    0.000    0.000 feedparser.py:532(BytesFeedParser)
        1    0.000    0.000    0.000    0.000 _parseaddr.py:215(AddrlistClass)
        1    0.000    0.000    0.000    0.000 __init__.py:83(InitializedState)
        1    0.000    0.000    0.000    0.000 <attrs generated methods jsonschema.validators.create.<locals>.Validator>:1(<module>)
        2    0.000    0.000    0.000    0.000 continuity_core_service.py:586(<genexpr>)
        1    0.000    0.000    0.000    0.000 p07_contradiction_fixture.py:56(P07StructuredClaimFixtureResolver)
        2    0.000    0.000    0.000    0.000 continuity_core_service.py:287(<lambda>)
        1    0.000    0.000    0.000    0.000 continuity_core_service.py:64(ContinuityCoreGates)
        1    0.000    0.000    0.000    0.000 external_capability_service.py:16(_Adapter)
        1    0.000    0.000    0.000    0.000 w04_device_fixture.py:29(SimulatedDeviceStore)
        1    0.000    0.000    0.000    0.000 expression_ports.py:16(DeterministicPresentation)
        1    0.000    0.000    0.000    0.000 dynamic_mind.py:226(MindEvolution)
        1    0.000    0.000    0.000    0.000 w02_input_fixture.py:29(W02InputFixture)
        2    0.000    0.000    0.000    0.000 execution_context_source.py:53(<genexpr>)
        2    0.000    0.000    0.000    0.000 copyreg.py:12(pickle)
        1    0.000    0.000    0.000    0.000 _py_warnings.py:596(catch_warnings)
        1    0.000    0.000    0.000    0.000 argparse.py:998(__call__)
        1    0.000    0.000    0.000    0.000 memory.py:1202(MemoryActivationPolicy)
        1    0.000    0.000    0.000    0.000 permissions.py:335(PermissionChangeResult)
        1    0.000    0.000    0.000    0.000 validators.py:43(__getattr__)
        1    0.000    0.000    0.000    0.000 resources.py:454(ResourceAllocation)
        1    0.000    0.000    0.000    0.000 scheduling.py:489(SchedulerAdmissionResult)
        2    0.000    0.000    0.000    0.000 subject_state_service.py:152(<genexpr>)
        1    0.000    0.000    0.000    0.000 threading.py:591(Event)
        1    0.000    0.000    0.000    0.000 base.py:46(SubjectStateRepository)
        3    0.000    0.000    0.000    0.000 json_integration_repository.py:455(<genexpr>)
        2    0.000    0.000    0.000    0.000 learning_service.py:42(__init__)
        1    0.000    0.000    0.000    0.000 server.py:158(HTTPSServer)
        1    0.000    0.000    0.000    0.000 converters.py:66(default_if_none)
        1    0.000    0.000    0.000    0.000 validators.py:113(instance_of)
        1    0.000    0.000    0.000    0.000 _core.py:726(Anchor)
        1    0.000    0.000    0.000    0.000 typing_extensions.py:1083(_TypedDictMeta)
        1    0.000    0.000    0.000    0.000 __init__.py:176(FastLookup)
        1    0.000    0.000    0.000    0.000 <attrs generated methods jsonschema._types.TypeChecker>:1(<module>)
        1    0.000    0.000    0.000    0.000 p05_context_fixture.py:59(P05VersionedLocalFact)
        1    0.000    0.000    0.000    0.000 execution.py:75(BlastRadius)
        1    0.000    0.000    0.000    0.000 p08_action_fixture.py:128(TestChoiceProducer)
        1    0.000    0.000    0.000    0.000 continuity_core_service.py:29(CoreActionPolicy)
        1    0.000    0.000    0.000    0.000 p17_execution_fixture.py:28(FakeWorldStore)
        4    0.000    0.000    0.000    0.000 result.py:84(_restoreStdout)
        9    0.000    0.000    0.000    0.000 annotationlib.py:250(__forward_arg__)
        1    0.000    0.000    0.000    0.000 case.py:712(doClassCleanups)
        1    0.000    0.000    0.000    0.000 _colorize.py:174(__annotate__)
        1    0.000    0.000    0.000    0.000 _py_warnings.py:616(__init__)
        1    0.000    0.000    0.000    0.000 contextlib.py:129(_GeneratorContextManager)
        3    0.000    0.000    0.000    0.000 argparse.py:224(__init__)
        1    0.000    0.000    0.000    0.000 runner.py:181(TextTestRunner)
        1    0.000    0.000    0.000    0.000 typing.py:1215(_BaseGenericAlias)
        1    0.000    0.000    0.000    0.000 threading.py:328(_is_owned)
        4    0.000    0.000    0.000    0.000 memory_service.py:78(<genexpr>)
        2    0.000    0.000    0.000    0.000 memory_service.py:79(<lambda>)
        1    0.000    0.000    0.000    0.000 parse.py:190(_NetlocResultMixinStr)
        1    0.000    0.000    0.000    0.000 selectors.py:60(_SelectorMapping)
        1    0.000    0.000    0.000    0.000 <attrs generated methods referencing._core.Registry>:1(<module>)
        1    0.000    0.000    0.000    0.000 _typing.py:12(SchemaKeywordValidator)
        1    0.000    0.000    0.000    0.000 readers.py:22(FileReader)
        1    0.000    0.000    0.000    0.000 context_material_resolvers.py:198(DerivedSummaryMaterialResolver)
        4    0.000    0.000    0.000    0.000 context_router_service.py:523(__init__)
        7    0.000    0.000    0.000    0.000 contradiction_detector_service.py:168(<genexpr>)
        1    0.000    0.000    0.000    0.000 p05_context_fixture.py:169(P05GoldenScenarioResult)
        1    0.000    0.000    0.000    0.000 models.py:499(CleanupResult)
        3    0.000    0.000    0.000    0.000 persistence.py:165(__init__)
        2    0.000    0.000    0.000    0.000 continuity_core_service.py:93(__init__)
        1    0.000    0.000    0.000    0.000 cross_entry_service.py:15(EntryPermission)
        1    0.000    0.000    0.000    0.000 c1_snapshot.py:10(profile_for)
        6    0.000    0.000    0.000    0.000 {method 'count' of 'list' objects}
        2    0.000    0.000    0.000    0.000 <frozen importlib._bootstrap_external>:1103(_find_parent_path_names)
        1    0.000    0.000    0.000    0.000 contextlib.py:342(closing)
        1    0.000    0.000    0.000    0.000 contextlib.py:367(aclosing)
        1    0.000    0.000    0.000    0.000 contextlib.py:433(suppress)
        1    0.000    0.000    0.000    0.000 contextlib.py:802(chdir)
        1    0.000    0.000    0.000    0.000 argparse.py:1399(Namespace)
        1    0.000    0.000    0.000    0.000 random.py:888(SystemRandom)
        1    0.000    0.000    0.000    0.000 typing.py:3138(_TypedDictMeta)
        1    0.000    0.000    0.000    0.000 learning.py:638(LearningChangeResult)
        1    0.000    0.000    0.000    0.000 expression.py:80(PresentationCandidate)
        3    0.000    0.000    0.000    0.000 execution_service.py:290(_compensation_binding)
        4    0.000    0.000    0.000    0.000 in_memory_action_repository.py:8(__init__)
        1    0.000    0.000    0.000    0.000 json_thinking_repository.py:124(<lambda>)
        1    0.000    0.000    0.000    0.000 contract_test_bootstrap.py:28(FirstRoundContractBootstrap)
        1    0.000    0.000    0.000    0.000 http_server.py:27(FrontendHTTPServer)
        4    0.000    0.000    0.000    0.000 deterministic_integration_providers.py:196(__init__)
        4    0.000    0.000    0.000    0.000 integration_contract_validation.py:74(__init__)
        1    0.000    0.000    0.000    0.000 security.py:32(InterfaceAccessGrant)
        1    0.000    0.000    0.000    0.000 __init__.py:203(Formatter)
        1    0.000    0.000    0.000    0.000 selectors.py:330(_PollLikeSelector)
        1    0.000    0.000    0.000    0.000 _core.py:606(Retrieved)
        1    0.000    0.000    0.000    0.000 <attrs generated methods attr.validators._OrValidator>:1(<module>)
        1    0.000    0.000    0.000    0.000 exceptions.py:38(NoInternalID)
        1    0.000    0.000    0.000    0.000 exceptions.py:97(Unresolvable)
        3    0.000    0.000    0.000    0.000 _adapters.py:141(__init__)
        1    0.000    0.000    0.000    0.000 jsonschema.py:280(_maybe_in_subresource)
        4    0.000    0.000    0.000    0.000 timeline_service.py:19(__init__)
        4    0.000    0.000    0.000    0.000 context_router_service.py:300(__init__)
        1    0.000    0.000    0.000    0.000 persistence.py:215(SandboxMemoryRepository)
        4    0.000    0.000    0.000    0.000 capability_contract_validation.py:17(__init__)
        1    0.000    0.000    0.000    0.000 p11_scheduler_fixture.py:460(P11GoldenScenarioResult)
        1    0.000    0.000    0.000    0.000 external_capabilities.py:16(__annotate__)
        1    0.000    0.000    0.000    0.000 environment_access_service.py:48(__init__)
        1    0.000    0.000    0.000    0.000 interaction.py:56(SandboxContractValidator)
        1    0.000    0.000    0.000    0.000 entry_context_source.py:12(EntryStateSource)
        2    0.000    0.000    0.000    0.000 execution_context_source.py:42(<lambda>)
        2    0.000    0.000    0.000    0.000 {method 'groups' of 're.Match' objects}
        4    0.000    0.000    0.000    0.000 {built-in method time.perf_counter}
        4    0.000    0.000    0.000    0.000 inspect.py:2742(annotation)
        1    0.000    0.000    0.000    0.000 contextlib.py:66(ContextDecorator)
        1    0.000    0.000    0.000    0.000 argparse.py:1995(_get_positional_actions)
        2    0.000    0.000    0.000    0.000 loader.py:29(__getattr__)
        1    0.000    0.000    0.000    0.000 typing.py:1615(_CallableGenericAlias)
        1    0.000    0.000    0.000    0.000 typing.py:3641(<generic parameters of reveal_type>)
        4    0.000    0.000    0.000    0.000 action.py:922(plan)
        1    0.000    0.000    0.000    0.000 scheduling.py:497(SchedulerTickResult)
        1    0.000    0.000    0.000    0.000 action_evaluators.py:20(RiskEvaluator)
        3    0.000    0.000    0.000    0.000 json_integration_repository.py:676(<genexpr>)
        1    0.000    0.000    0.000    0.000 integration_result_factory.py:39(FirstRoundResultFactory)
        1    0.000    0.000    0.000    0.000 parse.py:881(_Quoter)
        1    0.000    0.000    0.000    0.000 thinking_service.py:57(provider_id)
        4    0.000    0.000    0.000    0.000 deterministic_integration_providers.py:60(__init__)
        1    0.000    0.000    0.000    0.000 parser.py:75(BytesParser)
        1    0.000    0.000    0.000    0.000 ssl.py:227(_TLSMessageType)
        1    0.000    0.000    0.000    0.000 socketserver.py:528(UDPServer)
        1    0.000    0.000    0.000    0.000 _make.py:3029(Factory)
        1    0.000    0.000    0.000    0.000 typing_extensions.py:1019(NoExtraItemsType)
        1    0.000    0.000    0.000    0.000 exceptions.py:60(Unretrievable)
        1    0.000    0.000    0.000    0.000 exceptions.py:77(CannotDetermineSpecification)
        3    0.000    0.000    0.000    0.000 readers.py:34(files)
        1    0.000    0.000    0.000    0.000 numbers.py:37(Number)
        1    0.000    0.000    0.000    0.000 jsonschema.py:36(UnknownDialect)
        1    0.000    0.000    0.000    0.000 context_material_resolvers.py:82(SubjectStateMaterialResolver)
        1    0.000    0.000    0.000    0.000 context_material_resolvers.py:62(ExactContextMaterialResolver)
        1    0.000    0.000    0.000    0.000 context_material_resolvers.py:247(TimelineMaterialResolver)
        7    0.000    0.000    0.000    0.000 contradiction_detector_service.py:171(<genexpr>)
        1    0.000    0.000    0.000    0.000 p06_context_fixture.py:110(P06GoldenScenarioResult)
        1    0.000    0.000    0.000    0.000 p04_memory_fixture.py:26(P04GoldenScenarioResult)
        1    0.000    0.000    0.000    0.000 p07_contradiction_fixture.py:362(P07DeterministicSourceVersionVerifier)
        1    0.000    0.000    0.000    0.000 execution_service.py:15(_Adapter)
        1    0.000    0.000    0.000    0.000 subject_lifecycle.py:38(LifecyclePolicy)
        1    0.000    0.000    0.000    0.000 p17_execution_fixture.py:143(__init__)
        1    0.000    0.000    0.000    0.000 p17_execution_fixture.py:170(_Thinking)
        1    0.000    0.000    0.000    0.000 subject_lifecycle.py:85(__annotate__)
        4    0.000    0.000    0.000    0.000 {built-in method sys.exception}
        4    0.000    0.000    0.000    0.000 _parser.py:166(__delitem__)
        2    0.000    0.000    0.000    0.000 enum.py:414(<genexpr>)
        1    0.000    0.000    0.000    0.000 __future__.py:81(_Feature)
        4    0.000    0.000    0.000    0.000 result.py:65(_setupStdout)
        1    0.000    0.000    0.000    0.000 _colorize.py:189(__annotate__)
        1    0.000    0.000    0.000    0.000 result.py:59(startTest)
        1    0.000    0.000    0.000    0.000 _py_warnings.py:681(deprecated)
        1    0.000    0.000    0.000    0.000 contextlib.py:411(redirect_stdout)
        1    0.000    0.000    0.000    0.000 contextlib.py:393(_RedirectStream)
        1    0.000    0.000    0.000    0.000 argparse.py:109(_AttributeHolder)
        1    0.000    0.000    0.000    0.000 case.py:1595(_SubTest)
        1    0.000    0.000    0.000    0.000 _os.py:394(_WindowsPathInfo)
        1    0.000    0.000    0.000    0.000 thinking.py:821(WakePerceptionThinkingResult)
        2    0.000    0.000    0.000    0.000 perception_rules.py:120(<genexpr>)
        1    0.000    0.000    0.000    0.000 action_ports.py:14(PermissionProvider)
        1    0.000    0.000    0.000    0.000 threading.py:459(Semaphore)
        1    0.000    0.000    0.000    0.000 threading.py:1308(_make_invoke_excepthook)
        1    0.000    0.000    0.000    0.000 threading.py:1054(_set_native_id)
        1    0.000    0.000    0.000    0.000 contract_test_bootstrap.py:19(FirstRoundContractFixture)
        1    0.000    0.000    0.000    0.000 ports.py:18(PerceptionResultProvider)
        1    0.000    0.000    0.000    0.000 thinking_ports.py:21(TokenBudgetManager)
        4    0.000    0.000    0.000    0.000 memory_consolidation_service.py:80(<genexpr>)
        1    0.000    0.000    0.000    0.000 security.py:22(EndpointPolicy)
        2    0.000    0.000    0.000    0.000 __init__.py:81(_make_getattr)
        1    0.000    0.000    0.000    0.000 _core.py:616(Resolved)
        1    0.000    0.000    0.000    0.000 exceptions.py:133(NoSuchAnchor)
        1    0.000    0.000    0.000    0.000 <attrs generated methods referencing._core.Resolver>:1(<module>)
        1    0.000    0.000    0.000    0.000 __init__.py:2186(PyZipFile)
        1    0.000    0.000    0.000    0.000 p08_action_fixture.py:175(P08Fixture)
        4    0.000    0.000    0.000    0.000 integration_adapter.py:22(__init__)
        1    0.000    0.000    0.000    0.000 continuity_core_runtime.py:26(ContinuityCorePermissionPolicy)
        1    0.000    0.000    0.000    0.000 interaction.py:49(StandardInteractionExecution)
        1    0.000    0.000    0.000    0.000 interaction.py:98(SandboxFirstRoundResultFactory)
        1    0.000    0.000    0.000    0.000 p17_execution_fixture.py:152(__init__)
        1    0.000    0.000    0.000    0.000 persistent_runtime.py:31(__annotate__)
        1    0.000    0.000    0.000    0.000 persistent_runtime.py:71(RuntimeDeliveryPolicy)
        1    0.000    0.000    0.000    0.000 subject_growth.py:39(GrowthCommand)
        1    0.000    0.000    0.000    0.000 {built-in method math.sqrt}
        3    0.000    0.000    0.000    0.000 {method 'acquire' of '_thread.lock' objects}
        1    0.000    0.000    0.000    0.000 traceback.py:98(_Sentinel)
        1    0.000    0.000    0.000    0.000 <string>:12(__eq__)
        1    0.000    0.000    0.000    0.000 pprint.py:84(_safe_key)
        1    0.000    0.000    0.000    0.000 threading.py:546(BoundedSemaphore)
        1    0.000    0.000    0.000    0.000 learning.py:632(LearningCandidateResult)
        1    0.000    0.000    0.000    0.000 action_permissions.py:13(InMemoryPermissionProvider)
        1    0.000    0.000    0.000    0.000 threading.py:316(__exit__)
        4    0.000    0.000    0.000    0.000 json_integration_repository.py:254(capability_path)
        1    0.000    0.000    0.000    0.000 memory_ports.py:11(MemoryRetriever)
        1    0.000    0.000    0.000    0.000 memory_consolidation_service.py:33(MemoryConsolidationResult)
        1    0.000    0.000    0.000    0.000 memory_consolidation_service.py:40(MemoryPropagationResult)
        1    0.000    0.000    0.000    0.000 __init__.py:187(HTTPMethod)
        1    0.000    0.000    0.000    0.000 parse.py:220(_NetlocResultMixinBytes)
        1    0.000    0.000    0.000    0.000 ipaddress.py:2277(IPv6Network)
        1    0.000    0.000    0.000    0.000 parser.py:67(HeaderParser)
        1    0.000    0.000    0.000    0.000 exceptions.py:218(_RefResolutionError)
        1    0.000    0.000    0.000    0.000 <attrs generated methods referencing._core.Specification>:1(<module>)
        1    0.000    0.000    0.000    0.000 <attrs generated methods referencing._core.Anchor>:1(<module>)
        2    0.000    0.000    0.000    0.000 jsonschema.py:238(_subresources_of_with_crazy_aP_items_dependencies)
        1    0.000    0.000    0.000    0.000 __init__.py:751(LZMACompressor)
        1    0.000    0.000    0.000    0.000 context_router_service.py:128(ContextSourceValidation)
        1    0.000    0.000    0.000    0.000 context_router_service.py:176(EnginePrivateContextPermissionPolicy)
        4    0.000    0.000    0.000    0.000 context_material_resolvers.py:251(__init__)
        5    0.000    0.000    0.000    0.000 action_planning_service.py:113(<lambda>)
        1    0.000    0.000    0.000    0.000 capability_result_interpreter.py:8(CapabilityResultInterpreter)
        2    0.000    0.000    0.000    0.000 continuity_core_service.py:322(<lambda>)
        1    0.000    0.000    0.000    0.000 p09_core_fixture.py:28(CoreConstraints)
        1    0.000    0.000    0.000    0.000 expression_ports.py:12(PresentationPort)
        1    0.000    0.000    0.000    0.000 json_runtime_repository.py:23(RuntimeCheckpointBusy)
        2    0.000    0.000    0.000    0.000 integration_adapter.py:25(service)
        1    0.000    0.000    0.000    0.000 p13_expression_fixture.py:12(__init__)
        1    0.000    0.000    0.000    0.000 json_runtime_repository.py:28(RuntimeCheckpointWriteDeferred)
        4    0.000    0.000    0.000    0.000 p17_execution_fixture.py:157(recoverable)
        3    0.000    0.000    0.000    0.000 {method 'popitem' of 'dict' objects}
        1    0.000    0.000    0.000    0.000 _py_warnings.py:52(_Context)
        1    0.000    0.000    0.000    0.000 _colorize.py:201(__annotate__)
        1    0.000    0.000    0.000    0.000 suite.py:328(_ErrorHolder)
        1    0.000    0.000    0.000    0.000 argparse.py:965(_StoreAction)
        1    0.000    0.000    0.000    0.000 awakening_rules.py:4(WakeDecisionPolicy)
        1    0.000    0.000    0.000    0.000 contradiction.py:87(_json_scalar)
        6    0.000    0.000    0.000    0.000 integration_results.py:156(schema_version)
        1    0.000    0.000    0.000    0.000 evolution.py:20(FieldRule)
        1    0.000    0.000    0.000    0.000 expression.py:103(__annotate__)
        1    0.000    0.000    0.000    0.000 evolution.py:60(StateEvolutionResult)
        1    0.000    0.000    0.000    0.000 base.py:54(StateUpdateRecordRepository)
        1    0.000    0.000    0.000    0.000 base.py:78(ThinkingRepository)
        1    0.000    0.000    0.000    0.000 json_learning_repository.py:278(_empty_document)
        1    0.000    0.000    0.000    0.000 deterministic_integration_providers.py:67(DeterministicTokenBudgetManager)
        1    0.000    0.000    0.000    0.000 deterministic_integration_providers.py:174(DeferredCapabilityThinkingProvider)
        1    0.000    0.000    0.000    0.000 deterministic_integration_providers.py:31(DeterministicMemoryRetriever)
        1    0.000    0.000    0.000    0.000 _config.py:1(<module>)
        1    0.000    0.000    0.000    0.000 exceptions.py:6(FrozenError)
        1    0.000    0.000    0.000    0.000 typing_extensions.py:1315(_TypedDictSpecialForm)
        1    0.000    0.000    0.000    0.000 typing.py:25(Retrieve)
        1    0.000    0.000    0.000    0.000 exceptions.py:114(PointerToNowhere)
        1    0.000    0.000    0.000    0.000 exceptions.py:148(InvalidAnchor)
        1    0.000    0.000    0.000    0.000 __init__.py:884(_SharedFile)
        1    0.000    0.000    0.000    0.000 jsonschema.py:167(_subresources_of_with_crazy_items)
        2    0.000    0.000    0.000    0.000 jsonschema.py:199(_subresources_of_with_crazy_items_dependencies)
        2    0.000    0.000    0.000    0.000 action_planning_service.py:79(<genexpr>)
        4    0.000    0.000    0.000    0.000 context_material_resolvers.py:202(__init__)
        1    0.000    0.000    0.000    0.000 contradiction_detector_service.py:52(StructuredClaimResolver)
        1    0.000    0.000    0.000    0.000 p03_timeline_fixture.py:101(P03GoldenScenarioResult)
        1    0.000    0.000    0.000    0.000 p03_timeline_fixture.py:60(P03LocalEventFixtureAdapter)
        1    0.000    0.000    0.000    0.000 p09_core_fixture.py:50(CorePermissions)
        1    0.000    0.000    0.000    0.000 p13_expression_fixture.py:11(FakePresentation)
        1    0.000    0.000    0.000    0.000 p09_core_fixture.py:51(__init__)
        1    0.000    0.000    0.000    0.000 p09_core_fixture.py:78(__init__)
        1    0.000    0.000    0.000    0.000 persistent_runtime.py:31(RuntimePolicy)
        1    0.000    0.000    0.000    0.000 {built-in method sys.exit}
        3    0.000    0.000    0.000    0.000 <frozen _collections_abc>:411(__subclasshook__)
        1    0.000    0.000    0.000    0.000 inspect.py:180(ismodule)
        1    0.000    0.000    0.000    0.000 case.py:211(_AssertRaisesBaseContext)
        7    0.000    0.000    0.000    0.000 traceback.py:998(<lambda>)
        1    0.000    0.000    0.000    0.000 argparse.py:927(BooleanOptionalAction)
        1    0.000    0.000    0.000    0.000 signals.py:9(_InterruptHandler)
        1    0.000    0.000    0.000    0.000 action_service.py:299(_check_permissions)
        1    0.000    0.000    0.000    0.000 __init__.py:1285(PosixPath)
        1    0.000    0.000    0.000    0.000 _os.py:450(_PosixPathInfo)
        1    0.000    0.000    0.000    0.000 decoder.py:20(JSONDecodeError)
        1    0.000    0.000    0.000    0.000 typing.py:165(_LazyAnnotationLib)
        1    0.000    0.000    0.000    0.000 typing.py:2091(Protocol)
        1    0.000    0.000    0.000    0.000 typing.py:3752(<generic parameters of override>)
        1    0.000    0.000    0.000    0.000 errors.py:117(WakeExecutionError)
        1    0.000    0.000    0.000    0.000 memory.py:706(unique_evidence_count)
        4    0.000    0.000    0.000    0.000 perception_rules.py:189(<genexpr>)
        1    0.000    0.000    0.000    0.000 resource_policy.py:25(DepthCost)
        1    0.000    0.000    0.000    0.000 base.py:249(ResolutionEvidenceVerifier)
        1    0.000    0.000    0.000    0.000 ports.py:24(ActionSessionProvider)
        1    0.000    0.000    0.000    0.000 parse.py:136(_ResultMixinStr)
        1    0.000    0.000    0.000    0.000 user_interaction_service.py:30(DeterministicReplyComposer)
        1    0.000    0.000    0.000    0.000 integration_ports.py:10(SubjectBindingRepository)
        1    0.000    0.000    0.000    0.000 memory_consolidation_service.py:48(DeterministicDerivedSummaryGenerator)
        1    0.000    0.000    0.000    0.000 errors.py:37(MessageDefect)
        1    0.000    0.000    0.000    0.000 __init__.py:55(_TemplatePattern)
        1    0.000    0.000    0.000    0.000 ssl.py:170(_TLSContentType)
        1    0.000    0.000    0.000    0.000 socketserver.py:645(_Threads)
        1    0.000    0.000    0.000    0.000 _make.py:90(_CacheHashWrapper)
        4    0.000    0.000    0.000    0.000 <attrs generated methods attr.validators._OptionalValidator>:12(__init__)
        1    0.000    0.000    0.000    0.000 typing_extensions.py:167(_Sentinel)
        1    0.000    0.000    0.000    0.000 _attrs.py:20(UnsupportedSubclassing)
        1    0.000    0.000    0.000    0.000 __init__.py:927(_Tellable)
        1    0.000    0.000    0.000    0.000 _adapters.py:20(TraversableResourcesLoader)
        2    0.000    0.000    0.000    0.000 action_planning_service.py:169(<genexpr>)
        1    0.000    0.000    0.000    0.000 context_router_service.py:158(ContextPermissionPolicy)
        4    0.000    0.000    0.000    0.000 context_material_resolvers.py:144(__init__)
        1    0.000    0.000    0.000    0.000 context_composer_service.py:44(DeterministicContextTokenEstimator)
        1    0.000    0.000    0.000    0.000 continuity_core_runtime.py:145(<genexpr>)
        1    0.000    0.000    0.000    0.000 p08_action_fixture.py:145(TestActionConstraints)
        1    0.000    0.000    0.000    0.000 continuity_core_service.py:92(_CurrentConstraints)
        1    0.000    0.000    0.000    0.000 continuity_core_service.py:80(_BoundProducer)
        1    0.000    0.000    0.000    0.000 p17_execution_fixture.py:142(FakeExecutionBroker)
        1    0.000    0.000    0.000    0.000 utf_16_be.py:18(IncrementalEncoder)
        2    0.000    0.000    0.000    0.000 associative_recall_service.py:340(<genexpr>)
        1    0.000    0.000    0.000    0.000 persistent_runtime.py:58(RuntimeNeed)
        1    0.000    0.000    0.000    0.000 entry_context_source.py:36(EntryStateResolver)
        5    0.000    0.000    0.000    0.000 {method 'mro' of 'type' objects}
        1    0.000    0.000    0.000    0.000 _colorize.py:210(__annotate__)
        1    0.000    0.000    0.000    0.000 case.py:292(_AssertWarnsContext)
        1    0.000    0.000    0.000    0.000 json_integration_repository.py:1045(_validate_new_projection)
        1    0.000    0.000    0.000    0.000 argparse.py:1211(_ChoicesPseudoAction)
        1    0.000    0.000    0.000    0.000 runner.py:16(_WritelnDecorator)
        1    0.000    0.000    0.000    0.000 typing.py:424(_Sentinel)
        1    0.000    0.000    0.000    0.000 typing.py:1600(_DeprecatedGenericAlias)
        1    0.000    0.000    0.000    0.000 typing.py:1679(_UnionGenericAliasMeta)
        1    0.000    0.000    0.000    0.000 memory.py:398(MemoryRelevancePolicy)
        1    0.000    0.000    0.000    0.000 _impl.py:52(IntegerDomainError)
        1    0.000    0.000    0.000    0.000 scheduling.py:506(SchedulerCancelResult)
        1    0.000    0.000    0.000    0.000 _policybase.py:50(__init__)
        1    0.000    0.000    0.000    0.000 deterministic_integration_providers.py:193(DeterministicContractReplyComposer)
        1    0.000    0.000    0.000    0.000 memory_ports.py:23(DerivedSummaryGenerator)
        1    0.000    0.000    0.000    0.000 server.py:141(HTTPServer)
        1    0.000    0.000    0.000    0.000 parse.py:323(DefragResult)
        1    0.000    0.000    0.000    0.000 socket.py:215(_GiveupOnSendfile)
        1    0.000    0.000    0.000    0.000 socketserver.py:788(StreamRequestHandler)
        1    0.000    0.000    0.000    0.000 exceptions.py:200(ValidationError)
        1    0.000    0.000    0.000    0.000 typing_extensions.py:236(__init__)
        1    0.000    0.000    0.000    0.000 <attrs generated methods attr._make._AndValidator>:1(<module>)
        5    0.000    0.000    0.000    0.000 <attrs generated methods attr.validators._IsCallableValidator>:9(__init__)
        1    0.000    0.000    0.000    0.000 <attrs generated methods attr.validators._DeepIterable>:1(<module>)
        1    0.000    0.000    0.000    0.000 <attrs generated methods referencing.exceptions.NoSuchResource>:1(<module>)
        1    0.000    0.000    0.000    0.000 <attrs generated methods referencing.jsonschema.DynamicAnchor>:1(<module>)
        1    0.000    0.000    0.000    0.000 jsonschema.py:303(_maybe_in_subresource_crazy_items)
        1    0.000    0.000    0.000    0.000 context_material_resolvers.py:140(MemoryMaterialResolver)
        1    0.000    0.000    0.000    0.000 contradiction_detector_service.py:68(_ConflictGroup)
        1    0.000    0.000    0.000    0.000 context_composer_service.py:40(ContextTokenEstimator)
        1    0.000    0.000    0.000    0.000 persistence.py:395(SandboxTraceRepository)
        1    0.000    0.000    0.000    0.000 execution.py:75(__annotate__)
        1    0.000    0.000    0.000    0.000 w04_cross_entry_fixture.py:37(__init__)
        1    0.000    0.000    0.000    0.000 cross_entry_service.py:365(EntryDecisionPolicy)
        1    0.000    0.000    0.000    0.000 p09_core_fixture.py:75(CoreThinkingProvider)
        1    0.000    0.000    0.000    0.000 p17_execution_fixture.py:188(_Confirmation)
        1    0.000    0.000    0.000    0.000 persistent_runtime.py:58(__annotate__)
        1    0.000    0.000    0.000    0.000 persistent_runtime.py:71(__annotate__)
        2    0.000    0.000    0.000    0.000 {method 'pop' of 'collections.deque' objects}
        2    0.000    0.000    0.000    0.000 {method 'release' of '_thread.RLock' objects}
        2    0.000    0.000    0.000    0.000 {method 'isdisjoint' of 'set' objects}
        3    0.000    0.000    0.000    0.000 {built-in method _warnings._acquire_lock}
        1    0.000    0.000    0.000    0.000 argparse.py:2521(_get_nargs_pattern)
        1    0.000    0.000    0.000    0.000 _py_warnings.py:571(WarningMessage)
        1    0.000    0.000    0.000    0.000 codeop.py:125(CommandCompiler)
        1    0.000    0.000    0.000    0.000 warnings.py:79(_Lock)
        1    0.000    0.000    0.000    0.000 case.py:202(_BaseTestCaseContext)
        1    0.000    0.000    0.000    0.000 _colorize.py:346(set_theme)
        1    0.000    0.000    0.000    0.000 argparse.py:1159(_HelpAction)
        1    0.000    0.000    0.000    0.000 argparse.py:1180(_VersionAction)
        1    0.000    0.000    0.000    0.000 argparse.py:800(ArgumentError)
        1    0.000    0.000    0.000    0.000 argparse.py:1105(_AppendConstAction)
        1    0.000    0.000    0.000    0.000 typing.py:496(_Final)
        2    0.000    0.000    0.000    0.000 typing.py:1717(<genexpr>)
        1    0.000    0.000    0.000    0.000 typing.py:3109(_namedtuple_mro_entries)
        1    0.000    0.000    0.000    0.000 learning.py:184(source_identity)
        1    0.000    0.000    0.000    0.000 action_ports.py:36(ResourceEvaluatorPort)
        1    0.000    0.000    0.000    0.000 threading.py:1409(_DeleteDummyThreadOnDel)
        1    0.000    0.000    0.000    0.000 threading.py:1438(_DummyThread)
        1    0.000    0.000    0.000    0.000 memory_service.py:154(RepositoryMemoryRetriever)
        1    0.000    0.000    0.000    0.000 memory_ports.py:17(MemoryInfluenceRecorder)
        1    0.000    0.000    0.000    0.000 integration_ports.py:18(IntegrationReplyComposer)
        1    0.000    0.000    0.000    0.000 ipaddress.py:1126(_BaseConstants)
        1    0.000    0.000    0.000    0.000 errors.py:65(MultipartInvariantViolationDefect)
        1    0.000    0.000    0.000    0.000 errors.py:85(HeaderDefect)
        1    0.000    0.000    0.000    0.000 client.py:1515(UnknownProtocol)
        1    0.000    0.000    0.000    0.000 client.py:1559(LineTooLong)
        1    0.000    0.000    0.000    0.000 message.py:1212(EmailMessage)
        1    0.000    0.000    0.000    0.000 socketserver.py:742(BaseRequestHandler)
        1    0.000    0.000    0.000    0.000 socketserver.py:833(_SocketWriter)
        1    0.000    0.000    0.000    0.000 _make.py:288(_Attributes)
        1    0.000    0.000    0.000    0.000 exceptions.py:396(by_relevance)
        1    0.000    0.000    0.000    0.000 <attrs generated methods attr.validators._IsCallableValidator>:1(<module>)
        1    0.000    0.000    0.000    0.000 <attrs generated methods attr.validators._MinLengthValidator>:1(<module>)
        1    0.000    0.000    0.000    0.000 <attrs generated __eq__ attr._make.Converter>:1(<module>)
        1    0.000    0.000    0.000    0.000 validators.py:294(_IsCallableValidator)
        1    0.000    0.000    0.000    0.000 _core.py:78(_SpecificationDetector)
        1    0.000    0.000    0.000    0.000 <attrs generated methods attr.validators._SubclassOfValidator>:1(<module>)
        1    0.000    0.000    0.000    0.000 typing_extensions.py:2267(_TypeFormForm)
        1    0.000    0.000    0.000    0.000 <attrs generated methods referencing._core.Retrieved>:1(<module>)
        1    0.000    0.000    0.000    0.000 _types.py:20(__annotate__)
        1    0.000    0.000    0.000    0.000 <attrs generated methods referencing.jsonschema.UnknownDialect>:1(<module>)
        3    0.000    0.000    0.000    0.000 _adapters.py:25(__init__)
        1    0.000    0.000    0.000    0.000 context_router_service.py:137(ContextPermissionDecision)
        4    0.000    0.000    0.000    0.000 context_router_service.py:414(__init__)
        1    0.000    0.000    0.000    0.000 contradiction_detector_service.py:58(ClaimSupersessionVerifier)
        1    0.000    0.000    0.000    0.000 continuity_core_service.py:34(CoreDecisionPolicy)
        1    0.000    0.000    0.000    0.000 p09_core_fixture.py:99(ConfirmedFixturePolicy)
        1    0.000    0.000    0.000    0.000 external_capability_service.py:34(_Policy)
        1    0.000    0.000    0.000    0.000 persistent_runtime.py:50(RuntimePrincipal)
        1    0.000    0.000    0.000    0.000 utf_16_be.py:22(IncrementalDecoder)
        4    0.000    0.000    0.000    0.000 {method 'bit_length' of 'int' objects}
        1    0.000    0.000    0.000    0.000 <string>:1(<module>)
        1    0.000    0.000    0.000    0.000 codeop.py:104(Compile)
        1    0.000    0.000    0.000    0.000 case.py:344(_AssertNotWarnsContext)
        1    0.000    0.000    0.000    0.000 case.py:361(_OrderedChainMap)
        1    0.000    0.000    0.000    0.000 argparse.py:222(_Section)
        3    0.000    0.000    0.000    0.000 signal.py:50(_wraps)
        1    0.000    0.000    0.000    0.000 __init__.py:601(PurePosixPath)
        2    0.000    0.000    0.000    0.000 typing.py:2974(<genexpr>)
        1    0.000    0.000    0.000    0.000 typing.py:576(_AnyMeta)
        1    0.000    0.000    0.000    0.000 typing.py:1720(_LiteralGenericAlias)
        1    0.000    0.000    0.000    0.000 typing.py:3661(<generic parameters of __call__>)
        1    0.000    0.000    0.000    0.000 errors.py:129(ThinkingExecutionError)
        1    0.000    0.000    0.000    0.000 _impl.py:65(FloatDomainError)
        1    0.000    0.000    0.000    0.000 integration_results.py:119(role)
        1    0.000    0.000    0.000    0.000 action_evaluators.py:64(ResourceEvaluator)
        2    0.000    0.000    0.000    0.000 json_memory_repository.py:351(<genexpr>)
        1    0.000    0.000    0.000    0.000 parse.py:144(_ResultMixinBytes)
        1    0.000    0.000    0.000    0.000 models.py:58(SubjectStateAPIRequest)
        1    0.000    0.000    0.000    0.000 models.py:95(PerceptionAPIRequest)
        1    0.000    0.000    0.000    0.000 ipaddress.py:20(AddressValueError)
        1    0.000    0.000    0.000    0.000 ipaddress.py:24(NetmaskValueError)
        1    0.000    0.000    0.000    0.000 user_interaction_service.py:21(InteractionReplyComposer)
        1    0.000    0.000    0.000    0.000 deterministic_integration_providers.py:57(DeterministicMemoryInfluenceRecorder)
        1    0.000    0.000    0.000    0.000 errors.py:8(MessageError)
        1    0.000    0.000    0.000    0.000 errors.py:97(NonPrintableDefect)
        1    0.000    0.000    0.000    0.000 local_frontend_app.py:80(LocalFrontendApplication)
        1    0.000    0.000    0.000    0.000 exceptions.py:81(NotCallableError)
        1    0.000    0.000    0.000    0.000 typing_extensions.py:1666(_TypeVarLikeMeta)
        1    0.000    0.000    0.000    0.000 _core.py:35(_MaybeInSubresource)
        1    0.000    0.000    0.000    0.000 typing_extensions.py:279(_ExtensionsSpecialForm)
        1    0.000    0.000    0.000    0.000 typing_extensions.py:1658(_DefaultMixin)
        1    0.000    0.000    0.000    0.000 _utils.py:38(Unset)
        1    0.000    0.000    0.000    0.000 <attrs generated methods referencing._core.Resource>:1(<module>)
        1    0.000    0.000    0.000    0.000 <attrs generated methods referencing._core.Resolved>:1(<module>)
        1    0.000    0.000    0.000    0.000 jsonschema.py:139(_subresources_of)
        1    0.000    0.000    0.000    0.000 __init__.py:774(LZMADecompressor)
        2    0.000    0.000    0.000    0.000 context_router_service.py:438(<genexpr>)
        1    0.000    0.000    0.000    0.000 context_router_service.py:170(ContextSourceBinding)
        1    0.000    0.000    0.000    0.000 p06_context_fixture.py:100(P06TestThinkingConsumer)
        1    0.000    0.000    0.000    0.000 w04_cross_entry_fixture.py:115(<lambda>)
        2    0.000    0.000    0.000    0.000 json_subject_binding_repository.py:27(path)
        1    0.000    0.000    0.000    0.000 p09_core_fixture.py:66(CoreClaims)
        1    0.000    0.000    0.000    0.000 execution_service.py:34(_Policy)
        1    0.000    0.000    0.000    0.000 dynamic_mind.py:12(MindValidationError)
        2    0.000    0.000    0.000    0.000 {method 'appendleft' of 'collections.deque' objects}
        1    0.000    0.000    0.000    0.000 {built-in method atexit.register}
        1    0.000    0.000    0.000    0.000 {built-in method builtins.divmod}
        1    0.000    0.000    0.000    0.000 case.py:516(shortDescription)
        1    0.000    0.000    0.000    0.000 argparse.py:829(Action)
        1    0.000    0.000    0.000    0.000 argparse.py:712(RawDescriptionHelpFormatter)
        1    0.000    0.000    0.000    0.000 argparse.py:758(MetavarTypeHelpFormatter)
        2    0.000    0.000    0.000    0.000 typing.py:2446(_add_type_params_to_scope)
        1    0.000    0.000    0.000    0.000 argparse.py:1046(_StoreFalseAction)
        1    0.000    0.000    0.000    0.000 argparse.py:1338(FileType)
        1    0.000    0.000    0.000    0.000 shutil.py:89(RegistryError)
        1    0.000    0.000    0.000    0.000 __init__.py:1297(WindowsPath)
        1    0.000    0.000    0.000    0.000 typing.py:506(_NotIterable)
        1    0.000    0.000    0.000    0.000 typing.py:569(_TypedCacheSpecialForm)
        1    0.000    0.000    0.000    0.000 errors.py:1(ContinuityEngineError)
        1    0.000    0.000    0.000    0.000 typing.py:1716(_value_and_type_iter)
        1    0.000    0.000    0.000    0.000 typing.py:1820(_TypingEllipsis)
        1    0.000    0.000    0.000    0.000 typing.py:1701(_UnionGenericAlias)
        1    0.000    0.000    0.000    0.000 typing.py:1731(_ConcatenateGenericAlias)
        2    0.000    0.000    0.000    0.000 typing.py:777(<genexpr>)
        1    0.000    0.000    0.000    0.000 uuid.py:94(SafeUUID)
        3    0.000    0.000    0.000    0.000 integration_results.py:75(_nullable_text)
        1    0.000    0.000    0.000    0.000 integration_hashing.py:17(JsonSerializable)
        2    0.000    0.000    0.000    0.000 context_router_service.py:454(<genexpr>)
        1    0.000    0.000    0.000    0.000 scheduling.py:14(SchedulerError)
        1    0.000    0.000    0.000    0.000 threading.py:1361(Timer)
        2    0.000    0.000    0.000    0.000 json_integration_repository.py:246(path)
        1    0.000    0.000    0.000    0.000 json_integration_repository.py:250(operation_path)
        1    0.000    0.000    0.000    0.000 client.py:1552(BadStatusLine)
        1    0.000    0.000    0.000    0.000 socketserver.py:667(_NoThreads)
        1    0.000    0.000    0.000    0.000 _common.py:81(__annotate__)
        1    0.000    0.000    0.000    0.000 __init__.py:37(AttrsInstance)
        1    0.000    0.000    0.000    0.000 setters.py:11(pipe)
        1    0.000    0.000    0.000    0.000 <attrs generated methods attr.validators._MaxLengthValidator>:1(<module>)
        1    0.000    0.000    0.000    0.000 <attrs generated __repr__ attr._make.Converter>:1(<module>)
        1    0.000    0.000    0.000    0.000 typing_extensions.py:988(SingletonMeta)
        1    0.000    0.000    0.000    0.000 <attrs generated methods referencing.exceptions.Unresolvable>:1(<module>)
        1    0.000    0.000    0.000    0.000 <attrs generated methods jsonschema.exceptions._RefResolutionError>:1(<module>)
        1    0.000    0.000    0.000    0.000 core.py:15(IDNAError)
        1    0.000    0.000    0.000    0.000 __init__.py:44(BadZipFile)
        1    0.000    0.000    0.000    0.000 execution.py:9(ExecutionError)
        1    0.000    0.000    0.000    0.000 p11_scheduler_fixture.py:50(_EmptyMemoryRetriever)
        1    0.000    0.000    0.000    0.000 expression_policy_service.py:16(_DeliveryDenied)
        1    0.000    0.000    0.000    0.000 external_capabilities.py:9(ExternalCapabilityError)
        1    0.000    0.000    0.000    0.000 subject_lifecycle.py:8(LifecycleError)
        2    0.000    0.000    0.000    0.000 {method 'release' of '_thread.lock' objects}
        1    0.000    0.000    0.000    0.000 {built-in method _thread._make_thread_handle}
        1    0.000    0.000    0.000    0.000 case.py:141(doModuleCleanups)
        1    0.000    0.000    0.000    0.000 _py_warnings.py:68(__init__)
        1    0.000    0.000    0.000    0.000 case.py:26(SkipTest)
        1    0.000    0.000    0.000    0.000 case.py:39(_UnexpectedSuccess)
        1    0.000    0.000    0.000    0.000 argparse.py:1797(_MutuallyExclusiveGroup)
        1    0.000    0.000    0.000    0.000 suite.py:375(_DebugResult)
        1    0.000    0.000    0.000    0.000 argparse.py:723(RawTextHelpFormatter)
        1    0.000    0.000    0.000    0.000 argparse.py:734(ArgumentDefaultsHelpFormatter)
        1    0.000    0.000    0.000    0.000 argparse.py:1327(_ExtendAction)
        1    0.000    0.000    0.000    0.000 argparse.py:1027(_StoreTrueAction)
        1    0.000    0.000    0.000    0.000 argparse.py:1065(_AppendAction)
        1    0.000    0.000    0.000    0.000 argparse.py:1134(_CountAction)
        1    0.000    0.000    0.000    0.000 shutil.py:75(Error)
        1    0.000    0.000    0.000    0.000 __init__.py:611(PureWindowsPath)
        1    0.000    0.000    0.000    0.000 typing.py:588(Any)
        2    0.000    0.000    0.000    0.000 models.py:136(seconds_since_last_interaction)
        1    0.000    0.000    0.000    0.000 errors.py:221(IntegrationExecutionError)
        1    0.000    0.000    0.000    0.000 integration_results.py:358(status)
        1    0.000    0.000    0.000    0.000 _impl.py:44(CanonicalizationError)
        1    0.000    0.000    0.000    0.000 expression.py:9(ExpressionValidationError)
        1    0.000    0.000    0.000    0.000 expression.py:13(ExpressionAccessError)
        1    0.000    0.000    0.000    0.000 resources.py:58(_runtime_mode)
        1    0.000    0.000    0.000    0.000 subject_state_service.py:85(<genexpr>)
        1    0.000    0.000    0.000    0.000 action_service.py:104(<genexpr>)
        1    0.000    0.000    0.000    0.000 threading.py:1391(_MainThread)
        1    0.000    0.000    0.000    0.000 models.py:116(ActionPlanAPIRequest)
        1    0.000    0.000    0.000    0.000 deterministic_integration_providers.py:220(CapabilityContractReplyComposer)
        1    0.000    0.000    0.000    0.000 parser.py:122(BytesHeaderParser)
        1    0.000    0.000    0.000    0.000 client.py:1564(RemoteDisconnected)
        1    0.000    0.000    0.000    0.000 local_frontend_app.py:48(EmptyMemoryRetriever)
        1    0.000    0.000    0.000    0.000 socketserver.py:852(DatagramRequestHandler)
        1    0.000    0.000    0.000    0.000 local_frontend_app.py:53(DiscardingMemoryInfluenceRecorder)
        1    0.000    0.000    0.000    0.000 local_frontend_app.py:58(LocalDeterministicThinkingProvider)
        1    0.000    0.000    0.000    0.000 _common.py:86(__annotate__)
        1    0.000    0.000    0.000    0.000 <attrs generated methods attr.validators._InstanceOfValidator>:1(<module>)
        1    0.000    0.000    0.000    0.000 <attrs generated methods attr.validators._OptionalValidator>:1(<module>)
        1    0.000    0.000    0.000    0.000 <attrs generated methods attr.validators._InValidator>:1(<module>)
        1    0.000    0.000    0.000    0.000 <attrs generated methods attr.validators._DeepMapping>:1(<module>)
        1    0.000    0.000    0.000    0.000 <attrs generated methods attr.validators._NumberValidator>:1(<module>)
        1    0.000    0.000    0.000    0.000 <attrs generated methods attr.validators._SubclassOfValidator>:12(__init__)
        1    0.000    0.000    0.000    0.000 <attrs generated __repr__ attr._make.Factory>:1(<module>)
        1    0.000    0.000    0.000    0.000 <attrs generated methods attr.validators._NotValidator>:1(<module>)
        1    0.000    0.000    0.000    0.000 <attrs generated methods attr._version_info.VersionInfo>:1(<module>)
        1    0.000    0.000    0.000    0.000 <attrs generated methods referencing.exceptions.NoInternalID>:1(<module>)
        1    0.000    0.000    0.000    0.000 <attrs generated methods referencing.exceptions.Unretrievable>:1(<module>)
        1    0.000    0.000    0.000    0.000 <attrs generated methods referencing.exceptions.CannotDetermineSpecification>:1(<module>)
        1    0.000    0.000    0.000    0.000 <attrs generated methods referencing.exceptions.PointerToNowhere>:1(<module>)
        1    0.000    0.000    0.000    0.000 <attrs generated methods referencing.exceptions.NoSuchAnchor>:1(<module>)
        1    0.000    0.000    0.000    0.000 _itertools.py:1(<module>)
        1    0.000    0.000    0.000    0.000 __init__.py:48(LargeZipFile)
        1    0.000    0.000    0.000    0.000 action_planning_service.py:164(<genexpr>)
        1    0.000    0.000    0.000    0.000 contradiction_detector_service.py:478(<lambda>)
        1    0.000    0.000    0.000    0.000 environment_access.py:13(EnvironmentAccessError)
        1    0.000    0.000    0.000    0.000 local_integration_app.py:47(LocalIntegrationInitializationError)
        1    0.000    0.000    0.000    0.000 p11_scheduler_fixture.py:60(P11TestResourceRepository)
        1    0.000    0.000    0.000    0.000 p08_action_fixture.py:165(TestActionPermissions)
        1    0.000    0.000    0.000    0.000 persistent_runtime.py:7(RuntimeBoundaryError)
        1    0.000    0.000    0.000    0.000 {built-in method _zstd.set_parameter_types}
        1    0.000    0.000    0.000    0.000 {built-in method _stat.S_ISLNK}
        1    0.000    0.000    0.000    0.000 {built-in method _thread._get_main_thread_ident}
        3    0.000    0.000    0.000    0.000 {built-in method _warnings._filters_mutated_lock_held}
        3    0.000    0.000    0.000    0.000 {built-in method _warnings._release_lock}
        1    0.000    0.000    0.000    0.000 {built-in method sys.exc_info}
        1    0.000    0.000    0.000    0.000 enum.py:168(__init__)
        1    0.000    0.000    0.000    0.000 argparse.py:2670(_check_value)
        1    0.000    0.000    0.000    0.000 argparse.py:2431(_parse_optional)
        1    0.000    0.000    0.000    0.000 _py_warnings.py:344(_OptionError)
        1    0.000    0.000    0.000    0.000 _py_warnings.py:89(_get_context)
        1    0.000    0.000    0.000    0.000 contextlib.py:427(redirect_stderr)
        1    0.000    0.000    0.000    0.000 runner.py:18(__init__)
        1    0.000    0.000    0.000    0.000 __init__.py:43(UnsupportedOperation)
        1    0.000    0.000    0.000    0.000 errors.py:5(StateNotFoundError)
        1    0.000    0.000    0.000    0.000 errors.py:41(ContextRoutingValidationError)
        1    0.000    0.000    0.000    0.000 errors.py:93(MemoryIdentityConflictError)
        1    0.000    0.000    0.000    0.000 integration_results.py:354(contract_version)
        1    0.000    0.000    0.000    0.000 json_repository.py:277(<genexpr>)
        1    0.000    0.000    0.000    0.000 base.py:60(ContinuityRepository)
        1    0.000    0.000    0.000    0.000 json_learning_repository.py:187(<lambda>)
        1    0.000    0.000    0.000    0.000 json_integration_repository.py:284(<genexpr>)
        1    0.000    0.000    0.000    0.000 json_integration_repository.py:407(<genexpr>)
        1    0.000    0.000    0.000    0.000 server.py:154(ThreadingHTTPServer)
        1    0.000    0.000    0.000    0.000 parse.py:331(SplitResult)
        1    0.000    0.000    0.000    0.000 parse.py:336(ParseResult)
        1    0.000    0.000    0.000    0.000 errors.py:12(MessageParseError)
        1    0.000    0.000    0.000    0.000 errors.py:48(StartBoundaryNotFoundDefect)
        1    0.000    0.000    0.000    0.000 exceptions.py:209(SchemaError)
        1    0.000    0.000    0.000    0.000 exceptions.py:23(FrozenInstanceError)
        1    0.000    0.000    0.000    0.000 <attrs generated methods attr.validators._MatchesReValidator>:1(<module>)
        1    0.000    0.000    0.000    0.000 <attrs generated __eq__ attr._make.Attribute>:1(<module>)
        1    0.000    0.000    0.000    0.000 <attrs generated __repr__ attr._make._CountingAttr>:1(<module>)
        1    0.000    0.000    0.000    0.000 <attrs generated methods referencing.exceptions.InvalidAnchor>:1(<module>)
        1    0.000    0.000    0.000    0.000 core.py:21(IDNABidiError)
        1    0.000    0.000    0.000    0.000 w04_cross_entry_fixture.py:51(<genexpr>)
        1    0.000    0.000    0.000    0.000 p11_scheduler_fixture.py:46(SimulatedSchedulerProcessCrash)
        1    0.000    0.000    0.000    0.000 p11_scheduler_fixture.py:55(_DiscardingInfluenceRecorder)
        2    0.000    0.000    0.000    0.000 execution_service.py:68(<lambda>)
        2    0.000    0.000    0.000    0.000 {method 'append' of 'collections.deque' objects}
        1    0.000    0.000    0.000    0.000 {method 'remove' of 'set' objects}
        1    0.000    0.000    0.000    0.000 _py_warnings.py:350(_processoptions)
        1    0.000    0.000    0.000    0.000 _py_warnings.py:71(_filters)
        2    0.000    0.000    0.000    0.000 contextlib.py:568(__enter__)
        1    0.000    0.000    0.000    0.000 case.py:34(_ShouldStop)
        1    0.000    0.000    0.000    0.000 shutil.py:78(SameFileError)
        1    0.000    0.000    0.000    0.000 shutil.py:81(SpecialFileError)
        1    0.000    0.000    0.000    0.000 errors.py:29(TimelineValidationError)
        1    0.000    0.000    0.000    0.000 errors.py:33(TimelineReferenceError)
        1    0.000    0.000    0.000    0.000 errors.py:57(ContextCompositionSourceError)
        1    0.000    0.000    0.000    0.000 errors.py:89(MemoryNotFoundError)
        1    0.000    0.000    0.000    0.000 errors.py:157(PermissionAlreadyExistsError)
        1    0.000    0.000    0.000    0.000 errors.py:169(LearningNotFoundError)
        1    0.000    0.000    0.000    0.000 errors.py:213(IntegrationRecordNotFoundError)
        1    0.000    0.000    0.000    0.000 errors.py:257(ModelProviderValidationError)
        1    0.000    0.000    0.000    0.000 errors.py:261(ModelProviderConflictError)
        1    0.000    0.000    0.000    0.000 errors.py:265(ModelProviderNotFoundError)
        1    0.000    0.000    0.000    0.000 integration_results.py:248(schema_version)
        1    0.000    0.000    0.000    0.000 expression.py:17(ExpressionGenerationError)
        1    0.000    0.000    0.000    0.000 scheduling.py:18(SchedulerValidationError)
        1    0.000    0.000    0.000    0.000 scheduling.py:22(SchedulerPersistenceError)
        1    0.000    0.000    0.000    0.000 json_learning_repository.py:140(<genexpr>)
        2    0.000    0.000    0.000    0.000 json_memory_repository.py:577(<genexpr>)
        1    0.000    0.000    0.000    0.000 threading.py:848(BrokenBarrierError)
        1    0.000    0.000    0.000    0.000 json_memory_repository.py:133(<genexpr>)
        1    0.000    0.000    0.000    0.000 json_repository.py:297(<genexpr>)
        1    0.000    0.000    0.000    0.000 json_integration_repository.py:697(<genexpr>)
        1    0.000    0.000    0.000    0.000 parse.py:342(DefragResultBytes)
        1    0.000    0.000    0.000    0.000 parse.py:350(SplitResultBytes)
        1    0.000    0.000    0.000    0.000 client.py:1504(HTTPException)
        1    0.000    0.000    0.000    0.000 client.py:1509(NotConnected)
        1    0.000    0.000    0.000    0.000 client.py:1543(CannotSendRequest)
        1    0.000    0.000    0.000    0.000 client.py:1546(CannotSendHeader)
        1    0.000    0.000    0.000    0.000 errors.py:16(HeaderParseError)
        1    0.000    0.000    0.000    0.000 errors.py:20(BoundaryError)
        1    0.000    0.000    0.000    0.000 errors.py:24(MultipartConversionError)
        1    0.000    0.000    0.000    0.000 errors.py:28(CharsetError)
        1    0.000    0.000    0.000    0.000 errors.py:32(HeaderWriteError)
        1    0.000    0.000    0.000    0.000 errors.py:45(NoBoundaryInMultipartDefect)
        1    0.000    0.000    0.000    0.000 errors.py:51(CloseBoundaryNotFoundDefect)
        1    0.000    0.000    0.000    0.000 errors.py:54(FirstHeaderLineIsContinuationDefect)
        1    0.000    0.000    0.000    0.000 errors.py:57(MisplacedEnvelopeHeaderDefect)
        1    0.000    0.000    0.000    0.000 errors.py:60(MissingHeaderBodySeparatorDefect)
        1    0.000    0.000    0.000    0.000 errors.py:68(InvalidMultipartContentTransferEncodingDefect)
        1    0.000    0.000    0.000    0.000 errors.py:74(InvalidBase64PaddingDefect)
        1    0.000    0.000    0.000    0.000 errors.py:77(InvalidBase64CharactersDefect)
        1    0.000    0.000    0.000    0.000 errors.py:80(InvalidBase64LengthDefect)
        1    0.000    0.000    0.000    0.000 errors.py:91(InvalidHeaderDefect)
        1    0.000    0.000    0.000    0.000 errors.py:108(ObsoleteHeaderDefect)
        1    0.000    0.000    0.000    0.000 abc.py:58(TraversalError)
        1    0.000    0.000    0.000    0.000 exceptions.py:72(PythonTooOldError)
        1    0.000    0.000    0.000    0.000 <attrs generated __repr__ attr._make.Attribute>:1(<module>)
        1    0.000    0.000    0.000    0.000 <attrs generated __repr__ attr._make.ClassProps>:1(<module>)
        1    0.000    0.000    0.000    0.000 <attrs generated __eq__ attr._make.ClassProps>:1(<module>)
        1    0.000    0.000    0.000    0.000 <attrs generated __hash__ attr._make.Factory>:1(<module>)
        1    0.000    0.000    0.000    0.000 <attrs generated __hash__ attr._make.Converter>:1(<module>)
        1    0.000    0.000    0.000    0.000 typing_extensions.py:2098(_EllipsisDummy)
        1    0.000    0.000    0.000    0.000 package_data.py:1(<module>)
        1    0.000    0.000    0.000    0.000 contradiction_detector_service.py:163(<genexpr>)
        1    0.000    0.000    0.000    0.000 action_planning_service.py:219(<genexpr>)
        1    0.000    0.000    0.000    0.000 persistence.py:245(<genexpr>)
        1    0.000    0.000    0.000    0.000 utf_16_be.py:25(StreamWriter)
        1    0.000    0.000    0.000    0.000 utf_16_be.py:28(StreamReader)
        1    0.000    0.000    0.000    0.000 persistent_runtime.py:11(RuntimeDeferred)
        1    0.000    0.000    0.000    0.000 {built-in method _thread.get_native_id}
        1    0.000    0.000    0.000    0.000 enum.py:1235(_generate_next_value_)
        1    0.000    0.000    0.000    0.000 result.py:105(stopTestRun)
        1    0.000    0.000    0.000    0.000 _py_warnings.py:24(_set_module)
        1    0.000    0.000    0.000    0.000 case.py:506(tearDownClass)
        1    0.000    0.000    0.000    0.000 argparse.py:820(ArgumentTypeError)
        1    0.000    0.000    0.000    0.000 shutil.py:86(ReadError)
        1    0.000    0.000    0.000    0.000 shutil.py:93(_GiveupOnFastCopy)
        1    0.000    0.000    0.000    0.000 errors.py:9(StateAlreadyExistsError)
        1    0.000    0.000    0.000    0.000 errors.py:13(StateValidationError)
        1    0.000    0.000    0.000    0.000 errors.py:17(StateEvolutionError)
        1    0.000    0.000    0.000    0.000 errors.py:21(EventIdentityConflictError)
        1    0.000    0.000    0.000    0.000 errors.py:25(EventReferenceError)
        1    0.000    0.000    0.000    0.000 errors.py:37(ContextRoutingError)
        1    0.000    0.000    0.000    0.000 errors.py:45(ContextRoutingSourceError)
        1    0.000    0.000    0.000    0.000 errors.py:49(ContextCompositionError)
        1    0.000    0.000    0.000    0.000 errors.py:53(ContextCompositionValidationError)
        1    0.000    0.000    0.000    0.000 errors.py:61(ContradictionError)
        1    0.000    0.000    0.000    0.000 errors.py:65(ContradictionValidationError)
        1    0.000    0.000    0.000    0.000 errors.py:69(ContradictionIdentityConflictError)
        1    0.000    0.000    0.000    0.000 errors.py:73(ContradictionPersistenceError)
        1    0.000    0.000    0.000    0.000 errors.py:77(ContradictionNotFoundError)
        1    0.000    0.000    0.000    0.000 errors.py:81(MemoryValidationError)
        1    0.000    0.000    0.000    0.000 errors.py:85(MemoryInfluenceError)
        1    0.000    0.000    0.000    0.000 errors.py:97(MemoryEvidenceConflictError)
        1    0.000    0.000    0.000    0.000 errors.py:105(MemoryLineageError)
        1    0.000    0.000    0.000    0.000 errors.py:109(AwakeningValidationError)
        1    0.000    0.000    0.000    0.000 errors.py:113(WakeNotDueError)
        1    0.000    0.000    0.000    0.000 errors.py:125(ThinkingValidationError)
        1    0.000    0.000    0.000    0.000 errors.py:137(PerceptionValidationError)
        1    0.000    0.000    0.000    0.000 errors.py:141(ActionValidationError)
        1    0.000    0.000    0.000    0.000 errors.py:149(PermissionValidationError)
        1    0.000    0.000    0.000    0.000 errors.py:153(PermissionNotFoundError)
        1    0.000    0.000    0.000    0.000 errors.py:161(LearningContinuityError)
        1    0.000    0.000    0.000    0.000 errors.py:165(LearningValidationError)
        1    0.000    0.000    0.000    0.000 errors.py:173(LearningAlreadyExistsError)
        1    0.000    0.000    0.000    0.000 errors.py:177(ResourceManagementError)
        1    0.000    0.000    0.000    0.000 errors.py:181(ResourceValidationError)
        1    0.000    0.000    0.000    0.000 errors.py:185(ResourceNotFoundError)
        1    0.000    0.000    0.000    0.000 errors.py:189(ResourceAlreadyExistsError)
        1    0.000    0.000    0.000    0.000 errors.py:193(MachineContractError)
        1    0.000    0.000    0.000    0.000 errors.py:201(MachineContractSchemaError)
        1    0.000    0.000    0.000    0.000 errors.py:209(IntegrationLedgerConflictError)
        1    0.000    0.000    0.000    0.000 errors.py:217(MachineContractCallError)
        1    0.000    0.000    0.000    0.000 errors.py:241(CapabilityValidationError)
        1    0.000    0.000    0.000    0.000 errors.py:245(CapabilityConflictError)
        1    0.000    0.000    0.000    0.000 errors.py:249(CapabilityNotFoundError)
        1    0.000    0.000    0.000    0.000 errors.py:253(ModelProviderError)
        1    0.000    0.000    0.000    0.000 scheduling.py:26(SchedulerIdentityConflictError)
        1    0.000    0.000    0.000    0.000 json_memory_repository.py:559(<genexpr>)
        1    0.000    0.000    0.000    0.000 json_memory_repository.py:153(<genexpr>)
        1    0.000    0.000    0.000    0.000 json_learning_repository.py:101(<genexpr>)
        1    0.000    0.000    0.000    0.000 json_memory_repository.py:574(<genexpr>)
        1    0.000    0.000    0.000    0.000 json_memory_repository.py:281(<lambda>)
        1    0.000    0.000    0.000    0.000 json_memory_repository.py:592(<genexpr>)
        1    0.000    0.000    0.000    0.000 thinking_service.py:456(<genexpr>)
        1    0.000    0.000    0.000    0.000 server.py:195(ThreadingHTTPSServer)
        1    0.000    0.000    0.000    0.000 thinking_service.py:454(<genexpr>)
        1    0.000    0.000    0.000    0.000 parse.py:355(ParseResultBytes)
        1    0.000    0.000    0.000    0.000 client.py:1512(InvalidURL)
        1    0.000    0.000    0.000    0.000 client.py:1520(UnknownTransferEncoding)
        1    0.000    0.000    0.000    0.000 client.py:1523(UnimplementedFileMode)
        1    0.000    0.000    0.000    0.000 client.py:1540(ImproperConnectionState)
        1    0.000    0.000    0.000    0.000 client.py:1549(ResponseNotReady)
        1    0.000    0.000    0.000    0.000 errors.py:71(UndecodableBytesDefect)
        1    0.000    0.000    0.000    0.000 errors.py:94(HeaderMissingRequiredValue)
        1    0.000    0.000    0.000    0.000 errors.py:111(NonASCIILocalPartDefect)
        1    0.000    0.000    0.000    0.000 errors.py:116(InvalidDateDefect)
        1    0.000    0.000    0.000    0.000 socketserver.py:722(ThreadingUDPServer)
        1    0.000    0.000    0.000    0.000 socketserver.py:723(ThreadingTCPServer)
        1    0.000    0.000    0.000    0.000 exceptions.py:31(FrozenAttributeError)
        1    0.000    0.000    0.000    0.000 exceptions.py:39(AttrsAttributeNotFoundError)
        1    0.000    0.000    0.000    0.000 exceptions.py:47(NotAnAttrsClassError)
        1    0.000    0.000    0.000    0.000 exceptions.py:55(DefaultAlreadySetError)
        1    0.000    0.000    0.000    0.000 exceptions.py:64(UnannotatedAttributeError)
        1    0.000    0.000    0.000    0.000 <attrs generated methods attr.validators._InstanceOfValidator>:12(__init__)
        1    0.000    0.000    0.000    0.000 <attrs generated __eq__ attr._make.Factory>:1(<module>)
        1    0.000    0.000    0.000    0.000 <attrs generated __hash__ attr._make.Attribute>:1(<module>)
        1    0.000    0.000    0.000    0.000 <attrs generated __eq__ attr._make._CountingAttr>:1(<module>)
        1    0.000    0.000    0.000    0.000 core.py:27(InvalidCodepoint)
        1    0.000    0.000    0.000    0.000 core.py:33(InvalidCodepointContext)
        1    0.000    0.000    0.000    0.000 associative_recall_service.py:186(<genexpr>)
        1    0.000    0.000    0.000    0.000 <frozen importlib._bootstrap_external>:1172(exec_module)
        1    0.000    0.000    0.000    0.000 result.py:73(startTestRun)
        1    0.000    0.000    0.000    0.000 case.py:502(setUpClass)
        1    0.000    0.000    0.000    0.000 case.py:510(countTestCases)
        1    0.000    0.000    0.000    0.000 argparse.py:152(_identity)
        1    0.000    0.000    0.000    0.000 errors.py:101(MemoryPersistenceError)
        1    0.000    0.000    0.000    0.000 errors.py:145(PermissionContinuityError)
        1    0.000    0.000    0.000    0.000 errors.py:197(MachineContractValidationError)
        1    0.000    0.000    0.000    0.000 errors.py:205(IntegrationPersistenceError)
        1    0.000    0.000    0.000    0.000 errors.py:237(CapabilityError)
        1    0.000    0.000    0.000    0.000 json_memory_repository.py:578(<genexpr>)
        1    0.000    0.000    0.000    0.000 contradiction_detector_service.py:199(<genexpr>)


