test_action_session_is_deterministic_serializable_and_traceable (test_action.ActionEngineTests.test_action_session_is_deterministic_serializable_and_traceable) ... ok
test_confirmation_required_action_is_never_automatic (test_action.ActionEngineTests.test_confirmation_required_action_is_never_automatic) ... ok
test_contact_user_without_permission_is_blocked (test_action.ActionEngineTests.test_contact_user_without_permission_is_blocked) ... ok
test_defer_and_more_thinking_remain_non_executed_plans (test_action.ActionEngineTests.test_defer_and_more_thinking_remain_non_executed_plans) ... ok
test_expired_and_out_of_scope_permissions_are_rejected (test_action.ActionEngineTests.test_expired_and_out_of_scope_permissions_are_rejected) ... ok
test_full_wake_perception_thinking_action_evolution_flow (test_action.ActionEngineTests.test_full_wake_perception_thinking_action_evolution_flow) ... ok
test_high_and_critical_risk_actions_are_not_automatically_approved (test_action.ActionEngineTests.test_high_and_critical_risk_actions_are_not_automatically_approved) ... ok
test_no_action_tendency_returns_explicit_no_action (test_action.ActionEngineTests.test_no_action_tendency_returns_explicit_no_action) ... ok
test_request_memory_only_creates_a_plan (test_action.ActionEngineTests.test_request_memory_only_creates_a_plan) ... ok
test_resource_limit_failure_is_audited_and_blocked (test_action.ActionEngineTests.test_resource_limit_failure_is_audited_and_blocked) ... ok
test_revision_mismatch_rejects_action (test_action.ActionEngineTests.test_revision_mismatch_rejects_action) ... ok
test_revoked_permission_cannot_pass (test_action.ActionEngineTests.test_revoked_permission_cannot_pass) ... ok
test_update_state_is_only_planned_inside_action_service (test_action.ActionEngineTests.test_update_state_is_only_planned_inside_action_service) ... ok
test_use_tool_only_creates_a_non_executed_plan (test_action.ActionEngineTests.test_use_tool_only_creates_a_non_executed_plan) ... ok
test_failed_memory_request_is_logged_and_forces_sleep (test_awakening.AwakeningServiceTests.test_failed_memory_request_is_logged_and_forces_sleep) ... ok
test_manual_wake_runs_full_pipeline_and_persists_ready_session (test_awakening.AwakeningServiceTests.test_manual_wake_runs_full_pipeline_and_persists_ready_session) ... ok
test_quiet_wake_returns_sleep_without_executing_it (test_awakening.AwakeningServiceTests.test_quiet_wake_returns_sleep_without_executing_it) ... ok
test_recent_evolution_is_loaded_into_context_and_returns_think (test_awakening.AwakeningServiceTests.test_recent_evolution_is_loaded_into_context_and_returns_think) ... ok
test_rejected_memory_returns_check_memory_without_executing_it (test_awakening.AwakeningServiceTests.test_rejected_memory_returns_check_memory_without_executing_it) ... ok
test_scheduled_wake_selects_memory_and_advances_cycle (test_awakening.AwakeningServiceTests.test_scheduled_wake_selects_memory_and_advances_cycle) ... ok
test_blank_success_is_rejected_before_persistence_and_valid_retry_completes (test_e5_capability_flow.E5CapabilityFlowTests.test_blank_success_is_rejected_before_persistence_and_valid_retry_completes) ... ok
test_capability_mode_returns_durable_capability_required (test_e5_capability_flow.E5CapabilityFlowTests.test_capability_mode_returns_durable_capability_required) ... ok
test_capability_request_survives_rebuild_exactly (test_e5_capability_flow.E5CapabilityFlowTests.test_capability_request_survives_rebuild_exactly) ... ok
test_default_deterministic_mode_retains_e4_behavior (test_e5_capability_flow.E5CapabilityFlowTests.test_default_deterministic_mode_retains_e4_behavior) ... ok
test_exact_result_replay_returns_first_completed_result (test_e5_capability_flow.E5CapabilityFlowTests.test_exact_result_replay_returns_first_completed_result) ... ok
test_repeated_init_is_idempotent_for_retryable_and_unknown_attempts (test_e5_capability_flow.E5CapabilityFlowTests.test_repeated_init_is_idempotent_for_retryable_and_unknown_attempts) ... ok
test_repeated_init_is_idempotent_for_unused_and_waiting_capability_data (test_e5_capability_flow.E5CapabilityFlowTests.test_repeated_init_is_idempotent_for_unused_and_waiting_capability_data) ... ok
test_repeated_init_preserves_completed_capability_history_and_mode_guard (test_e5_capability_flow.E5CapabilityFlowTests.test_repeated_init_preserves_completed_capability_history_and_mode_guard) ... ok
test_repeated_query_returns_identical_capability_request (test_e5_capability_flow.E5CapabilityFlowTests.test_repeated_query_returns_identical_capability_request) ... ok
test_request_and_result_schema_reject_unknown_fields (test_e5_capability_flow.E5CapabilityFlowTests.test_request_and_result_schema_reject_unknown_fields) ... ok
test_result_cannot_exceed_request_output_limit (test_e5_capability_flow.E5CapabilityFlowTests.test_result_cannot_exceed_request_output_limit) ... ok
test_result_completion_cannot_precede_request_creation (test_e5_capability_flow.E5CapabilityFlowTests.test_result_completion_cannot_precede_request_creation) ... ok
test_result_completion_cannot_precede_start (test_e5_capability_flow.E5CapabilityFlowTests.test_result_completion_cannot_precede_start) ... ok
test_result_id_reuse_with_different_content_is_rejected (test_e5_capability_flow.E5CapabilityFlowTests.test_result_id_reuse_with_different_content_is_rejected) ... ok
test_result_start_cannot_precede_request_creation (test_e5_capability_flow.E5CapabilityFlowTests.test_result_start_cannot_precede_request_creation) ... ok
test_retryable_and_unknown_remain_capability_required (test_e5_capability_flow.E5CapabilityFlowTests.test_retryable_and_unknown_remain_capability_required) ... ok
test_retryable_attempt_can_be_followed_by_success (test_e5_capability_flow.E5CapabilityFlowTests.test_retryable_attempt_can_be_followed_by_success) ... ok
test_schema_registry_is_closed_and_complete (test_e5_capability_flow.E5CapabilityFlowTests.test_schema_registry_is_closed_and_complete) ... ok
test_second_success_for_same_request_is_rejected (test_e5_capability_flow.E5CapabilityFlowTests.test_second_success_for_same_request_is_rejected) ... ok
test_success_resumes_thinking_action_and_reply_without_state_change (test_e5_capability_flow.E5CapabilityFlowTests.test_success_resumes_thinking_action_and_reply_without_state_change) ... ok
test_terminal_statuses_return_capability_failed_without_state_change (test_e5_capability_flow.E5CapabilityFlowTests.test_terminal_statuses_return_capability_failed_without_state_change) ... ok
test_think_session_waits_with_stable_binding (test_e5_capability_flow.E5CapabilityFlowTests.test_think_session_waits_with_stable_binding) ... ok
test_unknown_fields_and_mutation_fields_are_rejected (test_e5_capability_flow.E5CapabilityFlowTests.test_unknown_fields_and_mutation_fields_are_rejected) ... ok
test_wrong_content_hash_is_rejected (test_e5_capability_flow.E5CapabilityFlowTests.test_wrong_content_hash_is_rejected) ... ok
test_wrong_identity_fields_are_rejected (test_e5_capability_flow.E5CapabilityFlowTests.test_wrong_identity_fields_are_rejected) ... ok
test_blank_success_is_controlled_400_without_durable_side_effects (test_e5_capability_http.E5CapabilityHTTPTests.test_blank_success_is_controlled_400_without_durable_side_effects) ... ok
test_capability_result_requires_bearer_token (test_e5_capability_http.E5CapabilityHTTPTests.test_capability_result_requires_bearer_token) ... ok
test_configuration_rejects_untyped_thinking_mode (test_e5_capability_http.E5CapabilityHTTPTests.test_configuration_rejects_untyped_thinking_mode) ... ok
test_content_type_boundary_is_shared_with_e4 (test_e5_capability_http.E5CapabilityHTTPTests.test_content_type_boundary_is_shared_with_e4) ... ok
test_http_capability_result_completes_original_interaction (test_e5_capability_http.E5CapabilityHTTPTests.test_http_capability_result_completes_original_interaction) ... ok
test_http_interaction_returns_capability_required (test_e5_capability_http.E5CapabilityHTTPTests.test_http_interaction_returns_capability_required) ... ok
test_http_server_rejects_app_mode_mismatch (test_e5_capability_http.E5CapabilityHTTPTests.test_http_server_rejects_app_mode_mismatch) ... ok
test_invalid_json_is_a_controlled_400 (test_e5_capability_http.E5CapabilityHTTPTests.test_invalid_json_is_a_controlled_400) ... ok
test_invalid_result_json_shape_is_400 (test_e5_capability_http.E5CapabilityHTTPTests.test_invalid_result_json_shape_is_400) ... ok
test_oversized_capability_result_is_rejected_before_parsing (test_e5_capability_http.E5CapabilityHTTPTests.test_oversized_capability_result_is_rejected_before_parsing) ... ok
test_query_transitions_from_required_to_completed (test_e5_capability_http.E5CapabilityHTTPTests.test_query_transitions_from_required_to_completed) ... ok
test_result_id_conflict_is_409 (test_e5_capability_http.E5CapabilityHTTPTests.test_result_id_conflict_is_409) ... ok
test_unknown_capability_request_is_404 (test_e5_capability_http.E5CapabilityHTTPTests.test_unknown_capability_request_is_404) ... ok
test_wrong_method_and_path_use_json_transport_errors (test_e5_capability_http.E5CapabilityHTTPTests.test_wrong_method_and_path_use_json_transport_errors) ... ok
test_action_completed_before_domain_checkpoint_recovery (test_e5_capability_recovery.E5CapabilityRecoveryTests.test_action_completed_before_domain_checkpoint_recovery) ... ok
test_before_capability_request_creation_recovery (test_e5_capability_recovery.E5CapabilityRecoveryTests.test_before_capability_request_creation_recovery) ... ok
test_capability_waiting_checkpoint_recovery (test_e5_capability_recovery.E5CapabilityRecoveryTests.test_capability_waiting_checkpoint_recovery) ... ok
test_completed_result_before_operation_completion_recovery (test_e5_capability_recovery.E5CapabilityRecoveryTests.test_completed_result_before_operation_completion_recovery) ... ok
test_conflicting_result_replay_fails_closed_after_rebuild (test_e5_capability_recovery.E5CapabilityRecoveryTests.test_conflicting_result_replay_fails_closed_after_rebuild) ... ok
test_corrupt_capability_checkpoint_fails_closed (test_e5_capability_recovery.E5CapabilityRecoveryTests.test_corrupt_capability_checkpoint_fails_closed) ... ok
test_domain_checkpoint_recovery (test_e5_capability_recovery.E5CapabilityRecoveryTests.test_domain_checkpoint_recovery) ... ok
test_operation_reserved_recovery (test_e5_capability_recovery.E5CapabilityRecoveryTests.test_operation_reserved_recovery) ... ok
test_perception_checkpoint_recovery (test_e5_capability_recovery.E5CapabilityRecoveryTests.test_perception_checkpoint_recovery) ... ok
test_request_saved_before_waiting_checkpoint_recovery (test_e5_capability_recovery.E5CapabilityRecoveryTests.test_request_saved_before_waiting_checkpoint_recovery) ... ok
test_result_checkpoint_recovery (test_e5_capability_recovery.E5CapabilityRecoveryTests.test_result_checkpoint_recovery) ... ok
test_result_persisted_before_operation_checkpoint_recovery (test_e5_capability_recovery.E5CapabilityRecoveryTests.test_result_persisted_before_operation_checkpoint_recovery) ... ok
test_result_received_before_persistence_recovery (test_e5_capability_recovery.E5CapabilityRecoveryTests.test_result_received_before_persistence_recovery) ... ok
test_thinking_checkpoint_recovery (test_e5_capability_recovery.E5CapabilityRecoveryTests.test_thinking_checkpoint_recovery) ... ok
test_thinking_completed_before_operation_checkpoint_recovery (test_e5_capability_recovery.E5CapabilityRecoveryTests.test_thinking_completed_before_operation_checkpoint_recovery) ... ok
test_direct_save_cannot_bypass_existing_event_history (test_event_persistence.EventPersistenceTests.test_direct_save_cannot_bypass_existing_event_history) ... ok
test_exact_event_replay_remains_idempotent_after_restart (test_event_persistence.EventPersistenceTests.test_exact_event_replay_remains_idempotent_after_restart) ... ok
test_replay_after_later_revision_reports_historical_update_explicitly (test_event_persistence.EventPersistenceTests.test_replay_after_later_revision_reports_historical_update_explicitly) ... ok
test_same_event_identity_with_different_body_fails_closed (test_event_persistence.EventPersistenceTests.test_same_event_identity_with_different_body_fails_closed) ... ok
test_same_event_is_an_exact_idempotent_replay (test_event_persistence.EventPersistenceTests.test_same_event_is_an_exact_idempotent_replay) ... ok
test_state_and_causal_update_survive_service_restart (test_event_persistence.EventPersistenceTests.test_state_and_causal_update_survive_service_restart) ... ok
test_event_cannot_change_field_outside_impact_scope (test_evolution.SubjectStateEvolutionTests.test_event_cannot_change_field_outside_impact_scope) ... ok
test_event_produces_new_state_and_auditable_differences (test_evolution.SubjectStateEvolutionTests.test_event_produces_new_state_and_auditable_differences) ... ok
test_round_trip_preserves_all_six_state_sections (test_models.SubjectStateModelTests.test_round_trip_preserves_all_six_state_sections) ... ok
test_seconds_since_last_interaction_is_derived_from_timestamp (test_models.SubjectStateModelTests.test_seconds_since_last_interaction_is_derived_from_timestamp) ... ok
test_subject_id_must_not_be_blank (test_models.SubjectStateModelTests.test_subject_id_must_not_be_blank) ... ok
test_abandoned_active_sandbox_is_cleaned_after_24_hours (test_p01_sandbox.P01SandboxTests.test_abandoned_active_sandbox_is_cleaned_after_24_hours) ... ok
test_acceptance_proof_cannot_cross_snapshot (test_p01_sandbox.P01SandboxTests.test_acceptance_proof_cannot_cross_snapshot) ... ok
test_all_p01_repository_roots_are_inside_sandbox_and_formal_tree_is_unchanged (test_p01_sandbox.P01SandboxTests.test_all_p01_repository_roots_are_inside_sandbox_and_formal_tree_is_unchanged) ... ok
test_all_sandbox_component_timestamps_use_subject_clock (test_p01_sandbox.P01SandboxTests.test_all_sandbox_component_timestamps_use_subject_clock) ... ok
test_branch_is_independent_and_created_from_a_valid_snapshot (test_p01_sandbox.P01SandboxTests.test_branch_is_independent_and_created_from_a_valid_snapshot) ... ok
test_changed_true_and_rollback_restore_every_component_exactly (test_p01_sandbox.P01SandboxTests.test_changed_true_and_rollback_restore_every_component_exactly) ... ok
test_changed_without_rollback_cannot_create_acceptance_receipt (test_p01_sandbox.P01SandboxTests.test_changed_without_rollback_cannot_create_acceptance_receipt) ... ok
test_disposable_identity_binding_cycle_namespace_and_root_are_unique (test_p01_sandbox.P01SandboxTests.test_disposable_identity_binding_cycle_namespace_and_root_are_unique) ... ok
test_expiry_scan_runs_at_explicit_maintenance_entry (test_p01_sandbox.P01SandboxTests.test_expiry_scan_runs_at_explicit_maintenance_entry) ... ok
test_expiry_scan_runs_when_a_new_manager_starts (test_p01_sandbox.P01SandboxTests.test_expiry_scan_runs_when_a_new_manager_starts) ... ok
test_explicit_debug_retention_cannot_exceed_seven_days (test_p01_sandbox.P01SandboxTests.test_explicit_debug_retention_cannot_exceed_seven_days) ... ok
test_failed_sandbox_is_retained_for_exactly_24_hours (test_p01_sandbox.P01SandboxTests.test_failed_sandbox_is_retained_for_exactly_24_hours) ... ok
test_finalize_without_changed_and_rollback_is_rejected (test_p01_sandbox.P01SandboxTests.test_finalize_without_changed_and_rollback_is_rejected) ... ok
test_fixture_is_explicit_synthetic_test_data (test_p01_sandbox.P01SandboxTests.test_fixture_is_explicit_synthetic_test_data) ... ok
test_link_or_junction_cleanup_target_is_rejected (test_p01_sandbox.P01SandboxTests.test_link_or_junction_cleanup_target_is_rejected) ... ok
test_maintenance_clock_does_not_enter_subject_history (test_p01_sandbox.P01SandboxTests.test_maintenance_clock_does_not_enter_subject_history) ... ok
test_manual_cleanup_is_targeted_and_idempotent (test_p01_sandbox.P01SandboxTests.test_manual_cleanup_is_targeted_and_idempotent) ... ok
test_missing_sandbox_marker_refuses_cleanup (test_p01_sandbox.P01SandboxTests.test_missing_sandbox_marker_refuses_cleanup) ... ok
test_p01_runtime_does_not_require_vio_or_background_scheduler (test_p01_sandbox.P01SandboxTests.test_p01_runtime_does_not_require_vio_or_background_scheduler) ... ok
test_personality_and_relationship_fixture_use_event_evolution (test_p01_sandbox.P01SandboxTests.test_personality_and_relationship_fixture_use_event_evolution) ... ok
test_promotion_is_forbidden_in_manager_and_runtime (test_p01_sandbox.P01SandboxTests.test_promotion_is_forbidden_in_manager_and_runtime) ... ok
test_recomputed_internal_snapshot_hashes_do_not_bypass_external_anchor (test_p01_sandbox.P01SandboxTests.test_recomputed_internal_snapshot_hashes_do_not_bypass_external_anchor) ... ok
test_repository_formal_home_and_parent_roots_are_forbidden (test_p01_sandbox.P01SandboxTests.test_repository_formal_home_and_parent_roots_are_forbidden) ... ok
test_rollback_failure_restores_the_unchanged_current_branch (test_p01_sandbox.P01SandboxTests.test_rollback_failure_restores_the_unchanged_current_branch) ... ok
test_rollback_then_changed_fingerprint_cannot_create_receipt (test_p01_sandbox.P01SandboxTests.test_rollback_then_changed_fingerprint_cannot_create_receipt) ... ok
test_sandbox_root_is_physically_and_logically_isolated (test_p01_sandbox.P01SandboxTests.test_sandbox_root_is_physically_and_logically_isolated) ... ok
test_six_frozen_schema_file_hashes_are_unchanged (test_p01_sandbox.P01SandboxTests.test_six_frozen_schema_file_hashes_are_unchanged) ... ok
test_snapshot_component_identity_metadata_mismatch_is_rejected (test_p01_sandbox.P01SandboxTests.test_snapshot_component_identity_metadata_mismatch_is_rejected) ... ok
test_snapshot_creation_fails_when_a_component_is_missing (test_p01_sandbox.P01SandboxTests.test_snapshot_creation_fails_when_a_component_is_missing) ... ok
test_snapshot_creation_requires_the_known_revision (test_p01_sandbox.P01SandboxTests.test_snapshot_creation_requires_the_known_revision) ... ok
test_snapshot_has_every_required_logical_component (test_p01_sandbox.P01SandboxTests.test_snapshot_has_every_required_logical_component) ... ok
test_snapshot_rejects_duplicate_physical_component_mapping (test_p01_sandbox.P01SandboxTests.test_snapshot_rejects_duplicate_physical_component_mapping) ... ok
test_snapshot_rejects_unmapped_physical_file (test_p01_sandbox.P01SandboxTests.test_snapshot_rejects_unmapped_physical_file) ... ok
test_standard_engine_interaction_produces_real_changed_true_and_sessions (test_p01_sandbox.P01SandboxTests.test_standard_engine_interaction_produces_real_changed_true_and_sessions) ... ok
test_standard_interaction_durable_state_is_closed_world_snapshotted (test_p01_sandbox.P01SandboxTests.test_standard_interaction_durable_state_is_closed_world_snapshotted) ... ok
test_subject_clock_is_frozen_and_advance_is_predictable (test_p01_sandbox.P01SandboxTests.test_subject_clock_is_frozen_and_advance_is_predictable) ... ok
test_success_exports_evidence_before_automatic_cleanup (test_p01_sandbox.P01SandboxTests.test_success_exports_evidence_before_automatic_cleanup) ... ok
test_tampered_acceptance_receipt_is_rejected (test_p01_sandbox.P01SandboxTests.test_tampered_acceptance_receipt_is_rejected) ... ok
test_tampered_logical_component_is_rejected (test_p01_sandbox.P01SandboxTests.test_tampered_logical_component_is_rejected) ... ok
test_tampered_physical_payload_is_rejected (test_p01_sandbox.P01SandboxTests.test_tampered_physical_payload_is_rejected) ... ok
test_unknown_or_unregistered_directory_cannot_be_cleaned (test_p01_sandbox.P01SandboxTests.test_unknown_or_unregistered_directory_cannot_be_cleaned) ... ok
test_windows_reparse_attribute_is_treated_as_link_like (test_p01_sandbox.P01SandboxTests.test_windows_reparse_attribute_is_treated_as_link_like) ... ok
test_blank_output_is_rejected_before_engine_and_p02_acceptance (test_p02_model_capability.P02ModelCapabilityTests.test_blank_output_is_rejected_before_engine_and_p02_acceptance) ... ok
test_cancelled_expired_and_terminal_failures_are_terminal (test_p02_model_capability.P02ModelCapabilityTests.test_cancelled_expired_and_terminal_failures_are_terminal) ... ok
test_confirmed_profile_is_configurable_metadata_not_permanent_vendor_binding (test_p02_model_capability.P02ModelCapabilityTests.test_confirmed_profile_is_configurable_metadata_not_permanent_vendor_binding) ... ok
test_daily_budget_exhaustion_is_resource_error_without_provider_execution (test_p02_model_capability.P02ModelCapabilityTests.test_daily_budget_exhaustion_is_resource_error_without_provider_execution) ... ok
test_duplicate_request_replays_without_execution_credit_action_or_result_duplication (test_p02_model_capability.P02ModelCapabilityTests.test_duplicate_request_replays_without_execution_credit_action_or_result_duplication) ... ok
test_execution_ledger_has_no_hidden_chain_of_thought_field (test_p02_model_capability.P02ModelCapabilityTests.test_execution_ledger_has_no_hidden_chain_of_thought_field) ... ok
test_failed_round_does_not_pollute_the_next_successful_round (test_p02_model_capability.P02ModelCapabilityTests.test_failed_round_does_not_pollute_the_next_successful_round) ... ok
test_fake_provider_uses_no_socket_http_or_environment_credentials (test_p02_model_capability.P02ModelCapabilityTests.test_fake_provider_uses_no_socket_http_or_environment_credentials) ... ok
test_frozen_compatibility_ledger_field_does_not_create_vio_dependency (test_p02_model_capability.P02ModelCapabilityTests.test_frozen_compatibility_ledger_field_does_not_create_vio_dependency) ... ok
test_generation_failure_is_terminal_and_has_no_credit (test_p02_model_capability.P02ModelCapabilityTests.test_generation_failure_is_terminal_and_has_no_credit) ... ok
test_legal_usage_ledger_reloads_and_replays_after_restart (test_p02_model_capability.P02ModelCapabilityTests.test_legal_usage_ledger_reloads_and_replays_after_restart) ... ok
test_model_candidate_cannot_change_subject_state_or_revision (test_p02_model_capability.P02ModelCapabilityTests.test_model_candidate_cannot_change_subject_state_or_revision) ... ok
test_multiple_local_rounds_have_independent_identity_and_one_usage_each (test_p02_model_capability.P02ModelCapabilityTests.test_multiple_local_rounds_have_independent_identity_and_one_usage_each) ... ok
test_network_failure_is_retryable_and_explicit_retry_executes_once (test_p02_model_capability.P02ModelCapabilityTests.test_network_failure_is_retryable_and_explicit_retry_executes_once) ... ok
test_not_executed_query_is_required_before_controlled_retry (test_p02_model_capability.P02ModelCapabilityTests.test_not_executed_query_is_required_before_controlled_retry) ... ok
test_partial_daily_budget_is_applied_to_provider_request_before_call (test_p02_model_capability.P02ModelCapabilityTests.test_partial_daily_budget_is_applied_to_provider_request_before_call) ... ok
test_profile_change_conflicts_with_existing_incomplete_execution (test_p02_model_capability.P02ModelCapabilityTests.test_profile_change_conflicts_with_existing_incomplete_execution) ... ok
test_provider_daily_overrun_is_audited_and_never_reaches_subject_chain (test_p02_model_capability.P02ModelCapabilityTests.test_provider_daily_overrun_is_audited_and_never_reaches_subject_chain) ... ok
test_provider_usage_above_requested_limit_is_audited_but_not_delivered (test_p02_model_capability.P02ModelCapabilityTests.test_provider_usage_above_requested_limit_is_audited_but_not_delivered) ... ok
test_same_request_identity_with_different_content_fails_closed (test_p02_model_capability.P02ModelCapabilityTests.test_same_request_identity_with_different_content_fails_closed) ... ok
test_success_persists_one_execution_usage_and_synthetic_credit (test_p02_model_capability.P02ModelCapabilityTests.test_success_persists_one_execution_usage_and_synthetic_credit) ... ok
test_success_uses_original_think_session_action_and_reply_composer (test_p02_model_capability.P02ModelCapabilityTests.test_success_uses_original_think_session_action_and_reply_composer) ... ok
test_timeout_and_unknown_query_first_never_blindly_retry (test_p02_model_capability.P02ModelCapabilityTests.test_timeout_and_unknown_query_first_never_blindly_retry) ... ok
test_timeout_with_inconclusive_query_cannot_blindly_retry (test_p02_model_capability.P02ModelCapabilityTests.test_timeout_with_inconclusive_query_cannot_blindly_retry) ... ok
test_unknown_disabled_and_fallback_profiles_fail_closed (test_p02_model_capability.P02ModelCapabilityTests.test_unknown_disabled_and_fallback_profiles_fail_closed) ... ok
test_unknown_query_still_unknown_remains_waiting (test_p02_model_capability.P02ModelCapabilityTests.test_unknown_query_still_unknown_remains_waiting) ... ok
test_unknown_recover_queries_and_resolves_original_attempt_once (test_p02_model_capability.P02ModelCapabilityTests.test_unknown_recover_queries_and_resolves_original_attempt_once) ... ok
test_usage_attempt_and_execution_reference_tampering_fails_closed (test_p02_model_capability.P02ModelCapabilityTests.test_usage_attempt_and_execution_reference_tampering_fails_closed) ... ok
test_usage_day_and_recorded_time_tampering_fails_closed (test_p02_model_capability.P02ModelCapabilityTests.test_usage_day_and_recorded_time_tampering_fails_closed) ... ok
test_usage_model_tampering_fails_closed (test_p02_model_capability.P02ModelCapabilityTests.test_usage_model_tampering_fails_closed) ... ok
test_usage_provider_tampering_fails_closed (test_p02_model_capability.P02ModelCapabilityTests.test_usage_provider_tampering_fails_closed) ... ok
test_usage_test_credit_tampering_fails_closed (test_p02_model_capability.P02ModelCapabilityTests.test_usage_test_credit_tampering_fails_closed) ... ok
test_usage_token_tampering_fails_closed (test_p02_model_capability.P02ModelCapabilityTests.test_usage_token_tampering_fails_closed) ... ok
test_e5_action_recovery_does_not_create_second_action (test_p02_model_recovery.P02ModelRecoveryTests.test_e5_action_recovery_does_not_create_second_action) ... ok
test_e5_completed_result_response_loss_recovery (test_p02_model_recovery.P02ModelRecoveryTests.test_e5_completed_result_response_loss_recovery) ... ok
test_e5_original_thinking_resume_recovery (test_p02_model_recovery.P02ModelRecoveryTests.test_e5_original_thinking_resume_recovery) ... ok
test_e5_result_persisted_checkpoint_recovery (test_p02_model_recovery.P02ModelRecoveryTests.test_e5_result_persisted_checkpoint_recovery) ... ok
test_recovery_after_ambiguous_query_resolution_checkpoint (test_p02_model_recovery.P02ModelRecoveryTests.test_recovery_after_ambiguous_query_resolution_checkpoint) ... ok
test_recovery_after_capability_result_before_e5_acceptance (test_p02_model_recovery.P02ModelRecoveryTests.test_recovery_after_capability_result_before_e5_acceptance) ... ok
test_recovery_after_delivery_checkpoint (test_p02_model_recovery.P02ModelRecoveryTests.test_recovery_after_delivery_checkpoint) ... ok
test_recovery_after_model_execution_reserved (test_p02_model_recovery.P02ModelRecoveryTests.test_recovery_after_model_execution_reserved) ... ok
test_recovery_after_provider_dispatch_reserved (test_p02_model_recovery.P02ModelRecoveryTests.test_recovery_after_provider_dispatch_reserved) ... ok
test_recovery_after_provider_fact_before_usage (test_p02_model_recovery.P02ModelRecoveryTests.test_recovery_after_provider_fact_before_usage) ... ok
test_recovery_after_usage_before_capability_result (test_p02_model_recovery.P02ModelRecoveryTests.test_recovery_after_usage_before_capability_result) ... ok
test_recovery_queries_provider_after_response_was_generated_but_not_recorded (test_p02_model_recovery.P02ModelRecoveryTests.test_recovery_queries_provider_after_response_was_generated_but_not_recorded) ... ok
test_response_loss_after_engine_completion_replays_original_result (test_p02_model_recovery.P02ModelRecoveryTests.test_response_loss_after_engine_completion_replays_original_result) ... ok
test_restart_can_continue_with_a_new_round (test_p02_model_recovery.P02ModelRecoveryTests.test_restart_can_continue_with_a_new_round) ... ok
test_archived_memory_is_not_routed_but_remains_loadable (test_p05_context_router.P05ContextRouterTests.test_archived_memory_is_not_routed_but_remains_loadable) ... ok
test_cross_subject_and_environment_candidates_fail_closed (test_p05_context_router.P05ContextRouterTests.test_cross_subject_and_environment_candidates_fail_closed) ... ok
test_feature_gate_returns_explicit_empty_result_without_reads (test_p05_context_router.P05ContextRouterTests.test_feature_gate_returns_explicit_empty_result_without_reads) ... ok
test_future_partitions_are_explicitly_unavailable (test_p05_context_router.P05ContextRouterTests.test_future_partitions_are_explicitly_unavailable) ... ok
test_golden_scenario_excludes_irrelevant_and_secret_candidates (test_p05_context_router.P05ContextRouterTests.test_golden_scenario_excludes_irrelevant_and_secret_candidates) ... ok
test_golden_scenario_routes_relationship_authorities (test_p05_context_router.P05ContextRouterTests.test_golden_scenario_routes_relationship_authorities) ... ok
test_invalidated_summary_is_not_routed (test_p05_context_router.P05ContextRouterTests.test_invalidated_summary_is_not_routed) ... ok
test_large_timeline_uses_recent_relevant_stable_window (test_p05_context_router.P05ContextRouterTests.test_large_timeline_uses_recent_relevant_stable_window) ... ok
test_memory_and_summary_sources_use_bounded_repository_queries (test_p05_context_router.P05ContextRouterTests.test_memory_and_summary_sources_use_bounded_repository_queries) ... ok
test_missing_required_source_is_incomplete (test_p05_context_router.P05ContextRouterTests.test_missing_required_source_is_incomplete) ... ok
test_neutral_continuity_opens_only_required_subject_state (test_p05_context_router.P05ContextRouterTests.test_neutral_continuity_opens_only_required_subject_state) ... ok
test_optional_source_failure_is_traced_without_expanding_scope (test_p05_context_router.P05ContextRouterTests.test_optional_source_failure_is_traced_without_expanding_scope) ... ok
test_per_source_limit_is_forwarded_and_enforced (test_p05_context_router.P05ContextRouterTests.test_per_source_limit_is_forwarded_and_enforced) ... ok
test_required_source_denial_discards_optional_success_candidates (test_p05_context_router.P05ContextRouterTests.test_required_source_denial_discards_optional_success_candidates) ... ok
test_required_source_failure_is_incomplete (test_p05_context_router.P05ContextRouterTests.test_required_source_failure_is_incomplete) ... ok
test_required_source_permission_denial_rejects_route (test_p05_context_router.P05ContextRouterTests.test_required_source_permission_denial_rejects_route) ... ok
test_revoked_timeline_target_is_not_routed (test_p05_context_router.P05ContextRouterTests.test_revoked_timeline_target_is_not_routed) ... ok
test_route_is_deterministic_across_new_router_instances (test_p05_context_router.P05ContextRouterTests.test_route_is_deterministic_across_new_router_instances) ... ok
test_route_result_contains_references_not_composed_context (test_p05_context_router.P05ContextRouterTests.test_route_result_contains_references_not_composed_context) ... ok
test_router_does_not_modify_subject_or_memory_authorities (test_p05_context_router.P05ContextRouterTests.test_router_does_not_modify_subject_or_memory_authorities) ... ok
test_source_cannot_return_more_than_its_bounded_scope (test_p05_context_router.P05ContextRouterTests.test_source_cannot_return_more_than_its_bounded_scope) ... ok
test_source_change_between_route_and_use_fails_revalidation (test_p05_context_router.P05ContextRouterTests.test_source_change_between_route_and_use_fails_revalidation) ... ok
test_stable_tie_break_uses_source_identity_and_version (test_p05_context_router.P05ContextRouterTests.test_stable_tie_break_uses_source_identity_and_version) ... ok
test_subject_revision_change_is_incomplete_not_stale_fallback (test_p05_context_router.P05ContextRouterTests.test_subject_revision_change_is_incomplete_not_stale_fallback) ... ok
test_total_retrieval_budget_caps_candidates_without_fallback (test_p05_context_router.P05ContextRouterTests.test_total_retrieval_budget_caps_candidates_without_fallback) ... ok
test_trace_cannot_be_used_as_a_perception_input (test_p05_context_router.P05ContextRouterTests.test_trace_cannot_be_used_as_a_perception_input) ... ok
test_unknown_visibility_is_rejected_without_content_disclosure (test_p05_context_router.P05ContextRouterTests.test_unknown_visibility_is_rejected_without_content_disclosure) ... ok
test_candidate_requires_version_hash_and_timezone (test_p05_context_routing.P05ContextRoutingDomainTests.test_candidate_requires_version_hash_and_timezone) ... ok
test_manifest_integrity_rejects_tampering (test_p05_context_routing.P05ContextRoutingDomainTests.test_manifest_integrity_rejects_tampering) ... ok
test_manifest_rejects_noncontiguous_ranks (test_p05_context_routing.P05ContextRoutingDomainTests.test_manifest_rejects_noncontiguous_ranks) ... ok
test_per_source_limits_are_stable_and_bounded (test_p05_context_routing.P05ContextRoutingDomainTests.test_per_source_limits_are_stable_and_bounded) ... ok
test_retrieval_budget_default_and_separate_context_hint (test_p05_context_routing.P05ContextRoutingDomainTests.test_retrieval_budget_default_and_separate_context_hint) ... ok
test_retrieval_budget_enforces_configurable_30_to_80_range (test_p05_context_routing.P05ContextRoutingDomainTests.test_retrieval_budget_enforces_configurable_30_to_80_range) ... ok
test_route_plan_hash_is_deterministic (test_p05_context_routing.P05ContextRoutingDomainTests.test_route_plan_hash_is_deterministic) ... ok
test_routing_request_normalizes_time_and_round_trips (test_p05_context_routing.P05ContextRoutingDomainTests.test_routing_request_normalizes_time_and_round_trips) ... ok
test_signal_contains_only_hash_not_sensitive_value (test_p05_context_routing.P05ContextRoutingDomainTests.test_signal_contains_only_hash_not_sensitive_value) ... ok
test_source_batch_rejects_duplicate_stable_identity (test_p05_context_routing.P05ContextRoutingDomainTests.test_source_batch_rejects_duplicate_stable_identity) ... ok
test_source_batch_rejects_partition_mismatch (test_p05_context_routing.P05ContextRoutingDomainTests.test_source_batch_rejects_partition_mismatch) ... ok
test_trace_rejects_budget_overrun (test_p05_context_routing.P05ContextRoutingDomainTests.test_trace_rejects_budget_overrun) ... ok
test_budget_too_small_for_protected_identity_fails_explicitly (test_p06_context_composer.P06ContextComposerTests.test_budget_too_small_for_protected_identity_fails_explicitly) ... ok
test_builtin_exact_resolvers_surface_stable_top_level_failure_reasons (test_p06_context_composer.P06ContextComposerTests.test_builtin_exact_resolvers_surface_stable_top_level_failure_reasons) ... ok
test_candidate_missing_and_upstream_notices_do_not_pollute_each_other (test_p06_context_composer.P06ContextComposerTests.test_candidate_missing_and_upstream_notices_do_not_pollute_each_other) ... ok
test_candidate_self_reported_authority_cannot_elevate_trusted_binding (test_p06_context_composer.P06ContextComposerTests.test_candidate_self_reported_authority_cannot_elevate_trusted_binding) ... ok
test_composer_owned_resolver_read_audit_matches_manifest_by_source (test_p06_context_composer.P06ContextComposerTests.test_composer_owned_resolver_read_audit_matches_manifest_by_source) ... ok
test_context_budget_hint_is_used_when_no_explicit_budget_is_passed (test_p06_context_composer.P06ContextComposerTests.test_context_budget_hint_is_used_when_no_explicit_budget_is_passed) ... ok
test_context_budget_retains_identity_continuity_and_relationship_first (test_p06_context_composer.P06ContextComposerTests.test_context_budget_retains_identity_continuity_and_relationship_first) ... ok
test_cross_subject_and_environment_reference_fail_closed (test_p06_context_composer.P06ContextComposerTests.test_cross_subject_and_environment_reference_fail_closed) ... ok
test_exact_duplicate_reference_is_rejected_before_spending_context_budget (test_p06_context_composer.P06ContextComposerTests.test_exact_duplicate_reference_is_rejected_before_spending_context_budget) ... ok
test_feature_gate_disables_all_exact_resolver_reads (test_p06_context_composer.P06ContextComposerTests.test_feature_gate_disables_all_exact_resolver_reads) ... ok
test_fixed_inputs_clock_and_estimator_are_fully_deterministic (test_p06_context_composer.P06ContextComposerTests.test_fixed_inputs_clock_and_estimator_are_fully_deterministic) ... ok
test_golden_scenario_preserves_all_five_authorities_and_zero_writes (test_p06_context_composer.P06ContextComposerTests.test_golden_scenario_preserves_all_five_authorities_and_zero_writes) ... ok
test_manifest_only_resolution_does_not_read_unreferenced_resolver (test_p06_context_composer.P06ContextComposerTests.test_manifest_only_resolution_does_not_read_unreferenced_resolver) ... ok
test_missing_material_content_has_a_distinct_reason_code (test_p06_context_composer.P06ContextComposerTests.test_missing_material_content_has_a_distinct_reason_code) ... ok
test_missing_material_provenance_has_a_distinct_reason_code (test_p06_context_composer.P06ContextComposerTests.test_missing_material_provenance_has_a_distinct_reason_code) ... ok
test_non_complete_p05_route_is_not_consumed_and_reads_zero (test_p06_context_composer.P06ContextComposerTests.test_non_complete_p05_route_is_not_consumed_and_reads_zero) ... ok
test_optional_material_drift_is_excluded_with_stable_missing_notice (test_p06_context_composer.P06ContextComposerTests.test_optional_material_drift_is_excluded_with_stable_missing_notice) ... ok
test_output_tampering_and_count_mismatch_fail_closed (test_p06_context_composer.P06ContextComposerTests.test_output_tampering_and_count_mismatch_fail_closed) ... ok
test_p05_route_result_is_not_modified_by_composition (test_p06_context_composer.P06ContextComposerTests.test_p05_route_result_is_not_modified_by_composition) ... ok
test_permission_change_after_routing_fails_closed (test_p06_context_composer.P06ContextComposerTests.test_permission_change_after_routing_fails_closed) ... ok
test_raw_source_and_confirmed_memory_coexist_without_auto_overwrite (test_p06_context_composer.P06ContextComposerTests.test_raw_source_and_confirmed_memory_coexist_without_auto_overwrite) ... ok
test_required_version_or_hash_drift_fails_closed_without_snapshot (test_p06_context_composer.P06ContextComposerTests.test_required_version_or_hash_drift_fails_closed_without_snapshot) ... ok
test_router_not_opened_and_empty_are_distinct_upstream_notices (test_p06_context_composer.P06ContextComposerTests.test_router_not_opened_and_empty_are_distinct_upstream_notices) ... ok
test_summary_and_raw_source_are_not_semantically_merged (test_p06_context_composer.P06ContextComposerTests.test_summary_and_raw_source_are_not_semantically_merged) ... ok
test_test_only_thinking_consumer_sees_authority_without_production_integration (test_p06_context_composer.P06ContextComposerTests.test_test_only_thinking_consumer_sees_authority_without_production_integration) ... ok
test_trace_never_contains_material_body_or_secret (test_p06_context_composer.P06ContextComposerTests.test_trace_never_contains_material_body_or_secret) ... ok
test_unknown_source_binding_is_rejected_not_broadly_searched (test_p06_context_composer.P06ContextComposerTests.test_unknown_source_binding_is_rejected_not_broadly_searched) ... ok
test_candidate_missing_and_upstream_notices_use_independent_invariants (test_p06_context_composition.P06ContextCompositionDomainTests.test_candidate_missing_and_upstream_notices_use_independent_invariants) ... ok
test_context_budget_is_separate_and_enforces_fragment_range (test_p06_context_composition.P06ContextCompositionDomainTests.test_context_budget_is_separate_and_enforces_fragment_range) ... ok
test_failed_result_cannot_expose_a_consumable_snapshot (test_p06_context_composition.P06ContextCompositionDomainTests.test_failed_result_cannot_expose_a_consumable_snapshot) ... ok
test_five_authorities_round_trip_without_numeric_truth_ranking (test_p06_context_composition.P06ContextCompositionDomainTests.test_five_authorities_round_trip_without_numeric_truth_ranking) ... ok
test_fragment_rank_and_snapshot_budget_are_integrity_checked (test_p06_context_composition.P06ContextCompositionDomainTests.test_fragment_rank_and_snapshot_budget_are_integrity_checked) ... ok
test_material_and_fragment_can_never_enable_direct_state_write (test_p06_context_composition.P06ContextCompositionDomainTests.test_material_and_fragment_can_never_enable_direct_state_write) ... ok
test_only_confirmed_state_can_be_budget_protected (test_p06_context_composition.P06ContextCompositionDomainTests.test_only_confirmed_state_can_be_budget_protected) ... ok
test_snapshot_and_result_round_trip_with_canonical_hash (test_p06_context_composition.P06ContextCompositionDomainTests.test_snapshot_and_result_round_trip_with_canonical_hash) ... ok
test_snapshot_tampering_is_rejected (test_p06_context_composition.P06ContextCompositionDomainTests.test_snapshot_tampering_is_rejected) ... ok
test_trace_contains_no_fragment_content_or_secret (test_p06_context_composition.P06ContextCompositionDomainTests.test_trace_contains_no_fragment_content_or_secret) ... ok
test_trace_tampering_and_count_mismatch_are_rejected (test_p06_context_composition.P06ContextCompositionDomainTests.test_trace_tampering_and_count_mismatch_are_rejected) ... ok
test_all_five_basis_reject_unrelated_scope_and_target_source_drift (test_p07_contradiction.P07ContradictionDomainTests.test_all_five_basis_reject_unrelated_scope_and_target_source_drift) ... ok
test_all_resolution_basis_kinds_require_registry_backed_verification (test_p07_contradiction.P07ContradictionDomainTests.test_all_resolution_basis_kinds_require_registry_backed_verification) ... ok
test_cached_verified_proof_cannot_cross_case_snapshot_or_revision (test_p07_contradiction.P07ContradictionDomainTests.test_cached_verified_proof_cannot_cross_case_snapshot_or_revision) ... ok
test_case_has_no_state_or_evolution_write_authority (test_p07_contradiction.P07ContradictionDomainTests.test_case_has_no_state_or_evolution_write_authority) ... ok
test_claim_case_and_result_tampering_fails_closed (test_p07_contradiction.P07ContradictionDomainTests.test_claim_case_and_result_tampering_fails_closed) ... ok
test_claim_projection_round_trip_has_no_authority_or_provenance_fields (test_p07_contradiction.P07ContradictionDomainTests.test_claim_projection_round_trip_has_no_authority_or_provenance_fields) ... ok
test_complete_result_rejects_cross_subject_case_even_with_valid_hashes (test_p07_contradiction.P07ContradictionDomainTests.test_complete_result_rejects_cross_subject_case_even_with_valid_hashes) ... ok
test_complete_result_rejects_rehashed_cross_boundary_cases_on_deserialization (test_p07_contradiction.P07ContradictionDomainTests.test_complete_result_rejects_rehashed_cross_boundary_cases_on_deserialization) ... ok
test_fabricated_resolution_cannot_self_attest_verification (test_p07_contradiction.P07ContradictionDomainTests.test_fabricated_resolution_cannot_self_attest_verification) ... ok
test_illegal_forward_transition_and_audit_rewrite_fail_closed (test_p07_contradiction.P07ContradictionDomainTests.test_illegal_forward_transition_and_audit_rewrite_fail_closed) ... ok
test_legal_bound_resolve_reopen_supersede_survive_restart_and_replay (test_p07_contradiction.P07ContradictionDomainTests.test_legal_bound_resolve_reopen_supersede_survive_restart_and_replay) ... ok
test_no_confidence_recency_or_authority_winner_is_persisted (test_p07_contradiction.P07ContradictionDomainTests.test_no_confidence_recency_or_authority_winner_is_persisted) ... ok
test_rehashed_resolution_boundary_tamper_rejected_on_reload_and_detect (test_p07_contradiction.P07ContradictionDomainTests.test_rehashed_resolution_boundary_tamper_rejected_on_reload_and_detect) ... ok
test_reopen_and_supersede_require_sealed_evidence_not_bare_hashes (test_p07_contradiction.P07ContradictionDomainTests.test_reopen_and_supersede_require_sealed_evidence_not_bare_hashes) ... ok
test_reopen_is_append_only_and_does_not_erase_resolution (test_p07_contradiction.P07ContradictionDomainTests.test_reopen_is_append_only_and_does_not_erase_resolution) ... ok
test_repository_cross_environment_fails_closed (test_p07_contradiction.P07ContradictionDomainTests.test_repository_cross_environment_fails_closed) ... ok
test_repository_document_tampering_fails_closed (test_p07_contradiction.P07ContradictionDomainTests.test_repository_document_tampering_fails_closed) ... ok
test_repository_exact_replay_returns_current_case_without_duplicate (test_p07_contradiction.P07ContradictionDomainTests.test_repository_exact_replay_returns_current_case_without_duplicate) ... ok
test_repository_restart_preserves_history_order_hash_and_status (test_p07_contradiction.P07ContradictionDomainTests.test_repository_restart_preserves_history_order_hash_and_status) ... ok
test_repository_reverifies_rehashed_evidence_record_and_version (test_p07_contradiction.P07ContradictionDomainTests.test_repository_reverifies_rehashed_evidence_record_and_version) ... ok
test_repository_same_identity_different_body_fails_closed (test_p07_contradiction.P07ContradictionDomainTests.test_repository_same_identity_different_body_fails_closed) ... ok
test_repository_without_trusted_verifier_cannot_load_resolved_audit (test_p07_contradiction.P07ContradictionDomainTests.test_repository_without_trusted_verifier_cannot_load_resolved_audit) ... ok
test_resolution_audit_action_reason_hashes_and_time_are_sealed (test_p07_contradiction.P07ContradictionDomainTests.test_resolution_audit_action_reason_hashes_and_time_are_sealed) ... ok
test_resolution_audit_rejects_rehashed_foreign_evidence_before_persistence (test_p07_contradiction.P07ContradictionDomainTests.test_resolution_audit_rejects_rehashed_foreign_evidence_before_persistence) ... ok
test_resolution_evidence_cannot_resolve_unrelated_proposition_and_scope (test_p07_contradiction.P07ContradictionDomainTests.test_resolution_evidence_cannot_resolve_unrelated_proposition_and_scope) ... ok
test_resolution_evidence_is_verified_and_bound_to_subject_environment (test_p07_contradiction.P07ContradictionDomainTests.test_resolution_evidence_is_verified_and_bound_to_subject_environment) ... ok
test_resolution_requires_verified_basis_and_preserves_old_evidence (test_p07_contradiction.P07ContradictionDomainTests.test_resolution_requires_verified_basis_and_preserves_old_evidence) ... ok
test_resolution_verifier_rejects_missing_hash_basis_and_version_drift (test_p07_contradiction.P07ContradictionDomainTests.test_resolution_verifier_rejects_missing_hash_basis_and_version_drift) ... ok
test_structured_claim_and_case_round_trip_preserve_canonical_hashes (test_p07_contradiction.P07ContradictionDomainTests.test_structured_claim_and_case_round_trip_preserve_canonical_hashes) ... ok
test_three_contradiction_kinds_are_stable_and_distinct (test_p07_contradiction.P07ContradictionDomainTests.test_three_contradiction_kinds_are_stable_and_distinct) ... ok
test_trace_contains_hashes_and_ids_but_no_material_content (test_p07_contradiction.P07ContradictionDomainTests.test_trace_contains_hashes_and_ids_but_no_material_content) ... ok
test_trace_evaluation_counts_cover_every_p06_fragment (test_p07_contradiction.P07ContradictionDomainTests.test_trace_evaluation_counts_cover_every_p06_fragment) ... ok
test_verified_resolution_request_hash_and_action_reuse_fail_closed (test_p07_contradiction.P07ContradictionDomainTests.test_verified_resolution_request_hash_and_action_reuse_fail_closed) ... ok
test_candidate_missing_and_upstream_notice_counts_remain_distinct (test_p07_contradiction_detector.P07ContradictionDetectorTests.test_candidate_missing_and_upstream_notice_counts_remain_distinct) ... ok
test_conflict_marker_without_structured_claim_never_creates_case (test_p07_contradiction_detector.P07ContradictionDetectorTests.test_conflict_marker_without_structured_claim_never_creates_case) ... ok
test_cross_subject_or_environment_binding_fails_closed (test_p07_contradiction_detector.P07ContradictionDetectorTests.test_cross_subject_or_environment_binding_fails_closed) ... ok
test_derived_summary_conflict_is_isolated_and_never_promoted (test_p07_contradiction_detector.P07ContradictionDetectorTests.test_derived_summary_conflict_is_isolated_and_never_promoted) ... ok
test_detection_is_deterministic_across_restart_and_clock_changes (test_p07_contradiction_detector.P07ContradictionDetectorTests.test_detection_is_deterministic_across_restart_and_clock_changes) ... ok
test_detector_fault_is_attributed_to_p07_and_does_not_write_repository (test_p07_contradiction_detector.P07ContradictionDetectorTests.test_detector_fault_is_attributed_to_p07_and_does_not_write_repository) ... ok
test_detector_reads_each_snapshot_fragment_once_and_never_reroutes (test_p07_contradiction_detector.P07ContradictionDetectorTests.test_detector_reads_each_snapshot_fragment_once_and_never_reroutes) ... ok
test_different_proposition_and_time_scope_do_not_false_positive (test_p07_contradiction_detector.P07ContradictionDetectorTests.test_different_proposition_and_time_scope_do_not_false_positive) ... ok
test_epistemic_and_evidential_kinds_are_deterministic (test_p07_contradiction_detector.P07ContradictionDetectorTests.test_epistemic_and_evidential_kinds_are_deterministic) ... ok
test_golden_detects_isolates_resolves_restarts_and_reopens_without_writes (test_p07_contradiction_detector.P07ContradictionDetectorTests.test_golden_detects_isolates_resolves_restarts_and_reopens_without_writes) ... ok
test_love_and_hate_psychological_ambivalence_is_explicitly_excluded (test_p07_contradiction_detector.P07ContradictionDetectorTests.test_love_and_hate_psychological_ambivalence_is_explicitly_excluded) ... ok
test_missing_required_resolution_evidence_cannot_be_hidden_by_optional_success (test_p07_contradiction_detector.P07ContradictionDetectorTests.test_missing_required_resolution_evidence_cannot_be_hidden_by_optional_success) ... ok
test_older_claim_cannot_self_report_supersession_of_newer_claim (test_p07_contradiction_detector.P07ContradictionDetectorTests.test_older_claim_cannot_self_report_supersession_of_newer_claim) ... ok
test_p06_manifest_hash_mismatch_fails_before_claim_resolution (test_p07_contradiction_detector.P07ContradictionDetectorTests.test_p06_manifest_hash_mismatch_fails_before_claim_resolution) ... ok
test_p06_non_complete_result_is_rejected_without_claim_reads (test_p07_contradiction_detector.P07ContradictionDetectorTests.test_p06_non_complete_result_is_rejected_without_claim_reads) ... ok
test_repository_never_persists_plaintext_canonical_values (test_p07_contradiction_detector.P07ContradictionDetectorTests.test_repository_never_persists_plaintext_canonical_values) ... ok
test_repository_seals_long_secret_and_scalar_values_across_restart (test_p07_contradiction_detector.P07ContradictionDetectorTests.test_repository_seals_long_secret_and_scalar_values_across_restart) ... ok
test_same_claim_is_deduplicated_without_false_contradiction (test_p07_contradiction_detector.P07ContradictionDetectorTests.test_same_claim_is_deduplicated_without_false_contradiction) ... ok
test_same_source_new_version_with_explicit_supersession_is_not_conflict (test_p07_contradiction_detector.P07ContradictionDetectorTests.test_same_source_new_version_with_explicit_supersession_is_not_conflict) ... ok
test_supersession_missing_same_version_cross_source_and_mutual_fail_closed (test_p07_contradiction_detector.P07ContradictionDetectorTests.test_supersession_missing_same_version_cross_source_and_mutual_fail_closed) ... ok
test_trusted_supersession_binding_rejects_cross_boundary_and_reverse_direction (test_p07_contradiction_detector.P07ContradictionDetectorTests.test_trusted_supersession_binding_rejects_cross_boundary_and_reverse_direction) ... ok
test_unstructured_text_is_unassessed_not_guessed (test_p07_contradiction_detector.P07ContradictionDetectorTests.test_unstructured_text_is_unassessed_not_guessed) ... ok
test_user_correction_or_revocation_remains_evidence_not_direct_state_change (test_p07_contradiction_detector.P07ContradictionDetectorTests.test_user_correction_or_revocation_remains_evidence_not_direct_state_change) ... ok
test_complex_actions_require_planner_even_if_choice_claims_simple (test_p08_action_planning.P08ActionPlanningTests.test_complex_actions_require_planner_even_if_choice_claims_simple) ... ok
test_confirmation_requires_exact_request_binding (test_p08_action_planning.P08ActionPlanningTests.test_confirmation_requires_exact_request_binding) ... ok
test_cross_subject_environment_snapshot_revision_source_rejected (test_p08_action_planning.P08ActionPlanningTests.test_cross_subject_environment_snapshot_revision_source_rejected) ... ok
test_dependency_cycle_forward_duplicate_and_model_generate_rejected (test_p08_action_planning.P08ActionPlanningTests.test_dependency_cycle_forward_duplicate_and_model_generate_rejected) ... ok
test_different_step_result_misdelivery_rejected (test_p08_action_planning.P08ActionPlanningTests.test_different_step_result_misdelivery_rejected) ... ok
test_direct_actions_work_with_planner_disabled_without_plan (test_p08_action_planning.P08ActionPlanningTests.test_direct_actions_work_with_planner_disabled_without_plan) ... ok
test_domain_roundtrip_canonical_and_tampering (test_p08_action_planning.P08ActionPlanningTests.test_domain_roundtrip_canonical_and_tampering) ... ok
test_expired_choice_has_durable_terminal_and_no_effect (test_p08_action_planning.P08ActionPlanningTests.test_expired_choice_has_durable_terminal_and_no_effect) ... ok
test_failure_blocks_dependent_steps (test_p08_action_planning.P08ActionPlanningTests.test_failure_blocks_dependent_steps) ... ok
test_fake_adapter_rejects_repository_and_formal_roots (test_p08_action_planning.P08ActionPlanningTests.test_fake_adapter_rejects_repository_and_formal_roots) ... ok
test_forged_receipt_rejected_by_trusted_query (test_p08_action_planning.P08ActionPlanningTests.test_forged_receipt_rejected_by_trusted_query) ... ok
test_frozen_external_validator_rejects_internal_request_and_result (test_p08_action_planning.P08ActionPlanningTests.test_frozen_external_validator_rejects_internal_request_and_result) ... ok
test_golden_deterministic_replay_and_zero_underlying_writes (test_p08_action_planning.P08ActionPlanningTests.test_golden_deterministic_replay_and_zero_underlying_writes) ... ok
test_information_need_and_action_intent_use_same_planner_and_gates (test_p08_action_planning.P08ActionPlanningTests.test_information_need_and_action_intent_use_same_planner_and_gates) ... ok
test_internal_status_and_receipt_semantics_rejected (test_p08_action_planning.P08ActionPlanningTests.test_internal_status_and_receipt_semantics_rejected) ... ok
test_local_execution_never_uses_network_or_credentials (test_p08_action_planning.P08ActionPlanningTests.test_local_execution_never_uses_network_or_credentials) ... ok
test_observation_or_untrusted_decision_never_authorizes_action (test_p08_action_planning.P08ActionPlanningTests.test_observation_or_untrusted_decision_never_authorizes_action) ... ok
test_p06_failed_or_tampered_or_stale_context_rejected (test_p08_action_planning.P08ActionPlanningTests.test_p06_failed_or_tampered_or_stale_context_rejected) ... ok
test_permission_confirmation_resource_recovery_reality_gates_zero_effect (test_p08_action_planning.P08ActionPlanningTests.test_permission_confirmation_resource_recovery_reality_gates_zero_effect) ... ok
test_persistent_attempt_tampering_fails_closed (test_p08_action_planning.P08ActionPlanningTests.test_persistent_attempt_tampering_fails_closed) ... ok
test_planner_step_and_total_resource_limits (test_p08_action_planning.P08ActionPlanningTests.test_planner_step_and_total_resource_limits) ... ok
test_same_identity_different_input_conflicts_in_single_ledger (test_p08_action_planning.P08ActionPlanningTests.test_same_identity_different_input_conflicts_in_single_ledger) ... ok
test_unknown_capability_and_state_update_binding_are_not_fallbacks (test_p08_action_planning.P08ActionPlanningTests.test_unknown_capability_and_state_update_binding_are_not_fallbacks) ... ok
test_bypassed_domain_terminal_is_rechecked_at_coordinator_and_storage_append (test_p08_action_recovery.P08ActionRecoveryTests.test_bypassed_domain_terminal_is_rechecked_at_coordinator_and_storage_append) ... ok
test_context_change_between_steps_blocks_later_effect (test_p08_action_recovery.P08ActionRecoveryTests.test_context_change_between_steps_blocks_later_effect) ... ok
test_crash_matrix_keeps_single_effect_and_step_identity (test_p08_action_recovery.P08ActionRecoveryTests.test_crash_matrix_keeps_single_effect_and_step_identity) ... ok
test_effect_before_engine_receipt_crash_recovers_by_query_only (test_p08_action_recovery.P08ActionRecoveryTests.test_effect_before_engine_receipt_crash_recovers_by_query_only) ... ok
test_expired_choice_and_stale_context_still_recover_actual_success (test_p08_action_recovery.P08ActionRecoveryTests.test_expired_choice_and_stale_context_still_recover_actual_success) ... ok
test_expired_dependency_with_real_lookup_success_is_rejected_before_contact (test_p08_action_recovery.P08ActionRecoveryTests.test_expired_dependency_with_real_lookup_success_is_rejected_before_contact) ... ok
test_expired_unknown_invalid_query_and_query_exception_do_not_prove_nonexecution (test_p08_action_recovery.P08ActionRecoveryTests.test_expired_unknown_invalid_query_and_query_exception_do_not_prove_nonexecution) ... ok
test_expiry_append_checks_typed_nonexecution_not_caller_assertion (test_p08_action_recovery.P08ActionRecoveryTests.test_expiry_append_checks_typed_nonexecution_not_caller_assertion) ... ok
test_forged_persisted_success_cannot_release_dependent_action (test_p08_action_recovery.P08ActionRecoveryTests.test_forged_persisted_success_cannot_release_dependent_action) ... ok
test_historical_receipt_requires_independent_query_on_load_replay_and_append (test_p08_action_recovery.P08ActionRecoveryTests.test_historical_receipt_requires_independent_query_on_load_replay_and_append) ... ok
test_internal_result_status_evidence_matrix_and_roundtrip (test_p08_action_recovery.P08ActionRecoveryTests.test_internal_result_status_evidence_matrix_and_roundtrip) ... ok
test_invalid_terminal_shapes_rehashed_reload_fails_closed (test_p08_action_recovery.P08ActionRecoveryTests.test_invalid_terminal_shapes_rehashed_reload_fails_closed) ... ok
test_legal_expiry_requires_not_executed_and_replays_without_clock (test_p08_action_recovery.P08ActionRecoveryTests.test_legal_expiry_requires_not_executed_and_replays_without_clock) ... ok
test_legal_success_and_failure_receipts_restart_and_duplicate_exactly (test_p08_action_recovery.P08ActionRecoveryTests.test_legal_success_and_failure_receipts_restart_and_duplicate_exactly) ... ok
test_lost_response_preserves_unknown_history_then_resolves_once (test_p08_action_recovery.P08ActionRecoveryTests.test_lost_response_preserves_unknown_history_then_resolves_once) ... ok
test_model_wait_and_action_share_ledger_without_cross_resume (test_p08_action_recovery.P08ActionRecoveryTests.test_model_wait_and_action_share_ledger_without_cross_resume) ... ok
test_not_executed_requires_explicit_controlled_retry (test_p08_action_recovery.P08ActionRecoveryTests.test_not_executed_requires_explicit_controlled_retry) ... ok
test_old_completed_records_remain_exact_and_no_second_result (test_p08_action_recovery.P08ActionRecoveryTests.test_old_completed_records_remain_exact_and_no_second_result) ... ok
test_pending_action_cannot_switch_adapter_after_unconfirmed_effect (test_p08_action_recovery.P08ActionRecoveryTests.test_pending_action_cannot_switch_adapter_after_unconfirmed_effect) ... ok
test_persisted_expiry_cannot_replay_when_nonexecution_becomes_unverifiable_or_conflicted (test_p08_action_recovery.P08ActionRecoveryTests.test_persisted_expiry_cannot_replay_when_nonexecution_becomes_unverifiable_or_conflicted) ... ok
test_policy_drift_on_pending_request_fails_closed (test_p08_action_recovery.P08ActionRecoveryTests.test_policy_drift_on_pending_request_fails_closed) ... ok
test_receipt_recovery_does_not_authorize_next_step_through_other_gates (test_p08_action_recovery.P08ActionRecoveryTests.test_receipt_recovery_does_not_authorize_next_step_through_other_gates) ... ok
test_receiptless_terminal_failure_cannot_mask_lost_success_on_append (test_p08_action_recovery.P08ActionRecoveryTests.test_receiptless_terminal_failure_cannot_mask_lost_success_on_append) ... ok
test_rehashed_expired_terminal_cannot_hide_independent_success (test_p08_action_recovery.P08ActionRecoveryTests.test_rehashed_expired_terminal_cannot_hide_independent_success) ... ok
test_rehashed_persisted_receipt_field_drift_is_not_execution_proof (test_p08_action_recovery.P08ActionRecoveryTests.test_rehashed_persisted_receipt_field_drift_is_not_execution_proof) ... ok
test_repeat_result_does_not_append_attempt_or_credit (test_p08_action_recovery.P08ActionRecoveryTests.test_repeat_result_does_not_append_attempt_or_credit) ... ok
test_restart_completed_returns_exact_result_and_no_execution (test_p08_action_recovery.P08ActionRecoveryTests.test_restart_completed_returns_exact_result_and_no_execution) ... ok
test_stale_context_archives_first_effect_but_blocks_unexecuted_plan_step (test_p08_action_recovery.P08ActionRecoveryTests.test_stale_context_archives_first_effect_but_blocks_unexecuted_plan_step) ... ok
test_stale_context_not_executed_retry_and_new_request_are_blocked (test_p08_action_recovery.P08ActionRecoveryTests.test_stale_context_not_executed_retry_and_new_request_are_blocked) ... ok
test_stale_context_recovers_already_executed_receipt_without_new_authorization (test_p08_action_recovery.P08ActionRecoveryTests.test_stale_context_recovers_already_executed_receipt_without_new_authorization) ... ok
test_stale_context_terminal_replay_preserves_exact_history_without_clock_or_new_gates (test_p08_action_recovery.P08ActionRecoveryTests.test_stale_context_terminal_replay_preserves_exact_history_without_clock_or_new_gates) ... ok
test_stale_context_unknown_remains_query_only_even_with_retry (test_p08_action_recovery.P08ActionRecoveryTests.test_stale_context_unknown_remains_query_only_even_with_retry) ... ok
test_stale_recovery_keeps_choice_snapshot_producer_adapter_and_policy_binding (test_p08_action_recovery.P08ActionRecoveryTests.test_stale_recovery_keeps_choice_snapshot_producer_adapter_and_policy_binding) ... ok
test_terminal_replay_does_not_read_clock_or_reexecute (test_p08_action_recovery.P08ActionRecoveryTests.test_terminal_replay_does_not_read_clock_or_reexecute) ... ok
test_unknown_never_blindly_retries (test_p08_action_recovery.P08ActionRecoveryTests.test_unknown_never_blindly_retries) ... ok
test_cwd_repository_with_installed_fixture_rejected_without_writes (test_p08_fixture_paths.P08FixturePathTests.test_cwd_repository_with_installed_fixture_rejected_without_writes) ... ok
test_explicit_formal_and_protected_overlaps_rejected_without_writes (test_p08_fixture_paths.P08FixturePathTests.test_explicit_formal_and_protected_overlaps_rejected_without_writes) ... ok
test_formal_root_under_temp_repository_rejected_without_writes (test_p08_fixture_paths.P08FixturePathTests.test_formal_root_under_temp_repository_rejected_without_writes) ... ok
test_full_p08_fixture_checks_before_upstream_initialization (test_p08_fixture_paths.P08FixturePathTests.test_full_p08_fixture_checks_before_upstream_initialization) ... ok
test_legal_fixture_with_repository_outside_temp (test_p08_fixture_paths.P08FixturePathTests.test_legal_fixture_with_repository_outside_temp) ... ok
test_legal_sibling_temp_fixture_and_reopen_preserve_receipts (test_p08_fixture_paths.P08FixturePathTests.test_legal_sibling_temp_fixture_and_reopen_preserve_receipts) ... ok
test_other_repository_with_git_file_rejected_without_writes (test_p08_fixture_paths.P08FixturePathTests.test_other_repository_with_git_file_rejected_without_writes) ... ok
test_parent_of_existing_formal_root_rejected_without_writes (test_p08_fixture_paths.P08FixturePathTests.test_parent_of_existing_formal_root_rejected_without_writes) ... ok
test_real_windows_junction_rejected_without_writes (test_p08_fixture_paths.P08FixturePathTests.test_real_windows_junction_rejected_without_writes) ... ok
test_receipt_reparse_point_rejected_without_writes (test_p08_fixture_paths.P08FixturePathTests.test_receipt_reparse_point_rejected_without_writes) ... ok
test_reparse_component_rejected_without_writes (test_p08_fixture_paths.P08FixturePathTests.test_reparse_component_rejected_without_writes) ... ok
test_repository_ancestor_overlap_rejected_without_writes (test_p08_fixture_paths.P08FixturePathTests.test_repository_ancestor_overlap_rejected_without_writes) ... ok
test_repository_descendant_rejected_without_writes (test_p08_fixture_paths.P08FixturePathTests.test_repository_descendant_rejected_without_writes) ... ok
test_repository_outside_temp_rejected_without_writes (test_p08_fixture_paths.P08FixturePathTests.test_repository_outside_temp_rejected_without_writes) ... ok
test_repository_under_actual_temp_rejected_without_writes (test_p08_fixture_paths.P08FixturePathTests.test_repository_under_actual_temp_rejected_without_writes) ... ok
test_reserved_formal_data_roots_outside_repository_rejected_without_writes (test_p08_fixture_paths.P08FixturePathTests.test_reserved_formal_data_roots_outside_repository_rejected_without_writes) ... ok
test_symlink_component_rejected_without_writes (test_p08_fixture_paths.P08FixturePathTests.test_symlink_component_rejected_without_writes) ... skipped 'OS does not grant symlink creation: 1314'
test_temp_root_itself_rejected_without_writes (test_p08_fixture_paths.P08FixturePathTests.test_temp_root_itself_rejected_without_writes) ... ok
test_lowercase_alias_of_uppercase_directory_is_zero_write (test_p08_fixture_paths.P08ReservedDirectoryCaseTests.test_lowercase_alias_of_uppercase_directory_is_zero_write) ... ok
test_lowercase_directory_and_child_controls_are_zero_write (test_p08_fixture_paths.P08ReservedDirectoryCaseTests.test_lowercase_directory_and_child_controls_are_zero_write) ... ok
test_mixedcase_directory_child_follows_platform_semantics (test_p08_fixture_paths.P08ReservedDirectoryCaseTests.test_mixedcase_directory_child_follows_platform_semantics) ... ok
test_mixedcase_directory_itself_follows_platform_semantics (test_p08_fixture_paths.P08ReservedDirectoryCaseTests.test_mixedcase_directory_itself_follows_platform_semantics) ... ok
test_uppercase_directory_child_follows_platform_semantics (test_p08_fixture_paths.P08ReservedDirectoryCaseTests.test_uppercase_directory_child_follows_platform_semantics) ... ok
test_uppercase_directory_itself_follows_platform_semantics (test_p08_fixture_paths.P08ReservedDirectoryCaseTests.test_uppercase_directory_itself_follows_platform_semantics) ... ok
test_confirmation_recoverability_reality_and_resource_fail_closed (test_p09_boundaries.P09BoundaryTests.test_confirmation_recoverability_reality_and_resource_fail_closed) ... ok
test_cross_subject_and_environment_contexts_fail_closed (test_p09_boundaries.P09BoundaryTests.test_cross_subject_and_environment_contexts_fail_closed) ... ok
test_disabled_master_gate_never_calls_core_components (test_p09_boundaries.P09BoundaryTests.test_disabled_master_gate_never_calls_core_components) ... ok
test_emotion_persists_only_through_fixture_evolution_and_reads_do_not_write (test_p09_boundaries.P09BoundaryTests.test_emotion_persists_only_through_fixture_evolution_and_reads_do_not_write) ... ok
test_independent_router_and_composer_budgets_preserve_missing_notices (test_p09_boundaries.P09BoundaryTests.test_independent_router_and_composer_budgets_preserve_missing_notices) ... ok
test_insufficient_protected_context_budget_never_starts_thinking (test_p09_boundaries.P09BoundaryTests.test_insufficient_protected_context_budget_never_starts_thinking) ... ok
test_invalid_emotion_does_not_partially_commit_evolution (test_p09_boundaries.P09BoundaryTests.test_invalid_emotion_does_not_partially_commit_evolution) ... ok
test_memory_contradiction_action_and_emotion_subgates_do_no_component_work (test_p09_boundaries.P09BoundaryTests.test_memory_contradiction_action_and_emotion_subgates_do_no_component_work) ... ok
test_reference_permission_loss_blocks_thinking_and_new_execution (test_p09_boundaries.P09BoundaryTests.test_reference_permission_loss_blocks_thinking_and_new_execution) ... ok
test_snapshot_fails_closed_when_c1_component_is_missing_or_unmapped (test_p09_boundaries.P09BoundaryTests.test_snapshot_fails_closed_when_c1_component_is_missing_or_unmapped) ... ok
test_source_revision_and_hash_changes_invalidate_summary_and_context (test_p09_boundaries.P09BoundaryTests.test_source_revision_and_hash_changes_invalidate_summary_and_context) ... ok
test_source_revocation_invalidates_memory_even_without_raw_timeline_candidate (test_p09_boundaries.P09BoundaryTests.test_source_revocation_invalidates_memory_even_without_raw_timeline_candidate) ... ok
test_capability_model_input_contains_the_composed_context (test_p09_continuity_core.P09CoreTests.test_capability_model_input_contains_the_composed_context) ... ok
test_completed_c1_cannot_skip_receipt_verification_by_disabling_feature (test_p09_continuity_core.P09CoreTests.test_completed_c1_cannot_skip_receipt_verification_by_disabling_feature) ... ok
test_completed_request_restart_preserves_results_and_effect (test_p09_continuity_core.P09CoreTests.test_completed_request_restart_preserves_results_and_effect) ... ok
test_disabled_core_keeps_legacy_path_and_zero_component_reads (test_p09_continuity_core.P09CoreTests.test_disabled_core_keeps_legacy_path_and_zero_component_reads) ... ok
test_elapsed_emotion_is_deterministic_read_only_and_clock_rollback_safe (test_p09_continuity_core.P09CoreTests.test_elapsed_emotion_is_deterministic_read_only_and_clock_rollback_safe) ... ok
test_event_backlog_is_bounded_visible_and_drained_without_silent_loss (test_p09_continuity_core.P09CoreTests.test_event_backlog_is_bounded_visible_and_drained_without_silent_loss) ... ok
test_expired_context_stops_new_thinking_from_checkpoint (test_p09_continuity_core.P09CoreTests.test_expired_context_stops_new_thinking_from_checkpoint) ... ok
test_information_need_is_direct_and_complex_intent_uses_planner (test_p09_continuity_core.P09CoreTests.test_information_need_is_direct_and_complex_intent_uses_planner) ... ok
test_late_duplicate_out_of_order_events_reach_memory_and_context (test_p09_continuity_core.P09CoreTests.test_late_duplicate_out_of_order_events_reach_memory_and_context) ... ok
test_model_context_remains_usable_after_events_and_consolidation (test_p09_continuity_core.P09CoreTests.test_model_context_remains_usable_after_events_and_consolidation) ... ok
test_normal_engine_entry_passes_composition_to_thinking_and_direct (test_p09_continuity_core.P09CoreTests.test_normal_engine_entry_passes_composition_to_thinking_and_direct) ... ok
test_revocation_propagates_to_summary_and_old_context (test_p09_continuity_core.P09CoreTests.test_revocation_propagates_to_summary_and_old_context) ... ok
test_snapshot_covers_c1_persistence_and_branch_replays_without_effect (test_p09_continuity_core.P09CoreTests.test_snapshot_covers_c1_persistence_and_branch_replays_without_effect) ... ok
test_turning_action_gate_on_does_not_add_effect_to_completed_disabled_round (test_p09_continuity_core.P09CoreTests.test_turning_action_gate_on_does_not_add_effect_to_completed_disabled_round) ... ok
test_normal_chain_isolates_claims_trusted_resolution_never_advances_authority (test_p09_contradictions.P09ContradictionTests.test_normal_chain_isolates_claims_trusted_resolution_never_advances_authority) ... ok
test_repeated_summary_recall_never_promotes_authority (test_p09_contradictions.P09ContradictionTests.test_repeated_summary_recall_never_promotes_authority) ... ok
test_child_failure_evidence_survives_fixture_cleanup (test_p09_evidence_retention.P09EvidenceRetentionTests.test_child_failure_evidence_survives_fixture_cleanup) ... ok
test_distinct_failures_do_not_overwrite_first_evidence (test_p09_evidence_retention.P09EvidenceRetentionTests.test_distinct_failures_do_not_overwrite_first_evidence) ... ok
test_invalid_success_output_is_retained_as_parent_validation_failure (test_p09_evidence_retention.P09EvidenceRetentionTests.test_invalid_success_output_is_retained_as_parent_validation_failure) ... ok
test_later_failure_retains_prior_segment_and_never_starts_next (test_p09_evidence_retention.P09EvidenceRetentionTests.test_later_failure_retains_prior_segment_and_never_starts_next) ... ok
test_parent_interrupt_preserves_partial_streams_and_actual_exit_code (test_p09_evidence_retention.P09EvidenceRetentionTests.test_parent_interrupt_preserves_partial_streams_and_actual_exit_code) ... ok
test_saved_diagnostics_redact_secrets_without_copying_fixture_state (test_p09_evidence_retention.P09EvidenceRetentionTests.test_saved_diagnostics_redact_secrets_without_copying_fixture_state) ... ok
test_committed_fact_before_checkpoint_or_result_survives_expired_context (test_p09_evolution_review.P09RepairIndependentTests.test_committed_fact_before_checkpoint_or_result_survives_expired_context) ... ok
test_completed_result_and_thinking_evidence_cannot_disagree_with_fact (test_p09_evolution_review.P09RepairIndependentTests.test_completed_result_and_thinking_evidence_cannot_disagree_with_fact) ... ok
test_missing_checkpoint_cross_checks_every_original_fact_binding_on_all_routes (test_p09_evolution_review.P09RepairIndependentTests.test_missing_checkpoint_cross_checks_every_original_fact_binding_on_all_routes) ... ok
test_missing_evolution_checkpoint_cannot_skip_missing_original_fact_on_query (test_p09_evolution_review.P09RepairIndependentTests.test_missing_evolution_checkpoint_cannot_skip_missing_original_fact_on_query) ... ok
test_missing_evolution_checkpoint_cannot_skip_original_fact_validation (test_p09_evolution_review.P09RepairIndependentTests.test_missing_evolution_checkpoint_cannot_skip_original_fact_validation) ... ok
test_no_state_update_and_genuine_legacy_completion_keep_original_behavior (test_p09_evolution_review.P09RepairIndependentTests.test_no_state_update_and_genuine_legacy_completion_keep_original_behavior) ... ok
test_pre_binding_c1_records_still_require_original_state_fact (test_p09_evolution_review.P09RepairIndependentTests.test_pre_binding_c1_records_still_require_original_state_fact) ... ok
test_verified_fact_replays_read_only_without_checkpoint_after_expiry (test_p09_evolution_review.P09RepairIndependentTests.test_verified_fact_replays_read_only_without_checkpoint_after_expiry) ... ok
test_golden_is_repeatable_through_normal_app_without_transport (test_p09_long_run.P09LongRunTests.test_golden_is_repeatable_through_normal_app_without_transport) ... ok
test_thirty_logical_days_with_real_process_restarts_and_resource_invariants (test_p09_long_run.P09LongRunTests.test_thirty_logical_days_with_real_process_restarts_and_resource_invariants) ... ok
test_conflicting_adapter_receipt_blocks_completed_result_replay (test_p09_recovery.P09RecoveryTests.test_conflicting_adapter_receipt_blocks_completed_result_replay) ... ok
test_crashes_at_thinking_action_and_completion_checkpoints_do_not_duplicate (test_p09_recovery.P09RecoveryTests.test_crashes_at_thinking_action_and_completion_checkpoints_do_not_duplicate) ... ok
test_expired_context_never_retries_unexecuted_request (test_p09_recovery.P09RecoveryTests.test_expired_context_never_retries_unexecuted_request) ... ok
test_local_expiry_requires_nonexecution_and_cannot_hide_receipt_conflict (test_p09_recovery.P09RecoveryTests.test_local_expiry_requires_nonexecution_and_cannot_hide_receipt_conflict) ... ok
test_lost_action_response_recovers_after_expiry_and_permission_loss (test_p09_recovery.P09RecoveryTests.test_lost_action_response_recovers_after_expiry_and_permission_loss) ... ok
test_model_and_action_share_ledger_across_waiting_restart_and_result_loss (test_p09_recovery.P09RecoveryTests.test_model_and_action_share_ledger_across_waiting_restart_and_result_loss) ... ok
test_step_invalidation_retains_first_fact_and_blocks_next_step (test_p09_recovery.P09RecoveryTests.test_step_invalidation_retains_first_fact_and_blocks_next_step) ... ok
test_success_and_failure_replay_require_independent_receipts (test_p09_recovery.P09RecoveryTests.test_success_and_failure_replay_require_independent_receipts) ... ok
test_unknown_needs_explicit_retry_and_independent_nonexecution (test_p09_recovery.P09RecoveryTests.test_unknown_needs_explicit_retry_and_independent_nonexecution) ... ok
test_unknown_query_exception_and_string_cannot_authorize_execution (test_p09_recovery.P09RecoveryTests.test_unknown_query_exception_and_string_cannot_authorize_execution) ... ok
test_already_committed_state_recovers_after_expiry_control (test_p09_review_regressions.P09ReviewRegressionTests.test_already_committed_state_recovers_after_expiry_control) ... ok
test_checkpoint_context_removal_cannot_downgrade_c1_to_legacy_replay (test_p09_review_regressions.P09ReviewRegressionTests.test_checkpoint_context_removal_cannot_downgrade_c1_to_legacy_replay) ... ok
test_checkpoint_gate_flip_cannot_bypass_completed_receipt_verification (test_p09_review_regressions.P09ReviewRegressionTests.test_checkpoint_gate_flip_cannot_bypass_completed_receipt_verification) ... ok
test_committed_evolution_checkpoint_recovers_without_reauthorization_or_writes (test_p09_review_regressions.P09ReviewRegressionTests.test_committed_evolution_checkpoint_recovers_without_reauthorization_or_writes) ... ok
test_completed_state_replay_rejects_conflicting_evolution_binding (test_p09_review_regressions.P09ReviewRegressionTests.test_completed_state_replay_rejects_conflicting_evolution_binding) ... ok
test_consistently_disabled_inputs_cannot_hide_existing_e5_action (test_p09_review_regressions.P09ReviewRegressionTests.test_consistently_disabled_inputs_cannot_hide_existing_e5_action) ... ok
test_current_context_allows_legal_state_update_control (test_p09_review_regressions.P09ReviewRegressionTests.test_current_context_allows_legal_state_update_control) ... ok
test_expired_context_must_block_first_state_commit_after_thinking_crash (test_p09_review_regressions.P09ReviewRegressionTests.test_expired_context_must_block_first_state_commit_after_thinking_crash) ... ok
test_first_commit_rechecks_action_and_domain_recovery_checkpoints (test_p09_review_regressions.P09ReviewRegressionTests.test_first_commit_rechecks_action_and_domain_recovery_checkpoints) ... ok
test_first_commit_uses_current_action_permission_time_and_resources (test_p09_review_regressions.P09ReviewRegressionTests.test_first_commit_uses_current_action_permission_time_and_resources) ... ok
test_journal_binding_checks_deserialization_loading_submit_and_query (test_p09_review_regressions.P09ReviewRegressionTests.test_journal_binding_checks_deserialization_loading_submit_and_query) ... ok
test_missing_context_before_thinking_cannot_downgrade_to_legacy (test_p09_review_regressions.P09ReviewRegressionTests.test_missing_context_before_thinking_cannot_downgrade_to_legacy) ... ok
test_pre_binding_c1_and_real_legacy_disabled_records_remain_compatible (test_p09_review_regressions.P09ReviewRegressionTests.test_pre_binding_c1_and_real_legacy_disabled_records_remain_compatible) ... ok
test_rehashed_journal_cannot_override_original_thinking_input (test_p09_review_regressions.P09ReviewRegressionTests.test_rehashed_journal_cannot_override_original_thinking_input) ... ok
test_revoked_reference_must_block_first_state_commit_after_thinking_crash (test_p09_review_regressions.P09ReviewRegressionTests.test_revoked_reference_must_block_first_state_commit_after_thinking_crash) ... ok
test_thinking_binding_rejects_removed_context_or_snapshot (test_p09_review_regressions.P09ReviewRegressionTests.test_thinking_binding_rejects_removed_context_or_snapshot) ... ok
test_combined_attempt_receipt_cancel_history_rejected_before_io (test_p11_scheduler.P11SchedulerAdmissionTests.test_combined_attempt_receipt_cancel_history_rejected_before_io) ... ok
test_created_task_and_persisted_retry_completion_remain_compatible (test_p11_scheduler.P11SchedulerAdmissionTests.test_created_task_and_persisted_retry_completion_remain_compatible) ... ok
test_exhausted_initial_attempt_rejected_before_enqueue (test_p11_scheduler.P11SchedulerAdmissionTests.test_exhausted_initial_attempt_rejected_before_enqueue) ... ok
test_initial_history_rejected_before_io_with_existing_queue (test_p11_scheduler.P11SchedulerAdmissionTests.test_initial_history_rejected_before_io_with_existing_queue) ... ok
test_initial_history_rejected_before_io_without_queue (test_p11_scheduler.P11SchedulerAdmissionTests.test_initial_history_rejected_before_io_without_queue) ... ok
test_noninitial_state_sequence_revision_rejected_before_io (test_p11_scheduler.P11SchedulerAdmissionTests.test_noninitial_state_sequence_revision_rejected_before_io) ... ok
test_quiet_hours_supports_midnight_crossing (test_p11_scheduler.P11SchedulerDomainTests.test_quiet_hours_supports_midnight_crossing) ... ok
test_tampered_identity_hash_fails_closed (test_p11_scheduler.P11SchedulerDomainTests.test_tampered_identity_hash_fails_closed) ... ok
test_task_requires_trusted_utc_time_and_event_source (test_p11_scheduler.P11SchedulerDomainTests.test_task_requires_trusted_utc_time_and_event_source) ... ok
test_task_round_trip_preserves_identity_hash (test_p11_scheduler.P11SchedulerDomainTests.test_task_round_trip_preserves_identity_hash) ... ok
test_aging_prevents_starvation_under_continuous_high_priority_arrivals (test_p11_scheduler.P11SchedulerQueueTests.test_aging_prevents_starvation_under_continuous_high_priority_arrivals) ... ok
test_backpressure_has_explicit_result_and_zero_queue_write (test_p11_scheduler.P11SchedulerQueueTests.test_backpressure_has_explicit_result_and_zero_queue_write) ... ok
test_bounded_long_run_gives_low_priority_task_an_opportunity (test_p11_scheduler.P11SchedulerQueueTests.test_bounded_long_run_gives_low_priority_task_an_opportunity) ... ok
test_corrupt_queue_and_unknown_fields_fail_closed (test_p11_scheduler.P11SchedulerQueueTests.test_corrupt_queue_and_unknown_fields_fail_closed) ... ok
test_duplicate_submit_is_idempotent_but_conflict_is_rejected (test_p11_scheduler.P11SchedulerQueueTests.test_duplicate_submit_is_idempotent_but_conflict_is_rejected) ... ok
test_fixture_rejects_protected_overlap_before_any_write (test_p11_scheduler.P11SchedulerQueueTests.test_fixture_rejects_protected_overlap_before_any_write) ... ok
test_not_due_and_out_of_order_input_do_not_dispatch (test_p11_scheduler.P11SchedulerQueueTests.test_not_due_and_out_of_order_input_do_not_dispatch) ... ok
test_priority_due_time_and_sequence_are_deterministic (test_p11_scheduler.P11SchedulerQueueTests.test_priority_due_time_and_sequence_are_deterministic) ... ok
test_quiet_hours_defer_without_attempt_or_write (test_p11_scheduler.P11SchedulerQueueTests.test_quiet_hours_defer_without_attempt_or_write) ... ok
test_repository_revision_rejects_stale_writer (test_p11_scheduler.P11SchedulerQueueTests.test_repository_revision_rejects_stale_writer) ... ok
test_resource_shortage_defers_without_attempt_wake_or_resource_write (test_p11_scheduler.P11SchedulerQueueTests.test_resource_shortage_defers_without_attempt_wake_or_resource_write) ... ok
test_scheduler_records_no_psychological_or_action_payload (test_p11_scheduler.P11SchedulerQueueTests.test_scheduler_records_no_psychological_or_action_payload) ... ok
test_subject_and_environment_are_fail_closed (test_p11_scheduler.P11SchedulerQueueTests.test_subject_and_environment_are_fail_closed) ... ok
test_submit_persists_stable_identity_and_binding (test_p11_scheduler.P11SchedulerQueueTests.test_submit_persists_stable_identity_and_binding) ... ok
test_actual_awakening_integration_creates_one_wake_session (test_p11_scheduler_recovery.P11SchedulerRecoveryTests.test_actual_awakening_integration_creates_one_wake_session) ... ok
test_cancel_queued_is_idempotent_and_completed_never_regresses (test_p11_scheduler_recovery.P11SchedulerRecoveryTests.test_cancel_queued_is_idempotent_and_completed_never_regresses) ... ok
test_cancel_unknown_does_not_hide_delivered_fact (test_p11_scheduler_recovery.P11SchedulerRecoveryTests.test_cancel_unknown_does_not_hide_delivered_fact) ... ok
test_cancel_unknown_waits_for_fact_then_cancels_only_if_not_delivered (test_p11_scheduler_recovery.P11SchedulerRecoveryTests.test_cancel_unknown_waits_for_fact_then_cancels_only_if_not_delivered) ... ok
test_crash_checkpoint_queries_delivered_fact_after_restart_without_redispatch (test_p11_scheduler_recovery.P11SchedulerRecoveryTests.test_crash_checkpoint_queries_delivered_fact_after_restart_without_redispatch) ... ok
test_delivered_receipt_completes_once_across_duplicate_ticks (test_p11_scheduler_recovery.P11SchedulerRecoveryTests.test_delivered_receipt_completes_once_across_duplicate_ticks) ... ok
test_event_timeline_and_awakening_composition_preserves_objective_fact (test_p11_scheduler_recovery.P11SchedulerRecoveryTests.test_event_timeline_and_awakening_composition_preserves_objective_fact) ... ok
test_failed_attempt_retries_only_after_bounded_backoff (test_p11_scheduler_recovery.P11SchedulerRecoveryTests.test_failed_attempt_retries_only_after_bounded_backoff) ... ok
test_golden_scenario_is_repeatable_and_bounded (test_p11_scheduler_recovery.P11SchedulerRecoveryTests.test_golden_scenario_is_repeatable_and_bounded) ... ok
test_missing_attempt_binding_in_persistence_fails_closed (test_p11_scheduler_recovery.P11SchedulerRecoveryTests.test_missing_attempt_binding_in_persistence_fails_closed) ... ok
test_p09_normal_chain_then_scheduler_opportunity_keeps_authorities_separate (test_p11_scheduler_recovery.P11SchedulerRecoveryTests.test_p09_normal_chain_then_scheduler_opportunity_keeps_authorities_separate) ... ok
test_plain_status_string_cannot_prove_not_delivered (test_p11_scheduler_recovery.P11SchedulerRecoveryTests.test_plain_status_string_cannot_prove_not_delivered) ... ok
test_query_exception_preserves_unknown_and_attempt_identity (test_p11_scheduler_recovery.P11SchedulerRecoveryTests.test_query_exception_preserves_unknown_and_attempt_identity) ... ok
test_receipt_identity_conflict_fails_closed_in_submit_and_query_paths (test_p11_scheduler_recovery.P11SchedulerRecoveryTests.test_receipt_identity_conflict_fails_closed_in_submit_and_query_paths) ... ok
test_restart_preserves_attempt_number_and_backoff (test_p11_scheduler_recovery.P11SchedulerRecoveryTests.test_restart_preserves_attempt_number_and_backoff) ... ok
test_retry_limit_enters_terminal_state (test_p11_scheduler_recovery.P11SchedulerRecoveryTests.test_retry_limit_enters_terminal_state) ... ok
test_scheduled_reason_uses_existing_scheduled_wake_boundary (test_p11_scheduler_recovery.P11SchedulerRecoveryTests.test_scheduled_reason_uses_existing_scheduled_wake_boundary) ... ok
test_successful_wake_reuses_resource_aware_scheduler_allocation (test_p11_scheduler_recovery.P11SchedulerRecoveryTests.test_successful_wake_reuses_resource_aware_scheduler_allocation) ... ok
test_unknown_is_queried_and_never_blindly_redispatched (test_p11_scheduler_recovery.P11SchedulerRecoveryTests.test_unknown_is_queried_and_never_blindly_redispatched) ... ok
test_unknown_then_verified_delivery_opens_one_wake_after_restart (test_p11_scheduler_recovery.P11SchedulerRecoveryTests.test_unknown_then_verified_delivery_opens_one_wake_after_restart) ... ok
test_unresolved_unknown_does_not_starve_another_due_task (test_p11_scheduler_recovery.P11SchedulerRecoveryTests.test_unresolved_unknown_does_not_starve_another_due_task) ... ok
test_composer_exact_old_reference_blocked_after_archive (test_p12_memory_integration.ContextAndLineageTests.test_composer_exact_old_reference_blocked_after_archive) ... ok
test_invalid_source_after_real_revocation_cannot_restore (test_p12_memory_integration.ContextAndLineageTests.test_invalid_source_after_real_revocation_cannot_restore) ... ok
test_new_alias_cannot_bypass_inactive_or_archived_state (test_p12_memory_integration.ContextAndLineageTests.test_new_alias_cannot_bypass_inactive_or_archived_state) ... ok
test_normal_timeline_material_honors_weight_without_rewriting_event (test_p12_memory_integration.ContextAndLineageTests.test_normal_timeline_material_honors_weight_without_rewriting_event) ... ok
test_old_reference_stays_stale_after_restore (test_p12_memory_integration.ContextAndLineageTests.test_old_reference_stays_stale_after_restore) ... ok
test_old_summary_reference_rejected_and_rebuild_keeps_downweight (test_p12_memory_integration.ContextAndLineageTests.test_old_summary_reference_rejected_and_rebuild_keeps_downweight) ... ok
test_parent_restore_cannot_reactivate_old_child_version (test_p12_memory_integration.ContextAndLineageTests.test_parent_restore_cannot_reactivate_old_child_version) ... ok
test_partial_root_merge_retains_source_bindings_and_new_evidence (test_p12_memory_integration.ContextAndLineageTests.test_partial_root_merge_retains_source_bindings_and_new_evidence) ... ok
test_reconsolidation_cannot_recreate_deleted_evidence_under_new_identity (test_p12_memory_integration.ContextAndLineageTests.test_reconsolidation_cannot_recreate_deleted_evidence_under_new_identity) ... ok
test_router_excludes_archived_and_revalidates_old_candidate (test_p12_memory_integration.ContextAndLineageTests.test_router_excludes_archived_and_revalidates_old_candidate) ... ok
test_router_weight_changes_actual_candidate_relevance (test_p12_memory_integration.ContextAndLineageTests.test_router_weight_changes_actual_candidate_relevance) ... ok
test_transitive_child_and_summary_disabled_by_parent (test_p12_memory_integration.ContextAndLineageTests.test_transitive_child_and_summary_disabled_by_parent) ... ok
test_disabled_memory_entry_has_zero_component_reads (test_p12_memory_integration.CoreLifecycleTests.test_disabled_memory_entry_has_zero_component_reads) ... ok
test_normal_context_before_after_and_no_memory_resurrection (test_p12_memory_integration.CoreLifecycleTests.test_normal_context_before_after_and_no_memory_resurrection) ... ok
test_thirty_days_bounded_normal_entry_and_restart_invariants (test_p12_memory_integration.CoreLifecycleTests.test_thirty_days_bounded_normal_entry_and_restart_invariants) ... ok
test_deleted_consolidation_replay_cannot_return_active_material (test_p12_memory_integration.ExistingUseRegressions.test_deleted_consolidation_replay_cannot_return_active_material) ... ok
test_pending_learning_rechecks_revoked_memory_support (test_p12_memory_integration.ExistingUseRegressions.test_pending_learning_rechecks_revoked_memory_support) ... ok
test_iterable_roots_retained_without_double_consumption (test_p12_memory_integration.MemoryLearningTests.test_iterable_roots_retained_without_double_consumption) ... ok
test_missing_bound_memory_never_falls_back_to_legacy (test_p12_memory_integration.MemoryLearningTests.test_missing_bound_memory_never_falls_back_to_legacy) ... ok
test_pending_support_rejects_archive_and_old_version_after_restore (test_p12_memory_integration.MemoryLearningTests.test_pending_support_rejects_archive_and_old_version_after_restore) ... ok
test_pending_support_rejects_downweight_and_zero_learning_write (test_p12_memory_integration.MemoryLearningTests.test_pending_support_rejects_downweight_and_zero_learning_write) ... ok
test_valid_memory_learning_preserves_confidence_policy_and_evolution_boundary (test_p12_memory_integration.MemoryLearningTests.test_valid_memory_learning_preserves_confidence_policy_and_evolution_boundary) ... ok
test_valid_memory_learning_restart_can_solidify (test_p12_memory_integration.MemoryLearningTests.test_valid_memory_learning_restart_can_solidify) ... ok
test_link_components_rejected_without_writes (test_p12_memory_lifecycle.FixtureIsolationTests.test_link_components_rejected_without_writes) ... ok
test_protected_names_case_variants_self_and_children_zero_write (test_p12_memory_lifecycle.FixtureIsolationTests.test_protected_names_case_variants_self_and_children_zero_write) ... ok
test_repository_overlap_in_temp_rejected_before_writes (test_p12_memory_lifecycle.FixtureIsolationTests.test_repository_overlap_in_temp_rejected_before_writes) ... ok
test_actual_fresh_process_recovers_deleted_receipt_without_write (test_p12_memory_lifecycle.LifecycleTests.test_actual_fresh_process_recovers_deleted_receipt_without_write) ... ok
test_archive_delete_keep_event_and_subject_state_bytes (test_p12_memory_lifecycle.LifecycleTests.test_archive_delete_keep_event_and_subject_state_bytes) ... ok
test_atomic_replace_failure_preserves_document_and_no_receipt (test_p12_memory_lifecycle.LifecycleTests.test_atomic_replace_failure_preserves_document_and_no_receipt) ... ok
test_authorized_trace_is_read_only_and_no_body (test_p12_memory_lifecycle.LifecycleTests.test_authorized_trace_is_read_only_and_no_body) ... ok
test_command_identity_conflict_no_write (test_p12_memory_lifecycle.LifecycleTests.test_command_identity_conflict_no_write) ... ok
test_concurrent_conflicting_commands_one_winner (test_p12_memory_lifecycle.LifecycleTests.test_concurrent_conflicting_commands_one_winner) ... ok
test_concurrent_duplicate_single_revision (test_p12_memory_lifecycle.LifecycleTests.test_concurrent_duplicate_single_revision) ... ok
test_confirmation_binds_entire_command (test_p12_memory_lifecycle.LifecycleTests.test_confirmation_binds_entire_command) ... ok
test_current_permission_revocation_denied (test_p12_memory_lifecycle.LifecycleTests.test_current_permission_revocation_denied) ... ok
test_decay_clock_rollback_rejected (test_p12_memory_lifecycle.LifecycleTests.test_decay_clock_rollback_rejected) ... ok
test_delete_replay_returns_tombstone_without_writes (test_p12_memory_lifecycle.LifecycleTests.test_delete_replay_returns_tombstone_without_writes) ... ok
test_deleted_cannot_restore_after_restart (test_p12_memory_lifecycle.LifecycleTests.test_deleted_cannot_restore_after_restart) ... ok
test_downweight_affects_actual_retrieval_score (test_p12_memory_lifecycle.LifecycleTests.test_downweight_affects_actual_retrieval_score) ... ok
test_duplicate_command_replays_exactly_without_revision_increment (test_p12_memory_lifecycle.LifecycleTests.test_duplicate_command_replays_exactly_without_revision_increment) ... ok
test_elapsed_decay_repeat_same_time_does_not_compound (test_p12_memory_lifecycle.LifecycleTests.test_elapsed_decay_repeat_same_time_does_not_compound) ... ok
test_expiry_boundary_and_future_time_rejected (test_p12_memory_lifecycle.LifecycleTests.test_expiry_boundary_and_future_time_rejected) ... ok
test_expiry_rechecked_after_confirmation_callback (test_p12_memory_lifecycle.LifecycleTests.test_expiry_rechecked_after_confirmation_callback) ... ok
test_hash_mismatch_rejected (test_p12_memory_lifecycle.LifecycleTests.test_hash_mismatch_rejected) ... ok
test_history_recall_requires_current_permission (test_p12_memory_lifecycle.LifecycleTests.test_history_recall_requires_current_permission) ... ok
test_inactive_and_archived_exit_ordinary_retrieval (test_p12_memory_lifecycle.LifecycleTests.test_inactive_and_archived_exit_ordinary_retrieval) ... ok
test_invalid_decay_policy_not_defaulted (test_p12_memory_lifecycle.LifecycleTests.test_invalid_decay_policy_not_defaulted) ... ok
test_legacy_archive_temperature_maps_without_write (test_p12_memory_lifecycle.LifecycleTests.test_legacy_archive_temperature_maps_without_write) ... ok
test_legacy_roundtrip_hash_and_no_lifecycle_fields (test_p12_memory_lifecycle.LifecycleTests.test_legacy_roundtrip_hash_and_no_lifecycle_fields) ... ok
test_legal_sequence_archive_restore_delete (test_p12_memory_lifecycle.LifecycleTests.test_legal_sequence_archive_restore_delete) ... ok
test_lifecycle_is_distinct_from_temperature_and_fact_validity (test_p12_memory_lifecycle.LifecycleTests.test_lifecycle_is_distinct_from_temperature_and_fact_validity) ... ok
test_missing_confirmation_denied (test_p12_memory_lifecycle.LifecycleTests.test_missing_confirmation_denied) ... ok
test_old_archive_replay_after_delete_never_restores (test_p12_memory_lifecycle.LifecycleTests.test_old_archive_replay_after_delete_never_restores) ... ok
test_permission_rechecked_after_confirmation_callback (test_p12_memory_lifecycle.LifecycleTests.test_permission_rechecked_after_confirmation_callback) ... ok
test_permission_revision_change_denied (test_p12_memory_lifecycle.LifecycleTests.test_permission_revision_change_denied) ... ok
test_permission_scope_denied (test_p12_memory_lifecycle.LifecycleTests.test_permission_scope_denied) ... ok
test_production_delete_not_ready_without_read_or_write (test_p12_memory_lifecycle.LifecycleTests.test_production_delete_not_ready_without_read_or_write) ... ok
test_raw_save_cannot_resurrect_deleted (test_p12_memory_lifecycle.LifecycleTests.test_raw_save_cannot_resurrect_deleted) ... ok
test_repeated_deactivate_new_identity_rejected (test_p12_memory_lifecycle.LifecycleTests.test_repeated_deactivate_new_identity_rejected) ... ok
test_restart_after_saved_result_replays_once (test_p12_memory_lifecycle.LifecycleTests.test_restart_after_saved_result_replays_once) ... ok
test_restore_active_rejected_zero_writes (test_p12_memory_lifecycle.LifecycleTests.test_restore_active_rejected_zero_writes) ... ok
test_restore_invalid_source_denied (test_p12_memory_lifecycle.LifecycleTests.test_restore_invalid_source_denied) ... ok
test_restore_resets_explicit_use_weight_and_preserves_history (test_p12_memory_lifecycle.LifecycleTests.test_restore_resets_explicit_use_weight_and_preserves_history) ... ok
test_restore_source_hash_drift_denied (test_p12_memory_lifecycle.LifecycleTests.test_restore_source_hash_drift_denied) ... ok
test_seven_day_golden_actual_recall_difference_and_delete_replay (test_p12_memory_lifecycle.LifecycleTests.test_seven_day_golden_actual_recall_difference_and_delete_replay) ... ok
test_stale_version_rejected (test_p12_memory_lifecycle.LifecycleTests.test_stale_version_rejected) ... ok
test_strong_history_recall_is_bounded_and_never_restores (test_p12_memory_lifecycle.LifecycleTests.test_strong_history_recall_is_bounded_and_never_restores) ... ok
test_summary_invalidated_atomically_then_rebuilt_only_after_restore (test_p12_memory_lifecycle.LifecycleTests.test_summary_invalidated_atomically_then_rebuilt_only_after_restore) ... ok
test_tampered_lifecycle_binding_fails_closed_even_with_document_hash (test_p12_memory_lifecycle.LifecycleTests.test_tampered_lifecycle_binding_fails_closed_even_with_document_hash) ... ok
test_wrong_subject_and_environment_before_repository_read (test_p12_memory_lifecycle.LifecycleTests.test_wrong_subject_and_environment_before_repository_read) ... ok
test_zero_weight_excluded_without_becoming_deleted (test_p12_memory_lifecycle.LifecycleTests.test_zero_weight_excluded_without_becoming_deleted) ... ok
test_confirmation_reentry_does_not_overwrite_another_successful_command (test_p12_memory_review_regressions.P12IndependentProbes.test_confirmation_reentry_does_not_overwrite_another_successful_command) ... ok
test_consolidation_race_cannot_return_fresh_active_material_after_archive (test_p12_memory_review_regressions.P12IndependentProbes.test_consolidation_race_cannot_return_fresh_active_material_after_archive) ... ok
test_control_approved_restore_and_deleted_recovery_rejection (test_p12_memory_review_regressions.P12IndependentProbes.test_control_approved_restore_and_deleted_recovery_rejection) ... ok
test_control_current_authorized_history_recall_still_works (test_p12_memory_review_regressions.P12IndependentProbes.test_control_current_authorized_history_recall_still_works) ... ok
test_control_new_independent_evidence_still_creates_memory (test_p12_memory_review_regressions.P12IndependentProbes.test_control_new_independent_evidence_still_creates_memory) ... ok
test_history_recall_does_not_return_body_deleted_during_lookup (test_p12_memory_review_regressions.P12IndependentProbes.test_history_recall_does_not_return_body_deleted_during_lookup) ... ok
test_history_recall_rechecks_permission_after_source_port (test_p12_memory_review_regressions.P12IndependentProbes.test_history_recall_rechecks_permission_after_source_port) ... ok
test_new_derived_memory_cannot_restore_downweighted_root_influence (test_p12_memory_review_regressions.P12IndependentProbes.test_new_derived_memory_cannot_restore_downweighted_root_influence) ... ok
test_unbound_successor_cannot_drop_lifecycle_and_restore_archived_memory (test_p12_memory_review_regressions.P12IndependentProbes.test_unbound_successor_cannot_drop_lifecycle_and_restore_archived_memory) ... ok
test_r1_later_candidate_deletes_earlier_match_no_body (test_p12_memory_review_regressions.P12ReviewInterleavingTests.test_r1_later_candidate_deletes_earlier_match_no_body) ... ok
test_r1_legal_history_reopen_zero_write (test_p12_memory_review_regressions.P12ReviewInterleavingTests.test_r1_legal_history_reopen_zero_write) ... ok
test_r1_restore_during_lookup_rejects_old_version (test_p12_memory_review_regressions.P12ReviewInterleavingTests.test_r1_restore_during_lookup_rejects_old_version) ... ok
test_r1_source_binding_changed_between_checks_zero_write (test_p12_memory_review_regressions.P12ReviewInterleavingTests.test_r1_source_binding_changed_between_checks_zero_write) ... ok
test_r2_each_missing_field_rejected_at_save_zero_write (test_p12_memory_review_regressions.P12ReviewInterleavingTests.test_r2_each_missing_field_rejected_at_save_zero_write) ... ok
test_r2_governed_ordinary_successor_preserves_archive (test_p12_memory_review_regressions.P12ReviewInterleavingTests.test_r2_governed_ordinary_successor_preserves_archive) ... ok
test_r2_hash_consistent_downgrade_rejected_on_load_zero_write (test_p12_memory_review_regressions.P12ReviewInterleavingTests.test_r2_hash_consistent_downgrade_rejected_on_load_zero_write) ... ok
test_r2_legacy_successor_retains_missing_fields_and_hash (test_p12_memory_review_regressions.P12ReviewInterleavingTests.test_r2_legacy_successor_retains_missing_fields_and_hash) ... ok
test_r3_same_target_nested_fact_survives_outer_rejection (test_p12_memory_review_regressions.P12ReviewInterleavingTests.test_r3_same_target_nested_fact_survives_outer_rejection) ... ok
test_r3_source_callback_nested_other_commit_survives_and_outer_retry (test_p12_memory_review_regressions.P12ReviewInterleavingTests.test_r3_source_callback_nested_other_commit_survives_and_outer_retry) ... ok
test_r4_after_commit_archive_blocks_body_but_preserves_true_operation (test_p12_memory_review_regressions.P12ReviewInterleavingTests.test_r4_after_commit_archive_blocks_body_but_preserves_true_operation) ... ok
test_r4_first_alias_archive_interleaving_does_not_append_operation (test_p12_memory_review_regressions.P12ReviewInterleavingTests.test_r4_first_alias_archive_interleaving_does_not_append_operation) ... ok
test_r4_legal_new_alias_and_exact_replay_remain_compatible (test_p12_memory_review_regressions.P12ReviewInterleavingTests.test_r4_legal_new_alias_and_exact_replay_remain_compatible) ... ok
test_r5_composer_summary_and_legacy_retriever_use_current_ceiling (test_p12_memory_review_regressions.P12ReviewInterleavingTests.test_r5_composer_summary_and_legacy_retriever_use_current_ceiling) ... ok
test_r5_raw_root_new_scope_and_transitive_chain_retain_ceiling_after_restart (test_p12_memory_review_regressions.P12ReviewInterleavingTests.test_r5_raw_root_new_scope_and_transitive_chain_retain_ceiling_after_restart) ... ok
test_r5_same_root_alias_before_downweight_revalidated_without_hash_rewrite (test_p12_memory_review_regressions.P12ReviewInterleavingTests.test_r5_same_root_alias_before_downweight_revalidated_without_hash_rewrite) ... ok
test_existing_alias_cannot_bypass_archive (test_p12_memory_second_review.P12ExistingAliasProbes.test_existing_alias_cannot_bypass_archive) ... ok
test_existing_alias_cannot_bypass_deactivation (test_p12_memory_second_review.P12ExistingAliasProbes.test_existing_alias_cannot_bypass_deactivation) ... ok
test_existing_alias_cannot_bypass_logical_delete (test_p12_memory_second_review.P12ExistingAliasProbes.test_existing_alias_cannot_bypass_logical_delete) ... ok
test_positive_explicit_restore_reopens_existing_alias (test_p12_memory_second_review.P12ExistingAliasProbes.test_positive_explicit_restore_reopens_existing_alias) ... ok
test_positive_nonzero_downweight_is_inherited (test_p12_memory_second_review.P12ExistingAliasProbes.test_positive_nonzero_downweight_is_inherited) ... ok
test_positive_untouched_alias_is_legitimately_selected (test_p12_memory_second_review.P12ExistingAliasProbes.test_positive_untouched_alias_is_legitimately_selected) ... ok
test_zero_weight_alias_cannot_be_selected_by_legacy_service (test_p12_memory_second_review.P12ExistingAliasProbes.test_zero_weight_alias_cannot_be_selected_by_legacy_service) ... ok
test_archive_blocks_alias_summary_exact_and_old_windows (test_p12_memory_second_review.SameRootConsumptionTests.test_archive_blocks_alias_summary_exact_and_old_windows) ... ok
test_authorized_archived_history_and_event_audit_remain_read_only (test_p12_memory_second_review.SameRootConsumptionTests.test_authorized_archived_history_and_event_audit_remain_read_only) ... ok
test_deactivate_blocks_alias_summary_exact_and_old_windows (test_p12_memory_second_review.SameRootConsumptionTests.test_deactivate_blocks_alias_summary_exact_and_old_windows) ... ok
test_delete_blocks_alias_summary_exact_and_old_windows (test_p12_memory_second_review.SameRootConsumptionTests.test_delete_blocks_alias_summary_exact_and_old_windows) ... ok
test_deleted_root_cannot_leak_through_archived_alias_history_or_restore (test_p12_memory_second_review.SameRootConsumptionTests.test_deleted_root_cannot_leak_through_archived_alias_history_or_restore) ... ok
test_lifecycle_restriction_does_not_block_new_independent_root (test_p12_memory_second_review.SameRootConsumptionTests.test_lifecycle_restriction_does_not_block_new_independent_root) ... ok
test_new_alias_after_governance_is_rejected_without_writes (test_p12_memory_second_review.SameRootConsumptionTests.test_new_alias_after_governance_is_rejected_without_writes) ... ok
test_normal_c1_rejects_old_context_and_excludes_existing_alias_after_restart (test_p12_memory_second_review.SameRootConsumptionTests.test_normal_c1_rejects_old_context_and_excludes_existing_alias_after_restart) ... ok
test_restoring_original_does_not_rebind_old_explicit_child (test_p12_memory_second_review.SameRootConsumptionTests.test_restoring_original_does_not_rebind_old_explicit_child) ... ok
test_summary_stays_invalid_after_restore_until_explicit_rebuild (test_p12_memory_second_review.SameRootConsumptionTests.test_summary_stays_invalid_after_restore_until_explicit_rebuild) ... ok
test_true_legacy_archive_temperature_enumeration_remains_compatible (test_p12_memory_second_review.SameRootConsumptionTests.test_true_legacy_archive_temperature_enumeration_remains_compatible) ... ok
test_zero_weight_is_filtered_at_retriever_not_by_changing_zero_threshold (test_p12_memory_second_review.SameRootConsumptionTests.test_zero_weight_is_filtered_at_retriever_not_by_changing_zero_threshold) ... ok
test_memory_window_weight_drift_without_identity_or_order_change (test_p12_memory_weight_windows.WeightWindowProbes.test_memory_window_weight_drift_without_identity_or_order_change) ... ok
test_summary_window_weight_drift_without_identity_or_order_change (test_p12_memory_weight_windows.WeightWindowProbes.test_summary_window_weight_drift_without_identity_or_order_change) ... ok
test_disabled_normal_core_accepts_explicit_expression_configuration (test_p13_expression_policy.ExpressionInputTests.test_disabled_normal_core_accepts_explicit_expression_configuration) ... ok
test_formed_seven_modes_roundtrip_without_mutating_judgment (test_p13_expression_policy.ExpressionInputTests.test_formed_seven_modes_roundtrip_without_mutating_judgment) ... ok
test_old_thinking_serialization_omits_extension (test_p13_expression_policy.ExpressionInputTests.test_old_thinking_serialization_omits_extension) ... ok
test_unknown_mode_rejected (test_p13_expression_policy.ExpressionInputTests.test_unknown_mode_rejected) ... ok
test_budget_rejection_keeps_whole_original_body (test_p13_expression_policy.ExpressionPolicyTests.test_budget_rejection_keeps_whole_original_body) ... ok
test_expression_gate_off_no_port_call_no_extension (test_p13_expression_policy.ExpressionPolicyTests.test_expression_gate_off_no_port_call_no_extension) ... ok
test_generation_failure_is_not_subject_silence_or_refusal (test_p13_expression_policy.ExpressionPolicyTests.test_generation_failure_is_not_subject_silence_or_refusal) ... ok
test_invalidation_inside_presentation_cannot_complete (test_p13_expression_policy.ExpressionPolicyTests.test_invalidation_inside_presentation_cannot_complete) ... ok
test_mode_and_binding_changes_rejected (test_p13_expression_policy.ExpressionPolicyTests.test_mode_and_binding_changes_rejected) ... ok
test_protected_root_rejected_zero_writes (test_p13_expression_policy.ExpressionPolicyTests.test_protected_root_rejected_zero_writes) ... ok
test_reversing_provider_rejected_no_final_result (test_p13_expression_policy.ExpressionPolicyTests.test_reversing_provider_rejected_no_final_result) ... ok
test_seven_modes_normal_entry_persist_and_keep_authorities (test_p13_expression_policy.ExpressionPolicyTests.test_seven_modes_normal_entry_persist_and_keep_authorities) ... ok
test_silence_does_not_require_visible_output_budget_or_presentation (test_p13_expression_policy.ExpressionPolicyTests.test_silence_does_not_require_visible_output_budget_or_presentation) ... ok
test_bounded_three_day_seven_round_golden_no_cognitive_overwrite (test_p13_expression_recovery.ExpressionRecoveryTests.test_bounded_three_day_seven_round_golden_no_cognitive_overwrite) ... ok
test_context_rejection_and_platform_denial_are_distinct_from_subject_refusal (test_p13_expression_recovery.ExpressionRecoveryTests.test_context_rejection_and_platform_denial_are_distinct_from_subject_refusal) ... ok
test_crash_after_domain_recovers_artifact_without_presentation (test_p13_expression_recovery.ExpressionRecoveryTests.test_crash_after_domain_recovers_artifact_without_presentation) ... ok
test_crash_after_thinking_reuses_original_result_not_new_mode (test_p13_expression_recovery.ExpressionRecoveryTests.test_crash_after_thinking_reuses_original_result_not_new_mode) ... ok
test_cross_subject_and_environment_composition_rejects_before_port_or_writes (test_p13_expression_recovery.ExpressionRecoveryTests.test_cross_subject_and_environment_composition_rejects_before_port_or_writes) ... ok
test_current_approved_evolution_keeps_proposal_and_revision_semantics (test_p13_expression_recovery.ExpressionRecoveryTests.test_current_approved_evolution_keeps_proposal_and_revision_semantics) ... ok
test_direct_and_optional_planner_preserve_expression_mode (test_p13_expression_recovery.ExpressionRecoveryTests.test_direct_and_optional_planner_preserve_expression_mode) ... ok
test_disabled_expression_outcome_has_no_component_reads (test_p13_expression_recovery.ExpressionRecoveryTests.test_disabled_expression_outcome_has_no_component_reads) ... ok
test_existing_emotion_only_affects_explicit_emphasis_preference (test_p13_expression_recovery.ExpressionRecoveryTests.test_existing_emotion_only_affects_explicit_emphasis_preference) ... ok
test_expired_context_blocks_text_but_keeps_original_receipts (test_p13_expression_recovery.ExpressionRecoveryTests.test_expired_context_blocks_text_but_keeps_original_receipts) ... ok
test_forged_action_input_rejected_before_materialization (test_p13_expression_recovery.ExpressionRecoveryTests.test_forged_action_input_rejected_before_materialization) ... ok
test_formal_relationship_and_compact_preference_change_format_only (test_p13_expression_recovery.ExpressionRecoveryTests.test_formal_relationship_and_compact_preference_change_format_only) ... ok
test_fresh_process_restores_original_expression_without_provider_or_effect (test_p13_expression_recovery.ExpressionRecoveryTests.test_fresh_process_restores_original_expression_without_provider_or_effect) ... ok
test_generation_failure_retry_does_not_rethink_or_duplicate_action (test_p13_expression_recovery.ExpressionRecoveryTests.test_generation_failure_retry_does_not_rethink_or_duplicate_action) ... ok
test_missing_completed_artifact_cannot_downgrade_to_legacy (test_p13_expression_recovery.ExpressionRecoveryTests.test_missing_completed_artifact_cannot_downgrade_to_legacy) ... ok
test_model_result_restart_expression_uses_one_original_capability_ledger (test_p13_expression_recovery.ExpressionRecoveryTests.test_model_result_restart_expression_uses_one_original_capability_ledger) ... ok
test_model_waiting_remains_waiting_not_subject_silence (test_p13_expression_recovery.ExpressionRecoveryTests.test_model_waiting_remains_waiting_not_subject_silence) ... ok
test_original_router_request_cannot_be_rebound_to_another_operation (test_p13_expression_recovery.ExpressionRecoveryTests.test_original_router_request_cannot_be_rebound_to_another_operation) ... ok
test_p12_archive_invalidates_saved_expression_and_normal_future_context (test_p13_expression_recovery.ExpressionRecoveryTests.test_p12_archive_invalidates_saved_expression_and_normal_future_context) ... ok
test_real_evolution_recovers_after_expiry_without_releasing_old_text (test_p13_expression_recovery.ExpressionRecoveryTests.test_real_evolution_recovers_after_expiry_without_releasing_old_text) ... ok
test_removing_original_gate_cannot_remove_expression_ownership (test_p13_expression_recovery.ExpressionRecoveryTests.test_removing_original_gate_cannot_remove_expression_ownership) ... ok
test_restart_repeat_submit_and_query_do_not_regenerate_or_execute (test_p13_expression_recovery.ExpressionRecoveryTests.test_restart_repeat_submit_and_query_do_not_regenerate_or_execute) ... ok
test_revoked_exact_permission_blocks_completed_replay_zero_writes (test_p13_expression_recovery.ExpressionRecoveryTests.test_revoked_exact_permission_blocks_completed_replay_zero_writes) ... ok
test_snapshot_branch_preserves_artifact_and_does_not_touch_original (test_p13_expression_recovery.ExpressionRecoveryTests.test_snapshot_branch_preserves_artifact_and_does_not_touch_original) ... ok
test_unknown_historical_receipt_cannot_be_expression_success (test_p13_expression_recovery.ExpressionRecoveryTests.test_unknown_historical_receipt_cannot_be_expression_success) ... ok
test_authority_can_restore_access_without_repeat_effects (test_p13_review_regressions.P13AdjacentBoundaries.test_authority_can_restore_access_without_repeat_effects) ... ok
test_authorized_three_style_sources_preserve_body_and_authority (test_p13_review_regressions.P13AdjacentBoundaries.test_authorized_three_style_sources_preserve_body_and_authority) ... ok
test_committed_evolution_recovers_after_expression_revocation (test_p13_review_regressions.P13AdjacentBoundaries.test_committed_evolution_recovers_after_expression_revocation) ... ok
test_confirmation_identity_removal_not_recreated_by_replay (test_p13_review_regressions.P13AdjacentBoundaries.test_confirmation_identity_removal_not_recreated_by_replay) ... ok
test_confirmation_withdrawn_inside_port (test_p13_review_regressions.P13AdjacentBoundaries.test_confirmation_withdrawn_inside_port) ... ok
test_current_all_consumption_entries_deny_and_keep_facts (test_p13_review_regressions.P13AdjacentBoundaries.test_current_all_consumption_entries_deny_and_keep_facts) ... ok
test_current_confirmation_withdrawal_after_action (test_p13_review_regressions.P13AdjacentBoundaries.test_current_confirmation_withdrawal_after_action) ... ok
test_domain_crash_then_revoke_keeps_completed_fact_without_text (test_p13_review_regressions.P13AdjacentBoundaries.test_domain_crash_then_revoke_keeps_completed_fact_without_text) ... ok
test_each_style_source_invalidated_during_port_blocks_completion (test_p13_review_regressions.P13AdjacentBoundaries.test_each_style_source_invalidated_during_port_blocks_completion) ... ok
test_expiry_at_boundary_before_presentation (test_p13_review_regressions.P13AdjacentBoundaries.test_expiry_at_boundary_before_presentation) ... ok
test_expiry_during_presentation_blocks_artifact (test_p13_review_regressions.P13AdjacentBoundaries.test_expiry_during_presentation_blocks_artifact) ... ok
test_omitted_or_denied_sections_use_only_authorized_defaults (test_p13_review_regressions.P13AdjacentBoundaries.test_omitted_or_denied_sections_use_only_authorized_defaults) ... ok
test_resources_can_deny_current_consumption_without_new_charge (test_p13_review_regressions.P13AdjacentBoundaries.test_resources_can_deny_current_consumption_without_new_charge) ... ok
test_revocation_does_not_hide_unknown_receipt (test_p13_review_regressions.P13AdjacentBoundaries.test_revocation_does_not_hide_unknown_receipt) ... ok
test_historical_receipts_do_not_authorize_new_consumption_after_grant_revocation (test_p13_review_regressions.P13ReviewProbes.test_historical_receipts_do_not_authorize_new_consumption_after_grant_revocation) ... ok
test_old_context_revocation_control_still_blocks (test_p13_review_regressions.P13ReviewProbes.test_old_context_revocation_control_still_blocks) ... ok
test_omitted_relationship_source_does_not_influence_expression (test_p13_review_regressions.P13ReviewProbes.test_omitted_relationship_source_does_not_influence_expression) ... ok
test_revoked_expression_grant_after_action_blocks_first_presentation (test_p13_review_regressions.P13ReviewProbes.test_revoked_expression_grant_after_action_blocks_first_presentation) ... ok
test_revoked_expression_grant_before_action_control_blocks (test_p13_review_regressions.P13ReviewProbes.test_revoked_expression_grant_before_action_control_blocks) ... ok
test_revoked_expression_grant_during_presentation_blocks_new_artifact (test_p13_review_regressions.P13ReviewProbes.test_revoked_expression_grant_during_presentation_blocks_new_artifact) ... ok
test_unchanged_restart_control_preserves_body_and_zero_new_effect (test_p13_review_regressions.P13ReviewProbes.test_unchanged_restart_control_preserves_body_and_zero_new_effect) ... ok
test_aggregate_does_not_corroborate_itself_again (test_pre_p12_r05_r06_followup.LearningConfidenceTests.test_aggregate_does_not_corroborate_itself_again) ... ok
test_current_target_confidence_reduction_is_respected (test_pre_p12_r05_r06_followup.LearningConfidenceTests.test_current_target_confidence_reduction_is_respected) ... ok
test_explicit_confirmation_still_required (test_pre_p12_r05_r06_followup.LearningConfidenceTests.test_explicit_confirmation_still_required) ... ok
test_high_own_confidence_cannot_replace_rejected_support (test_pre_p12_r05_r06_followup.LearningConfidenceTests.test_high_own_confidence_cannot_replace_rejected_support) ... ok
test_high_own_confidence_retains_existing_policy_with_weaker_support (test_pre_p12_r05_r06_followup.LearningConfidenceTests.test_high_own_confidence_retains_existing_policy_with_weaker_support) ... ok
test_high_own_confidence_still_rechecks_support_and_roots (test_pre_p12_r05_r06_followup.LearningConfidenceTests.test_high_own_confidence_still_rechecks_support_and_roots) ... ok
test_insufficient_current_confidence_rejects_without_writes (test_pre_p12_r05_r06_followup.LearningConfidenceTests.test_insufficient_current_confidence_rejects_without_writes) ... ok
test_unchanged_high_target_validation_can_immediately_solidify (test_pre_p12_r05_r06_followup.LearningConfidenceTests.test_unchanged_high_target_validation_can_immediately_solidify) ... ok
test_unchanged_high_target_validation_survives_restart (test_pre_p12_r05_r06_followup.LearningConfidenceTests.test_unchanged_high_target_validation_survives_restart) ... ok
test_weaker_but_sufficient_current_support_is_saved (test_pre_p12_r05_r06_followup.LearningConfidenceTests.test_weaker_but_sufficient_current_support_is_saved) ... ok
test_concurrent_allowed_duplicate_charges_once_then_settles (test_pre_p12_r05_r06_followup.ResourceTransactionTests.test_concurrent_allowed_duplicate_charges_once_then_settles) ... ok
test_concurrent_allowed_then_conflicting_denial_preserves_first_result (test_pre_p12_r05_r06_followup.ResourceTransactionTests.test_concurrent_allowed_then_conflicting_denial_preserves_first_result) ... ok
test_concurrent_denied_duplicate_preserves_first_result (test_pre_p12_r05_r06_followup.ResourceTransactionTests.test_concurrent_denied_duplicate_preserves_first_result) ... ok
test_concurrent_denied_then_conflicting_allowance_preserves_first_result (test_pre_p12_r05_r06_followup.ResourceTransactionTests.test_concurrent_denied_then_conflicting_allowance_preserves_first_result) ... ok
test_concurrent_new_request_cannot_deny_an_allocated_session (test_pre_p12_r05_r06_followup.ResourceTransactionTests.test_concurrent_new_request_cannot_deny_an_allocated_session) ... ok
test_denials_allow_new_identity_then_allocation_and_settlement (test_pre_p12_r05_r06_followup.ResourceTransactionTests.test_denials_allow_new_identity_then_allocation_and_settlement) ... ok
test_concurrent_events_are_not_silently_lost (test_pre_p12_repairs.PreP12RegressionTests.test_concurrent_events_are_not_silently_lost) ... ok
test_concurrent_mutations_preserve_revision_conflict (test_pre_p12_repairs.PreP12RegressionTests.test_concurrent_mutations_preserve_revision_conflict) ... ok
test_concurrent_same_event_is_persisted_once (test_pre_p12_repairs.PreP12RegressionTests.test_concurrent_same_event_is_persisted_once) ... ok
test_control_memory_disjoint_roots_merge (test_pre_p12_repairs.PreP12RegressionTests.test_control_memory_disjoint_roots_merge) ... ok
test_control_real_restriction_removes_capability (test_pre_p12_repairs.PreP12RegressionTests.test_control_real_restriction_removes_capability) ... ok
test_control_resource_once_reconciles (test_pre_p12_repairs.PreP12RegressionTests.test_control_resource_once_reconciles) ... ok
test_control_scheduler_unknown_allows_immediate_next_tick (test_pre_p12_repairs.PreP12RegressionTests.test_control_scheduler_unknown_allows_immediate_next_tick) ... ok
test_control_sequential_events_preserved (test_pre_p12_repairs.PreP12RegressionTests.test_control_sequential_events_preserved) ... ok
test_learning_confirmation_gate_remains_before_writes (test_pre_p12_repairs.PreP12RegressionTests.test_learning_confirmation_gate_remains_before_writes) ... ok
test_learning_current_sufficient_confidence_is_not_overstated (test_pre_p12_repairs.PreP12RegressionTests.test_learning_current_sufficient_confidence_is_not_overstated) ... ok
test_learning_rechecks_rejected_support_before_solidifying (test_pre_p12_repairs.PreP12RegressionTests.test_learning_rechecks_rejected_support_before_solidifying) ... ok
test_learning_reduced_support_confidence_cannot_reuse_old_validation (test_pre_p12_repairs.PreP12RegressionTests.test_learning_reduced_support_confidence_cannot_reuse_old_validation) ... ok
test_learning_support_root_overlap_and_count_are_rechecked (test_pre_p12_repairs.PreP12RegressionTests.test_learning_support_root_overlap_and_count_are_rechecked) ... ok
test_learning_valid_support_survives_restart_and_requires_explicit_evolution (test_pre_p12_repairs.PreP12RegressionTests.test_learning_valid_support_survives_restart_and_requires_explicit_evolution) ... ok
test_memory_full_duplicate_does_not_increase_roots_or_confidence (test_pre_p12_repairs.PreP12RegressionTests.test_memory_full_duplicate_does_not_increase_roots_or_confidence) ... ok
test_memory_partial_alias_uses_previous_revision_and_new_direct_evidence (test_pre_p12_repairs.PreP12RegressionTests.test_memory_partial_alias_uses_previous_revision_and_new_direct_evidence) ... ok
test_memory_partial_overlap_preserves_history_provenance_and_conflict_rejection (test_pre_p12_repairs.PreP12RegressionTests.test_memory_partial_overlap_preserves_history_provenance_and_conflict_rejection) ... ok
test_memory_partial_overlap_preserves_new_evidence (test_pre_p12_repairs.PreP12RegressionTests.test_memory_partial_overlap_preserves_new_evidence) ... ok
test_model_executed_fact_recovers_at_zero_current_budget_without_execute (test_pre_p12_repairs.PreP12RegressionTests.test_model_executed_fact_recovers_at_zero_current_budget_without_execute) ... ok
test_model_positive_reserved_budget_is_rechecked_after_another_request_consumes_it (test_pre_p12_repairs.PreP12RegressionTests.test_model_positive_reserved_budget_is_rechecked_after_another_request_consumes_it) ... ok
test_model_unknown_at_budget_gate_never_authorizes_execute (test_pre_p12_repairs.PreP12RegressionTests.test_model_unknown_at_budget_gate_never_authorizes_execute) ... ok
test_model_zero_budget_still_blocks_execute_after_crash (test_pre_p12_repairs.PreP12RegressionTests.test_model_zero_budget_still_blocks_execute_after_crash) ... ok
test_permission_capability_only_escalation_is_rejected_without_write (test_pre_p12_repairs.PreP12RegressionTests.test_permission_capability_only_escalation_is_rejected_without_write) ... ok
test_permission_expiry_cannot_be_reactivated_by_restrict_but_explicit_grant_works (test_pre_p12_repairs.PreP12RegressionTests.test_permission_expiry_cannot_be_reactivated_by_restrict_but_explicit_grant_works) ... ok
test_permission_wildcard_scope_containment_and_zero_write_rejection (test_pre_p12_repairs.PreP12RegressionTests.test_permission_wildcard_scope_containment_and_zero_write_rejection) ... ok
test_repeated_resource_request_remains_reconcilable (test_pre_p12_repairs.PreP12RegressionTests.test_repeated_resource_request_remains_reconcilable) ... ok
test_resource_denied_request_may_use_new_identity_when_resources_become_available (test_pre_p12_repairs.PreP12RegressionTests.test_resource_denied_request_may_use_new_identity_when_resources_become_available) ... ok
test_resource_duplicate_and_conflict_reject_after_restart_then_settle (test_pre_p12_repairs.PreP12RegressionTests.test_resource_duplicate_and_conflict_reject_after_restart_then_settle) ... ok
test_restriction_does_not_expand_capabilities (test_pre_p12_repairs.PreP12RegressionTests.test_restriction_does_not_expand_capabilities) ... ok
test_restriction_does_not_reactivate_revoked_permission (test_pre_p12_repairs.PreP12RegressionTests.test_restriction_does_not_reactivate_revoked_permission) ... ok
test_scheduler_conflicting_query_has_backoff_without_new_attempt (test_pre_p12_repairs.PreP12RegressionTests.test_scheduler_conflicting_query_has_backoff_without_new_attempt) ... ok
test_scheduler_existing_session_cycle_mismatch_rejects_before_resources (test_pre_p12_repairs.PreP12RegressionTests.test_scheduler_existing_session_cycle_mismatch_rejects_before_resources) ... ok
test_scheduler_foreign_cycle_does_not_wake_another_subject (test_pre_p12_repairs.PreP12RegressionTests.test_scheduler_foreign_cycle_does_not_wake_another_subject) ... ok
test_scheduler_foreign_cycle_rejected_without_resource_wake_or_receipt_write (test_pre_p12_repairs.PreP12RegressionTests.test_scheduler_foreign_cycle_rejected_without_resource_wake_or_receipt_write) ... ok
test_scheduler_pending_queries_and_healthy_stream_progress_after_restart (test_pre_p12_repairs.PreP12RegressionTests.test_scheduler_pending_queries_and_healthy_stream_progress_after_restart) ... ok
test_scheduler_receipt_conflict_does_not_starve_other_task (test_pre_p12_repairs.PreP12RegressionTests.test_scheduler_receipt_conflict_does_not_starve_other_task) ... ok
test_scheduler_test_delivery_rejects_request_binding_changes_before_effects (test_pre_p12_repairs.PreP12RegressionTests.test_scheduler_test_delivery_rejects_request_binding_changes_before_effects) ... ok
test_scheduler_unknown_does_not_starve_at_normal_poll_interval (test_pre_p12_repairs.PreP12RegressionTests.test_scheduler_unknown_does_not_starve_at_normal_poll_interval) ... ok
test_scheduler_verification_is_fair_among_multiple_unknown_tasks (test_pre_p12_repairs.PreP12RegressionTests.test_scheduler_verification_is_fair_among_multiple_unknown_tasks) ... ok
test_budget_failure_still_creates_failed_think_session (test_thinking.ThinkingServiceTests.test_budget_failure_still_creates_failed_think_session) ... ok
test_non_think_wake_does_not_create_think_session (test_thinking.ThinkingServiceTests.test_non_think_wake_does_not_create_think_session) ... ok
test_provider_failure_is_summarized_and_persisted (test_thinking.ThinkingServiceTests.test_provider_failure_is_summarized_and_persisted) ... ok
test_standard_result_can_request_memory_wait_and_future_contact_without_actions (test_thinking.ThinkingServiceTests.test_standard_result_can_request_memory_wait_and_future_contact_without_actions) ... ok
test_thinking_result_cannot_write_identity_or_emotion_state (test_thinking.ThinkingServiceTests.test_thinking_result_cannot_write_identity_or_emotion_state) ... ok
test_wake_think_result_and_state_writeback_complete_full_chain (test_thinking.ThinkingServiceTests.test_wake_think_result_and_state_writeback_complete_full_chain) ... ok

----------------------------------------------------------------------
Ran 741 tests in 642.981s

OK (skipped=1)
