test_complex_actions_require_planner_even_if_choice_claims_simple (tests.test_p08_action_planning.P08ActionPlanningTests.test_complex_actions_require_planner_even_if_choice_claims_simple) ... ok
test_confirmation_requires_exact_request_binding (tests.test_p08_action_planning.P08ActionPlanningTests.test_confirmation_requires_exact_request_binding) ... ok
test_cross_subject_environment_snapshot_revision_source_rejected (tests.test_p08_action_planning.P08ActionPlanningTests.test_cross_subject_environment_snapshot_revision_source_rejected) ... ok
test_dependency_cycle_forward_duplicate_and_model_generate_rejected (tests.test_p08_action_planning.P08ActionPlanningTests.test_dependency_cycle_forward_duplicate_and_model_generate_rejected) ... ok
test_different_step_result_misdelivery_rejected (tests.test_p08_action_planning.P08ActionPlanningTests.test_different_step_result_misdelivery_rejected) ... ok
test_direct_actions_work_with_planner_disabled_without_plan (tests.test_p08_action_planning.P08ActionPlanningTests.test_direct_actions_work_with_planner_disabled_without_plan) ... ok
test_domain_roundtrip_canonical_and_tampering (tests.test_p08_action_planning.P08ActionPlanningTests.test_domain_roundtrip_canonical_and_tampering) ... ok
test_expired_choice_has_durable_terminal_and_no_effect (tests.test_p08_action_planning.P08ActionPlanningTests.test_expired_choice_has_durable_terminal_and_no_effect) ... ok
test_failure_blocks_dependent_steps (tests.test_p08_action_planning.P08ActionPlanningTests.test_failure_blocks_dependent_steps) ... ok
test_fake_adapter_rejects_repository_and_formal_roots (tests.test_p08_action_planning.P08ActionPlanningTests.test_fake_adapter_rejects_repository_and_formal_roots) ... ok
test_forged_receipt_rejected_by_trusted_query (tests.test_p08_action_planning.P08ActionPlanningTests.test_forged_receipt_rejected_by_trusted_query) ... ok
test_frozen_external_validator_rejects_internal_request_and_result (tests.test_p08_action_planning.P08ActionPlanningTests.test_frozen_external_validator_rejects_internal_request_and_result) ... ok
test_golden_deterministic_replay_and_zero_underlying_writes (tests.test_p08_action_planning.P08ActionPlanningTests.test_golden_deterministic_replay_and_zero_underlying_writes) ... ok
test_information_need_and_action_intent_use_same_planner_and_gates (tests.test_p08_action_planning.P08ActionPlanningTests.test_information_need_and_action_intent_use_same_planner_and_gates) ... ok
test_internal_status_and_receipt_semantics_rejected (tests.test_p08_action_planning.P08ActionPlanningTests.test_internal_status_and_receipt_semantics_rejected) ... ok
test_local_execution_never_uses_network_or_credentials (tests.test_p08_action_planning.P08ActionPlanningTests.test_local_execution_never_uses_network_or_credentials) ... ok
test_observation_or_untrusted_decision_never_authorizes_action (tests.test_p08_action_planning.P08ActionPlanningTests.test_observation_or_untrusted_decision_never_authorizes_action) ... ok
test_p06_failed_or_tampered_or_stale_context_rejected (tests.test_p08_action_planning.P08ActionPlanningTests.test_p06_failed_or_tampered_or_stale_context_rejected) ... ok
test_permission_confirmation_resource_recovery_reality_gates_zero_effect (tests.test_p08_action_planning.P08ActionPlanningTests.test_permission_confirmation_resource_recovery_reality_gates_zero_effect) ... ok
test_persistent_attempt_tampering_fails_closed (tests.test_p08_action_planning.P08ActionPlanningTests.test_persistent_attempt_tampering_fails_closed) ... ok
test_planner_step_and_total_resource_limits (tests.test_p08_action_planning.P08ActionPlanningTests.test_planner_step_and_total_resource_limits) ... ok
test_same_identity_different_input_conflicts_in_single_ledger (tests.test_p08_action_planning.P08ActionPlanningTests.test_same_identity_different_input_conflicts_in_single_ledger) ... ok
test_unknown_capability_and_state_update_binding_are_not_fallbacks (tests.test_p08_action_planning.P08ActionPlanningTests.test_unknown_capability_and_state_update_binding_are_not_fallbacks) ... ok
test_all_four_local_provider_kinds_really_execute (tests.test_p16_providers.ProviderTests.test_all_four_local_provider_kinds_really_execute) ... ok
test_credential_reference_cannot_be_reused_by_other_connector (tests.test_p16_providers.ProviderTests.test_credential_reference_cannot_be_reused_by_other_connector) ... ok
test_disable_replay_is_idempotent_and_cannot_reregister_same_version (tests.test_p16_providers.ProviderTests.test_disable_replay_is_idempotent_and_cannot_reregister_same_version) ... ok
test_disabled_c1_gate_does_not_touch_installed_external_ports (tests.test_p16_providers.ProviderTests.test_disabled_c1_gate_does_not_touch_installed_external_ports) ... ok
test_existing_768_token_budget_explicitly_excludes_external_material (tests.test_p16_providers.ProviderTests.test_existing_768_token_budget_explicitly_excludes_external_material) ... ok
test_feature_gate_off_does_not_call_or_read_external_components (tests.test_p16_providers.ProviderTests.test_feature_gate_off_does_not_call_or_read_external_components) ... ok
test_memory_information_need_calls_fake_then_normal_context_consumes_candidate (tests.test_p16_providers.ProviderTests.test_memory_information_need_calls_fake_then_normal_context_consumes_candidate) ... ok
test_missing_expired_and_cross_subject_credentials_refuse_before_call (tests.test_p16_providers.ProviderTests.test_missing_expired_and_cross_subject_credentials_refuse_before_call) ... ok
test_normal_local_queries_use_no_socket (tests.test_p16_providers.ProviderTests.test_normal_local_queries_use_no_socket) ... ok
test_registry_concurrent_revision_allows_only_one_write (tests.test_p16_providers.ProviderTests.test_registry_concurrent_revision_allows_only_one_write) ... ok
test_registry_same_version_changed_content_is_conflict (tests.test_p16_providers.ProviderTests.test_registry_same_version_changed_content_is_conflict) ... ok
test_revoke_before_query_has_no_external_call_or_subject_write (tests.test_p16_providers.ProviderTests.test_revoke_before_query_has_no_external_call_or_subject_write) ... ok
test_upper_mixed_protected_roots_and_children_are_zero_write (tests.test_p16_providers.ProviderTests.test_upper_mixed_protected_roots_and_children_are_zero_write) ... ok
test_cache_expiry_excludes_candidate_without_refresh_call (tests.test_p16_context.ContextTests.test_cache_expiry_excludes_candidate_without_refresh_call) ... ok
test_cache_rehashed_payload_tamper_still_checks_original_fact (tests.test_p16_context.ContextTests.test_cache_rehashed_payload_tamper_still_checks_original_fact) ... ok
test_credential_revocation_excludes_current_cache (tests.test_p16_context.ContextTests.test_credential_revocation_excludes_current_cache) ... ok
test_cross_subject_result_rejected_even_from_local_provider (tests.test_p16_context.ContextTests.test_cross_subject_result_rejected_even_from_local_provider) ... ok
test_distinct_roots_survive_and_same_root_conflict_never_selects_authority (tests.test_p16_context.ContextTests.test_distinct_roots_survive_and_same_root_conflict_never_selects_authority) ... ok
test_exact_ttl_boundary_is_excluded_just_before_is_valid (tests.test_p16_context.ContextTests.test_exact_ttl_boundary_is_excluded_just_before_is_valid) ... ok
test_external_event_identity_cannot_be_internal_root (tests.test_p16_context.ContextTests.test_external_event_identity_cannot_be_internal_root) ... ok
test_invalid_cache_timestamp_is_corruption_not_freshness (tests.test_p16_context.ContextTests.test_invalid_cache_timestamp_is_corruption_not_freshness) ... ok
test_malicious_mutation_field_rejected_before_cache (tests.test_p16_context.ContextTests.test_malicious_mutation_field_rejected_before_cache) ... ok
test_offline_timeout_cancel_and_empty_are_explicit_results (tests.test_p16_context.ContextTests.test_offline_timeout_cancel_and_empty_are_explicit_results) ... ok
test_p12_archived_internal_memory_stays_absent_with_external_queries_enabled (tests.test_p16_context.ContextTests.test_p12_archived_internal_memory_stays_absent_with_external_queries_enabled) ... ok
test_p15_growth_does_not_promote_external_candidates_to_experience (tests.test_p16_context.ContextTests.test_p15_growth_does_not_promote_external_candidates_to_experience) ... ok
test_registry_wrong_environment_rejected_without_write (tests.test_p16_context.ContextTests.test_registry_wrong_environment_rejected_without_write) ... ok
test_replacement_descriptor_cannot_reuse_old_exact_reference (tests.test_p16_context.ContextTests.test_replacement_descriptor_cannot_reuse_old_exact_reference) ... ok
test_replacement_preserves_old_fact_but_invalidates_old_material (tests.test_p16_context.ContextTests.test_replacement_preserves_old_fact_but_invalidates_old_material) ... ok
test_revocation_invalidates_already_composed_context (tests.test_p16_context.ContextTests.test_revocation_invalidates_already_composed_context) ... ok
test_revoke_during_result_read_blocks_consumption_and_cache_write (tests.test_p16_context.ContextTests.test_revoke_during_result_read_blocks_consumption_and_cache_write) ... ok
test_router_source_limit_is_separate_from_composer_budget (tests.test_p16_context.ContextTests.test_router_source_limit_is_separate_from_composer_budget) ... ok
test_same_request_payload_hash_conflict_is_rejected (tests.test_p16_context.ContextTests.test_same_request_payload_hash_conflict_is_rejected) ... ok
test_same_root_candidates_deduplicate_without_promoting_authority (tests.test_p16_context.ContextTests.test_same_root_candidates_deduplicate_without_promoting_authority) ... ok
test_same_root_conflicting_content_is_preserved_as_non_independent_candidates (tests.test_p16_context.ContextTests.test_same_root_conflicting_content_is_preserved_as_non_independent_candidates) ... ok
test_secret_in_result_and_material_denial_never_reach_cache_or_state (tests.test_p16_context.ContextTests.test_secret_in_result_and_material_denial_never_reach_cache_or_state) ... ok
test_strict_result_shape_version_hash_environment_and_bounds (tests.test_p16_context.ContextTests.test_strict_result_shape_version_hash_environment_and_bounds) ... ok
test_archived_and_deleted_subjects_do_not_consume_or_execute (tests.test_p16_recovery.RecoveryTests.test_archived_and_deleted_subjects_do_not_consume_or_execute) ... ok
test_atomic_registry_failure_keeps_original_bytes (tests.test_p16_recovery.RecoveryTests.test_atomic_registry_failure_keeps_original_bytes) ... ok
test_child_timeout_preserves_output_and_never_retries (tests.test_p16_recovery.RecoveryTests.test_child_timeout_preserves_output_and_never_retries) ... ok
test_completed_replay_rechecks_receipt_without_reexecution (tests.test_p16_recovery.RecoveryTests.test_completed_replay_rechecks_receipt_without_reexecution) ... ok
test_completed_replay_survives_revocation_without_new_consumption (tests.test_p16_recovery.RecoveryTests.test_completed_replay_survives_revocation_without_new_consumption) ... ok
test_explicit_retry_uses_original_attempts_and_stops_at_bound (tests.test_p16_recovery.RecoveryTests.test_explicit_retry_uses_original_attempts_and_stops_at_bound) ... ok
test_historical_success_unknown_query_cannot_replay_completed (tests.test_p16_recovery.RecoveryTests.test_historical_success_unknown_query_cannot_replay_completed) ... ok
test_lost_response_after_receipt_can_close_after_revocation_without_consuming (tests.test_p16_recovery.RecoveryTests.test_lost_response_after_receipt_can_close_after_revocation_without_consuming) ... ok
test_p01_branch_replays_original_receipt_without_polluting_parent (tests.test_p16_recovery.RecoveryTests.test_p01_branch_replays_original_receipt_without_polluting_parent) ... ok
test_p01_snapshot_covers_registry_cache_and_receipts (tests.test_p16_recovery.RecoveryTests.test_p01_snapshot_covers_registry_cache_and_receipts) ... ok
test_paused_subject_blocks_new_query_and_current_cache_but_recovers_fact (tests.test_p16_recovery.RecoveryTests.test_paused_subject_blocks_new_query_and_current_cache_but_recovers_fact) ... ok
test_provider_error_secret_never_enters_engine_files (tests.test_p16_recovery.RecoveryTests.test_provider_error_secret_never_enters_engine_files) ... ok
test_query_exception_never_authorizes_dispatch_or_exposes_secret (tests.test_p16_recovery.RecoveryTests.test_query_exception_never_authorizes_dispatch_or_exposes_secret) ... ok
test_reserved_not_executed_after_revocation_cannot_dispatch (tests.test_p16_recovery.RecoveryTests.test_reserved_not_executed_after_revocation_cannot_dispatch) ... ok
test_string_not_executed_is_unknown (tests.test_p16_recovery.RecoveryTests.test_string_not_executed_is_unknown) ... ok
test_three_real_process_golden_recovers_replaces_and_revokes (tests.test_p16_recovery.RecoveryTests.test_three_real_process_golden_recovers_replaces_and_revokes) ... ok
test_unknown_does_not_execute_even_with_explicit_retry (tests.test_p16_recovery.RecoveryTests.test_unknown_does_not_execute_even_with_explicit_retry) ... ok
test_broker_authorization_exception_must_not_leak_in_diagnostics (tests.test_p16_review_regressions.IndependentEdges.test_broker_authorization_exception_must_not_leak_in_diagnostics) ... ok
test_broker_material_exception_must_not_leak_in_diagnostics (tests.test_p16_review_regressions.IndependentEdges.test_broker_material_exception_must_not_leak_in_diagnostics) ... ok
test_denied_external_query_is_not_copied_into_new_persistent_material (tests.test_p16_review_regressions.IndependentEdges.test_denied_external_query_is_not_copied_into_new_persistent_material) ... ok
test_permission_port_exception_must_not_leak_in_diagnostics (tests.test_p16_review_regressions.IndependentEdges.test_permission_port_exception_must_not_leak_in_diagnostics) ... ok
test_positive_normal_query_still_consumes_candidate (tests.test_p16_review_regressions.IndependentEdges.test_positive_normal_query_still_consumes_candidate) ... ok
test_positive_ordinary_psychological_query_is_not_censored (tests.test_p16_review_regressions.IndependentEdges.test_positive_ordinary_psychological_query_is_not_censored) ... ok
test_positive_provider_result_exception_is_sanitized (tests.test_p16_review_regressions.IndependentEdges.test_positive_provider_result_exception_is_sanitized) ... ok
test_positive_safe_provider_receipt_id_remains_recoverable (tests.test_p16_review_regressions.IndependentEdges.test_positive_safe_provider_receipt_id_remains_recoverable) ... ok
test_secret_receipt_identifier_must_not_be_persisted_by_engine (tests.test_p16_review_regressions.IndependentEdges.test_secret_receipt_identifier_must_not_be_persisted_by_engine) ... ok
test_c1_capability_ingress_rejects_before_original_ledger_write (tests.test_p16_repair_edges.RepairEdges.test_c1_capability_ingress_rejects_before_original_ledger_write) ... ok
test_c1_capability_restore_rechecks_material_before_checkpoint (tests.test_p16_repair_edges.RepairEdges.test_c1_capability_restore_rechecks_material_before_checkpoint) ... ok
test_c1_capability_safe_result_replay_preserves_fact_hash (tests.test_p16_repair_edges.RepairEdges.test_c1_capability_safe_result_replay_preserves_fact_hash) ... ok
test_completed_replay_rejects_material_without_rewriting_fact_or_ledger (tests.test_p16_repair_edges.RepairEdges.test_completed_replay_rejects_material_without_rewriting_fact_or_ledger) ... ok
test_newly_prohibited_completed_material_is_not_replayed_or_rewritten (tests.test_p16_repair_edges.RepairEdges.test_newly_prohibited_completed_material_is_not_replayed_or_rewritten) ... ok
test_normal_permission_and_reference_denial_still_reject (tests.test_p16_repair_edges.RepairEdges.test_normal_permission_and_reference_denial_still_reject) ... ok
test_optional_thinking_check_precedes_growth_and_preserves_gate_off (tests.test_p16_repair_edges.RepairEdges.test_optional_thinking_check_precedes_growth_and_preserves_gate_off) ... ok
test_query_is_rejected_before_any_think_result_save_or_processor (tests.test_p16_repair_edges.RepairEdges.test_query_is_rejected_before_any_think_result_save_or_processor) ... ok
test_recovery_broker_failure_is_unknown_not_permission_or_execution (tests.test_p16_repair_edges.RepairEdges.test_recovery_broker_failure_is_unknown_not_permission_or_execution) ... ok
test_registration_port_exceptions_are_static_and_zero_write (tests.test_p16_repair_edges.RepairEdges.test_registration_port_exceptions_are_static_and_zero_write) ... ok
test_rejected_execution_receipt_is_unknown_and_recovers_without_redispatch (tests.test_p16_repair_edges.RepairEdges.test_rejected_execution_receipt_is_unknown_and_recovers_without_redispatch) ... ok
test_selection_execution_consumption_port_exceptions_fail_closed (tests.test_p16_repair_edges.RepairEdges.test_selection_execution_consumption_port_exceptions_fail_closed) ... ok
test_wait_completion_and_completed_replay_keep_original_result_identity (tests.test_p16_repair_edges.RepairEdges.test_wait_completion_and_completed_replay_keep_original_result_identity) ... ok
test_wait_completion_rejects_before_resume_write_or_processing (tests.test_p16_repair_edges.RepairEdges.test_wait_completion_rejects_before_resume_write_or_processing) ... ok
test_whole_receipt_is_checked_on_query_and_execute (tests.test_p16_repair_edges.RepairEdges.test_whole_receipt_is_checked_on_query_and_execute) ... ok
test_whole_thinking_material_not_only_query_is_checked (tests.test_p16_repair_edges.RepairEdges.test_whole_thinking_material_not_only_query_is_checked) ... ok
test_alternative_new_confirmation_and_no_old_dispatch (tests.test_p17_execution.ExecutionTests.test_alternative_new_confirmation_and_no_old_dispatch) ... ok
test_cancel_pending_idempotent_and_no_dispatch (tests.test_p17_execution.ExecutionTests.test_cancel_pending_idempotent_and_no_dispatch) ... ok
test_compensation_failure_preserves_original_fact (tests.test_p17_execution.ExecutionTests.test_compensation_failure_preserves_original_fact) ... ok
test_compensation_is_separate_receipted_action (tests.test_p17_execution.ExecutionTests.test_compensation_is_separate_receipted_action) ... ok
test_compensation_requires_matching_original_receipt (tests.test_p17_execution.ExecutionTests.test_compensation_requires_matching_original_receipt) ... ok
test_compensation_unknown_preserves_original_fact (tests.test_p17_execution.ExecutionTests.test_compensation_unknown_preserves_original_fact) ... ok
test_compensation_without_link_cannot_execute (tests.test_p17_execution.ExecutionTests.test_compensation_without_link_cannot_execute) ... ok
test_completed_cannot_be_cancelled_or_replaced (tests.test_p17_execution.ExecutionTests.test_completed_cannot_be_cancelled_or_replaced) ... ok
test_direct_c1_produces_one_effect_and_replays (tests.test_p17_execution.ExecutionTests.test_direct_c1_produces_one_effect_and_replays) ... ok
test_execution_does_not_directly_write_subject (tests.test_p17_execution.ExecutionTests.test_execution_does_not_directly_write_subject) ... ok
test_golden_real_three_process_restart_and_absorption (tests.test_p17_execution.ExecutionTests.test_golden_real_three_process_restart_and_absorption) ... ok
test_planner_c1_executes_both_dependencies (tests.test_p17_execution.ExecutionTests.test_planner_c1_executes_both_dependencies) ... ok
test_real_recovery_unavailable_zero_world_write (tests.test_p17_execution.ExecutionTests.test_real_recovery_unavailable_zero_world_write) ... ok
test_receipts_once_and_single_e5a_channel (tests.test_p17_execution.ExecutionTests.test_receipts_once_and_single_e5a_channel) ... ok
test_research_result_never_default_main_memory_or_state (tests.test_p17_execution.ExecutionTests.test_research_result_never_default_main_memory_or_state) ... ok
test_research_unavailable_has_no_real_fallback (tests.test_p17_execution.ExecutionTests.test_research_unavailable_has_no_real_fallback) ... ok
test_result_absorbed_via_next_thinking_action_evolution (tests.test_p17_execution.ExecutionTests.test_result_absorbed_via_next_thinking_action_evolution) ... ok
test_unknown_forbids_alternative_or_fake_cancellation (tests.test_p17_execution.ExecutionTests.test_unknown_forbids_alternative_or_fake_cancellation) ... ok
test_wait_information_and_retry_are_auditable_not_dispatch (tests.test_p17_execution.ExecutionTests.test_wait_information_and_retry_are_auditable_not_dispatch) ... ok
test_blast_radius_each_bound_actually_limits_effects (tests.test_p17_boundaries.BoundaryTests.test_blast_radius_each_bound_actually_limits_effects) ... ok
test_broker_boundary_provider_exception_tracebacks_are_static (tests.test_p17_boundaries.BoundaryTests.test_broker_boundary_provider_exception_tracebacks_are_static) ... ok
test_capability_version_change_cannot_retarget_history (tests.test_p17_boundaries.BoundaryTests.test_capability_version_change_cannot_retarget_history) ... ok
test_cross_subject_request_rejected_without_world_or_outbox_write (tests.test_p17_boundaries.BoundaryTests.test_cross_subject_request_rejected_without_world_or_outbox_write) ... ok
test_current_broker_and_reality_rechecked_at_dispatch (tests.test_p17_boundaries.BoundaryTests.test_current_broker_and_reality_rechecked_at_dispatch) ... ok
test_current_context_and_confirmation_rechecked_at_dispatch (tests.test_p17_boundaries.BoundaryTests.test_current_context_and_confirmation_rechecked_at_dispatch) ... ok
test_feature_off_does_not_read_execution_ports (tests.test_p17_boundaries.BoundaryTests.test_feature_off_does_not_read_execution_ports) ... ok
test_fixture_protected_paths_uppercase_children_zero_write (tests.test_p17_boundaries.BoundaryTests.test_fixture_protected_paths_uppercase_children_zero_write) ... ok
test_lifecycle_pause_archive_delete_reject_new_execution (tests.test_p17_boundaries.BoundaryTests.test_lifecycle_pause_archive_delete_reject_new_execution) ... ok
test_material_rejected_before_any_new_e5a_request_write (tests.test_p17_boundaries.BoundaryTests.test_material_rejected_before_any_new_e5a_request_write) ... ok
test_mid_gate_revocation_is_rechecked_before_effect (tests.test_p17_boundaries.BoundaryTests.test_mid_gate_revocation_is_rechecked_before_effect) ... ok
test_mid_result_read_revocation_blocks_return_and_writes (tests.test_p17_boundaries.BoundaryTests.test_mid_result_read_revocation_blocks_return_and_writes) ... ok
test_new_context_cannot_reauthorize_old_request_identity (tests.test_p17_boundaries.BoundaryTests.test_new_context_cannot_reauthorize_old_request_identity) ... ok
test_nonboolean_truthy_authorization_fails_closed (tests.test_p17_boundaries.BoundaryTests.test_nonboolean_truthy_authorization_fails_closed) ... ok
test_normal_psychological_content_and_silence_are_not_screened (tests.test_p17_boundaries.BoundaryTests.test_normal_psychological_content_and_silence_are_not_screened) ... ok
test_platform_reality_resource_outcomes_remain_distinct_in_e5a (tests.test_p17_boundaries.BoundaryTests.test_platform_reality_resource_outcomes_remain_distinct_in_e5a) ... ok
test_receipt_secret_full_material_never_enters_ledger (tests.test_p17_boundaries.BoundaryTests.test_receipt_secret_full_material_never_enters_ledger) ... ok
test_registered_other_subject_adapter_rejected_zero_calls_and_writes (tests.test_p17_boundaries.BoundaryTests.test_registered_other_subject_adapter_rejected_zero_calls_and_writes) ... ok
test_registered_world_environment_version_mismatch_refuses_before_call (tests.test_p17_boundaries.BoundaryTests.test_registered_world_environment_version_mismatch_refuses_before_call) ... ok
test_resource_exhaustion_does_not_consume_attempts_or_effects (tests.test_p17_boundaries.BoundaryTests.test_resource_exhaustion_does_not_consume_attempts_or_effects) ... ok
test_result_hash_or_extra_authority_material_rejected (tests.test_p17_boundaries.BoundaryTests.test_result_hash_or_extra_authority_material_rejected) ... ok
test_static_failure_receipts_preserve_generation_and_network_outcomes (tests.test_p17_boundaries.BoundaryTests.test_static_failure_receipts_preserve_generation_and_network_outcomes) ... ok
test_storage_exact_limit_accepts_one_then_refuses_next (tests.test_p17_boundaries.BoundaryTests.test_storage_exact_limit_accepts_one_then_refuses_next) ... ok
test_storage_growth_bound_rejects_before_oversized_effect (tests.test_p17_boundaries.BoundaryTests.test_storage_growth_bound_rejects_before_oversized_effect) ... ok
test_thinking_secret_rejected_before_first_persistence (tests.test_p17_boundaries.BoundaryTests.test_thinking_secret_rejected_before_first_persistence) ... ok
test_atomic_write_failure_precedes_world_effect (tests.test_p17_recovery.RecoveryTests.test_atomic_write_failure_precedes_world_effect) ... ok
test_bounded_retries_after_explicit_not_executed (tests.test_p17_recovery.RecoveryTests.test_bounded_retries_after_explicit_not_executed) ... ok
test_cancel_after_unknown_with_actual_success_returns_completed (tests.test_p17_recovery.RecoveryTests.test_cancel_after_unknown_with_actual_success_returns_completed) ... ok
test_cancel_dispatch_race_respects_observed_fact (tests.test_p17_recovery.RecoveryTests.test_cancel_dispatch_race_respects_observed_fact) ... ok
test_cancel_survives_missing_delivery_index_without_redispatch (tests.test_p17_recovery.RecoveryTests.test_cancel_survives_missing_delivery_index_without_redispatch) ... ok
test_compensation_crash_after_effect_recovers_without_duplicate (tests.test_p17_recovery.RecoveryTests.test_compensation_crash_after_effect_recovers_without_duplicate) ... ok
test_completed_fact_replay_after_choice_expiry_has_no_dispatch (tests.test_p17_recovery.RecoveryTests.test_completed_fact_replay_after_choice_expiry_has_no_dispatch) ... ok
test_corrupt_outbox_rejected_without_repair (tests.test_p17_recovery.RecoveryTests.test_corrupt_outbox_rejected_without_repair) ... ok
test_crash_after_effect_recovers_after_revocation (tests.test_p17_recovery.RecoveryTests.test_crash_after_effect_recovers_after_revocation) ... ok
test_crash_before_world_can_resume_only_with_current_gates (tests.test_p17_recovery.RecoveryTests.test_crash_before_world_can_resume_only_with_current_gates) ... ok
test_delivery_checkpoint_loss_never_skips_receipt_verification (tests.test_p17_recovery.RecoveryTests.test_delivery_checkpoint_loss_never_skips_receipt_verification) ... ok
test_lost_response_queries_before_retry_no_second_effect (tests.test_p17_recovery.RecoveryTests.test_lost_response_queries_before_retry_no_second_effect) ... ok
test_receipt_conflict_fails_closed_on_replay (tests.test_p17_recovery.RecoveryTests.test_receipt_conflict_fails_closed_on_replay) ... ok
test_rehashed_wrong_request_binding_rejected (tests.test_p17_recovery.RecoveryTests.test_rehashed_wrong_request_binding_rejected) ... ok
test_same_identity_different_world_target_hash_rejected (tests.test_p17_recovery.RecoveryTests.test_same_identity_different_world_target_hash_rejected) ... ok
test_two_real_process_workers_use_same_dispatch_identity (tests.test_p17_recovery.RecoveryTests.test_two_real_process_workers_use_same_dispatch_identity) ... ok
test_two_workers_compete_without_duplicate_effect_or_credit (tests.test_p17_recovery.RecoveryTests.test_two_workers_compete_without_duplicate_effect_or_credit) ... ok
test_unknown_and_untyped_nonexecution_never_dispatch (tests.test_p17_recovery.RecoveryTests.test_unknown_and_untyped_nonexecution_never_dispatch) ... ok
test_default_cost_exact_budget_then_next_rejected (tests.test_p17_repair_edges.ActualChargeRepairTests.test_default_cost_exact_budget_then_next_rejected) ... ok
test_duplicate_zero_cost_request_does_not_repeat_effect_or_charge (tests.test_p17_repair_edges.ActualChargeRepairTests.test_duplicate_zero_cost_request_does_not_repeat_effect_or_charge) ... ok
test_failed_receipt_at_credit_and_message_limit_has_zero_extra_usage (tests.test_p17_repair_edges.ActualChargeRepairTests.test_failed_receipt_at_credit_and_message_limit_has_zero_extra_usage) ... ok
test_zero_cost_capacity_uses_actual_projection_without_writes (tests.test_p17_repair_edges.ActualChargeRepairTests.test_zero_cost_capacity_uses_actual_projection_without_writes) ... ok
test_zero_cost_respects_exact_serialized_storage_limit (tests.test_p17_repair_edges.ActualChargeRepairTests.test_zero_cost_respects_exact_serialized_storage_limit) ... ok
test_zero_cost_still_respects_request_and_message_limits (tests.test_p17_repair_edges.ActualChargeRepairTests.test_zero_cost_still_respects_request_and_message_limits) ... ok
test_zero_estimated_cost_has_explicit_one_credit_fake_charge (tests.test_p17_repair_edges.ActualChargeRepairTests.test_zero_estimated_cost_has_explicit_one_credit_fake_charge) ... ok
test_direct_execution_exposes_static_current_denial (tests.test_p17_repair_edges.FinalAdmissionRepairTests.test_direct_execution_exposes_static_current_denial) ... ok
test_final_resource_revokes_broker_zero_effect_and_charge (tests.test_p17_repair_edges.FinalAdmissionRepairTests.test_final_resource_revokes_broker_zero_effect_and_charge) ... ok
test_final_resource_revokes_reality_zero_effect_and_charge (tests.test_p17_repair_edges.FinalAdmissionRepairTests.test_final_resource_revokes_reality_zero_effect_and_charge) ... ok
test_final_resource_revokes_recoverability_zero_effect_and_charge (tests.test_p17_repair_edges.FinalAdmissionRepairTests.test_final_resource_revokes_recoverability_zero_effect_and_charge) ... ok
test_historical_fact_after_revocation_skips_new_resource_admission (tests.test_p17_repair_edges.FinalAdmissionRepairTests.test_historical_fact_after_revocation_skips_new_resource_admission) ... ok
test_archived_subject_keeps_control_and_cannot_resume_as_runtime (tests.test_p18_runtime.RuntimeControlTests.test_archived_subject_keeps_control_and_cannot_resume_as_runtime) ... ok
test_backpressure_retains_need_and_reports_deferral (tests.test_p18_runtime.RuntimeControlTests.test_backpressure_retains_need_and_reports_deferral) ... ok
test_canceled_pending_work_is_not_revived_by_budget (tests.test_p18_runtime.RuntimeControlTests.test_canceled_pending_work_is_not_revived_by_budget) ... ok
test_clock_regression_then_recovery_is_not_negative_elapsed (tests.test_p18_runtime.RuntimeControlTests.test_clock_regression_then_recovery_is_not_negative_elapsed) ... ok
test_contact_budget_upper_bound_preserves_host_and_receipts (tests.test_p18_runtime.RuntimeControlTests.test_contact_budget_upper_bound_preserves_host_and_receipts) ... ok
test_contact_window_and_frequency_are_explicit_test_constraints (tests.test_p18_runtime.RuntimeControlTests.test_contact_window_and_frequency_are_explicit_test_constraints) ... ok
test_control_identity_conflict_retains_first_decision (tests.test_p18_runtime.RuntimeControlTests.test_control_identity_conflict_retains_first_decision) ... ok
test_explicit_stop_cannot_be_resumed (tests.test_p18_runtime.RuntimeControlTests.test_explicit_stop_cannot_be_resumed) ... ok
test_idle_tick_does_not_stop_host_or_invoke_provider (tests.test_p18_runtime.RuntimeControlTests.test_idle_tick_does_not_stop_host_or_invoke_provider) ... ok
test_invalid_resource_scan_limit_refuses_without_writes (tests.test_p18_runtime.RuntimeControlTests.test_invalid_resource_scan_limit_refuses_without_writes) ... ok
test_later_maintenance_with_provider_unavailable (tests.test_p18_runtime.RuntimeControlTests.test_later_maintenance_with_provider_unavailable) ... ok
test_later_maintenance_with_zero_model_quota (tests.test_p18_runtime.RuntimeControlTests.test_later_maintenance_with_zero_model_quota) ... ok
test_local_maintenance_runs_while_model_is_unavailable (tests.test_p18_runtime.RuntimeControlTests.test_local_maintenance_runs_while_model_is_unavailable) ... ok
test_long_clock_gap_coalesces_no_catchup_loop (tests.test_p18_runtime.RuntimeControlTests.test_long_clock_gap_coalesces_no_catchup_loop) ... ok
test_material_boundary_still_accepts_ordinary_psychological_content (tests.test_p18_runtime.RuntimeControlTests.test_material_boundary_still_accepts_ordinary_psychological_content) ... ok
test_native_contact_expression_execution_and_next_context (tests.test_p18_runtime.RuntimeControlTests.test_native_contact_expression_execution_and_next_context) ... ok
test_owner_identity_and_revision_rejection_has_zero_writes (tests.test_p18_runtime.RuntimeControlTests.test_owner_identity_and_revision_rejection_has_zero_writes) ... ok
test_owner_pause_resume_stop_and_duplicate_controls (tests.test_p18_runtime.RuntimeControlTests.test_owner_pause_resume_stop_and_duplicate_controls) ... ok
test_pause_after_selection_prevents_wake_and_allocation (tests.test_p18_runtime.RuntimeControlTests.test_pause_after_selection_prevents_wake_and_allocation) ... ok
test_pause_after_wake_resources_prevents_provider_and_effect (tests.test_p18_runtime.RuntimeControlTests.test_pause_after_wake_resources_prevents_provider_and_effect) ... ok
test_pause_during_world_capacity_prevents_effect_and_credits (tests.test_p18_runtime.RuntimeControlTests.test_pause_during_world_capacity_prevents_effect_and_credits) ... {"stage": "native-exception-before-cleanup", "task_id": "cognition:9c861cb8af056dc0d5368888452c9734187d2c06bbafc9b55b6916c70ea9d42a", "attempt_id": "p11-attempt-0e43fdc3d545d2277aff81e76a1c36c4751374ab3dc2c3b84a7db06ca8052eca", "chain": [{"frames": [{"file": "testing/p18_runtime_fixture.py", "line": 140, "function": "diagnosed_continue"}, {"file": "services/runtime_cognition.py", "line": 242, "function": "_continue"}, {"file": "services/wake_perception_thinking_action_service.py", "line": 90, "function": "wake_manual"}, {"file": "services/wake_perception_thinking_action_service.py", "line": 128, "function": "_continue"}, {"file": "services/wake_perception_thinking_action_service.py", "line": 348, "function": "_continue_mind"}, {"file": "services/runtime_cognition.py", "line": 91, "function": "_native_guard"}, {"file": "services/persistent_runtime_service.py", "line": 130, "function": "guard"}], "code": "TEST_NATIVE_EXCEPTION"}], "systemChain": [{"type": "ENGINE_EXCEPTION", "operation": "other", "frames": [{"file": "testing/p18_runtime_fixture.py", "line": 140, "function": "diagnosed_continue"}, {"file": "services/runtime_cognition.py", "line": 242, "function": "_continue"}, {"file": "services/wake_perception_thinking_action_service.py", "line": 90, "function": "wake_manual"}, {"file": "services/wake_perception_thinking_action_service.py", "line": 128, "function": "_continue"}, {"file": "services/wake_perception_thinking_action_service.py", "line": 348, "function": "_continue_mind"}, {"file": "services/runtime_cognition.py", "line": 91, "function": "_native_guard"}, {"file": "services/persistent_runtime_service.py", "line": 130, "function": "guard"}], "errno": null, "winerror": null}], "stateWriteLockOwnedAfterUnwind": false}
ok
test_pause_immediately_before_provider_blocks_call (tests.test_p18_runtime.RuntimeControlTests.test_pause_immediately_before_provider_blocks_call) ... {"stage": "native-exception-before-cleanup", "task_id": "cognition:546af270ac676ec9f8671eee4f0abcc788c3ad0000163bba6ade30fba8922680", "attempt_id": "p11-attempt-2339ea17910b9ff29f21872d0bca162268689a14ba57b9fc8862534167dca8c1", "chain": [{"frames": [{"file": "testing/p18_runtime_fixture.py", "line": 140, "function": "diagnosed_continue"}, {"file": "services/runtime_cognition.py", "line": 242, "function": "_continue"}, {"file": "services/wake_perception_thinking_action_service.py", "line": 90, "function": "wake_manual"}, {"file": "services/wake_perception_thinking_action_service.py", "line": 128, "function": "_continue"}, {"file": "services/wake_perception_thinking_action_service.py", "line": 229, "function": "_continue_mind"}, {"file": "services/thinking_service.py", "line": 190, "function": "handle_perception"}, {"file": "services/thinking_service.py", "line": 232, "function": "_run_provider"}, {"file": "services/wake_perception_thinking_action_service.py", "line": 225, "function": "initial_guard"}, {"file": "services/runtime_cognition.py", "line": 91, "function": "_native_guard"}, {"file": "services/persistent_runtime_service.py", "line": 130, "function": "guard"}], "code": "TEST_NATIVE_EXCEPTION"}], "systemChain": [{"type": "ENGINE_EXCEPTION", "operation": "other", "frames": [{"file": "testing/p18_runtime_fixture.py", "line": 140, "function": "diagnosed_continue"}, {"file": "services/runtime_cognition.py", "line": 242, "function": "_continue"}, {"file": "services/wake_perception_thinking_action_service.py", "line": 90, "function": "wake_manual"}, {"file": "services/wake_perception_thinking_action_service.py", "line": 128, "function": "_continue"}, {"file": "services/wake_perception_thinking_action_service.py", "line": 229, "function": "_continue_mind"}, {"file": "services/thinking_service.py", "line": 190, "function": "handle_perception"}, {"file": "services/thinking_service.py", "line": 232, "function": "_run_provider"}, {"file": "services/wake_perception_thinking_action_service.py", "line": 225, "function": "initial_guard"}, {"file": "services/runtime_cognition.py", "line": 91, "function": "_native_guard"}, {"file": "services/persistent_runtime_service.py", "line": 130, "function": "guard"}], "errno": null, "winerror": null}], "stateWriteLockOwnedAfterUnwind": false}
ok
test_proven_not_delivered_retries_are_bounded (tests.test_p18_runtime.RuntimeControlTests.test_proven_not_delivered_retries_are_bounded) ... ok
test_provider_failure_is_safe_unknown_with_bounded_queries (tests.test_p18_runtime.RuntimeControlTests.test_provider_failure_is_safe_unknown_with_bounded_queries) ... {"stage": "native-exception-before-cleanup", "task_id": "cognition:8059610a84dc1199cb27fae71a4987b0a5648a864618aff57c5b6a799c46a727", "attempt_id": "p11-attempt-0a42a9c13233c83fb882a7a9690ed56e205d9f4d8741e71e1541c04bcdb2dd89", "chain": [{"frames": [{"file": "testing/p18_runtime_fixture.py", "line": 140, "function": "diagnosed_continue"}, {"file": "services/runtime_cognition.py", "line": 242, "function": "_continue"}, {"file": "services/wake_perception_thinking_action_service.py", "line": 90, "function": "wake_manual"}, {"file": "services/wake_perception_thinking_action_service.py", "line": 128, "function": "_continue"}, {"file": "services/wake_perception_thinking_action_service.py", "line": 229, "function": "_continue_mind"}, {"file": "services/thinking_service.py", "line": 190, "function": "handle_perception"}, {"file": "services/thinking_service.py", "line": 295, "function": "_run_provider"}], "code": "TEST_NATIVE_EXCEPTION"}, {"frames": [{"file": "services/thinking_service.py", "line": 237, "function": "_run_provider"}, {"file": "services/runtime_cognition.py", "line": 53, "function": "think"}], "code": "TEST_NATIVE_EXCEPTION"}], "systemChain": [{"type": "ENGINE_EXCEPTION", "operation": "other", "frames": [{"file": "testing/p18_runtime_fixture.py", "line": 140, "function": "diagnosed_continue"}, {"file": "services/runtime_cognition.py", "line": 242, "function": "_continue"}, {"file": "services/wake_perception_thinking_action_service.py", "line": 90, "function": "wake_manual"}, {"file": "services/wake_perception_thinking_action_service.py", "line": 128, "function": "_continue"}, {"file": "services/wake_perception_thinking_action_service.py", "line": 229, "function": "_continue_mind"}, {"file": "services/thinking_service.py", "line": 190, "function": "handle_perception"}, {"file": "services/thinking_service.py", "line": 295, "function": "_run_provider"}], "errno": null, "winerror": null}, {"type": "ENGINE_EXCEPTION", "operation": "other", "frames": [{"file": "services/thinking_service.py", "line": 237, "function": "_run_provider"}, {"file": "services/runtime_cognition.py", "line": 53, "function": "think"}], "errno": null, "winerror": null}], "stateWriteLockOwnedAfterUnwind": false}
ok
test_resource_deferral_does_not_consume_scheduler_attempts (tests.test_p18_runtime.RuntimeControlTests.test_resource_deferral_does_not_consume_scheduler_attempts) ... ok
test_resource_scan_is_opt_in_and_budget_restore_remains_legal (tests.test_p18_runtime.RuntimeControlTests.test_resource_scan_is_opt_in_and_budget_restore_remains_legal) ... ok
test_same_time_duplicate_ticks_do_not_repeat_calls_or_state (tests.test_p18_runtime.RuntimeControlTests.test_same_time_duplicate_ticks_do_not_repeat_calls_or_state) ... ok
test_subject_suspension_stays_paused_after_resource_restore (tests.test_p18_runtime.RuntimeControlTests.test_subject_suspension_stays_paused_after_resource_restore) ... ok
test_test_root_rejects_repository_and_uppercase_formal_paths_before_write (tests.test_p18_runtime.RuntimeControlTests.test_test_root_rejects_repository_and_uppercase_formal_paths_before_write) ... ok
test_unconfigured_delivery_policy_refuses_effect_not_cognition (tests.test_p18_runtime.RuntimeControlTests.test_unconfigured_delivery_policy_refuses_effect_not_cognition) ... ok
test_without_messages_native_c1_updates_same_subject (tests.test_p18_runtime.RuntimeControlTests.test_without_messages_native_c1_updates_same_subject) ... ok
test_zero_budget_waits_then_resumes_without_message (tests.test_p18_runtime.RuntimeControlTests.test_zero_budget_waits_then_resumes_without_message) ... ok
test_actual_fact_can_recover_when_context_has_expired (tests.test_p18_runtime_recovery.RuntimeRecoveryTests.test_actual_fact_can_recover_when_context_has_expired) ... {"stage": "native-exception-before-cleanup", "task_id": "cognition:61f5e77dad9f7ba3a00b31ccac8b3a40d294568ddf9e44da45b588ce3b0472c4", "attempt_id": "p11-attempt-2c441e6a157ca11944a0a89f5621ca78c85f4544b218e3294f1cf0f140499245", "chain": [{"frames": [{"file": "testing/p18_runtime_fixture.py", "line": 140, "function": "diagnosed_continue"}, {"file": "services/runtime_cognition.py", "line": 242, "function": "_continue"}, {"file": "services/wake_perception_thinking_action_service.py", "line": 90, "function": "wake_manual"}, {"file": "services/wake_perception_thinking_action_service.py", "line": 128, "function": "_continue"}, {"file": "services/wake_perception_thinking_action_service.py", "line": 359, "function": "_continue_mind"}, {"file": "services/runtime_cognition.py", "line": 84, "function": "<lambda>"}, {"file": "testing/p18_runtime_fixture.py", "line": 126, "function": "<lambda>"}], "code": "TEST_NATIVE_EXCEPTION"}], "systemChain": [{"type": "ENGINE_EXCEPTION", "operation": "other", "frames": [{"file": "testing/p18_runtime_fixture.py", "line": 140, "function": "diagnosed_continue"}, {"file": "services/runtime_cognition.py", "line": 242, "function": "_continue"}, {"file": "services/wake_perception_thinking_action_service.py", "line": 90, "function": "wake_manual"}, {"file": "services/wake_perception_thinking_action_service.py", "line": 128, "function": "_continue"}, {"file": "services/wake_perception_thinking_action_service.py", "line": 359, "function": "_continue_mind"}, {"file": "services/runtime_cognition.py", "line": 84, "function": "<lambda>"}, {"file": "testing/p18_runtime_fixture.py", "line": 126, "function": "<lambda>"}], "errno": null, "winerror": null}], "stateWriteLockOwnedAfterUnwind": false}
ok
test_advancing_clock_silence_and_lifecycle_share_the_same_time_port (tests.test_p18_runtime_recovery.RuntimeRecoveryTests.test_advancing_clock_silence_and_lifecycle_share_the_same_time_port) ... ok
test_after_action_checkpoint_restarts_without_duplicate_action (tests.test_p18_runtime_recovery.RuntimeRecoveryTests.test_after_action_checkpoint_restarts_without_duplicate_action) ... {"stage": "native-exception-before-cleanup", "task_id": "cognition:032d3cbb07865a225e78b25078f7e0c6624328586e358f708cd711ae96f6ca1f", "attempt_id": "p11-attempt-32e4802a96e4ed8ce1ab7b2e3ecfddfb9d1db7ab8ea7ac6e370c5b43f0a245a4", "chain": [{"frames": [{"file": "testing/p18_runtime_fixture.py", "line": 140, "function": "diagnosed_continue"}, {"file": "services/runtime_cognition.py", "line": 242, "function": "_continue"}, {"file": "services/wake_perception_thinking_action_service.py", "line": 90, "function": "wake_manual"}, {"file": "services/wake_perception_thinking_action_service.py", "line": 128, "function": "_continue"}, {"file": "services/wake_perception_thinking_action_service.py", "line": 327, "function": "_continue_mind"}, {"file": "services/runtime_cognition.py", "line": 84, "function": "<lambda>"}, {"file": "testing/p18_runtime_fixture.py", "line": 126, "function": "<lambda>"}], "code": "TEST_NATIVE_EXCEPTION"}], "systemChain": [{"type": "ENGINE_EXCEPTION", "operation": "other", "frames": [{"file": "testing/p18_runtime_fixture.py", "line": 140, "function": "diagnosed_continue"}, {"file": "services/runtime_cognition.py", "line": 242, "function": "_continue"}, {"file": "services/wake_perception_thinking_action_service.py", "line": 90, "function": "wake_manual"}, {"file": "services/wake_perception_thinking_action_service.py", "line": 128, "function": "_continue"}, {"file": "services/wake_perception_thinking_action_service.py", "line": 327, "function": "_continue_mind"}, {"file": "services/runtime_cognition.py", "line": 84, "function": "<lambda>"}, {"file": "testing/p18_runtime_fixture.py", "line": 126, "function": "<lambda>"}], "errno": null, "winerror": null}], "stateWriteLockOwnedAfterUnwind": false}
ok
test_after_effect_restarts_without_duplicate_effect (tests.test_p18_runtime_recovery.RuntimeRecoveryTests.test_after_effect_restarts_without_duplicate_effect) ... {"stage": "native-exception-before-cleanup", "task_id": "cognition:f0deba8f683413a015ce2c63b1ec383b4a5bdf7311a937523e63c93d85c897d6", "attempt_id": "p11-attempt-45467bc72823bfdfa3f09b8c6c53e5c8f383c0d91fedec08126c7e25f5f1ab16", "chain": [{"frames": [{"file": "testing/p18_runtime_fixture.py", "line": 140, "function": "diagnosed_continue"}, {"file": "services/runtime_cognition.py", "line": 242, "function": "_continue"}, {"file": "services/wake_perception_thinking_action_service.py", "line": 90, "function": "wake_manual"}, {"file": "services/wake_perception_thinking_action_service.py", "line": 128, "function": "_continue"}, {"file": "services/wake_perception_thinking_action_service.py", "line": 333, "function": "_continue_mind"}, {"file": "services/runtime_cognition.py", "line": 84, "function": "<lambda>"}, {"file": "testing/p18_runtime_fixture.py", "line": 126, "function": "<lambda>"}], "code": "TEST_NATIVE_EXCEPTION"}], "systemChain": [{"type": "ENGINE_EXCEPTION", "operation": "other", "frames": [{"file": "testing/p18_runtime_fixture.py", "line": 140, "function": "diagnosed_continue"}, {"file": "services/runtime_cognition.py", "line": 242, "function": "_continue"}, {"file": "services/wake_perception_thinking_action_service.py", "line": 90, "function": "wake_manual"}, {"file": "services/wake_perception_thinking_action_service.py", "line": 128, "function": "_continue"}, {"file": "services/wake_perception_thinking_action_service.py", "line": 333, "function": "_continue_mind"}, {"file": "services/runtime_cognition.py", "line": 84, "function": "<lambda>"}, {"file": "testing/p18_runtime_fixture.py", "line": 126, "function": "<lambda>"}], "errno": null, "winerror": null}], "stateWriteLockOwnedAfterUnwind": false}
ok
test_after_evolution_restarts_without_duplicate_revision (tests.test_p18_runtime_recovery.RuntimeRecoveryTests.test_after_evolution_restarts_without_duplicate_revision) ... {"stage": "native-exception-before-cleanup", "task_id": "cognition:9fac2dd319dd2af27d9d2a4b0a6de54f555ecedb15698aab52ccb875e9f3d73c", "attempt_id": "p11-attempt-3729496c686e0e7d77fc575140dded204dc3b4341958b577c8cb2ee9f1bc8659", "chain": [{"frames": [{"file": "testing/p18_runtime_fixture.py", "line": 140, "function": "diagnosed_continue"}, {"file": "services/runtime_cognition.py", "line": 242, "function": "_continue"}, {"file": "services/wake_perception_thinking_action_service.py", "line": 90, "function": "wake_manual"}, {"file": "services/wake_perception_thinking_action_service.py", "line": 128, "function": "_continue"}, {"file": "services/wake_perception_thinking_action_service.py", "line": 359, "function": "_continue_mind"}, {"file": "services/runtime_cognition.py", "line": 84, "function": "<lambda>"}, {"file": "testing/p18_runtime_fixture.py", "line": 126, "function": "<lambda>"}], "code": "TEST_NATIVE_EXCEPTION"}], "systemChain": [{"type": "ENGINE_EXCEPTION", "operation": "other", "frames": [{"file": "testing/p18_runtime_fixture.py", "line": 140, "function": "diagnosed_continue"}, {"file": "services/runtime_cognition.py", "line": 242, "function": "_continue"}, {"file": "services/wake_perception_thinking_action_service.py", "line": 90, "function": "wake_manual"}, {"file": "services/wake_perception_thinking_action_service.py", "line": 128, "function": "_continue"}, {"file": "services/wake_perception_thinking_action_service.py", "line": 359, "function": "_continue_mind"}, {"file": "services/runtime_cognition.py", "line": 84, "function": "<lambda>"}, {"file": "testing/p18_runtime_fixture.py", "line": 126, "function": "<lambda>"}], "errno": null, "winerror": null}], "stateWriteLockOwnedAfterUnwind": false}
ok
test_after_queue_completion_restarts_without_duplicate_work (tests.test_p18_runtime_recovery.RuntimeRecoveryTests.test_after_queue_completion_restarts_without_duplicate_work) ... ok
test_after_thinking_restarts_without_second_model_call (tests.test_p18_runtime_recovery.RuntimeRecoveryTests.test_after_thinking_restarts_without_second_model_call) ... {"stage": "native-exception-before-cleanup", "task_id": "cognition:609e0f301957d4e27598884782fb58835fb7d3f23807e88acf5956094a340ab8", "attempt_id": "p11-attempt-5df801ffd11838833d021551c5fff82e5bab4b908a1aac38d551de090f7dd12f", "chain": [{"frames": [{"file": "testing/p18_runtime_fixture.py", "line": 140, "function": "diagnosed_continue"}, {"file": "services/runtime_cognition.py", "line": 242, "function": "_continue"}, {"file": "services/wake_perception_thinking_action_service.py", "line": 90, "function": "wake_manual"}, {"file": "services/wake_perception_thinking_action_service.py", "line": 128, "function": "_continue"}, {"file": "services/wake_perception_thinking_action_service.py", "line": 236, "function": "_continue_mind"}, {"file": "services/runtime_cognition.py", "line": 84, "function": "<lambda>"}, {"file": "testing/p18_runtime_fixture.py", "line": 126, "function": "<lambda>"}], "code": "TEST_NATIVE_EXCEPTION"}], "systemChain": [{"type": "ENGINE_EXCEPTION", "operation": "other", "frames": [{"file": "testing/p18_runtime_fixture.py", "line": 140, "function": "diagnosed_continue"}, {"file": "services/runtime_cognition.py", "line": 242, "function": "_continue"}, {"file": "services/wake_perception_thinking_action_service.py", "line": 90, "function": "wake_manual"}, {"file": "services/wake_perception_thinking_action_service.py", "line": 128, "function": "_continue"}, {"file": "services/wake_perception_thinking_action_service.py", "line": 236, "function": "_continue_mind"}, {"file": "services/runtime_cognition.py", "line": 84, "function": "<lambda>"}, {"file": "testing/p18_runtime_fixture.py", "line": 126, "function": "<lambda>"}], "errno": null, "winerror": null}], "stateWriteLockOwnedAfterUnwind": false}
ok
test_before_receipt_reconciles_original_evolution_and_effect (tests.test_p18_runtime_recovery.RuntimeRecoveryTests.test_before_receipt_reconciles_original_evolution_and_effect) ... {"stage": "native-exception-before-cleanup", "task_id": "cognition:3106bcd7baad64a071913a7e70d54f36b291d4f73d598120e326e959ab5f906f", "attempt_id": "p11-attempt-330b25add257bf7edec290f2b48d375ffef53ad0d6df8b6cbaa35b025b822b84", "chain": [{"frames": [{"file": "testing/p18_runtime_fixture.py", "line": 140, "function": "diagnosed_continue"}, {"file": "services/runtime_cognition.py", "line": 249, "function": "_continue"}, {"file": "testing/p18_runtime_fixture.py", "line": 126, "function": "<lambda>"}], "code": "TEST_NATIVE_EXCEPTION"}], "systemChain": [{"type": "ENGINE_EXCEPTION", "operation": "other", "frames": [{"file": "testing/p18_runtime_fixture.py", "line": 140, "function": "diagnosed_continue"}, {"file": "services/runtime_cognition.py", "line": 249, "function": "_continue"}, {"file": "testing/p18_runtime_fixture.py", "line": 126, "function": "<lambda>"}], "errno": null, "winerror": null}], "stateWriteLockOwnedAfterUnwind": false}
ok
test_budget_is_not_reset_on_reopen (tests.test_p18_runtime_recovery.RuntimeRecoveryTests.test_budget_is_not_reset_on_reopen) ... ok
test_cancel_uncommitted_cognition_does_not_create_new_effect_on_query (tests.test_p18_runtime_recovery.RuntimeRecoveryTests.test_cancel_uncommitted_cognition_does_not_create_new_effect_on_query) ... {"stage": "native-exception-before-cleanup", "task_id": "cognition:65f384ff4d7e6b55cf8770dd30703a15e38fd83edc4435e1c51d3eac845186cd", "attempt_id": "p11-attempt-8041289e14ed6951c426009e2aeeb741c5c7d1bd4345c5a2abbed1414d622866", "chain": [{"frames": [{"file": "testing/p18_runtime_fixture.py", "line": 140, "function": "diagnosed_continue"}, {"file": "services/runtime_cognition.py", "line": 242, "function": "_continue"}, {"file": "services/wake_perception_thinking_action_service.py", "line": 90, "function": "wake_manual"}, {"file": "services/wake_perception_thinking_action_service.py", "line": 128, "function": "_continue"}, {"file": "services/wake_perception_thinking_action_service.py", "line": 236, "function": "_continue_mind"}, {"file": "services/runtime_cognition.py", "line": 84, "function": "<lambda>"}, {"file": "testing/p18_runtime_fixture.py", "line": 126, "function": "<lambda>"}], "code": "TEST_NATIVE_EXCEPTION"}], "systemChain": [{"type": "ENGINE_EXCEPTION", "operation": "other", "frames": [{"file": "testing/p18_runtime_fixture.py", "line": 140, "function": "diagnosed_continue"}, {"file": "services/runtime_cognition.py", "line": 242, "function": "_continue"}, {"file": "services/wake_perception_thinking_action_service.py", "line": 90, "function": "wake_manual"}, {"file": "services/wake_perception_thinking_action_service.py", "line": 128, "function": "_continue"}, {"file": "services/wake_perception_thinking_action_service.py", "line": 236, "function": "_continue_mind"}, {"file": "services/runtime_cognition.py", "line": 84, "function": "<lambda>"}, {"file": "testing/p18_runtime_fixture.py", "line": 126, "function": "<lambda>"}], "errno": null, "winerror": null}], "stateWriteLockOwnedAfterUnwind": false}
ok
test_control_opaque_identity_is_digest_only_in_storage_and_query (tests.test_p18_runtime_recovery.RuntimeRecoveryTests.test_control_opaque_identity_is_digest_only_in_storage_and_query) ... ok
test_corrupt_checkpoint_refuses_start_without_changes (tests.test_p18_runtime_recovery.RuntimeRecoveryTests.test_corrupt_checkpoint_refuses_start_without_changes) ... ok
test_cross_environment_checkpoint_rejected_without_effect (tests.test_p18_runtime_recovery.RuntimeRecoveryTests.test_cross_environment_checkpoint_rejected_without_effect) ... ok
test_later_pause_after_stop_rejects_without_writes (tests.test_p18_runtime_recovery.RuntimeRecoveryTests.test_later_pause_after_stop_rejects_without_writes) ... ok
test_later_stop_identity_is_read_only_and_remains_queryable (tests.test_p18_runtime_recovery.RuntimeRecoveryTests.test_later_stop_identity_is_read_only_and_remains_queryable) ... ok
test_maintenance_query_requires_real_source_and_memory_fact (tests.test_p18_runtime_recovery.RuntimeRecoveryTests.test_maintenance_query_requires_real_source_and_memory_fact) ... ok
test_missing_host_checkpoint_does_not_reinitialize_stopped_subject (tests.test_p18_runtime_recovery.RuntimeRecoveryTests.test_missing_host_checkpoint_does_not_reinitialize_stopped_subject) ... ok
test_old_context_cannot_authorize_new_effect_after_crash (tests.test_p18_runtime_recovery.RuntimeRecoveryTests.test_old_context_cannot_authorize_new_effect_after_crash) ... {"stage": "native-exception-before-cleanup", "task_id": "cognition:d6d0304fc6dd2ab7e656e13232db5d702eb2f0173732f73fc33130fb9f7ca6c5", "attempt_id": "p11-attempt-ea50273313a41ee4715ac4f2acfb7f59a84b0520454aefa292206438928495ce", "chain": [{"frames": [{"file": "testing/p18_runtime_fixture.py", "line": 140, "function": "diagnosed_continue"}, {"file": "services/runtime_cognition.py", "line": 242, "function": "_continue"}, {"file": "services/wake_perception_thinking_action_service.py", "line": 90, "function": "wake_manual"}, {"file": "services/wake_perception_thinking_action_service.py", "line": 128, "function": "_continue"}, {"file": "services/wake_perception_thinking_action_service.py", "line": 236, "function": "_continue_mind"}, {"file": "services/runtime_cognition.py", "line": 84, "function": "<lambda>"}, {"file": "testing/p18_runtime_fixture.py", "line": 126, "function": "<lambda>"}], "code": "TEST_NATIVE_EXCEPTION"}], "systemChain": [{"type": "ENGINE_EXCEPTION", "operation": "other", "frames": [{"file": "testing/p18_runtime_fixture.py", "line": 140, "function": "diagnosed_continue"}, {"file": "services/runtime_cognition.py", "line": 242, "function": "_continue"}, {"file": "services/wake_perception_thinking_action_service.py", "line": 90, "function": "wake_manual"}, {"file": "services/wake_perception_thinking_action_service.py", "line": 128, "function": "_continue"}, {"file": "services/wake_perception_thinking_action_service.py", "line": 236, "function": "_continue_mind"}, {"file": "services/runtime_cognition.py", "line": 84, "function": "<lambda>"}, {"file": "testing/p18_runtime_fixture.py", "line": 126, "function": "<lambda>"}], "errno": null, "winerror": null}], "stateWriteLockOwnedAfterUnwind": false}
{"stage": "native-exception-before-cleanup", "task_id": "cognition:d6d0304fc6dd2ab7e656e13232db5d702eb2f0173732f73fc33130fb9f7ca6c5", "attempt_id": "p11-attempt-ea50273313a41ee4715ac4f2acfb7f59a84b0520454aefa292206438928495ce", "chain": [{"frames": [{"file": "testing/p18_runtime_fixture.py", "line": 140, "function": "diagnosed_continue"}, {"file": "services/runtime_cognition.py", "line": 242, "function": "_continue"}, {"file": "services/wake_perception_thinking_action_service.py", "line": 90, "function": "wake_manual"}, {"file": "services/wake_perception_thinking_action_service.py", "line": 128, "function": "_continue"}, {"file": "services/wake_perception_thinking_action_service.py", "line": 324, "function": "_continue_mind"}, {"file": "services/continuity_core_service.py", "line": 523, "function": "before_thinking"}], "code": "TEST_NATIVE_EXCEPTION"}], "systemChain": [{"type": "ENGINE_EXCEPTION", "operation": "other", "frames": [{"file": "testing/p18_runtime_fixture.py", "line": 140, "function": "diagnosed_continue"}, {"file": "services/runtime_cognition.py", "line": 242, "function": "_continue"}, {"file": "services/wake_perception_thinking_action_service.py", "line": 90, "function": "wake_manual"}, {"file": "services/wake_perception_thinking_action_service.py", "line": 128, "function": "_continue"}, {"file": "services/wake_perception_thinking_action_service.py", "line": 324, "function": "_continue_mind"}, {"file": "services/continuity_core_service.py", "line": 523, "function": "before_thinking"}], "errno": null, "winerror": null}], "stateWriteLockOwnedAfterUnwind": false}
ok
test_old_owner_control_remains_idempotent_after_130_new_commands (tests.test_p18_runtime_recovery.RuntimeRecoveryTests.test_old_owner_control_remains_idempotent_after_130_new_commands) ... ok
test_receipt_conflict_cannot_reconcile_completed_native_fact (tests.test_p18_runtime_recovery.RuntimeRecoveryTests.test_receipt_conflict_cannot_reconcile_completed_native_fact) ... {"stage": "native-exception-before-cleanup", "task_id": "cognition:f70fac279eb4c8a48e23bafe2c748f890b6226ab0f49c467c911451a53de1ea2", "attempt_id": "p11-attempt-51f0d6e742392941376c8b7104b2cbcd0732fc53ddcdb8e739c08a70df5722c0", "chain": [{"frames": [{"file": "testing/p18_runtime_fixture.py", "line": 140, "function": "diagnosed_continue"}, {"file": "services/runtime_cognition.py", "line": 242, "function": "_continue"}, {"file": "services/wake_perception_thinking_action_service.py", "line": 90, "function": "wake_manual"}, {"file": "services/wake_perception_thinking_action_service.py", "line": 128, "function": "_continue"}, {"file": "services/wake_perception_thinking_action_service.py", "line": 359, "function": "_continue_mind"}, {"file": "services/runtime_cognition.py", "line": 84, "function": "<lambda>"}, {"file": "testing/p18_runtime_fixture.py", "line": 126, "function": "<lambda>"}], "code": "TEST_NATIVE_EXCEPTION"}], "systemChain": [{"type": "ENGINE_EXCEPTION", "operation": "other", "frames": [{"file": "testing/p18_runtime_fixture.py", "line": 140, "function": "diagnosed_continue"}, {"file": "services/runtime_cognition.py", "line": 242, "function": "_continue"}, {"file": "services/wake_perception_thinking_action_service.py", "line": 90, "function": "wake_manual"}, {"file": "services/wake_perception_thinking_action_service.py", "line": 128, "function": "_continue"}, {"file": "services/wake_perception_thinking_action_service.py", "line": 359, "function": "_continue_mind"}, {"file": "services/runtime_cognition.py", "line": 84, "function": "<lambda>"}, {"file": "testing/p18_runtime_fixture.py", "line": 126, "function": "<lambda>"}], "errno": null, "winerror": null}], "stateWriteLockOwnedAfterUnwind": false}
{"stage": "native-exception-before-cleanup", "task_id": "cognition:f70fac279eb4c8a48e23bafe2c748f890b6226ab0f49c467c911451a53de1ea2", "attempt_id": "p11-attempt-51f0d6e742392941376c8b7104b2cbcd0732fc53ddcdb8e739c08a70df5722c0", "chain": [{"frames": [{"file": "testing/p18_runtime_fixture.py", "line": 140, "function": "diagnosed_continue"}, {"file": "services/runtime_cognition.py", "line": 242, "function": "_continue"}, {"file": "services/wake_perception_thinking_action_service.py", "line": 90, "function": "wake_manual"}, {"file": "services/wake_perception_thinking_action_service.py", "line": 128, "function": "_continue"}, {"file": "services/wake_perception_thinking_action_service.py", "line": 320, "function": "_continue_mind"}, {"file": "services/wake_perception_thinking_action_service.py", "line": 274, "function": "dispatch"}, {"file": "services/continuity_core_service.py", "line": 590, "function": "after_action"}, {"file": "services/capability_coordination_service.py", "line": 78, "function": "action_attempts"}, {"file": "services/capability_coordination_service.py", "line": 98, "function": "_verify_action_result_evidence"}, {"file": "services/capability_coordination_service.py", "line": 109, "function": "_verify_action_receipt"}, {"file": "services/capability_coordination_service.py", "line": 88, "function": "_query_action_fact"}], "code": "TEST_NATIVE_EXCEPTION"}, {"frames": [{"file": "services/capability_coordination_service.py", "line": 86, "function": "_query_action_fact"}, {"file": "services/execution_service.py", "line": 20, "function": "query"}, {"file": "services/execution_service.py", "line": 171, "function": "query"}], "code": "TEST_NATIVE_EXCEPTION"}], "systemChain": [{"type": "ENGINE_EXCEPTION", "operation": "other", "frames": [{"file": "testing/p18_runtime_fixture.py", "line": 140, "function": "diagnosed_continue"}, {"file": "services/runtime_cognition.py", "line": 242, "function": "_continue"}, {"file": "services/wake_perception_thinking_action_service.py", "line": 90, "function": "wake_manual"}, {"file": "services/wake_perception_thinking_action_service.py", "line": 128, "function": "_continue"}, {"file": "services/wake_perception_thinking_action_service.py", "line": 320, "function": "_continue_mind"}, {"file": "services/wake_perception_thinking_action_service.py", "line": 274, "function": "dispatch"}, {"file": "services/continuity_core_service.py", "line": 590, "function": "after_action"}, {"file": "services/capability_coordination_service.py", "line": 78, "function": "action_attempts"}, {"file": "services/capability_coordination_service.py", "line": 98, "function": "_verify_action_result_evidence"}, {"file": "services/capability_coordination_service.py", "line": 109, "function": "_verify_action_receipt"}, {"file": "services/capability_coordination_service.py", "line": 88, "function": "_query_action_fact"}], "errno": null, "winerror": null}, {"type": "ENGINE_EXCEPTION", "operation": "other", "frames": [{"file": "services/capability_coordination_service.py", "line": 86, "function": "_query_action_fact"}, {"file": "services/execution_service.py", "line": 20, "function": "query"}, {"file": "services/execution_service.py", "line": 171, "function": "query"}], "errno": null, "winerror": null}], "stateWriteLockOwnedAfterUnwind": false}
ok
test_self_consistent_cross_subject_checkpoint_rejected (tests.test_p18_runtime_recovery.RuntimeRecoveryTests.test_self_consistent_cross_subject_checkpoint_rejected) ... ok
test_stale_owner_fence_and_second_host_rejected (tests.test_p18_runtime_recovery.RuntimeRecoveryTests.test_stale_owner_fence_and_second_host_rejected) ... ok
test_stop_after_crash_survives_reopen (tests.test_p18_runtime_recovery.RuntimeRecoveryTests.test_stop_after_crash_survives_reopen) ... ok
test_stop_history_cannot_be_overlaid_with_running_checkpoint (tests.test_p18_runtime_recovery.RuntimeRecoveryTests.test_stop_history_cannot_be_overlaid_with_running_checkpoint) ... ok
test_unknown_execution_never_replays_unverified_effect (tests.test_p18_runtime_recovery.RuntimeRecoveryTests.test_unknown_execution_never_replays_unverified_effect) ... ok
test_view_query_is_read_only_and_has_separate_resource_state (tests.test_p18_runtime_recovery.RuntimeRecoveryTests.test_view_query_is_read_only_and_has_separate_resource_state) ... ok
test_cancelled_pre_call_work_is_not_reassessed (tests.test_p18_runtime_resume.RuntimeResumeTests.test_cancelled_pre_call_work_is_not_reassessed) ... {"stage": "native-exception-before-cleanup", "task_id": "cognition:e3af26e7aa3007d2194a8c0d2215075e59e60988cabbb51d6da3df596e3b9a40", "attempt_id": "p11-attempt-c24906168a01090d5403c904a6a023b3000334c422945c2852d335865ce09edf", "chain": [{"frames": [{"file": "testing/p18_runtime_fixture.py", "line": 140, "function": "diagnosed_continue"}, {"file": "services/runtime_cognition.py", "line": 242, "function": "_continue"}, {"file": "services/wake_perception_thinking_action_service.py", "line": 90, "function": "wake_manual"}, {"file": "services/wake_perception_thinking_action_service.py", "line": 128, "function": "_continue"}, {"file": "services/wake_perception_thinking_action_service.py", "line": 229, "function": "_continue_mind"}, {"file": "services/thinking_service.py", "line": 190, "function": "handle_perception"}, {"file": "services/thinking_service.py", "line": 232, "function": "_run_provider"}, {"file": "services/wake_perception_thinking_action_service.py", "line": 225, "function": "initial_guard"}, {"file": "services/runtime_cognition.py", "line": 91, "function": "_native_guard"}, {"file": "services/persistent_runtime_service.py", "line": 130, "function": "guard"}], "code": "TEST_NATIVE_EXCEPTION"}], "systemChain": [{"type": "ENGINE_EXCEPTION", "operation": "other", "frames": [{"file": "testing/p18_runtime_fixture.py", "line": 140, "function": "diagnosed_continue"}, {"file": "services/runtime_cognition.py", "line": 242, "function": "_continue"}, {"file": "services/wake_perception_thinking_action_service.py", "line": 90, "function": "wake_manual"}, {"file": "services/wake_perception_thinking_action_service.py", "line": 128, "function": "_continue"}, {"file": "services/wake_perception_thinking_action_service.py", "line": 229, "function": "_continue_mind"}, {"file": "services/thinking_service.py", "line": 190, "function": "handle_perception"}, {"file": "services/thinking_service.py", "line": 232, "function": "_run_provider"}, {"file": "services/wake_perception_thinking_action_service.py", "line": 225, "function": "initial_guard"}, {"file": "services/runtime_cognition.py", "line": 91, "function": "_native_guard"}, {"file": "services/persistent_runtime_service.py", "line": 130, "function": "guard"}], "errno": null, "winerror": null}], "stateWriteLockOwnedAfterUnwind": false}
ok
test_control_deferral_inside_budget_port_does_not_create_failed_session (tests.test_p18_runtime_resume.RuntimeResumeTests.test_control_deferral_inside_budget_port_does_not_create_failed_session) ... {"stage": "native-exception-before-cleanup", "task_id": "cognition:cacd6fc139c36ccd8ffd4fc7e70d311ae7d1d6270db1ad3bc508cf202b2652c1", "attempt_id": "p11-attempt-7c35616fa6926339df1a1cc375caf77c4acbaaedefdbf622bd1e8eba948c4129", "chain": [{"frames": [{"file": "testing/p18_runtime_fixture.py", "line": 140, "function": "diagnosed_continue"}, {"file": "services/runtime_cognition.py", "line": 242, "function": "_continue"}, {"file": "services/wake_perception_thinking_action_service.py", "line": 90, "function": "wake_manual"}, {"file": "services/wake_perception_thinking_action_service.py", "line": 128, "function": "_continue"}, {"file": "services/wake_perception_thinking_action_service.py", "line": 229, "function": "_continue_mind"}, {"file": "services/thinking_service.py", "line": 100, "function": "handle_perception"}, {"file": "services/runtime_cognition.py", "line": 33, "function": "allocate"}, {"file": "services/runtime_cognition.py", "line": 86, "function": "<lambda>"}, {"file": "services/persistent_runtime_service.py", "line": 130, "function": "guard"}], "code": "TEST_NATIVE_EXCEPTION"}], "systemChain": [{"type": "ENGINE_EXCEPTION", "operation": "other", "frames": [{"file": "testing/p18_runtime_fixture.py", "line": 140, "function": "diagnosed_continue"}, {"file": "services/runtime_cognition.py", "line": 242, "function": "_continue"}, {"file": "services/wake_perception_thinking_action_service.py", "line": 90, "function": "wake_manual"}, {"file": "services/wake_perception_thinking_action_service.py", "line": 128, "function": "_continue"}, {"file": "services/wake_perception_thinking_action_service.py", "line": 229, "function": "_continue_mind"}, {"file": "services/thinking_service.py", "line": 100, "function": "handle_perception"}, {"file": "services/runtime_cognition.py", "line": 33, "function": "allocate"}, {"file": "services/runtime_cognition.py", "line": 86, "function": "<lambda>"}, {"file": "services/persistent_runtime_service.py", "line": 130, "function": "guard"}], "errno": null, "winerror": null}], "stateWriteLockOwnedAfterUnwind": false}
ok
test_crash_after_durable_entry_stays_unknown_even_if_call_not_observed (tests.test_p18_runtime_resume.RuntimeResumeTests.test_crash_after_durable_entry_stays_unknown_even_if_call_not_observed) ... {"stage": "native-exception-before-cleanup", "task_id": "cognition:c47b68e6f5ab78ed3ff2f69d766347c1bc7d88de511c68bc21fed34406e12c51", "attempt_id": "p11-attempt-0b4bdeae01a9ab1665e11b5fda426b3886658c4bf13c9c5938a2a49695c6497e", "chain": [{"frames": [{"file": "testing/p18_runtime_fixture.py", "line": 140, "function": "diagnosed_continue"}, {"file": "services/runtime_cognition.py", "line": 242, "function": "_continue"}, {"file": "services/wake_perception_thinking_action_service.py", "line": 90, "function": "wake_manual"}, {"file": "services/wake_perception_thinking_action_service.py", "line": 128, "function": "_continue"}, {"file": "services/wake_perception_thinking_action_service.py", "line": 229, "function": "_continue_mind"}, {"file": "services/thinking_service.py", "line": 190, "function": "handle_perception"}, {"file": "services/thinking_service.py", "line": 236, "function": "_run_provider"}], "code": "TEST_NATIVE_EXCEPTION"}], "systemChain": [{"type": "ENGINE_EXCEPTION", "operation": "other", "frames": [{"file": "testing/p18_runtime_fixture.py", "line": 140, "function": "diagnosed_continue"}, {"file": "services/runtime_cognition.py", "line": 242, "function": "_continue"}, {"file": "services/wake_perception_thinking_action_service.py", "line": 90, "function": "wake_manual"}, {"file": "services/wake_perception_thinking_action_service.py", "line": 128, "function": "_continue"}, {"file": "services/wake_perception_thinking_action_service.py", "line": 229, "function": "_continue_mind"}, {"file": "services/thinking_service.py", "line": 190, "function": "handle_perception"}, {"file": "services/thinking_service.py", "line": 236, "function": "_run_provider"}], "errno": null, "winerror": null}], "stateWriteLockOwnedAfterUnwind": false}
ok
test_crash_with_only_prepared_evidence_resumes_without_replacing_input (tests.test_p18_runtime_resume.RuntimeResumeTests.test_crash_with_only_prepared_evidence_resumes_without_replacing_input) ... {"stage": "native-exception-before-cleanup", "task_id": "cognition:f5ba3a2324a94f153c6f8b6be8efd780406320582bfc11535561d772f8d5f4e2", "attempt_id": "p11-attempt-e87d86ef8609a7ce45f9a1ba3e6e4a96ee4297bf158ef016e9be3346c19b0fc1", "chain": [{"frames": [{"file": "testing/p18_runtime_fixture.py", "line": 140, "function": "diagnosed_continue"}, {"file": "services/runtime_cognition.py", "line": 242, "function": "_continue"}, {"file": "services/wake_perception_thinking_action_service.py", "line": 90, "function": "wake_manual"}, {"file": "services/wake_perception_thinking_action_service.py", "line": 128, "function": "_continue"}, {"file": "services/wake_perception_thinking_action_service.py", "line": 229, "function": "_continue_mind"}, {"file": "services/thinking_service.py", "line": 190, "function": "handle_perception"}, {"file": "services/thinking_service.py", "line": 232, "function": "_run_provider"}, {"file": "services/wake_perception_thinking_action_service.py", "line": 225, "function": "initial_guard"}, {"file": "services/runtime_cognition.py", "line": 91, "function": "_native_guard"}, {"file": "services/persistent_runtime_service.py", "line": 126, "function": "guard"}], "code": "TEST_NATIVE_EXCEPTION"}], "systemChain": [{"type": "ENGINE_EXCEPTION", "operation": "other", "frames": [{"file": "testing/p18_runtime_fixture.py", "line": 140, "function": "diagnosed_continue"}, {"file": "services/runtime_cognition.py", "line": 242, "function": "_continue"}, {"file": "services/wake_perception_thinking_action_service.py", "line": 90, "function": "wake_manual"}, {"file": "services/wake_perception_thinking_action_service.py", "line": 128, "function": "_continue"}, {"file": "services/wake_perception_thinking_action_service.py", "line": 229, "function": "_continue_mind"}, {"file": "services/thinking_service.py", "line": 190, "function": "handle_perception"}, {"file": "services/thinking_service.py", "line": 232, "function": "_run_provider"}, {"file": "services/wake_perception_thinking_action_service.py", "line": 225, "function": "initial_guard"}, {"file": "services/runtime_cognition.py", "line": 91, "function": "_native_guard"}, {"file": "services/persistent_runtime_service.py", "line": 126, "function": "guard"}], "errno": null, "winerror": null}], "stateWriteLockOwnedAfterUnwind": false}
ok
test_current_budget_reduction_defers_then_restores_same_reservation (tests.test_p18_runtime_resume.RuntimeResumeTests.test_current_budget_reduction_defers_then_restores_same_reservation) ... {"stage": "native-exception-before-cleanup", "task_id": "cognition:5702e1df46b6fb14c0533b6d30f37e3d15f2898679d1926c253ee29f45e8af84", "attempt_id": "p11-attempt-412940b4b781b9c145f2a5ef7ddae1280f38c53abeaf80817970fe924c027407", "chain": [{"frames": [{"file": "testing/p18_runtime_fixture.py", "line": 140, "function": "diagnosed_continue"}, {"file": "services/runtime_cognition.py", "line": 242, "function": "_continue"}, {"file": "services/wake_perception_thinking_action_service.py", "line": 90, "function": "wake_manual"}, {"file": "services/wake_perception_thinking_action_service.py", "line": 128, "function": "_continue"}, {"file": "services/wake_perception_thinking_action_service.py", "line": 229, "function": "_continue_mind"}, {"file": "services/thinking_service.py", "line": 190, "function": "handle_perception"}, {"file": "services/thinking_service.py", "line": 232, "function": "_run_provider"}, {"file": "services/wake_perception_thinking_action_service.py", "line": 225, "function": "initial_guard"}, {"file": "services/runtime_cognition.py", "line": 91, "function": "_native_guard"}, {"file": "services/persistent_runtime_service.py", "line": 130, "function": "guard"}], "code": "TEST_NATIVE_EXCEPTION"}], "systemChain": [{"type": "ENGINE_EXCEPTION", "operation": "other", "frames": [{"file": "testing/p18_runtime_fixture.py", "line": 140, "function": "diagnosed_continue"}, {"file": "services/runtime_cognition.py", "line": 242, "function": "_continue"}, {"file": "services/wake_perception_thinking_action_service.py", "line": 90, "function": "wake_manual"}, {"file": "services/wake_perception_thinking_action_service.py", "line": 128, "function": "_continue"}, {"file": "services/wake_perception_thinking_action_service.py", "line": 229, "function": "_continue_mind"}, {"file": "services/thinking_service.py", "line": 190, "function": "handle_perception"}, {"file": "services/thinking_service.py", "line": 232, "function": "_run_provider"}, {"file": "services/wake_perception_thinking_action_service.py", "line": 225, "function": "initial_guard"}, {"file": "services/runtime_cognition.py", "line": 91, "function": "_native_guard"}, {"file": "services/persistent_runtime_service.py", "line": 130, "function": "guard"}], "errno": null, "winerror": null}], "stateWriteLockOwnedAfterUnwind": false}
{"stage": "native-exception-before-cleanup", "task_id": "cognition:5702e1df46b6fb14c0533b6d30f37e3d15f2898679d1926c253ee29f45e8af84", "attempt_id": "p11-attempt-412940b4b781b9c145f2a5ef7ddae1280f38c53abeaf80817970fe924c027407", "chain": [{"frames": [{"file": "testing/p18_runtime_fixture.py", "line": 140, "function": "diagnosed_continue"}, {"file": "services/runtime_cognition.py", "line": 242, "function": "_continue"}, {"file": "services/wake_perception_thinking_action_service.py", "line": 90, "function": "wake_manual"}, {"file": "services/wake_perception_thinking_action_service.py", "line": 128, "function": "_continue"}, {"file": "services/wake_perception_thinking_action_service.py", "line": 246, "function": "_continue_mind"}, {"file": "services/thinking_service.py", "line": 204, "function": "resume_prepared_provider"}, {"file": "services/runtime_cognition.py", "line": 43, "function": "allocate"}], "code": "TEST_NATIVE_EXCEPTION"}], "systemChain": [{"type": "ENGINE_EXCEPTION", "operation": "other", "frames": [{"file": "testing/p18_runtime_fixture.py", "line": 140, "function": "diagnosed_continue"}, {"file": "services/runtime_cognition.py", "line": 242, "function": "_continue"}, {"file": "services/wake_perception_thinking_action_service.py", "line": 90, "function": "wake_manual"}, {"file": "services/wake_perception_thinking_action_service.py", "line": 128, "function": "_continue"}, {"file": "services/wake_perception_thinking_action_service.py", "line": 246, "function": "_continue_mind"}, {"file": "services/thinking_service.py", "line": 204, "function": "resume_prepared_provider"}, {"file": "services/runtime_cognition.py", "line": 43, "function": "allocate"}], "errno": null, "winerror": null}], "stateWriteLockOwnedAfterUnwind": false}
{"stage": "native-exception-before-cleanup", "task_id": "cognition:5702e1df46b6fb14c0533b6d30f37e3d15f2898679d1926c253ee29f45e8af84", "attempt_id": "p11-attempt-412940b4b781b9c145f2a5ef7ddae1280f38c53abeaf80817970fe924c027407", "chain": [{"frames": [{"file": "testing/p18_runtime_fixture.py", "line": 140, "function": "diagnosed_continue"}, {"file": "services/runtime_cognition.py", "line": 242, "function": "_continue"}, {"file": "services/wake_perception_thinking_action_service.py", "line": 90, "function": "wake_manual"}, {"file": "services/wake_perception_thinking_action_service.py", "line": 128, "function": "_continue"}, {"file": "services/wake_perception_thinking_action_service.py", "line": 246, "function": "_continue_mind"}, {"file": "services/thinking_service.py", "line": 204, "function": "resume_prepared_provider"}, {"file": "services/runtime_cognition.py", "line": 43, "function": "allocate"}], "code": "TEST_NATIVE_EXCEPTION"}], "systemChain": [{"type": "ENGINE_EXCEPTION", "operation": "other", "frames": [{"file": "testing/p18_runtime_fixture.py", "line": 140, "function": "diagnosed_continue"}, {"file": "services/runtime_cognition.py", "line": 242, "function": "_continue"}, {"file": "services/wake_perception_thinking_action_service.py", "line": 90, "function": "wake_manual"}, {"file": "services/wake_perception_thinking_action_service.py", "line": 128, "function": "_continue"}, {"file": "services/wake_perception_thinking_action_service.py", "line": 246, "function": "_continue_mind"}, {"file": "services/thinking_service.py", "line": 204, "function": "resume_prepared_provider"}, {"file": "services/runtime_cognition.py", "line": 43, "function": "allocate"}], "errno": null, "winerror": null}], "stateWriteLockOwnedAfterUnwind": false}
{"stage": "native-exception-before-cleanup", "task_id": "cognition:5702e1df46b6fb14c0533b6d30f37e3d15f2898679d1926c253ee29f45e8af84", "attempt_id": "p11-attempt-412940b4b781b9c145f2a5ef7ddae1280f38c53abeaf80817970fe924c027407", "chain": [{"frames": [{"file": "testing/p18_runtime_fixture.py", "line": 140, "function": "diagnosed_continue"}, {"file": "services/runtime_cognition.py", "line": 242, "function": "_continue"}, {"file": "services/wake_perception_thinking_action_service.py", "line": 90, "function": "wake_manual"}, {"file": "services/wake_perception_thinking_action_service.py", "line": 128, "function": "_continue"}, {"file": "services/wake_perception_thinking_action_service.py", "line": 246, "function": "_continue_mind"}, {"file": "services/thinking_service.py", "line": 204, "function": "resume_prepared_provider"}, {"file": "services/runtime_cognition.py", "line": 43, "function": "allocate"}], "code": "TEST_NATIVE_EXCEPTION"}], "systemChain": [{"type": "ENGINE_EXCEPTION", "operation": "other", "frames": [{"file": "testing/p18_runtime_fixture.py", "line": 140, "function": "diagnosed_continue"}, {"file": "services/runtime_cognition.py", "line": 242, "function": "_continue"}, {"file": "services/wake_perception_thinking_action_service.py", "line": 90, "function": "wake_manual"}, {"file": "services/wake_perception_thinking_action_service.py", "line": 128, "function": "_continue"}, {"file": "services/wake_perception_thinking_action_service.py", "line": 246, "function": "_continue_mind"}, {"file": "services/thinking_service.py", "line": 204, "function": "resume_prepared_provider"}, {"file": "services/runtime_cognition.py", "line": 43, "function": "allocate"}], "errno": null, "winerror": null}], "stateWriteLockOwnedAfterUnwind": false}
{"stage": "native-exception-before-cleanup", "task_id": "cognition:5702e1df46b6fb14c0533b6d30f37e3d15f2898679d1926c253ee29f45e8af84", "attempt_id": "p11-attempt-412940b4b781b9c145f2a5ef7ddae1280f38c53abeaf80817970fe924c027407", "chain": [{"frames": [{"file": "testing/p18_runtime_fixture.py", "line": 140, "function": "diagnosed_continue"}, {"file": "services/runtime_cognition.py", "line": 242, "function": "_continue"}, {"file": "services/wake_perception_thinking_action_service.py", "line": 90, "function": "wake_manual"}, {"file": "services/wake_perception_thinking_action_service.py", "line": 128, "function": "_continue"}, {"file": "services/wake_perception_thinking_action_service.py", "line": 246, "function": "_continue_mind"}, {"file": "services/thinking_service.py", "line": 204, "function": "resume_prepared_provider"}, {"file": "services/runtime_cognition.py", "line": 43, "function": "allocate"}], "code": "TEST_NATIVE_EXCEPTION"}], "systemChain": [{"type": "ENGINE_EXCEPTION", "operation": "other", "frames": [{"file": "testing/p18_runtime_fixture.py", "line": 140, "function": "diagnosed_continue"}, {"file": "services/runtime_cognition.py", "line": 242, "function": "_continue"}, {"file": "services/wake_perception_thinking_action_service.py", "line": 90, "function": "wake_manual"}, {"file": "services/wake_perception_thinking_action_service.py", "line": 128, "function": "_continue"}, {"file": "services/wake_perception_thinking_action_service.py", "line": 246, "function": "_continue_mind"}, {"file": "services/thinking_service.py", "line": 204, "function": "resume_prepared_provider"}, {"file": "services/runtime_cognition.py", "line": 43, "function": "allocate"}], "errno": null, "winerror": null}], "stateWriteLockOwnedAfterUnwind": false}
{"stage": "native-exception-before-cleanup", "task_id": "cognition:5702e1df46b6fb14c0533b6d30f37e3d15f2898679d1926c253ee29f45e8af84", "attempt_id": "p11-attempt-412940b4b781b9c145f2a5ef7ddae1280f38c53abeaf80817970fe924c027407", "chain": [{"frames": [{"file": "testing/p18_runtime_fixture.py", "line": 140, "function": "diagnosed_continue"}, {"file": "services/runtime_cognition.py", "line": 242, "function": "_continue"}, {"file": "services/wake_perception_thinking_action_service.py", "line": 90, "function": "wake_manual"}, {"file": "services/wake_perception_thinking_action_service.py", "line": 128, "function": "_continue"}, {"file": "services/wake_perception_thinking_action_service.py", "line": 246, "function": "_continue_mind"}, {"file": "services/thinking_service.py", "line": 204, "function": "resume_prepared_provider"}, {"file": "services/runtime_cognition.py", "line": 43, "function": "allocate"}], "code": "TEST_NATIVE_EXCEPTION"}], "systemChain": [{"type": "ENGINE_EXCEPTION", "operation": "other", "frames": [{"file": "testing/p18_runtime_fixture.py", "line": 140, "function": "diagnosed_continue"}, {"file": "services/runtime_cognition.py", "line": 242, "function": "_continue"}, {"file": "services/wake_perception_thinking_action_service.py", "line": 90, "function": "wake_manual"}, {"file": "services/wake_perception_thinking_action_service.py", "line": 128, "function": "_continue"}, {"file": "services/wake_perception_thinking_action_service.py", "line": 246, "function": "_continue_mind"}, {"file": "services/thinking_service.py", "line": 204, "function": "resume_prepared_provider"}, {"file": "services/runtime_cognition.py", "line": 43, "function": "allocate"}], "errno": null, "winerror": null}], "stateWriteLockOwnedAfterUnwind": false}
ok
test_current_context_revoked_does_not_call_or_apply_state (tests.test_p18_runtime_resume.RuntimeResumeTests.test_current_context_revoked_does_not_call_or_apply_state) ... {"stage": "native-exception-before-cleanup", "task_id": "cognition:a720913e3d119381ae836066f35ab09c62defadb9da2cbfcb7b1b1451787d07d", "attempt_id": "p11-attempt-a80081fd0815bc6c14c9000026b06d4fc6f7ec015f0994a559c54a414ffc1d35", "chain": [{"frames": [{"file": "testing/p18_runtime_fixture.py", "line": 140, "function": "diagnosed_continue"}, {"file": "services/runtime_cognition.py", "line": 242, "function": "_continue"}, {"file": "services/wake_perception_thinking_action_service.py", "line": 90, "function": "wake_manual"}, {"file": "services/wake_perception_thinking_action_service.py", "line": 128, "function": "_continue"}, {"file": "services/wake_perception_thinking_action_service.py", "line": 229, "function": "_continue_mind"}, {"file": "services/thinking_service.py", "line": 190, "function": "handle_perception"}, {"file": "services/thinking_service.py", "line": 232, "function": "_run_provider"}, {"file": "services/wake_perception_thinking_action_service.py", "line": 225, "function": "initial_guard"}, {"file": "services/runtime_cognition.py", "line": 91, "function": "_native_guard"}, {"file": "services/persistent_runtime_service.py", "line": 130, "function": "guard"}], "code": "TEST_NATIVE_EXCEPTION"}], "systemChain": [{"type": "ENGINE_EXCEPTION", "operation": "other", "frames": [{"file": "testing/p18_runtime_fixture.py", "line": 140, "function": "diagnosed_continue"}, {"file": "services/runtime_cognition.py", "line": 242, "function": "_continue"}, {"file": "services/wake_perception_thinking_action_service.py", "line": 90, "function": "wake_manual"}, {"file": "services/wake_perception_thinking_action_service.py", "line": 128, "function": "_continue"}, {"file": "services/wake_perception_thinking_action_service.py", "line": 229, "function": "_continue_mind"}, {"file": "services/thinking_service.py", "line": 190, "function": "handle_perception"}, {"file": "services/thinking_service.py", "line": 232, "function": "_run_provider"}, {"file": "services/wake_perception_thinking_action_service.py", "line": 225, "function": "initial_guard"}, {"file": "services/runtime_cognition.py", "line": 91, "function": "_native_guard"}, {"file": "services/persistent_runtime_service.py", "line": 130, "function": "guard"}], "errno": null, "winerror": null}], "stateWriteLockOwnedAfterUnwind": false}
{"stage": "native-exception-before-cleanup", "task_id": "cognition:eb878dfe5ed446ef0ee69d14e392e5006631215b7c5d939203ce6f5b706677e4", "attempt_id": "p11-attempt-97d57bb7a0ff3cf2609cfc269381253dc7788d312de110d9ad2cc1a3a13fdd6c", "chain": [{"frames": [{"file": "testing/p18_runtime_fixture.py", "line": 140, "function": "diagnosed_continue"}, {"file": "services/runtime_cognition.py", "line": 242, "function": "_continue"}, {"file": "services/wake_perception_thinking_action_service.py", "line": 90, "function": "wake_manual"}, {"file": "services/wake_perception_thinking_action_service.py", "line": 128, "function": "_continue"}, {"file": "services/wake_perception_thinking_action_service.py", "line": 221, "function": "_continue_mind"}, {"file": "services/continuity_core_service.py", "line": 332, "function": "prepare"}, {"file": "services/continuity_core_service.py", "line": 400, "function": "_prepare"}, {"file": "services/dynamic_mind_service.py", "line": 317, "function": "capture"}], "code": "TEST_NATIVE_EXCEPTION"}], "systemChain": [{"type": "ENGINE_EXCEPTION", "operation": "other", "frames": [{"file": "testing/p18_runtime_fixture.py", "line": 140, "function": "diagnosed_continue"}, {"file": "services/runtime_cognition.py", "line": 242, "function": "_continue"}, {"file": "services/wake_perception_thinking_action_service.py", "line": 90, "function": "wake_manual"}, {"file": "services/wake_perception_thinking_action_service.py", "line": 128, "function": "_continue"}, {"file": "services/wake_perception_thinking_action_service.py", "line": 221, "function": "_continue_mind"}, {"file": "services/continuity_core_service.py", "line": 332, "function": "prepare"}, {"file": "services/continuity_core_service.py", "line": 400, "function": "_prepare"}, {"file": "services/dynamic_mind_service.py", "line": 317, "function": "capture"}], "errno": null, "winerror": null}], "stateWriteLockOwnedAfterUnwind": false}
{"stage": "native-exception-before-cleanup", "task_id": "cognition:eb878dfe5ed446ef0ee69d14e392e5006631215b7c5d939203ce6f5b706677e4", "attempt_id": "p11-attempt-cb6ccbc3aefd4a189b956c95e500d23466c22eec94a98094e87a6a0a33185af5", "chain": [{"frames": [{"file": "testing/p18_runtime_fixture.py", "line": 140, "function": "diagnosed_continue"}, {"file": "services/runtime_cognition.py", "line": 242, "function": "_continue"}, {"file": "services/wake_perception_thinking_action_service.py", "line": 90, "function": "wake_manual"}, {"file": "services/wake_perception_thinking_action_service.py", "line": 128, "function": "_continue"}, {"file": "services/wake_perception_thinking_action_service.py", "line": 221, "function": "_continue_mind"}, {"file": "services/continuity_core_service.py", "line": 332, "function": "prepare"}, {"file": "services/continuity_core_service.py", "line": 400, "function": "_prepare"}, {"file": "services/dynamic_mind_service.py", "line": 317, "function": "capture"}], "code": "TEST_NATIVE_EXCEPTION"}], "systemChain": [{"type": "ENGINE_EXCEPTION", "operation": "other", "frames": [{"file": "testing/p18_runtime_fixture.py", "line": 140, "function": "diagnosed_continue"}, {"file": "services/runtime_cognition.py", "line": 242, "function": "_continue"}, {"file": "services/wake_perception_thinking_action_service.py", "line": 90, "function": "wake_manual"}, {"file": "services/wake_perception_thinking_action_service.py", "line": 128, "function": "_continue"}, {"file": "services/wake_perception_thinking_action_service.py", "line": 221, "function": "_continue_mind"}, {"file": "services/continuity_core_service.py", "line": 332, "function": "prepare"}, {"file": "services/continuity_core_service.py", "line": 400, "function": "_prepare"}, {"file": "services/dynamic_mind_service.py", "line": 317, "function": "capture"}], "errno": null, "winerror": null}], "stateWriteLockOwnedAfterUnwind": false}
ok
test_entered_provider_failure_is_not_repeated (tests.test_p18_runtime_resume.RuntimeResumeTests.test_entered_provider_failure_is_not_repeated) ... {"stage": "native-exception-before-cleanup", "task_id": "cognition:33d9d45c2cb7cdc31a50c472c9c19f1735502f35804db25e51d6f8a84f607e4c", "attempt_id": "p11-attempt-66f0ea8d2fbbddf3b47533c11c9181cfdb64b8a1675979d55b8dca40d820afaf", "chain": [{"frames": [{"file": "testing/p18_runtime_fixture.py", "line": 140, "function": "diagnosed_continue"}, {"file": "services/runtime_cognition.py", "line": 242, "function": "_continue"}, {"file": "services/wake_perception_thinking_action_service.py", "line": 90, "function": "wake_manual"}, {"file": "services/wake_perception_thinking_action_service.py", "line": 128, "function": "_continue"}, {"file": "services/wake_perception_thinking_action_service.py", "line": 229, "function": "_continue_mind"}, {"file": "services/thinking_service.py", "line": 190, "function": "handle_perception"}, {"file": "services/thinking_service.py", "line": 295, "function": "_run_provider"}], "code": "TEST_NATIVE_EXCEPTION"}, {"frames": [{"file": "services/thinking_service.py", "line": 237, "function": "_run_provider"}, {"file": "services/runtime_cognition.py", "line": 53, "function": "think"}], "code": "TEST_NATIVE_EXCEPTION"}], "systemChain": [{"type": "ENGINE_EXCEPTION", "operation": "other", "frames": [{"file": "testing/p18_runtime_fixture.py", "line": 140, "function": "diagnosed_continue"}, {"file": "services/runtime_cognition.py", "line": 242, "function": "_continue"}, {"file": "services/wake_perception_thinking_action_service.py", "line": 90, "function": "wake_manual"}, {"file": "services/wake_perception_thinking_action_service.py", "line": 128, "function": "_continue"}, {"file": "services/wake_perception_thinking_action_service.py", "line": 229, "function": "_continue_mind"}, {"file": "services/thinking_service.py", "line": 190, "function": "handle_perception"}, {"file": "services/thinking_service.py", "line": 295, "function": "_run_provider"}], "errno": null, "winerror": null}, {"type": "ENGINE_EXCEPTION", "operation": "other", "frames": [{"file": "services/thinking_service.py", "line": 237, "function": "_run_provider"}, {"file": "services/runtime_cognition.py", "line": 53, "function": "think"}], "errno": null, "winerror": null}], "stateWriteLockOwnedAfterUnwind": false}
ok
test_f1_bounded_pause_after_first_evolution_and_clock_before_resume_call (tests.test_p18_runtime_resume.RuntimeResumeTests.test_f1_bounded_pause_after_first_evolution_and_clock_before_resume_call) ... ok
test_first_call_pause_resumes_same_session_without_extra_reservation (tests.test_p18_runtime_resume.RuntimeResumeTests.test_first_call_pause_resumes_same_session_without_extra_reservation) ... {"stage": "native-exception-before-cleanup", "task_id": "cognition:3d95cd0c64e5e8dbf50858e7607845d856af7135dd66df7433e7fcc514f89e74", "attempt_id": "p11-attempt-a29facfee74cd9369fc6411b5765cbba8b749b850b1c1cc06461407903c4fa57", "chain": [{"frames": [{"file": "testing/p18_runtime_fixture.py", "line": 140, "function": "diagnosed_continue"}, {"file": "services/runtime_cognition.py", "line": 242, "function": "_continue"}, {"file": "services/wake_perception_thinking_action_service.py", "line": 90, "function": "wake_manual"}, {"file": "services/wake_perception_thinking_action_service.py", "line": 128, "function": "_continue"}, {"file": "services/wake_perception_thinking_action_service.py", "line": 229, "function": "_continue_mind"}, {"file": "services/thinking_service.py", "line": 190, "function": "handle_perception"}, {"file": "services/thinking_service.py", "line": 232, "function": "_run_provider"}, {"file": "services/wake_perception_thinking_action_service.py", "line": 225, "function": "initial_guard"}, {"file": "services/runtime_cognition.py", "line": 91, "function": "_native_guard"}, {"file": "services/persistent_runtime_service.py", "line": 130, "function": "guard"}], "code": "TEST_NATIVE_EXCEPTION"}], "systemChain": [{"type": "ENGINE_EXCEPTION", "operation": "other", "frames": [{"file": "testing/p18_runtime_fixture.py", "line": 140, "function": "diagnosed_continue"}, {"file": "services/runtime_cognition.py", "line": 242, "function": "_continue"}, {"file": "services/wake_perception_thinking_action_service.py", "line": 90, "function": "wake_manual"}, {"file": "services/wake_perception_thinking_action_service.py", "line": 128, "function": "_continue"}, {"file": "services/wake_perception_thinking_action_service.py", "line": 229, "function": "_continue_mind"}, {"file": "services/thinking_service.py", "line": 190, "function": "handle_perception"}, {"file": "services/thinking_service.py", "line": 232, "function": "_run_provider"}, {"file": "services/wake_perception_thinking_action_service.py", "line": 225, "function": "initial_guard"}, {"file": "services/runtime_cognition.py", "line": 91, "function": "_native_guard"}, {"file": "services/persistent_runtime_service.py", "line": 130, "function": "guard"}], "errno": null, "winerror": null}], "stateWriteLockOwnedAfterUnwind": false}
ok
test_legacy_failed_error_string_is_not_nonexecution_proof (tests.test_p18_runtime_resume.RuntimeResumeTests.test_legacy_failed_error_string_is_not_nonexecution_proof) ... {"stage": "native-exception-before-cleanup", "task_id": "cognition:589504996f9413cd70d3db571e2b497c67efec540054eccb3da7cdcb40d94011", "attempt_id": "p11-attempt-972c2dd14cf2878509da4dfaa473ab522571304ea6d985b83161a689311b82ed", "chain": [{"frames": [{"file": "testing/p18_runtime_fixture.py", "line": 140, "function": "diagnosed_continue"}, {"file": "services/runtime_cognition.py", "line": 242, "function": "_continue"}, {"file": "services/wake_perception_thinking_action_service.py", "line": 90, "function": "wake_manual"}, {"file": "services/wake_perception_thinking_action_service.py", "line": 128, "function": "_continue"}, {"file": "services/wake_perception_thinking_action_service.py", "line": 229, "function": "_continue_mind"}, {"file": "services/thinking_service.py", "line": 190, "function": "handle_perception"}, {"file": "services/thinking_service.py", "line": 295, "function": "_run_provider"}], "code": "TEST_NATIVE_EXCEPTION"}, {"frames": [{"file": "services/thinking_service.py", "line": 237, "function": "_run_provider"}, {"file": "services/runtime_cognition.py", "line": 53, "function": "think"}], "code": "TEST_NATIVE_EXCEPTION"}], "systemChain": [{"type": "ENGINE_EXCEPTION", "operation": "other", "frames": [{"file": "testing/p18_runtime_fixture.py", "line": 140, "function": "diagnosed_continue"}, {"file": "services/runtime_cognition.py", "line": 242, "function": "_continue"}, {"file": "services/wake_perception_thinking_action_service.py", "line": 90, "function": "wake_manual"}, {"file": "services/wake_perception_thinking_action_service.py", "line": 128, "function": "_continue"}, {"file": "services/wake_perception_thinking_action_service.py", "line": 229, "function": "_continue_mind"}, {"file": "services/thinking_service.py", "line": 190, "function": "handle_perception"}, {"file": "services/thinking_service.py", "line": 295, "function": "_run_provider"}], "errno": null, "winerror": null}, {"type": "ENGINE_EXCEPTION", "operation": "other", "frames": [{"file": "services/thinking_service.py", "line": 237, "function": "_run_provider"}, {"file": "services/runtime_cognition.py", "line": 53, "function": "think"}], "errno": null, "winerror": null}], "stateWriteLockOwnedAfterUnwind": false}
ok
test_long_pause_reassesses_expired_input_with_explicit_predecessor (tests.test_p18_runtime_resume.RuntimeResumeTests.test_long_pause_reassesses_expired_input_with_explicit_predecessor) ... {"stage": "native-exception-before-cleanup", "task_id": "cognition:0d821248cce305d67fcd91d6d0f491b6c2e94d09d5dc09c4e460da16ff805af4", "attempt_id": "p11-attempt-b4fb070c9703cb3c5180141197856de703da660045623c51ecbd0f9c3d5d4fde", "chain": [{"frames": [{"file": "testing/p18_runtime_fixture.py", "line": 140, "function": "diagnosed_continue"}, {"file": "services/runtime_cognition.py", "line": 242, "function": "_continue"}, {"file": "services/wake_perception_thinking_action_service.py", "line": 90, "function": "wake_manual"}, {"file": "services/wake_perception_thinking_action_service.py", "line": 128, "function": "_continue"}, {"file": "services/wake_perception_thinking_action_service.py", "line": 229, "function": "_continue_mind"}, {"file": "services/thinking_service.py", "line": 190, "function": "handle_perception"}, {"file": "services/thinking_service.py", "line": 232, "function": "_run_provider"}, {"file": "services/wake_perception_thinking_action_service.py", "line": 225, "function": "initial_guard"}, {"file": "services/runtime_cognition.py", "line": 91, "function": "_native_guard"}, {"file": "services/persistent_runtime_service.py", "line": 130, "function": "guard"}], "code": "TEST_NATIVE_EXCEPTION"}], "systemChain": [{"type": "ENGINE_EXCEPTION", "operation": "other", "frames": [{"file": "testing/p18_runtime_fixture.py", "line": 140, "function": "diagnosed_continue"}, {"file": "services/runtime_cognition.py", "line": 242, "function": "_continue"}, {"file": "services/wake_perception_thinking_action_service.py", "line": 90, "function": "wake_manual"}, {"file": "services/wake_perception_thinking_action_service.py", "line": 128, "function": "_continue"}, {"file": "services/wake_perception_thinking_action_service.py", "line": 229, "function": "_continue_mind"}, {"file": "services/thinking_service.py", "line": 190, "function": "handle_perception"}, {"file": "services/thinking_service.py", "line": 232, "function": "_run_provider"}, {"file": "services/wake_perception_thinking_action_service.py", "line": 225, "function": "initial_guard"}, {"file": "services/runtime_cognition.py", "line": 91, "function": "_native_guard"}, {"file": "services/persistent_runtime_service.py", "line": 130, "function": "guard"}], "errno": null, "winerror": null}], "stateWriteLockOwnedAfterUnwind": false}
ok
test_pre_call_history_is_append_only_and_bound (tests.test_p18_runtime_resume.RuntimeResumeTests.test_pre_call_history_is_append_only_and_bound) ... {"stage": "native-exception-before-cleanup", "task_id": "cognition:ed6d774bf71f489da43fe27c4866726a2626cda96d0d9400571c826caba92e41", "attempt_id": "p11-attempt-06ae41e4c65e2ffd636f53cbef7fc90c454a3fcd303f1ba4bbb8d3241a94bae7", "chain": [{"frames": [{"file": "testing/p18_runtime_fixture.py", "line": 140, "function": "diagnosed_continue"}, {"file": "services/runtime_cognition.py", "line": 242, "function": "_continue"}, {"file": "services/wake_perception_thinking_action_service.py", "line": 90, "function": "wake_manual"}, {"file": "services/wake_perception_thinking_action_service.py", "line": 128, "function": "_continue"}, {"file": "services/wake_perception_thinking_action_service.py", "line": 229, "function": "_continue_mind"}, {"file": "services/thinking_service.py", "line": 190, "function": "handle_perception"}, {"file": "services/thinking_service.py", "line": 232, "function": "_run_provider"}, {"file": "services/wake_perception_thinking_action_service.py", "line": 225, "function": "initial_guard"}, {"file": "services/runtime_cognition.py", "line": 91, "function": "_native_guard"}, {"file": "services/persistent_runtime_service.py", "line": 130, "function": "guard"}], "code": "TEST_NATIVE_EXCEPTION"}], "systemChain": [{"type": "ENGINE_EXCEPTION", "operation": "other", "frames": [{"file": "testing/p18_runtime_fixture.py", "line": 140, "function": "diagnosed_continue"}, {"file": "services/runtime_cognition.py", "line": 242, "function": "_continue"}, {"file": "services/wake_perception_thinking_action_service.py", "line": 90, "function": "wake_manual"}, {"file": "services/wake_perception_thinking_action_service.py", "line": 128, "function": "_continue"}, {"file": "services/wake_perception_thinking_action_service.py", "line": 229, "function": "_continue_mind"}, {"file": "services/thinking_service.py", "line": 190, "function": "handle_perception"}, {"file": "services/thinking_service.py", "line": 232, "function": "_run_provider"}, {"file": "services/wake_perception_thinking_action_service.py", "line": 225, "function": "initial_guard"}, {"file": "services/runtime_cognition.py", "line": 91, "function": "_native_guard"}, {"file": "services/persistent_runtime_service.py", "line": 130, "function": "guard"}], "errno": null, "winerror": null}], "stateWriteLockOwnedAfterUnwind": false}
ok
test_pre_stop_diagnostic_is_read_only_and_has_native_stage (tests.test_p18_runtime_resume.RuntimeResumeTests.test_pre_stop_diagnostic_is_read_only_and_has_native_stage) ... {"stage": "native-exception-before-cleanup", "task_id": "cognition:529f7b7477f44c5fc569c2da8b2d56457e05db655d115792a1b900b046328d12", "attempt_id": "p11-attempt-a598a2514c240928ba4596e43416994438d2ca0e54a7662dc84f3922b699bdd4", "chain": [{"frames": [{"file": "testing/p18_runtime_fixture.py", "line": 140, "function": "diagnosed_continue"}, {"file": "services/runtime_cognition.py", "line": 242, "function": "_continue"}, {"file": "services/wake_perception_thinking_action_service.py", "line": 90, "function": "wake_manual"}, {"file": "services/wake_perception_thinking_action_service.py", "line": 128, "function": "_continue"}, {"file": "services/wake_perception_thinking_action_service.py", "line": 229, "function": "_continue_mind"}, {"file": "services/thinking_service.py", "line": 190, "function": "handle_perception"}, {"file": "services/thinking_service.py", "line": 232, "function": "_run_provider"}, {"file": "services/wake_perception_thinking_action_service.py", "line": 225, "function": "initial_guard"}, {"file": "services/runtime_cognition.py", "line": 91, "function": "_native_guard"}, {"file": "services/persistent_runtime_service.py", "line": 130, "function": "guard"}], "code": "TEST_NATIVE_EXCEPTION"}], "systemChain": [{"type": "ENGINE_EXCEPTION", "operation": "other", "frames": [{"file": "testing/p18_runtime_fixture.py", "line": 140, "function": "diagnosed_continue"}, {"file": "services/runtime_cognition.py", "line": 242, "function": "_continue"}, {"file": "services/wake_perception_thinking_action_service.py", "line": 90, "function": "wake_manual"}, {"file": "services/wake_perception_thinking_action_service.py", "line": 128, "function": "_continue"}, {"file": "services/wake_perception_thinking_action_service.py", "line": 229, "function": "_continue_mind"}, {"file": "services/thinking_service.py", "line": 190, "function": "handle_perception"}, {"file": "services/thinking_service.py", "line": 232, "function": "_run_provider"}, {"file": "services/wake_perception_thinking_action_service.py", "line": 225, "function": "initial_guard"}, {"file": "services/runtime_cognition.py", "line": 91, "function": "_native_guard"}, {"file": "services/persistent_runtime_service.py", "line": 130, "function": "guard"}], "errno": null, "winerror": null}], "stateWriteLockOwnedAfterUnwind": false}
ok
test_provider_availability_rechecked_before_prepared_resume (tests.test_p18_runtime_resume.RuntimeResumeTests.test_provider_availability_rechecked_before_prepared_resume) ... {"stage": "native-exception-before-cleanup", "task_id": "cognition:bbefcd548f0790a160fd9f31d4c3a7352807b67c8f2620c5a99a44a5d48d76cd", "attempt_id": "p11-attempt-e66b6d5acb1220a912c5cb6c01b5ef1d632cd1162fc338ab173de0e2963d09b5", "chain": [{"frames": [{"file": "testing/p18_runtime_fixture.py", "line": 140, "function": "diagnosed_continue"}, {"file": "services/runtime_cognition.py", "line": 242, "function": "_continue"}, {"file": "services/wake_perception_thinking_action_service.py", "line": 90, "function": "wake_manual"}, {"file": "services/wake_perception_thinking_action_service.py", "line": 128, "function": "_continue"}, {"file": "services/wake_perception_thinking_action_service.py", "line": 229, "function": "_continue_mind"}, {"file": "services/thinking_service.py", "line": 190, "function": "handle_perception"}, {"file": "services/thinking_service.py", "line": 232, "function": "_run_provider"}, {"file": "services/wake_perception_thinking_action_service.py", "line": 225, "function": "initial_guard"}, {"file": "services/runtime_cognition.py", "line": 91, "function": "_native_guard"}, {"file": "services/persistent_runtime_service.py", "line": 130, "function": "guard"}], "code": "TEST_NATIVE_EXCEPTION"}], "systemChain": [{"type": "ENGINE_EXCEPTION", "operation": "other", "frames": [{"file": "testing/p18_runtime_fixture.py", "line": 140, "function": "diagnosed_continue"}, {"file": "services/runtime_cognition.py", "line": 242, "function": "_continue"}, {"file": "services/wake_perception_thinking_action_service.py", "line": 90, "function": "wake_manual"}, {"file": "services/wake_perception_thinking_action_service.py", "line": 128, "function": "_continue"}, {"file": "services/wake_perception_thinking_action_service.py", "line": 229, "function": "_continue_mind"}, {"file": "services/thinking_service.py", "line": 190, "function": "handle_perception"}, {"file": "services/thinking_service.py", "line": 232, "function": "_run_provider"}, {"file": "services/wake_perception_thinking_action_service.py", "line": 225, "function": "initial_guard"}, {"file": "services/runtime_cognition.py", "line": 91, "function": "_native_guard"}, {"file": "services/persistent_runtime_service.py", "line": 130, "function": "guard"}], "errno": null, "winerror": null}], "stateWriteLockOwnedAfterUnwind": false}
ok
test_real_child_resumes_durable_pre_call_phase (tests.test_p18_runtime_resume.RuntimeResumeTests.test_real_child_resumes_durable_pre_call_phase) ... {"stage": "native-exception-before-cleanup", "task_id": "cognition:5b87299a2d1b0746b0485a04ca5ff18fa7f601ba0d22520f29628bde1a411231", "attempt_id": "p11-attempt-1a7904b084d731f2079ca209fc5166b68e5803b43723768349f119de2a0fecc1", "chain": [{"frames": [{"file": "testing/p18_runtime_fixture.py", "line": 140, "function": "diagnosed_continue"}, {"file": "services/runtime_cognition.py", "line": 242, "function": "_continue"}, {"file": "services/wake_perception_thinking_action_service.py", "line": 90, "function": "wake_manual"}, {"file": "services/wake_perception_thinking_action_service.py", "line": 128, "function": "_continue"}, {"file": "services/wake_perception_thinking_action_service.py", "line": 229, "function": "_continue_mind"}, {"file": "services/thinking_service.py", "line": 190, "function": "handle_perception"}, {"file": "services/thinking_service.py", "line": 232, "function": "_run_provider"}, {"file": "services/wake_perception_thinking_action_service.py", "line": 225, "function": "initial_guard"}, {"file": "services/runtime_cognition.py", "line": 91, "function": "_native_guard"}, {"file": "services/persistent_runtime_service.py", "line": 130, "function": "guard"}], "code": "TEST_NATIVE_EXCEPTION"}], "systemChain": [{"type": "ENGINE_EXCEPTION", "operation": "other", "frames": [{"file": "testing/p18_runtime_fixture.py", "line": 140, "function": "diagnosed_continue"}, {"file": "services/runtime_cognition.py", "line": 242, "function": "_continue"}, {"file": "services/wake_perception_thinking_action_service.py", "line": 90, "function": "wake_manual"}, {"file": "services/wake_perception_thinking_action_service.py", "line": 128, "function": "_continue"}, {"file": "services/wake_perception_thinking_action_service.py", "line": 229, "function": "_continue_mind"}, {"file": "services/thinking_service.py", "line": 190, "function": "handle_perception"}, {"file": "services/thinking_service.py", "line": 232, "function": "_run_provider"}, {"file": "services/wake_perception_thinking_action_service.py", "line": 225, "function": "initial_guard"}, {"file": "services/runtime_cognition.py", "line": 91, "function": "_native_guard"}, {"file": "services/persistent_runtime_service.py", "line": 130, "function": "guard"}], "errno": null, "winerror": null}], "stateWriteLockOwnedAfterUnwind": false}
ok
test_reopened_pre_call_deferral_resumes (tests.test_p18_runtime_resume.RuntimeResumeTests.test_reopened_pre_call_deferral_resumes) ... {"stage": "native-exception-before-cleanup", "task_id": "cognition:aae5134d045bec63715d4819b59c2f271796d637f173fb326df2fe0cbc25640b", "attempt_id": "p11-attempt-8aa9c015a678c385a1b0f800cf45063366317f9826e1953ffe8764d85d60aa62", "chain": [{"frames": [{"file": "testing/p18_runtime_fixture.py", "line": 140, "function": "diagnosed_continue"}, {"file": "services/runtime_cognition.py", "line": 242, "function": "_continue"}, {"file": "services/wake_perception_thinking_action_service.py", "line": 90, "function": "wake_manual"}, {"file": "services/wake_perception_thinking_action_service.py", "line": 128, "function": "_continue"}, {"file": "services/wake_perception_thinking_action_service.py", "line": 229, "function": "_continue_mind"}, {"file": "services/thinking_service.py", "line": 190, "function": "handle_perception"}, {"file": "services/thinking_service.py", "line": 232, "function": "_run_provider"}, {"file": "services/wake_perception_thinking_action_service.py", "line": 225, "function": "initial_guard"}, {"file": "services/runtime_cognition.py", "line": 91, "function": "_native_guard"}, {"file": "services/persistent_runtime_service.py", "line": 130, "function": "guard"}], "code": "TEST_NATIVE_EXCEPTION"}], "systemChain": [{"type": "ENGINE_EXCEPTION", "operation": "other", "frames": [{"file": "testing/p18_runtime_fixture.py", "line": 140, "function": "diagnosed_continue"}, {"file": "services/runtime_cognition.py", "line": 242, "function": "_continue"}, {"file": "services/wake_perception_thinking_action_service.py", "line": 90, "function": "wake_manual"}, {"file": "services/wake_perception_thinking_action_service.py", "line": 128, "function": "_continue"}, {"file": "services/wake_perception_thinking_action_service.py", "line": 229, "function": "_continue_mind"}, {"file": "services/thinking_service.py", "line": 190, "function": "handle_perception"}, {"file": "services/thinking_service.py", "line": 232, "function": "_run_provider"}, {"file": "services/wake_perception_thinking_action_service.py", "line": 225, "function": "initial_guard"}, {"file": "services/runtime_cognition.py", "line": 91, "function": "_native_guard"}, {"file": "services/persistent_runtime_service.py", "line": 130, "function": "guard"}], "errno": null, "winerror": null}], "stateWriteLockOwnedAfterUnwind": false}
ok
test_repeated_control_deferral_keeps_one_dispatch_and_history (tests.test_p18_runtime_resume.RuntimeResumeTests.test_repeated_control_deferral_keeps_one_dispatch_and_history) ... {"stage": "native-exception-before-cleanup", "task_id": "cognition:d4cd7758c6fd5ac4daafac26d77be8edfe40da80d7d20ff75fdf1d98388f4288", "attempt_id": "p11-attempt-8fe464db72cf38caf32233e5d4e317d53364071037e4d7cb9341c24003cb906e", "chain": [{"frames": [{"file": "testing/p18_runtime_fixture.py", "line": 140, "function": "diagnosed_continue"}, {"file": "services/runtime_cognition.py", "line": 242, "function": "_continue"}, {"file": "services/wake_perception_thinking_action_service.py", "line": 90, "function": "wake_manual"}, {"file": "services/wake_perception_thinking_action_service.py", "line": 128, "function": "_continue"}, {"file": "services/wake_perception_thinking_action_service.py", "line": 229, "function": "_continue_mind"}, {"file": "services/thinking_service.py", "line": 190, "function": "handle_perception"}, {"file": "services/thinking_service.py", "line": 232, "function": "_run_provider"}, {"file": "services/wake_perception_thinking_action_service.py", "line": 225, "function": "initial_guard"}, {"file": "services/runtime_cognition.py", "line": 91, "function": "_native_guard"}, {"file": "services/persistent_runtime_service.py", "line": 130, "function": "guard"}], "code": "TEST_NATIVE_EXCEPTION"}], "systemChain": [{"type": "ENGINE_EXCEPTION", "operation": "other", "frames": [{"file": "testing/p18_runtime_fixture.py", "line": 140, "function": "diagnosed_continue"}, {"file": "services/runtime_cognition.py", "line": 242, "function": "_continue"}, {"file": "services/wake_perception_thinking_action_service.py", "line": 90, "function": "wake_manual"}, {"file": "services/wake_perception_thinking_action_service.py", "line": 128, "function": "_continue"}, {"file": "services/wake_perception_thinking_action_service.py", "line": 229, "function": "_continue_mind"}, {"file": "services/thinking_service.py", "line": 190, "function": "handle_perception"}, {"file": "services/thinking_service.py", "line": 232, "function": "_run_provider"}, {"file": "services/wake_perception_thinking_action_service.py", "line": 225, "function": "initial_guard"}, {"file": "services/runtime_cognition.py", "line": 91, "function": "_native_guard"}, {"file": "services/persistent_runtime_service.py", "line": 130, "function": "guard"}], "errno": null, "winerror": null}], "stateWriteLockOwnedAfterUnwind": false}
{"stage": "native-exception-before-cleanup", "task_id": "cognition:d4cd7758c6fd5ac4daafac26d77be8edfe40da80d7d20ff75fdf1d98388f4288", "attempt_id": "p11-attempt-8fe464db72cf38caf32233e5d4e317d53364071037e4d7cb9341c24003cb906e", "chain": [{"frames": [{"file": "testing/p18_runtime_fixture.py", "line": 140, "function": "diagnosed_continue"}, {"file": "services/runtime_cognition.py", "line": 242, "function": "_continue"}, {"file": "services/wake_perception_thinking_action_service.py", "line": 90, "function": "wake_manual"}, {"file": "services/wake_perception_thinking_action_service.py", "line": 128, "function": "_continue"}, {"file": "services/wake_perception_thinking_action_service.py", "line": 246, "function": "_continue_mind"}, {"file": "services/thinking_service.py", "line": 211, "function": "resume_prepared_provider"}, {"file": "services/thinking_service.py", "line": 232, "function": "_run_provider"}, {"file": "services/wake_perception_thinking_action_service.py", "line": 242, "function": "resume_guard"}, {"file": "services/runtime_cognition.py", "line": 91, "function": "_native_guard"}, {"file": "services/persistent_runtime_service.py", "line": 130, "function": "guard"}], "code": "TEST_NATIVE_EXCEPTION"}], "systemChain": [{"type": "ENGINE_EXCEPTION", "operation": "other", "frames": [{"file": "testing/p18_runtime_fixture.py", "line": 140, "function": "diagnosed_continue"}, {"file": "services/runtime_cognition.py", "line": 242, "function": "_continue"}, {"file": "services/wake_perception_thinking_action_service.py", "line": 90, "function": "wake_manual"}, {"file": "services/wake_perception_thinking_action_service.py", "line": 128, "function": "_continue"}, {"file": "services/wake_perception_thinking_action_service.py", "line": 246, "function": "_continue_mind"}, {"file": "services/thinking_service.py", "line": 211, "function": "resume_prepared_provider"}, {"file": "services/thinking_service.py", "line": 232, "function": "_run_provider"}, {"file": "services/wake_perception_thinking_action_service.py", "line": 242, "function": "resume_guard"}, {"file": "services/runtime_cognition.py", "line": 91, "function": "_native_guard"}, {"file": "services/persistent_runtime_service.py", "line": 130, "function": "guard"}], "errno": null, "winerror": null}], "stateWriteLockOwnedAfterUnwind": false}
{"stage": "native-exception-before-cleanup", "task_id": "cognition:d4cd7758c6fd5ac4daafac26d77be8edfe40da80d7d20ff75fdf1d98388f4288", "attempt_id": "p11-attempt-8fe464db72cf38caf32233e5d4e317d53364071037e4d7cb9341c24003cb906e", "chain": [{"frames": [{"file": "testing/p18_runtime_fixture.py", "line": 140, "function": "diagnosed_continue"}, {"file": "services/runtime_cognition.py", "line": 242, "function": "_continue"}, {"file": "services/wake_perception_thinking_action_service.py", "line": 90, "function": "wake_manual"}, {"file": "services/wake_perception_thinking_action_service.py", "line": 128, "function": "_continue"}, {"file": "services/wake_perception_thinking_action_service.py", "line": 246, "function": "_continue_mind"}, {"file": "services/thinking_service.py", "line": 211, "function": "resume_prepared_provider"}, {"file": "services/thinking_service.py", "line": 232, "function": "_run_provider"}, {"file": "services/wake_perception_thinking_action_service.py", "line": 242, "function": "resume_guard"}, {"file": "services/runtime_cognition.py", "line": 91, "function": "_native_guard"}, {"file": "services/persistent_runtime_service.py", "line": 130, "function": "guard"}], "code": "TEST_NATIVE_EXCEPTION"}], "systemChain": [{"type": "ENGINE_EXCEPTION", "operation": "other", "frames": [{"file": "testing/p18_runtime_fixture.py", "line": 140, "function": "diagnosed_continue"}, {"file": "services/runtime_cognition.py", "line": 242, "function": "_continue"}, {"file": "services/wake_perception_thinking_action_service.py", "line": 90, "function": "wake_manual"}, {"file": "services/wake_perception_thinking_action_service.py", "line": 128, "function": "_continue"}, {"file": "services/wake_perception_thinking_action_service.py", "line": 246, "function": "_continue_mind"}, {"file": "services/thinking_service.py", "line": 211, "function": "resume_prepared_provider"}, {"file": "services/thinking_service.py", "line": 232, "function": "_run_provider"}, {"file": "services/wake_perception_thinking_action_service.py", "line": 242, "function": "resume_guard"}, {"file": "services/runtime_cognition.py", "line": 91, "function": "_native_guard"}, {"file": "services/persistent_runtime_service.py", "line": 130, "function": "guard"}], "errno": null, "winerror": null}], "stateWriteLockOwnedAfterUnwind": false}
{"stage": "native-exception-before-cleanup", "task_id": "cognition:d4cd7758c6fd5ac4daafac26d77be8edfe40da80d7d20ff75fdf1d98388f4288", "attempt_id": "p11-attempt-8fe464db72cf38caf32233e5d4e317d53364071037e4d7cb9341c24003cb906e", "chain": [{"frames": [{"file": "testing/p18_runtime_fixture.py", "line": 140, "function": "diagnosed_continue"}, {"file": "services/runtime_cognition.py", "line": 242, "function": "_continue"}, {"file": "services/wake_perception_thinking_action_service.py", "line": 90, "function": "wake_manual"}, {"file": "services/wake_perception_thinking_action_service.py", "line": 128, "function": "_continue"}, {"file": "services/wake_perception_thinking_action_service.py", "line": 246, "function": "_continue_mind"}, {"file": "services/thinking_service.py", "line": 211, "function": "resume_prepared_provider"}, {"file": "services/thinking_service.py", "line": 232, "function": "_run_provider"}, {"file": "services/wake_perception_thinking_action_service.py", "line": 242, "function": "resume_guard"}, {"file": "services/runtime_cognition.py", "line": 91, "function": "_native_guard"}, {"file": "services/persistent_runtime_service.py", "line": 130, "function": "guard"}], "code": "TEST_NATIVE_EXCEPTION"}], "systemChain": [{"type": "ENGINE_EXCEPTION", "operation": "other", "frames": [{"file": "testing/p18_runtime_fixture.py", "line": 140, "function": "diagnosed_continue"}, {"file": "services/runtime_cognition.py", "line": 242, "function": "_continue"}, {"file": "services/wake_perception_thinking_action_service.py", "line": 90, "function": "wake_manual"}, {"file": "services/wake_perception_thinking_action_service.py", "line": 128, "function": "_continue"}, {"file": "services/wake_perception_thinking_action_service.py", "line": 246, "function": "_continue_mind"}, {"file": "services/thinking_service.py", "line": 211, "function": "resume_prepared_provider"}, {"file": "services/thinking_service.py", "line": 232, "function": "_run_provider"}, {"file": "services/wake_perception_thinking_action_service.py", "line": 242, "function": "resume_guard"}, {"file": "services/runtime_cognition.py", "line": 91, "function": "_native_guard"}, {"file": "services/persistent_runtime_service.py", "line": 130, "function": "guard"}], "errno": null, "winerror": null}], "stateWriteLockOwnedAfterUnwind": false}
{"stage": "native-exception-before-cleanup", "task_id": "cognition:d4cd7758c6fd5ac4daafac26d77be8edfe40da80d7d20ff75fdf1d98388f4288", "attempt_id": "p11-attempt-8fe464db72cf38caf32233e5d4e317d53364071037e4d7cb9341c24003cb906e", "chain": [{"frames": [{"file": "testing/p18_runtime_fixture.py", "line": 140, "function": "diagnosed_continue"}, {"file": "services/runtime_cognition.py", "line": 242, "function": "_continue"}, {"file": "services/wake_perception_thinking_action_service.py", "line": 90, "function": "wake_manual"}, {"file": "services/wake_perception_thinking_action_service.py", "line": 128, "function": "_continue"}, {"file": "services/wake_perception_thinking_action_service.py", "line": 246, "function": "_continue_mind"}, {"file": "services/thinking_service.py", "line": 211, "function": "resume_prepared_provider"}, {"file": "services/thinking_service.py", "line": 232, "function": "_run_provider"}, {"file": "services/wake_perception_thinking_action_service.py", "line": 242, "function": "resume_guard"}, {"file": "services/runtime_cognition.py", "line": 91, "function": "_native_guard"}, {"file": "services/persistent_runtime_service.py", "line": 130, "function": "guard"}], "code": "TEST_NATIVE_EXCEPTION"}], "systemChain": [{"type": "ENGINE_EXCEPTION", "operation": "other", "frames": [{"file": "testing/p18_runtime_fixture.py", "line": 140, "function": "diagnosed_continue"}, {"file": "services/runtime_cognition.py", "line": 242, "function": "_continue"}, {"file": "services/wake_perception_thinking_action_service.py", "line": 90, "function": "wake_manual"}, {"file": "services/wake_perception_thinking_action_service.py", "line": 128, "function": "_continue"}, {"file": "services/wake_perception_thinking_action_service.py", "line": 246, "function": "_continue_mind"}, {"file": "services/thinking_service.py", "line": 211, "function": "resume_prepared_provider"}, {"file": "services/thinking_service.py", "line": 232, "function": "_run_provider"}, {"file": "services/wake_perception_thinking_action_service.py", "line": 242, "function": "resume_guard"}, {"file": "services/runtime_cognition.py", "line": 91, "function": "_native_guard"}, {"file": "services/persistent_runtime_service.py", "line": 130, "function": "guard"}], "errno": null, "winerror": null}], "stateWriteLockOwnedAfterUnwind": false}
ok
test_reserved_exact_budget_remains_usable_without_second_charge (tests.test_p18_runtime_resume.RuntimeResumeTests.test_reserved_exact_budget_remains_usable_without_second_charge) ... {"stage": "native-exception-before-cleanup", "task_id": "cognition:2ee10043d28ba4999f0311e727b08bd02b6c50638bd3b71bfc7569f748b5236d", "attempt_id": "p11-attempt-4440e3d33078bbad955f647571460b8791db109a93aee0c71a5d0718c7a96ef2", "chain": [{"frames": [{"file": "testing/p18_runtime_fixture.py", "line": 140, "function": "diagnosed_continue"}, {"file": "services/runtime_cognition.py", "line": 242, "function": "_continue"}, {"file": "services/wake_perception_thinking_action_service.py", "line": 90, "function": "wake_manual"}, {"file": "services/wake_perception_thinking_action_service.py", "line": 128, "function": "_continue"}, {"file": "services/wake_perception_thinking_action_service.py", "line": 229, "function": "_continue_mind"}, {"file": "services/thinking_service.py", "line": 190, "function": "handle_perception"}, {"file": "services/thinking_service.py", "line": 232, "function": "_run_provider"}, {"file": "services/wake_perception_thinking_action_service.py", "line": 225, "function": "initial_guard"}, {"file": "services/runtime_cognition.py", "line": 91, "function": "_native_guard"}, {"file": "services/persistent_runtime_service.py", "line": 130, "function": "guard"}], "code": "TEST_NATIVE_EXCEPTION"}], "systemChain": [{"type": "ENGINE_EXCEPTION", "operation": "other", "frames": [{"file": "testing/p18_runtime_fixture.py", "line": 140, "function": "diagnosed_continue"}, {"file": "services/runtime_cognition.py", "line": 242, "function": "_continue"}, {"file": "services/wake_perception_thinking_action_service.py", "line": 90, "function": "wake_manual"}, {"file": "services/wake_perception_thinking_action_service.py", "line": 128, "function": "_continue"}, {"file": "services/wake_perception_thinking_action_service.py", "line": 229, "function": "_continue_mind"}, {"file": "services/thinking_service.py", "line": 190, "function": "handle_perception"}, {"file": "services/thinking_service.py", "line": 232, "function": "_run_provider"}, {"file": "services/wake_perception_thinking_action_service.py", "line": 225, "function": "initial_guard"}, {"file": "services/runtime_cognition.py", "line": 91, "function": "_native_guard"}, {"file": "services/persistent_runtime_service.py", "line": 130, "function": "guard"}], "errno": null, "winerror": null}], "stateWriteLockOwnedAfterUnwind": false}
ok
test_revoke_during_resume_final_guard_blocks_new_call (tests.test_p18_runtime_resume.RuntimeResumeTests.test_revoke_during_resume_final_guard_blocks_new_call) ... {"stage": "native-exception-before-cleanup", "task_id": "cognition:ec80610965e53145910a9111c2af3f63479ee6cbe5a707b75f2383d8bbe5975a", "attempt_id": "p11-attempt-61c6292cf4fe9bc7cb21eb1e93da069f9298f297fb40635f9b27aedd82e4afff", "chain": [{"frames": [{"file": "testing/p18_runtime_fixture.py", "line": 140, "function": "diagnosed_continue"}, {"file": "services/runtime_cognition.py", "line": 242, "function": "_continue"}, {"file": "services/wake_perception_thinking_action_service.py", "line": 90, "function": "wake_manual"}, {"file": "services/wake_perception_thinking_action_service.py", "line": 128, "function": "_continue"}, {"file": "services/wake_perception_thinking_action_service.py", "line": 229, "function": "_continue_mind"}, {"file": "services/thinking_service.py", "line": 190, "function": "handle_perception"}, {"file": "services/thinking_service.py", "line": 232, "function": "_run_provider"}, {"file": "services/wake_perception_thinking_action_service.py", "line": 225, "function": "initial_guard"}, {"file": "services/runtime_cognition.py", "line": 91, "function": "_native_guard"}, {"file": "services/persistent_runtime_service.py", "line": 130, "function": "guard"}], "code": "TEST_NATIVE_EXCEPTION"}], "systemChain": [{"type": "ENGINE_EXCEPTION", "operation": "other", "frames": [{"file": "testing/p18_runtime_fixture.py", "line": 140, "function": "diagnosed_continue"}, {"file": "services/runtime_cognition.py", "line": 242, "function": "_continue"}, {"file": "services/wake_perception_thinking_action_service.py", "line": 90, "function": "wake_manual"}, {"file": "services/wake_perception_thinking_action_service.py", "line": 128, "function": "_continue"}, {"file": "services/wake_perception_thinking_action_service.py", "line": 229, "function": "_continue_mind"}, {"file": "services/thinking_service.py", "line": 190, "function": "handle_perception"}, {"file": "services/thinking_service.py", "line": 232, "function": "_run_provider"}, {"file": "services/wake_perception_thinking_action_service.py", "line": 225, "function": "initial_guard"}, {"file": "services/runtime_cognition.py", "line": 91, "function": "_native_guard"}, {"file": "services/persistent_runtime_service.py", "line": 130, "function": "guard"}], "errno": null, "winerror": null}], "stateWriteLockOwnedAfterUnwind": false}
{"stage": "native-exception-before-cleanup", "task_id": "cognition:ec80610965e53145910a9111c2af3f63479ee6cbe5a707b75f2383d8bbe5975a", "attempt_id": "p11-attempt-61c6292cf4fe9bc7cb21eb1e93da069f9298f297fb40635f9b27aedd82e4afff", "chain": [{"frames": [{"file": "testing/p18_runtime_fixture.py", "line": 140, "function": "diagnosed_continue"}, {"file": "services/runtime_cognition.py", "line": 242, "function": "_continue"}, {"file": "services/wake_perception_thinking_action_service.py", "line": 90, "function": "wake_manual"}, {"file": "services/wake_perception_thinking_action_service.py", "line": 128, "function": "_continue"}, {"file": "services/wake_perception_thinking_action_service.py", "line": 246, "function": "_continue_mind"}, {"file": "services/thinking_service.py", "line": 211, "function": "resume_prepared_provider"}, {"file": "services/thinking_service.py", "line": 295, "function": "_run_provider"}], "code": "TEST_NATIVE_EXCEPTION"}, {"frames": [{"file": "services/thinking_service.py", "line": 232, "function": "_run_provider"}, {"file": "services/wake_perception_thinking_action_service.py", "line": 244, "function": "resume_guard"}, {"file": "services/continuity_core_service.py", "line": 523, "function": "before_thinking"}], "code": "TEST_NATIVE_EXCEPTION"}], "systemChain": [{"type": "ENGINE_EXCEPTION", "operation": "other", "frames": [{"file": "testing/p18_runtime_fixture.py", "line": 140, "function": "diagnosed_continue"}, {"file": "services/runtime_cognition.py", "line": 242, "function": "_continue"}, {"file": "services/wake_perception_thinking_action_service.py", "line": 90, "function": "wake_manual"}, {"file": "services/wake_perception_thinking_action_service.py", "line": 128, "function": "_continue"}, {"file": "services/wake_perception_thinking_action_service.py", "line": 246, "function": "_continue_mind"}, {"file": "services/thinking_service.py", "line": 211, "function": "resume_prepared_provider"}, {"file": "services/thinking_service.py", "line": 295, "function": "_run_provider"}], "errno": null, "winerror": null}, {"type": "ENGINE_EXCEPTION", "operation": "other", "frames": [{"file": "services/thinking_service.py", "line": 232, "function": "_run_provider"}, {"file": "services/wake_perception_thinking_action_service.py", "line": 244, "function": "resume_guard"}, {"file": "services/continuity_core_service.py", "line": 523, "function": "before_thinking"}], "errno": null, "winerror": null}], "stateWriteLockOwnedAfterUnwind": false}
{"stage": "native-exception-before-cleanup", "task_id": "cognition:9aaf3a7bb83c01830c8e07fc4a3bc61c385f1a380b7c266e402f021c9dd8c2ad", "attempt_id": "p11-attempt-faceb40f00c2afa4c1861f763a568e246cab62276aa6bd1efdfbe99ea73381b7", "chain": [{"frames": [{"file": "testing/p18_runtime_fixture.py", "line": 140, "function": "diagnosed_continue"}, {"file": "services/runtime_cognition.py", "line": 242, "function": "_continue"}, {"file": "services/wake_perception_thinking_action_service.py", "line": 90, "function": "wake_manual"}, {"file": "services/wake_perception_thinking_action_service.py", "line": 128, "function": "_continue"}, {"file": "services/wake_perception_thinking_action_service.py", "line": 221, "function": "_continue_mind"}, {"file": "services/continuity_core_service.py", "line": 332, "function": "prepare"}, {"file": "services/continuity_core_service.py", "line": 400, "function": "_prepare"}, {"file": "services/dynamic_mind_service.py", "line": 317, "function": "capture"}], "code": "TEST_NATIVE_EXCEPTION"}], "systemChain": [{"type": "ENGINE_EXCEPTION", "operation": "other", "frames": [{"file": "testing/p18_runtime_fixture.py", "line": 140, "function": "diagnosed_continue"}, {"file": "services/runtime_cognition.py", "line": 242, "function": "_continue"}, {"file": "services/wake_perception_thinking_action_service.py", "line": 90, "function": "wake_manual"}, {"file": "services/wake_perception_thinking_action_service.py", "line": 128, "function": "_continue"}, {"file": "services/wake_perception_thinking_action_service.py", "line": 221, "function": "_continue_mind"}, {"file": "services/continuity_core_service.py", "line": 332, "function": "prepare"}, {"file": "services/continuity_core_service.py", "line": 400, "function": "_prepare"}, {"file": "services/dynamic_mind_service.py", "line": 317, "function": "capture"}], "errno": null, "winerror": null}], "stateWriteLockOwnedAfterUnwind": false}
{"stage": "native-exception-before-cleanup", "task_id": "cognition:9aaf3a7bb83c01830c8e07fc4a3bc61c385f1a380b7c266e402f021c9dd8c2ad", "attempt_id": "p11-attempt-b12e10935f81000e5263b80e8d60ecd3491eff8cd29efa6595042fc99ba3ee5a", "chain": [{"frames": [{"file": "testing/p18_runtime_fixture.py", "line": 140, "function": "diagnosed_continue"}, {"file": "services/runtime_cognition.py", "line": 242, "function": "_continue"}, {"file": "services/wake_perception_thinking_action_service.py", "line": 90, "function": "wake_manual"}, {"file": "services/wake_perception_thinking_action_service.py", "line": 128, "function": "_continue"}, {"file": "services/wake_perception_thinking_action_service.py", "line": 221, "function": "_continue_mind"}, {"file": "services/continuity_core_service.py", "line": 332, "function": "prepare"}, {"file": "services/continuity_core_service.py", "line": 400, "function": "_prepare"}, {"file": "services/dynamic_mind_service.py", "line": 317, "function": "capture"}], "code": "TEST_NATIVE_EXCEPTION"}], "systemChain": [{"type": "ENGINE_EXCEPTION", "operation": "other", "frames": [{"file": "testing/p18_runtime_fixture.py", "line": 140, "function": "diagnosed_continue"}, {"file": "services/runtime_cognition.py", "line": 242, "function": "_continue"}, {"file": "services/wake_perception_thinking_action_service.py", "line": 90, "function": "wake_manual"}, {"file": "services/wake_perception_thinking_action_service.py", "line": 128, "function": "_continue"}, {"file": "services/wake_perception_thinking_action_service.py", "line": 221, "function": "_continue_mind"}, {"file": "services/continuity_core_service.py", "line": 332, "function": "prepare"}, {"file": "services/continuity_core_service.py", "line": 400, "function": "_prepare"}, {"file": "services/dynamic_mind_service.py", "line": 317, "function": "capture"}], "errno": null, "winerror": null}], "stateWriteLockOwnedAfterUnwind": false}
ok
test_second_cycle_pause_resumes_without_replaying_first (tests.test_p18_runtime_resume.RuntimeResumeTests.test_second_cycle_pause_resumes_without_replaying_first) ... {"stage": "native-exception-before-cleanup", "task_id": "cognition:97f8e976af0d2833d2e1d724614dcdb1dc22b34edf476d48663098fa6d24ad13", "attempt_id": "p11-attempt-2d84bfa52bcec50c94430f60c29e21b4e00dda8f65318a14437e4b2733ef2b62", "chain": [{"frames": [{"file": "testing/p18_runtime_fixture.py", "line": 140, "function": "diagnosed_continue"}, {"file": "services/runtime_cognition.py", "line": 242, "function": "_continue"}, {"file": "services/wake_perception_thinking_action_service.py", "line": 90, "function": "wake_manual"}, {"file": "services/wake_perception_thinking_action_service.py", "line": 128, "function": "_continue"}, {"file": "services/wake_perception_thinking_action_service.py", "line": 229, "function": "_continue_mind"}, {"file": "services/thinking_service.py", "line": 190, "function": "handle_perception"}, {"file": "services/thinking_service.py", "line": 232, "function": "_run_provider"}, {"file": "services/wake_perception_thinking_action_service.py", "line": 225, "function": "initial_guard"}, {"file": "services/runtime_cognition.py", "line": 91, "function": "_native_guard"}, {"file": "services/persistent_runtime_service.py", "line": 130, "function": "guard"}], "code": "TEST_NATIVE_EXCEPTION"}], "systemChain": [{"type": "ENGINE_EXCEPTION", "operation": "other", "frames": [{"file": "testing/p18_runtime_fixture.py", "line": 140, "function": "diagnosed_continue"}, {"file": "services/runtime_cognition.py", "line": 242, "function": "_continue"}, {"file": "services/wake_perception_thinking_action_service.py", "line": 90, "function": "wake_manual"}, {"file": "services/wake_perception_thinking_action_service.py", "line": 128, "function": "_continue"}, {"file": "services/wake_perception_thinking_action_service.py", "line": 229, "function": "_continue_mind"}, {"file": "services/thinking_service.py", "line": 190, "function": "handle_perception"}, {"file": "services/thinking_service.py", "line": 232, "function": "_run_provider"}, {"file": "services/wake_perception_thinking_action_service.py", "line": 225, "function": "initial_guard"}, {"file": "services/runtime_cognition.py", "line": 91, "function": "_native_guard"}, {"file": "services/persistent_runtime_service.py", "line": 130, "function": "guard"}], "errno": null, "winerror": null}], "stateWriteLockOwnedAfterUnwind": false}
ok
test_stop_does_not_revive_deferred_session (tests.test_p18_runtime_resume.RuntimeResumeTests.test_stop_does_not_revive_deferred_session) ... {"stage": "native-exception-before-cleanup", "task_id": "cognition:5657c1b327f1e0a6728b60ba3c0d62504dee42341c8ad19e63353be420861cf0", "attempt_id": "p11-attempt-e927e358012443031f46521dd77239bb870d83f2f8764b23fe8b0b23b736b011", "chain": [{"frames": [{"file": "testing/p18_runtime_fixture.py", "line": 140, "function": "diagnosed_continue"}, {"file": "services/runtime_cognition.py", "line": 242, "function": "_continue"}, {"file": "services/wake_perception_thinking_action_service.py", "line": 90, "function": "wake_manual"}, {"file": "services/wake_perception_thinking_action_service.py", "line": 128, "function": "_continue"}, {"file": "services/wake_perception_thinking_action_service.py", "line": 229, "function": "_continue_mind"}, {"file": "services/thinking_service.py", "line": 190, "function": "handle_perception"}, {"file": "services/thinking_service.py", "line": 232, "function": "_run_provider"}, {"file": "services/wake_perception_thinking_action_service.py", "line": 225, "function": "initial_guard"}, {"file": "services/runtime_cognition.py", "line": 91, "function": "_native_guard"}, {"file": "services/persistent_runtime_service.py", "line": 130, "function": "guard"}], "code": "TEST_NATIVE_EXCEPTION"}], "systemChain": [{"type": "ENGINE_EXCEPTION", "operation": "other", "frames": [{"file": "testing/p18_runtime_fixture.py", "line": 140, "function": "diagnosed_continue"}, {"file": "services/runtime_cognition.py", "line": 242, "function": "_continue"}, {"file": "services/wake_perception_thinking_action_service.py", "line": 90, "function": "wake_manual"}, {"file": "services/wake_perception_thinking_action_service.py", "line": 128, "function": "_continue"}, {"file": "services/wake_perception_thinking_action_service.py", "line": 229, "function": "_continue_mind"}, {"file": "services/thinking_service.py", "line": 190, "function": "handle_perception"}, {"file": "services/thinking_service.py", "line": 232, "function": "_run_provider"}, {"file": "services/wake_perception_thinking_action_service.py", "line": 225, "function": "initial_guard"}, {"file": "services/runtime_cognition.py", "line": 91, "function": "_native_guard"}, {"file": "services/persistent_runtime_service.py", "line": 130, "function": "guard"}], "errno": null, "winerror": null}], "stateWriteLockOwnedAfterUnwind": false}
ok
test_test_diagnostics_do_not_print_provider_exception_material (tests.test_p18_runtime_resume.RuntimeResumeTests.test_test_diagnostics_do_not_print_provider_exception_material) ... ok
test_corrupt_checkpoint_and_generation_fence_not_swallowed (tests.test_p18_runtime_contention.RuntimeContentionTests.test_corrupt_checkpoint_and_generation_fence_not_swallowed) ... ok
test_effect_before_busy_observation_is_not_dispatched_again (tests.test_p18_runtime_contention.RuntimeContentionTests.test_effect_before_busy_observation_is_not_dispatched_again) ... RUNTIME_CHECKPOINT_BUSY
RUNTIME_CHECKPOINT_AVAILABLE
ok
test_h1_clock_advance_during_maintenance_observation (tests.test_p18_runtime_contention.RuntimeContentionTests.test_h1_clock_advance_during_maintenance_observation) ... ok
test_h1_controller_timeout_captures_state_before_stop (tests.test_p18_runtime_contention.RuntimeContentionTests.test_h1_controller_timeout_captures_state_before_stop) ... ok
test_idle_tick_busy_is_bounded_read_only_and_resumes (tests.test_p18_runtime_contention.RuntimeContentionTests.test_idle_tick_busy_is_bounded_read_only_and_resumes) ... RUNTIME_CHECKPOINT_BUSY
RUNTIME_CHECKPOINT_AVAILABLE
ok
test_long_busy_control_rejects_without_record_and_same_identity_retries (tests.test_p18_runtime_contention.RuntimeContentionTests.test_long_busy_control_rejects_without_record_and_same_identity_retries) ... ok
test_long_busy_host_remains_live_and_diagnostic_is_not_flooded (tests.test_p18_runtime_contention.RuntimeContentionTests.test_long_busy_host_remains_live_and_diagnostic_is_not_flooded) ... FAIL
test_non_contention_os_error_not_reclassified (tests.test_p18_runtime_contention.RuntimeContentionTests.test_non_contention_os_error_not_reclassified) ... ok
test_original_exception_recorded_when_exit_checkpoint_available (tests.test_p18_runtime_contention.RuntimeContentionTests.test_original_exception_recorded_when_exit_checkpoint_available) ... ok
test_owner_permission_rejection_not_treated_as_busy (tests.test_p18_runtime_contention.RuntimeContentionTests.test_owner_permission_rejection_not_treated_as_busy) ... ok
test_paused_process_control_competition (tests.test_p18_runtime_contention.RuntimeContentionTests.test_paused_process_control_competition) ... ok
test_real_busy_exit_keeps_original_error_and_releases_owner (tests.test_p18_runtime_contention.RuntimeContentionTests.test_real_busy_exit_keeps_original_error_and_releases_owner) ... ok
test_resource_wait_process_control_competition (tests.test_p18_runtime_contention.RuntimeContentionTests.test_resource_wait_process_control_competition) ... ok
test_running_process_control_competition (tests.test_p18_runtime_contention.RuntimeContentionTests.test_running_process_control_competition) ... ok
test_second_host_still_immediately_rejected (tests.test_p18_runtime_contention.RuntimeContentionTests.test_second_host_still_immediately_rejected) ... ok
test_short_lock_serializes_control_before_deadline (tests.test_p18_runtime_contention.RuntimeContentionTests.test_short_lock_serializes_control_before_deadline) ... ok
test_stale_cas_and_conflicting_identity_still_fail_closed (tests.test_p18_runtime_contention.RuntimeContentionTests.test_stale_cas_and_conflicting_identity_still_fail_closed) ... ok
test_start_waits_for_checkpoint_without_relaxing_owner_lock (tests.test_p18_runtime_contention.RuntimeContentionTests.test_start_waits_for_checkpoint_without_relaxing_owner_lock) ... ERROR
test_thread_transaction_also_has_bounded_wait (tests.test_p18_runtime_contention.RuntimeContentionTests.test_thread_transaction_also_has_bounded_wait) ... ok
test_waiting_old_observation_does_not_overwrite_new_resume (tests.test_p18_runtime_contention.RuntimeContentionTests.test_waiting_old_observation_does_not_overwrite_new_resume) ... ok
test_budget_clipping_is_explicit_and_does_not_claim_input_consumed (tests.test_w02_input_integration.InputIntegrationTests.test_budget_clipping_is_explicit_and_does_not_claim_input_consumed) ... ok
test_cross_process_busy_admission_does_not_create_operation (tests.test_w02_input_integration.InputIntegrationTests.test_cross_process_busy_admission_does_not_create_operation) ... ok
test_current_material_is_bound_to_original_message_version (tests.test_w02_input_integration.InputIntegrationTests.test_current_material_is_bound_to_original_message_version) ... ok
test_disabled_feature_has_no_new_fields_or_component_calls (tests.test_w02_input_integration.InputIntegrationTests.test_disabled_feature_has_no_new_fields_or_component_calls) ... ok
test_material_rejected_before_any_w02_persistence (tests.test_w02_input_integration.InputIntegrationTests.test_material_rejected_before_any_w02_persistence) ... ok
test_model_capability_input_uses_the_same_current_input_composition (tests.test_w02_input_integration.InputIntegrationTests.test_model_capability_input_uses_the_same_current_input_composition) ... ok
test_native_opportunity_without_input_flag_preserves_original_chain (tests.test_w02_input_integration.InputIntegrationTests.test_native_opportunity_without_input_flag_preserves_original_chain) ... ok
test_ordinary_psychological_content_not_screened (tests.test_w02_input_integration.InputIntegrationTests.test_ordinary_psychological_content_not_screened) ... ok
test_protected_fixture_rejected_without_writes (tests.test_w02_input_integration.InputIntegrationTests.test_protected_fixture_rejected_without_writes) ... ok
test_read_rechecks_permission_before_return (tests.test_w02_input_integration.InputIntegrationTests.test_read_rechecks_permission_before_return) ... ok
test_read_view_does_not_call_model_or_write (tests.test_w02_input_integration.InputIntegrationTests.test_read_view_does_not_call_model_or_write) ... ok
test_real_process_restart_restores_original_effect_once (tests.test_w02_input_integration.InputIntegrationTests.test_real_process_restart_restores_original_effect_once) ... ok
test_snapshot_branch_preserves_input_progress (tests.test_w02_input_integration.InputIntegrationTests.test_snapshot_branch_preserves_input_progress) ... ok
test_w02_internal_evolution_survives_expression_refusal_and_replay (tests.test_w02_input_integration.InputIntegrationTests.test_w02_internal_evolution_survives_expression_refusal_and_replay) ... ok
test_admission_does_not_reclassify_an_application_runtime_error (tests.test_w02_input_recovery.InputRecoveryTests.test_admission_does_not_reclassify_an_application_runtime_error) ... ok
test_completed_station_not_reexecuted_after_later_checkpoint_fault (tests.test_w02_input_recovery.InputRecoveryTests.test_completed_station_not_reexecuted_after_later_checkpoint_fault) ... ok
test_composer_failure_preserves_finished_memory_and_safe_reason (tests.test_w02_input_recovery.InputRecoveryTests.test_composer_failure_preserves_finished_memory_and_safe_reason) ... ok
test_concurrent_submission_is_replayed_or_explicitly_busy_without_duplicate (tests.test_w02_input_recovery.InputRecoveryTests.test_concurrent_submission_is_replayed_or_explicitly_busy_without_duplicate) ... ok
test_context_expired_after_checkpoint_rejects (tests.test_w02_input_recovery.InputRecoveryTests.test_context_expired_after_checkpoint_rejects) ... ok
test_cross_operation_record_rejected (tests.test_w02_input_recovery.InputRecoveryTests.test_cross_operation_record_rejected) ... ok
test_current_permission_revocation_stops_new_thinking_without_effect (tests.test_w02_input_recovery.InputRecoveryTests.test_current_permission_revocation_stops_new_thinking_without_effect) ... ok
test_disabled_after_original_enabled_checkpoint_refuses_downgrade (tests.test_w02_input_recovery.InputRecoveryTests.test_disabled_after_original_enabled_checkpoint_refuses_downgrade) ... ok
test_forged_conversation_receipt_cannot_claim_a_missing_fragment (tests.test_w02_input_recovery.InputRecoveryTests.test_forged_conversation_receipt_cannot_claim_a_missing_fragment) ... ok
test_forged_memory_receipt_cannot_claim_message_was_remembered (tests.test_w02_input_recovery.InputRecoveryTests.test_forged_memory_receipt_cannot_claim_message_was_remembered) ... ok
test_idempotency_conflict_preserves_original_receipts (tests.test_w02_input_recovery.InputRecoveryTests.test_idempotency_conflict_preserves_original_receipts) ... ok
test_local_memory_failure_is_recorded_then_resumed (tests.test_w02_input_recovery.InputRecoveryTests.test_local_memory_failure_is_recorded_then_resumed) ... ok
test_missing_input_checkpoint_cannot_be_downgraded_to_legacy (tests.test_w02_input_recovery.InputRecoveryTests.test_missing_input_checkpoint_cannot_be_downgraded_to_legacy) ... ok
test_missing_original_gate_is_rejected (tests.test_w02_input_recovery.InputRecoveryTests.test_missing_original_gate_is_rejected) ... ok
test_receipt_cannot_be_rewritten_or_removed (tests.test_w02_input_recovery.InputRecoveryTests.test_receipt_cannot_be_rewritten_or_removed) ... ok
test_restart_completed_request_is_byte_stable_and_no_duplicate_effect (tests.test_w02_input_recovery.InputRecoveryTests.test_restart_completed_request_is_byte_stable_and_no_duplicate_effect) ... ok
test_saved_memory_fact_before_receipt_loss_is_not_written_twice (tests.test_w02_input_recovery.InputRecoveryTests.test_saved_memory_fact_before_receipt_loss_is_not_written_twice) ... ok
test_thinking_saved_before_checkpoint_reuses_original_session (tests.test_w02_input_recovery.InputRecoveryTests.test_thinking_saved_before_checkpoint_reuses_original_session) ... ok
test_composition_failure_exposes_other_station_and_resumes_only_failed (tests.test_w02_input_recovery.PartialInputQueryTests.test_composition_failure_exposes_other_station_and_resumes_only_failed) ... ok
test_legacy_partial_read_remains_unverified_until_explicit_resubmit (tests.test_w02_input_recovery.PartialInputQueryTests.test_legacy_partial_read_remains_unverified_until_explicit_resubmit) ... ok
test_partial_preparation_cannot_be_removed_or_rewritten (tests.test_w02_input_recovery.PartialInputQueryTests.test_partial_preparation_cannot_be_removed_or_rewritten) ... ok
test_partial_public_query_after_local_failure (tests.test_w02_input_recovery.PartialInputQueryTests.test_partial_public_query_after_local_failure) ... ok
test_partial_public_query_after_reopen (tests.test_w02_input_recovery.PartialInputQueryTests.test_partial_public_query_after_reopen) ... ok
test_partial_read_corruption_and_forged_success_refused (tests.test_w02_input_recovery.PartialInputQueryTests.test_partial_read_corruption_and_forged_success_refused) ... ok
test_partial_read_expired_context (tests.test_w02_input_recovery.PartialInputQueryTests.test_partial_read_expired_context) ... ok
test_partial_read_in_separate_process_is_read_only (tests.test_w02_input_recovery.PartialInputQueryTests.test_partial_read_in_separate_process_is_read_only) ... ok
test_partial_read_rechecks_revision_before_return (tests.test_w02_input_recovery.PartialInputQueryTests.test_partial_read_rechecks_revision_before_return) ... ok
test_partial_read_rejects_unbound_completed_result (tests.test_w02_input_recovery.PartialInputQueryTests.test_partial_read_rejects_unbound_completed_result) ... ok
test_partial_read_revoked_during_query (tests.test_w02_input_recovery.PartialInputQueryTests.test_partial_read_revoked_during_query) ... ok
test_partial_read_revoked_permission (tests.test_w02_input_recovery.PartialInputQueryTests.test_partial_read_revoked_permission) ... ok
test_partial_read_subject_and_environment_mismatch (tests.test_w02_input_recovery.PartialInputQueryTests.test_partial_read_subject_and_environment_mismatch) ... ok
test_partial_read_subject_revision_changed (tests.test_w02_input_recovery.PartialInputQueryTests.test_partial_read_subject_revision_changed) ... ok
test_repeat_read_and_resume_do_not_repeat_successful_stations (tests.test_w02_input_recovery.PartialInputQueryTests.test_repeat_read_and_resume_do_not_repeat_successful_stations) ... ok
test_failure_and_reopen_resume_same_request (tests.test_w02_recall.AutomaticRecallTests.test_failure_and_reopen_resume_same_request) ... ok
test_negative_preference_does_not_become_consumption (tests.test_w02_recall.AutomaticRecallTests.test_negative_preference_does_not_become_consumption) ... ok
test_no_relevant_cue_is_assessed_without_forced_recall (tests.test_w02_recall.AutomaticRecallTests.test_no_relevant_cue_is_assessed_without_forced_recall) ... ok
test_original_message_is_assessed_before_thinking (tests.test_w02_recall.AutomaticRecallTests.test_original_message_is_assessed_before_thinking) ... ok
test_read_only_recall_query_does_not_resume_or_write (tests.test_w02_recall.AutomaticRecallTests.test_read_only_recall_query_does_not_resume_or_write) ... ok
test_t03_raw_noon_and_afternoon_messages_recall_before_answer (tests.test_w02_recall.AutomaticRecallTests.test_t03_raw_noon_and_afternoon_messages_recall_before_answer) ... ok
test_t04_preference_candidate_uses_original_roots_without_state_write (tests.test_w02_recall.AutomaticRecallTests.test_t04_preference_candidate_uses_original_roots_without_state_write) ... ok
test_t05_variants_preserve_report_scope (tests.test_w02_recall.AutomaticRecallTests.test_t05_variants_preserve_report_scope) ... ok
test_actual_effect_return_lost_replays_without_duplicate (tests.test_w02_recall_boundaries.RecallBoundaryTests.test_actual_effect_return_lost_replays_without_duplicate) ... ok
test_bound_policy_does_not_force_fixed_depth (tests.test_w02_recall_boundaries.RecallBoundaryTests.test_bound_policy_does_not_force_fixed_depth) ... ok
test_corrupt_recall_hash_is_refused_without_writes (tests.test_w02_recall_boundaries.RecallBoundaryTests.test_corrupt_recall_hash_is_refused_without_writes) ... ok
test_disabled_gate_preserves_original_round_trip (tests.test_w02_recall_boundaries.RecallBoundaryTests.test_disabled_gate_preserves_original_round_trip) ... ok
test_native_cognition_uses_same_pre_answer_evaluation (tests.test_w02_recall_boundaries.RecallBoundaryTests.test_native_cognition_uses_same_pre_answer_evaluation) ... ok
test_no_match_is_distinct_from_source_failure (tests.test_w02_recall_boundaries.RecallBoundaryTests.test_no_match_is_distinct_from_source_failure) ... ok
test_ready_preparation_return_lost_reuses_receipt (tests.test_w02_recall_boundaries.RecallBoundaryTests.test_ready_preparation_return_lost_reuses_receipt) ... ok
test_reference_withdrawal_prevents_new_model (tests.test_w02_recall_boundaries.RecallBoundaryTests.test_reference_withdrawal_prevents_new_model) ... ok
test_retrieval_and_context_budgets_are_independent (tests.test_w02_recall_boundaries.RecallBoundaryTests.test_retrieval_and_context_budgets_are_independent) ... ok
test_source_revocation_excludes_memory_and_history_projection (tests.test_w02_recall_boundaries.RecallBoundaryTests.test_source_revocation_excludes_memory_and_history_projection) ... ok
test_stale_context_does_not_authorize_resume (tests.test_w02_recall_boundaries.RecallBoundaryTests.test_stale_context_does_not_authorize_resume) ... ok
test_stale_source_version_cannot_be_consumed (tests.test_w02_recall_boundaries.RecallBoundaryTests.test_stale_source_version_cannot_be_consumed) ... ok
test_timeout_is_blocked_before_model_and_query_is_read_only (tests.test_w02_recall_boundaries.RecallBoundaryTests.test_timeout_is_blocked_before_model_and_query_is_read_only) ... ok
test_wrong_subject_record_is_rejected (tests.test_w02_recall_boundaries.RecallBoundaryTests.test_wrong_subject_record_is_rejected) ... ok
test_capability_bytes_change_during_revalidation_blocks_old_candidate (tests.test_w02_recall_timeout.W02RecallTimeoutTests.test_capability_bytes_change_during_revalidation_blocks_old_candidate) ... ok
test_four_materials_preanswer_with_original_1000ms_policy (tests.test_w02_recall_timeout.W02RecallTimeoutTests.test_four_materials_preanswer_with_original_1000ms_policy) ... ERROR
test_permission_revoked_between_external_retrieval_and_revalidation (tests.test_w02_recall_timeout.W02RecallTimeoutTests.test_permission_revoked_between_external_retrieval_and_revalidation) ... ok
test_scoped_capability_parse_rechecks_bytes_and_returns_private_copies (tests.test_w02_recall_timeout.W02RecallTimeoutTests.test_scoped_capability_parse_rechecks_bytes_and_returns_private_copies) ... ok
test_third_message_sixteen_candidates_and_current_derived_sources (tests.test_w02_recall_timeout.W02RecallTimeoutTests.test_third_message_sixteen_candidates_and_current_derived_sources) ... ERROR
test_failed_station_stays_pending_when_failure_repeats_then_resumes (tests.test_w02_integration.W02IntegratedChainTests.test_failed_station_stays_pending_when_failure_repeats_then_resumes) ... ok
test_partial_derived_withdrawal_invalidates_integrated_reply_and_support (tests.test_w02_integration.W02IntegratedChainTests.test_partial_derived_withdrawal_invalidates_integrated_reply_and_support) ... ERROR
{"test": "tests.test_w02_integration.W02IntegratedChainTests.test_partial_derived_withdrawal_invalidates_integrated_reply_and_support", "stage": "before-TEST-cleanup", "files": {"s/.p01-sandbox-root.v1.json": {"bytes": 98, "sha256": "3ced39d6b395df89d9b1f34e1b3faf46c14ccc6edab679a616f588a978e002f7"}, "s/s/s676995c0/b/b5c47c2ed/branch-manifest.v1.json": {"bytes": 243, "sha256": "cdc1ec7fe38e242e76c920c461a15b9bc2ac01eb72405c9da6bb12144223c23b"}, "s/s/s676995c0/b/b5c47c2ed/data/awakening/cycles/fec0a6904bd66e5c76580435bc62371b762226608253a7ebfb14119cdad6ab1c.json": {"bytes": 253, "sha256": "3552f522839f0ba54a81aa2572e716c03e10b5518156c5e03626d9a3fcd7afd7"}, "s/s/s676995c0/b/b5c47c2ed/data/awakening/sessions/9608e357ca26124362afa8074e697aa8639e3ff50bc88613b2da436336815275/b7f07514b29499adb89965c070ff1210c079a2f8799daac9e3214a8f3e0ab431.json": {"bytes": 10657, "sha256": "01392fdde75f71ba44cc98b8a0a89c5be6aaa5ba157ab65858d208486acd9ba3"}, "s/s/s676995c0/b/b5c47c2ed/data/awakening/sessions/9608e357ca26124362afa8074e697aa8639e3ff50bc88613b2da436336815275/d4b7f55a3ddb0077d2d9b8e14b6d9b34581fcd2f9968c6aada4f4be2bdd24af4.json": {"bytes": 10657, "sha256": "9db494a69e2658983dee4a8f462ec6389500ac429b94a5ada01e72d246debb85"}, "s/s/s676995c0/b/b5c47c2ed/data/c1-receipts/p08-fake-receipts.json": {"bytes": 148, "sha256": "a411df96a3b6eea514baf41f59d45ab70c55b96ee9f28e118d79525ea3bfe8c8"}, "s/s/s676995c0/b/b5c47c2ed/data/clock/subject-clock.v1.json": {"bytes": 109, "sha256": "e96be9a52eec3974d84b4192ded4d0b081162610d993e4a6c0e18c4affdaf820"}, "s/s/s676995c0/b/b5c47c2ed/data/contradiction/test/9608e357ca26124362afa8074e697aa8639e3ff50bc88613b2da436336815275.json": {"bytes": 228, "sha256": "c3d0e842a69cd08d5e60925e19ec49e1c165a6aa9804723b62d046ed17325ceb"}, "s/s/s676995c0/b/b5c47c2ed/data/external-providers/test/4166be23a83536ade20670bd504a53ee16e278f88c286eeafad306328f4d07da/cache.json": {"bytes": 2065, "sha256": "ff38962a2273b9efab48f8812329611f0b127c5edf9e905e3d8f4f056007464b"}, "s/s/s676995c0/b/b5c47c2ed/data/external-providers/test/4166be23a83536ade20670bd504a53ee16e278f88c286eeafad306328f4d07da/registry.json": {"bytes": 1850, "sha256": "f737c96e8722d36fccaaa75e6863c02fc133ba7283d3089d5d8a6ec22278649f"}, "s/s/s676995c0/b/b5c47c2ed/data/fixture/c1-profile.v1.json": {"bytes": 102, "sha256": "dd40a80bb98eed1a3c4c8f6a0dadec921e58b2dae7a5312a339747cff940a1f3"}, "s/s/s676995c0/b/b5c47c2ed/data/fixture/p16-control.json": {"bytes": 504, "sha256": "ce34e595d1a2dbb31ccc8974ff02596e7df2aaf681481a7dcf97cfe6980930db"}, "s/s/s676995c0/b/b5c47c2ed/data/fixture/p16-profile.json": {"bytes": 96, "sha256": "8b51cc43581e95ba7b867930e93959e1b63d18f9f38b93ab0e97f7cfcc28b95f"}, "s/s/s676995c0/b/b5c47c2ed/data/fixture/state-fixture.v1.json": {"bytes": 635, "sha256": "fac9b93c913c3254558f63aa0fe0ce8d1ddea31701fcf2e34fe352f22fe55d98"}, "s/s/s676995c0/b/b5c47c2ed/data/integration/capability-ledger.v1.json": {"bytes": 9485, "sha256": "6f7d10c097d25ee930c86aa379850c8362d581c0202d772d0638e7ab84ebc478"}, "s/s/s676995c0/b/b5c47c2ed/data/integration/operation-journal.first-round-v1.json": {"bytes": 215791, "sha256": "4783b55e3df5928237dfef9c1153d109cea8d392e56bb0759bfe288222c6cd2e"}, "s/s/s676995c0/b/b5c47c2ed/data/integration/result-ledger.first-round-v1.json": {"bytes": 1589, "sha256": "392ebedad243358b8d10ffc42bae611a81a1ed0b2ce2141d22ab82d346e5ff6f"}, "s/s/s676995c0/b/b5c47c2ed/data/integration/subject-binding.runtime-v1.json": {"bytes": 613, "sha256": "9e20353b3068a6c14ed524d9b8390ac3cfb79f3111f4d0f78a6304eea40866fe"}, "s/s/s676995c0/b/b5c47c2ed/data/learning/9608e357ca26124362afa8074e697aa8639e3ff50bc88613b2da436336815275.json": {"bytes": 2154, "sha256": "8608f9321ce7c84e4802e5d87060450c7c11fb3db5dfc05b121568a1dacac41c"}, "s/s/s676995c0/b/b5c47c2ed/data/memory/test/9608e357ca26124362afa8074e697aa8639e3ff50bc88613b2da436336815275.json": {"bytes": 4202, "sha256": "4544f3bb4215f28cf7a8077376fc044c601d023678c2019f3e5c69e27f5a0fad"}, "s/s/s676995c0/b/b5c47c2ed/data/p16-fake/facts.json": {"bytes": 2009, "sha256": "0dccc2979e934ad2949d938e965babbb5d72510959870af723f61830c57661a5"}, "s/s/s676995c0/b/b5c47c2ed/data/resources/9608e357ca26124362afa8074e697aa8639e3ff50bc88613b2da436336815275.json": {"bytes": 437, "sha256": "362106a1d2ace4dcc0def60c5746fd167365a0433bf134ae1577d8814f93a125"}, "s/s/s676995c0/b/b5c47c2ed/data/subject-state/9608e357ca26124362afa8074e697aa8639e3ff50bc88613b2da436336815275.json": {"bytes": 4912, "sha256": "c61fc855ca222c9384d31542bbf0362ad00f71c221c6fea7ff981136de057c03"}, "s/s/s676995c0/b/b5c47c2ed/data/test-actions/action-sessions.v1.json": {"bytes": 128, "sha256": "e5db8fc783666d65b997461de8a08fc7e8d947115175b63acd425cf3cfa6e767"}, "s/s/s676995c0/b/b5c47c2ed/data/test-indexes/events.v1.json": {"bytes": 138, "sha256": "aa2a2b3d5df62b867aab046427080c26d7cc9811ed8daf5facf5ab0d9a0dfabc"}, "s/s/s676995c0/b/b5c47c2ed/data/test-indexes/evolution.v1.json": {"bytes": 141, "sha256": "9290a9aa5cc954ee4ef32bb48c6ff8b2c6d1657bfb45934c4e2337e69c735ab2"}, "s/s/s676995c0/b/b5c47c2ed/data/test-indexes/relationship-state.v1.json": {"bytes": 150, "sha256": "2f402ead920f0e47681e8eb3b9618f1b6fdeeaca7e8f2d5278aeaeb501a0c01c"}, "s/s/s676995c0/b/b5c47c2ed/data/test-indexes/state-mutations.v1.json": {"bytes": 147, "sha256": "ea2913d0b297d270fbeec4c23d67c213d0ebcd48f9422f96745f18a090e64fc9"}, "s/s/s676995c0/b/b5c47c2ed/data/test-indexes/thinking-sessions.v1.json": {"bytes": 149, "sha256": "326da56b9aa6d0f0b2e2ffa3a59747062ad14c4b820cf3fb29f824007b65fe69"}, "s/s/s676995c0/b/b5c47c2ed/data/test-indexes/wake-sessions.v1.json": {"bytes": 145, "sha256": "21a6ec3f88bedcc6054e50491667f4b9bf07ec248100493cbda99dd9356dc950"}, "s/s/s676995c0/b/b5c47c2ed/data/test-memory/memory-ledger.v1.json": {"bytes": 631, "sha256": "bbebab3b85cd7bd018445299f7a5676fd682b7632d4b09bda9f79018a40c3aec"}, "s/s/s676995c0/b/b5c47c2ed/data/test-trace/subject-clock-trace.v1.json": {"bytes": 1558, "sha256": "cbcadb15f8ef0098af5b0c35a809473ea70a10c3f5890a07265dfab0f23a750a"}, "s/s/s676995c0/b/b5c47c2ed/data/thinking/sessions/9608e357ca26124362afa8074e697aa8639e3ff50bc88613b2da436336815275/e7e426cfd89f410b80d1279962472fa7a35fbc5ee1aa3a277d6f4dfcd722a5fd.json": {"bytes": 65216, "sha256": "b1a8a662ca881d1d6be4645c453f2c1de61544cc7209e4499993ceac86259f66"}, "s/s/s676995c0/b/b5c47c2ed/data/w02c-fake/roots.json": {"bytes": 1502, "sha256": "40a1b2a8124e6ffdb14277838b3d93efd553bb7779eb8e7ea3838e9568b48c0a"}, "s/s/s676995c0/sandbox-manifest.v1.json": {"bytes": 934, "sha256": "f76ee8d94cd96172d3d8b72c480d0f243d331b65e171e25589cc01057179fbb7"}, "s/sandbox-registry.v1.json": {"bytes": 488, "sha256": "232c458cfd13e96ab34c4455c58d079d3981ec846cd221fb2a33aaefad58d9fa"}}}
test_partial_failure_reopen_read_original_progress_and_resume_once (tests.test_w02_integration.W02IntegratedChainTests.test_partial_failure_reopen_read_original_progress_and_resume_once) ... ok
test_public_read_only_views_do_not_retrieve_or_execute (tests.test_w02_integration.W02IntegratedChainTests.test_public_read_only_views_do_not_retrieve_or_execute) ... ok
test_raw_message_stations_old_memory_receipt_and_final_preanswer_context (tests.test_w02_integration.W02IntegratedChainTests.test_raw_message_stations_old_memory_receipt_and_final_preanswer_context) ... ERROR
{"test": "tests.test_w02_integration.W02IntegratedChainTests.test_raw_message_stations_old_memory_receipt_and_final_preanswer_context", "stage": "before-TEST-cleanup", "files": {"s/.p01-sandbox-root.v1.json": {"bytes": 98, "sha256": "3ced39d6b395df89d9b1f34e1b3faf46c14ccc6edab679a616f588a978e002f7"}, "s/s/sf517d020/b/bc138e998/branch-manifest.v1.json": {"bytes": 243, "sha256": "80f84ce0df9eee13cfc97217e5e21a485f863aed4e15ba7fd1bb3c8943f97ce5"}, "s/s/sf517d020/b/bc138e998/data/awakening/cycles/a86941b8027884510c692c86ab9e55ca2f34f474e90452983c37e0ead5f74473.json": {"bytes": 253, "sha256": "f46b8dedf03c95a7f3826cfb5b572a08e4d8b6b091ee88c104d940a3b5f58d5d"}, "s/s/sf517d020/b/bc138e998/data/awakening/sessions/365d3c7ac9a3b198de57cd0960d0ef7b236429bf187080b76ce681e6cee59ac6/b5394a8605e91882068f7592abc2c7169d30090b01bc88c5d2a5e4121ae09bf0.json": {"bytes": 12498, "sha256": "4e4e70b2fb5366ed6d055d96d78527cc5ac7a6703a477b17035d156ca78c6931"}, "s/s/sf517d020/b/bc138e998/data/awakening/sessions/365d3c7ac9a3b198de57cd0960d0ef7b236429bf187080b76ce681e6cee59ac6/bab16216ae04de0e28bee66ea43a817b6a41cc7a9c6555a390174ef37d8f8091.json": {"bytes": 12498, "sha256": "d85b1b100ded44c8de2c0932967ed361b89dcff59186302f8792cffdc981261a"}, "s/s/sf517d020/b/bc138e998/data/c1-receipts/p08-fake-receipts.json": {"bytes": 148, "sha256": "a411df96a3b6eea514baf41f59d45ab70c55b96ee9f28e118d79525ea3bfe8c8"}, "s/s/sf517d020/b/bc138e998/data/clock/subject-clock.v1.json": {"bytes": 109, "sha256": "e96be9a52eec3974d84b4192ded4d0b081162610d993e4a6c0e18c4affdaf820"}, "s/s/sf517d020/b/bc138e998/data/contradiction/test/365d3c7ac9a3b198de57cd0960d0ef7b236429bf187080b76ce681e6cee59ac6.json": {"bytes": 228, "sha256": "4bf459bbfc44ff2175de26d30178fa27781a2339bc061e399ad72de4de743c0a"}, "s/s/sf517d020/b/bc138e998/data/external-providers/test/b18843024fb8aa0b861c6021d424304a6449a8f12aa200b358bb1a88eb9a0bbb/cache.json": {"bytes": 2012, "sha256": "30f069c06f12028d1b863e1c407b644c6c9192a9025edce7165420103dce7860"}, "s/s/sf517d020/b/bc138e998/data/external-providers/test/b18843024fb8aa0b861c6021d424304a6449a8f12aa200b358bb1a88eb9a0bbb/registry.json": {"bytes": 1850, "sha256": "af17f10e2a90fdbda475287048d4f48cd491efaf9f97b33221d5b79c1b32ae34"}, "s/s/sf517d020/b/bc138e998/data/fixture/c1-profile.v1.json": {"bytes": 102, "sha256": "6c36e01b90a2e66e0b47584750179f04b43428d785eabd548f73233f589a2c35"}, "s/s/sf517d020/b/bc138e998/data/fixture/p16-control.json": {"bytes": 504, "sha256": "f53f6fe17d39cdf4b47dfc35ecbf8c9130bb147108ffffad36346bafc30bee31"}, "s/s/sf517d020/b/bc138e998/data/fixture/p16-profile.json": {"bytes": 96, "sha256": "7f2f92fa7d01ed1d717c08c1a7dc030a74c376ef5b9da251e0681aea7a7a6c67"}, "s/s/sf517d020/b/bc138e998/data/fixture/state-fixture.v1.json": {"bytes": 635, "sha256": "5310f96919ccd2d81ec42629dbe9de0f08944218922cbe62b905e90508d7c0c0"}, "s/s/sf517d020/b/bc138e998/data/integration/capability-ledger.v1.json": {"bytes": 10283, "sha256": "30cb27d693c1fada56cbfc9edb9e222d67a7f0aa4253473214f4ad67933d43dd"}, "s/s/sf517d020/b/bc138e998/data/integration/operation-journal.first-round-v1.json": {"bytes": 245507, "sha256": "a333341a0cbcae2476c07cf352329b4c39be4ef1687810e8081973d3a66bdf13"}, "s/s/sf517d020/b/bc138e998/data/integration/result-ledger.first-round-v1.json": {"bytes": 1589, "sha256": "a20368314680269f0834a29120246ba94fe1e17e95a4e96100a0c952c9383023"}, "s/s/sf517d020/b/bc138e998/data/integration/subject-binding.runtime-v1.json": {"bytes": 613, "sha256": "49f3faca8bd49f95054d686eac2dc03225e90e5e1b10038a3b2886be54c0b0d3"}, "s/s/sf517d020/b/bc138e998/data/learning/365d3c7ac9a3b198de57cd0960d0ef7b236429bf187080b76ce681e6cee59ac6.json": {"bytes": 2154, "sha256": "43dfcb46d3453ad7e7264b2b1022ff27af2867dab7ae9b1b82fa5f0d73f86046"}, "s/s/sf517d020/b/bc138e998/data/memory/test/365d3c7ac9a3b198de57cd0960d0ef7b236429bf187080b76ce681e6cee59ac6.json": {"bytes": 8807, "sha256": "4224a436b9e1644a4300cf5c397801dcd942a89621b51e2efd8ee267cee8a990"}, "s/s/sf517d020/b/bc138e998/data/p16-fake/facts.json": {"bytes": 2021, "sha256": "8e8fa7ee63afc25aa24d5fddf49c32b9650499b3a911595cddfe8fa7f7862cec"}, "s/s/sf517d020/b/bc138e998/data/resources/365d3c7ac9a3b198de57cd0960d0ef7b236429bf187080b76ce681e6cee59ac6.json": {"bytes": 437, "sha256": "0f9a0acc449932b1d3c98f6eb9f37db08d3dc602b930a9e6c6fbeafad1d222ce"}, "s/s/sf517d020/b/bc138e998/data/subject-state/365d3c7ac9a3b198de57cd0960d0ef7b236429bf187080b76ce681e6cee59ac6.json": {"bytes": 5907, "sha256": "658fc412d2f0ce80d1799f5dc3e7cf2b0b1643e6b1b1fa710979fca70bc02dbc"}, "s/s/sf517d020/b/bc138e998/data/test-actions/action-sessions.v1.json": {"bytes": 128, "sha256": "34d8d99303f44c4581f72dc1230e977707ebaeee07a2835b12c0cde96ffa0bbc"}, "s/s/sf517d020/b/bc138e998/data/test-indexes/events.v1.json": {"bytes": 138, "sha256": "b471f2a4ecdf153c66cfda1fbabb2fba8f152c86782bc4c76cd6fb2331f0481f"}, "s/s/sf517d020/b/bc138e998/data/test-indexes/evolution.v1.json": {"bytes": 141, "sha256": "7f34cce25e5c3de63310d95d65bdfbf7b78e316e26c021172abff80645744e30"}, "s/s/sf517d020/b/bc138e998/data/test-indexes/relationship-state.v1.json": {"bytes": 150, "sha256": "f7c9119cf74ba2c7a78ecbb5c2953fbe0822fbf0af191a09ef9fd4cdd634883c"}, "s/s/sf517d020/b/bc138e998/data/test-indexes/state-mutations.v1.json": {"bytes": 147, "sha256": "867b1995af4ed0315f2e011a814966946b13aa5830b55ef2cd213534b5bc562a"}, "s/s/sf517d020/b/bc138e998/data/test-indexes/thinking-sessions.v1.json": {"bytes": 149, "sha256": "ff5f1b900dcc1a11fc5372a20b84021c117c00101a6f583f4445ce8ff6a87c9a"}, "s/s/sf517d020/b/bc138e998/data/test-indexes/wake-sessions.v1.json": {"bytes": 145, "sha256": "e8c132f4ae6d1d2030df073b0951b7ce3ce3c7d90ddc63e5cd44559f67995a0a"}, "s/s/sf517d020/b/bc138e998/data/test-memory/memory-ledger.v1.json": {"bytes": 631, "sha256": "d58cd19a81824ca239c569c4412d98d97dabca4ca1970170db00b6723713fb23"}, "s/s/sf517d020/b/bc138e998/data/test-trace/subject-clock-trace.v1.json": {"bytes": 1558, "sha256": "8ba4150a805b588952754430b70f64a4d8c832bcdad01281e365e5b227a803f6"}, "s/s/sf517d020/b/bc138e998/data/thinking/sessions/365d3c7ac9a3b198de57cd0960d0ef7b236429bf187080b76ce681e6cee59ac6/b9e55ba554c2c61db7840556f5eee31175a7fe2fc81279f0c5f6270900e319cc.json": {"bytes": 75241, "sha256": "8322111cf367742d2dad94deb40f70fd490be9c38d9d10b831f6ff01a109050e"}, "s/s/sf517d020/b/bc138e998/data/w02c-fake/roots.json": {"bytes": 835, "sha256": "c7f0bfaffd8559fc7deca95bd69956d2c348c83013e8c945fdd897c377528a19"}, "s/s/sf517d020/sandbox-manifest.v1.json": {"bytes": 934, "sha256": "d99b63b726af62a8eb114c21269dc23060f199c5f2f78b61955af38262f3f585"}, "s/sandbox-registry.v1.json": {"bytes": 488, "sha256": "8102726c8a5d71b2fa6f4a07ae23f6b580bf770a8c464f365e60069b780490c5"}}}
test_recovered_station_preserves_verified_old_event_context (tests.test_w02_integration.W02IntegratedChainTests.test_recovered_station_preserves_verified_old_event_context) ... ok
test_recovery_rechecks_current_input_permission_before_reusing_context (tests.test_w02_integration.W02IntegratedChainTests.test_recovery_rechecks_current_input_permission_before_reusing_context) ... ok
test_unrelated_history_and_external_candidate_do_not_fill_reply (tests.test_w02_integration.W02IntegratedChainTests.test_unrelated_history_and_external_candidate_do_not_fill_reply) ... ok
test_adding_unrelated_same_root_material_preserves_current_memory (tests.test_w02_external_absorption.ExternalAbsorptionTests.test_adding_unrelated_same_root_material_preserves_current_memory) ... ok
test_distinct_counterevidence_is_conflict_not_a_winner (tests.test_w02_external_absorption.ExternalAbsorptionTests.test_distinct_counterevidence_is_conflict_not_a_winner) ... ok
test_external_control_claim_is_not_usable_or_permission (tests.test_w02_external_absorption.ExternalAbsorptionTests.test_external_control_claim_is_not_usable_or_permission) ... ok
test_external_root_subject_and_environment_binding_fail_closed (tests.test_w02_external_absorption.ExternalAbsorptionTests.test_external_root_subject_and_environment_binding_fail_closed) ... ok
test_late_current_root_proof_closes_wait_without_repeating_original_effect (tests.test_w02_external_absorption.ExternalAbsorptionTests.test_late_current_root_proof_closes_wait_without_repeating_original_effect) ... ok
test_missing_root_proof_waits_and_does_not_infer_history_absent (tests.test_w02_external_absorption.ExternalAbsorptionTests.test_missing_root_proof_waits_and_does_not_infer_history_absent) ... ok
test_old_date_and_wrong_result_hash_are_rejected_before_absorption (tests.test_w02_external_absorption.ExternalAbsorptionTests.test_old_date_and_wrong_result_hash_are_rejected_before_absorption) ... ok
test_one_root_is_not_enough_for_long_term_and_no_automatic_memory (tests.test_w02_external_absorption.ExternalAbsorptionTests.test_one_root_is_not_enough_for_long_term_and_no_automatic_memory) ... ok
test_ordinary_psychological_material_is_not_screened_as_control_command (tests.test_w02_external_absorption.ExternalAbsorptionTests.test_ordinary_psychological_material_is_not_screened_as_control_command) ... ok
test_permission_revocation_blocks_current_use_without_erasing_original_fact (tests.test_w02_external_absorption.ExternalAbsorptionTests.test_permission_revocation_blocks_current_use_without_erasing_original_fact) ... ok
test_read_only_outcome_does_not_advance_model_memory_or_revision (tests.test_w02_external_absorption.ExternalAbsorptionTests.test_read_only_outcome_does_not_advance_model_memory_or_revision) ... ok
test_receipted_root_becomes_pre_answer_candidate_not_subject_fact (tests.test_w02_external_absorption.ExternalAbsorptionTests.test_receipted_root_becomes_pre_answer_candidate_not_subject_fact) ... ok
test_revocation_correction_scope_and_expiry_invalidate_old_context (tests.test_w02_external_absorption.ExternalAbsorptionTests.test_revocation_correction_scope_and_expiry_invalidate_old_context) ... ok
test_same_root_original_and_derived_wrapper_count_once (tests.test_w02_external_absorption.ExternalAbsorptionTests.test_same_root_original_and_derived_wrapper_count_once) ... ok
test_two_independent_current_roots_can_use_original_p04_memory_and_summary (tests.test_w02_external_absorption.ExternalAbsorptionTests.test_two_independent_current_roots_can_use_original_p04_memory_and_summary) ... ok
test_unrelated_external_material_is_not_selected_for_this_response (tests.test_w02_external_absorption.ExternalAbsorptionTests.test_unrelated_external_material_is_not_selected_for_this_response) ... ok
test_w02_a_and_b_real_ingress_share_pre_answer_external_candidate (tests.test_w02_external_absorption.ExternalAbsorptionTests.test_w02_a_and_b_real_ingress_share_pre_answer_external_candidate) ... ERROR
test_withdrawing_only_derived_material_invalidates_every_dependent_use (tests.test_w02_external_absorption.ExternalAbsorptionTests.test_withdrawing_only_derived_material_invalidates_every_dependent_use) ... ok
test_after_adapter_result_loss_recovers_exact_fact_not_second_query (tests.test_w02_external_recovery.ExternalRecoveryTests.test_after_adapter_result_loss_recovers_exact_fact_not_second_query) ... ok
test_corrupt_absorption_binding_fails_closed_before_context (tests.test_w02_external_recovery.ExternalRecoveryTests.test_corrupt_absorption_binding_fails_closed_before_context) ... ok
test_old_p16_cache_without_root_proof_is_not_trusted_w02c_material (tests.test_w02_external_recovery.ExternalRecoveryTests.test_old_p16_cache_without_root_proof_is_not_trusted_w02c_material) ... ok
test_original_completed_request_replays_without_new_execution_or_cache_row (tests.test_w02_external_recovery.ExternalRecoveryTests.test_original_completed_request_replays_without_new_execution_or_cache_row) ... ok
test_real_child_reopens_original_request_and_root_without_effect_replay (tests.test_w02_external_recovery.ExternalRecoveryTests.test_real_child_reopens_original_request_and_root_without_effect_replay) ... ok
test_revoked_source_never_becomes_new_material_on_replay (tests.test_w02_external_recovery.ExternalRecoveryTests.test_revoked_source_never_becomes_new_material_on_replay) ... ok
test_unknown_result_never_means_not_executed (tests.test_w02_external_recovery.ExternalRecoveryTests.test_unknown_result_never_means_not_executed) ... ok
test_capability_model_replacement_receives_the_same_core_contract (tests.test_w03_core_context.W03CoreContextTests.test_capability_model_replacement_receives_the_same_core_contract) ... ok
test_everyday_response_contains_identity_and_relationship_before_thinking (tests.test_w03_core_context.W03CoreContextTests.test_everyday_response_contains_identity_and_relationship_before_thinking) ... ok
test_insufficient_budget_does_not_silently_omit_core (tests.test_w03_core_context.W03CoreContextTests.test_insufficient_budget_does_not_silently_omit_core) ... ok
test_legacy_gate_remains_compatible (tests.test_w03_core_context.W03CoreContextTests.test_legacy_gate_remains_compatible) ... ok
test_missing_core_fails_before_thinking_or_action (tests.test_w03_core_context.W03CoreContextTests.test_missing_core_fails_before_thinking_or_action) ... ok
test_expired_transient_interpretation_cannot_become_current (tests.test_w03_recognition.W03RecognitionTests.test_expired_transient_interpretation_cannot_become_current) ... ok
test_raw_messages_enter_w02_then_original_learning_before_recognition (tests.test_w03_recognition.W03RecognitionTests.test_raw_messages_enter_w02_then_original_learning_before_recognition) ... ok
test_read_rechecks_permission_before_return_without_writing (tests.test_w03_recognition.W03RecognitionTests.test_read_rechecks_permission_before_return_without_writing) ... ok
test_revised_conclusion_keeps_old_evolution_and_revocation_marks_view_stale (tests.test_w03_recognition.W03RecognitionTests.test_revised_conclusion_keeps_old_evolution_and_revocation_marks_view_stale) ... ok
test_revoked_support_blocks_commit_without_state_write (tests.test_w03_recognition.W03RecognitionTests.test_revoked_support_blocks_commit_without_state_write) ... ok
test_same_root_and_different_object_cannot_corroborate (tests.test_w03_recognition.W03RecognitionTests.test_same_root_and_different_object_cannot_corroborate) ... ok
test_three_independent_experiences_commit_correct_and_replay (tests.test_w03_recognition.W03RecognitionTests.test_three_independent_experiences_commit_correct_and_replay) ... ok
test_validated_contrary_roots_withdraw_without_erasing_history (tests.test_w03_recognition.W03RecognitionTests.test_validated_contrary_roots_withdraw_without_erasing_history) ... ok
test_atomic_storage_failure_and_legacy_serialization (tests.test_w03_unfinished_items.W03UnfinishedItemTests.test_atomic_storage_failure_and_legacy_serialization) ... ok
test_blocked_urgent_does_not_starve_normal_and_identity_is_stable (tests.test_w03_unfinished_items.W03UnfinishedItemTests.test_blocked_urgent_does_not_starve_normal_and_identity_is_stable) ... ok
test_create_replay_restart_and_read_only_view (tests.test_w03_unfinished_items.W03UnfinishedItemTests.test_create_replay_restart_and_read_only_view) ... ok
test_defer_due_and_cancel_keep_one_identity_without_dispatch (tests.test_w03_unfinished_items.W03UnfinishedItemTests.test_defer_due_and_cancel_keep_one_identity_without_dispatch) ... ok
test_future_deadline_does_not_hide_actionable_matter (tests.test_w03_unfinished_items.W03UnfinishedItemTests.test_future_deadline_does_not_hide_actionable_matter) ... ok
test_internal_result_must_bind_the_same_item_not_its_creation (tests.test_w03_unfinished_items.W03UnfinishedItemTests.test_internal_result_must_bind_the_same_item_not_its_creation) ... ok
test_older_low_priority_eventually_passes_continuous_urgent_arrivals (tests.test_w03_unfinished_items.W03UnfinishedItemTests.test_older_low_priority_eventually_passes_continuous_urgent_arrivals) ... ok
test_read_rechecks_permission_before_return_without_writing (tests.test_w03_unfinished_items.W03UnfinishedItemTests.test_read_rechecks_permission_before_return_without_writing) ... ok
test_revoked_source_stops_new_opportunity_but_keeps_item_history (tests.test_w03_unfinished_items.W03UnfinishedItemTests.test_revoked_source_stops_new_opportunity_but_keeps_item_history) ... ok
test_two_writers_with_one_revision_accept_one_item_only (tests.test_w03_unfinished_items.W03UnfinishedItemTests.test_two_writers_with_one_revision_accept_one_item_only) ... ok
test_unverified_completion_and_stale_revision_fail_without_write (tests.test_w03_unfinished_items.W03UnfinishedItemTests.test_unverified_completion_and_stale_revision_fail_without_write) ... ok
test_verified_effect_completes_once_and_cancel_is_terminal (tests.test_w03_unfinished_items.W03UnfinishedItemTests.test_verified_effect_completes_once_and_cancel_is_terminal) ... ok
test_completed_and_cancelled_sink_without_exhausting_64_current_slots (tests.test_w03_n06_repair.W03N06RepairTests.test_completed_and_cancelled_sink_without_exhausting_64_current_slots) ... ok
test_existing_structured_item_can_bind_legacy_on_terminal_transition (tests.test_w03_n06_repair.W03N06RepairTests.test_existing_structured_item_can_bind_legacy_on_terminal_transition) ... ok
test_original_w03_command_hash_replays_without_new_revision (tests.test_w03_n06_repair.W03N06RepairTests.test_original_w03_command_hash_replays_without_new_revision) ... ok
test_same_title_needs_explicit_version_bound_legacy_migration (tests.test_w03_n06_repair.W03N06RepairTests.test_same_title_needs_explicit_version_bound_legacy_migration) ... ok
test_same_title_without_binding_keeps_ambiguous_legacy_item (tests.test_w03_n06_repair.W03N06RepairTests.test_same_title_without_binding_keeps_ambiguous_legacy_item) ... ok
test_unavailable_local_memory_is_not_ready_and_read_is_read_only (tests.test_w03_n06_repair.W03N06RepairTests.test_unavailable_local_memory_is_not_ready_and_read_is_read_only) ... ok
test_withdrawn_external_rendering_stops_item_after_reopen (tests.test_w03_n06_repair.W03N06RepairTests.test_withdrawn_external_rendering_stops_item_after_reopen) ... ok

======================================================================
ERROR: test_start_waits_for_checkpoint_without_relaxing_owner_lock (tests.test_p18_runtime_contention.RuntimeContentionTests.test_start_waits_for_checkpoint_without_relaxing_owner_lock)
----------------------------------------------------------------------
Traceback (most recent call last):
  File "C:\Users\Administrator\Documents\continuity-engine\tests\test_p18_runtime_contention.py", line 322, in test_start_waits_for_checkpoint_without_relaxing_owner_lock
    self.stop(p)
    ~~~~~~~~~^^^
  File "C:\Users\Administrator\Documents\continuity-engine\tests\test_p18_runtime_contention.py", line 89, in stop
    self.f.host.control('STOP',command_id='test-stop',expected_revision=None,handle='p18-test-owner')
    ~~~~~~~~~~~~~~~~~~~^^^^^^^^^^^^^^^^^^^^^^^^^^^^^^^^^^^^^^^^^^^^^^^^^^^^^^^^^^^^^^^^^^^^^^^^^^^^^^
  File "C:\Users\Administrator\Documents\continuity-engine\src\continuity_engine\services\persistent_runtime_service.py", line 38, in control
    with self.repository.transaction() as d:
         ~~~~~~~~~~~~~~~~~~~~~~~~~~~^^
  File "E:\Adobe\Lib\contextlib.py", line 141, in __enter__
    return next(self.gen)
  File "C:\Users\Administrator\Documents\continuity-engine\src\continuity_engine\storage\json_runtime_repository.py", line 146, in transaction
    with file_lock(self.path.with_suffix('.lock'),checkpoint=True,
         ~~~~~~~~~^^^^^^^^^^^^^^^^^^^^^^^^^^^^^^^^^^^^^^^^^^^^^^^^
                   wait_seconds=max(0,deadline-time.monotonic())):
                   ^^^^^^^^^^^^^^^^^^^^^^^^^^^^^^^^^^^^^^^^^^^^^^
  File "E:\Adobe\Lib\contextlib.py", line 141, in __enter__
    return next(self.gen)
  File "C:\Users\Administrator\Documents\continuity-engine\src\continuity_engine\storage\json_runtime_repository.py", line 73, in file_lock
    if checkpoint:raise RuntimeCheckpointBusy() from None
                  ^^^^^^^^^^^^^^^^^^^^^^^^^^^^^^^^^^^^^^^
continuity_engine.storage.json_runtime_repository.RuntimeCheckpointBusy: RUNTIME_CHECKPOINT_BUSY

======================================================================
ERROR: test_four_materials_preanswer_with_original_1000ms_policy (tests.test_w02_recall_timeout.W02RecallTimeoutTests.test_four_materials_preanswer_with_original_1000ms_policy)
----------------------------------------------------------------------
Traceback (most recent call last):
  File "C:\Users\Administrator\Documents\continuity-engine\src\continuity_engine\services\continuity_interaction_service.py", line 308, in _submit
    operation, thinking_execution = self._run_domain(request, operation, binding)
                                    ~~~~~~~~~~~~~~~~^^^^^^^^^^^^^^^^^^^^^^^^^^^^^
  File "C:\Users\Administrator\Documents\continuity-engine\src\continuity_engine\services\continuity_interaction_service.py", line 863, in _run_domain
    perception = self._continuity_core.prepare(perception, operation,
        **({'save_input': save_input} if operation.input_processing_enabled else {}),
        **({'save_recall':save_recall} if operation.recall_enabled else {}))
  File "C:\Users\Administrator\Documents\continuity-engine\src\continuity_engine\services\continuity_core_service.py", line 332, in prepare
    return self._prepare(perception, operation, save_input=save_input,save_recall=save_recall)
           ~~~~~~~~~~~~~^^^^^^^^^^^^^^^^^^^^^^^^^^^^^^^^^^^^^^^^^^^^^^^^^^^^^^^^^^^^^^^^^^^^^^
  File "C:\Users\Administrator\Documents\continuity-engine\src\continuity_engine\services\continuity_core_service.py", line 411, in _prepare
    route,composition,recall_record=self.recall.prepare(perception,operation,save_recall,
                                    ~~~~~~~~~~~~~~~~~~~^^^^^^^^^^^^^^^^^^^^^^^^^^^^^^^^^^
        attention=mind['influence']['attention'] if mind is not None else None)
        ^^^^^^^^^^^^^^^^^^^^^^^^^^^^^^^^^^^^^^^^^^^^^^^^^^^^^^^^^^^^^^^^^^^^^^^
  File "C:\Users\Administrator\Documents\continuity-engine\src\continuity_engine\services\associative_recall_service.py", line 100, in prepare
    return self._prepare(perception,operation,save,attention=attention)
           ~~~~~~~~~~~~~^^^^^^^^^^^^^^^^^^^^^^^^^^^^^^^^^^^^^^^^^^^^^^^
  File "C:\Users\Administrator\Documents\continuity-engine\src\continuity_engine\services\associative_recall_service.py", line 211, in _prepare
    raise CapabilityValidationError(stop)
continuity_engine.domain.errors.CapabilityValidationError: RECALL_TIMEOUT

The above exception was the direct cause of the following exception:

Traceback (most recent call last):
  File "C:\Users\Administrator\Documents\continuity-engine\tests\test_w02_recall_timeout.py", line 57, in test_four_materials_preanswer_with_original_1000ms_policy
    requests.append(self.send())
                    ~~~~~~~~~^^
  File "C:\Users\Administrator\Documents\continuity-engine\tests\test_w02_recall_timeout.py", line 41, in send
    self.f.submit(request)
    ~~~~~~~~~~~~~^^^^^^^^^
  File "C:\Users\Administrator\Documents\continuity-engine\src\continuity_engine\testing\w02_c_fixture.py", line 85, in submit
    return self.base.submit(request)
           ~~~~~~~~~~~~~~~~^^^^^^^^^
  File "C:\Users\Administrator\Documents\continuity-engine\src\continuity_engine\testing\p16_provider_fixture.py", line 166, in submit
    request=request or self.request();value=self.app.adapter.submit(request)
                                            ~~~~~~~~~~~~~~~~~~~~~~~^^^^^^^^^
  File "C:\Users\Administrator\Documents\continuity-engine\src\continuity_engine\interfaces\integration_adapter.py", line 38, in submit
    return self._service.submit(payload)
           ~~~~~~~~~~~~~~~~~~~~^^^^^^^^^
  File "C:\Users\Administrator\Documents\continuity-engine\src\continuity_engine\services\continuity_interaction_service.py", line 191, in submit
    return self._submit(payload, access_use=access_use)
           ~~~~~~~~~~~~^^^^^^^^^^^^^^^^^^^^^^^^^^^^^^^^
  File "C:\Users\Administrator\Documents\continuity-engine\src\continuity_engine\services\continuity_interaction_service.py", line 320, in _submit
    raise IntegrationExecutionError(
    ...<4 lines>...
    ) from exc
continuity_engine.domain.errors.IntegrationExecutionError: Local integration encountered an unexpected execution fault during domain.

======================================================================
ERROR: test_third_message_sixteen_candidates_and_current_derived_sources (tests.test_w02_recall_timeout.W02RecallTimeoutTests.test_third_message_sixteen_candidates_and_current_derived_sources)
----------------------------------------------------------------------
Traceback (most recent call last):
  File "C:\Users\Administrator\Documents\continuity-engine\src\continuity_engine\services\continuity_interaction_service.py", line 308, in _submit
    operation, thinking_execution = self._run_domain(request, operation, binding)
                                    ~~~~~~~~~~~~~~~~^^^^^^^^^^^^^^^^^^^^^^^^^^^^^
  File "C:\Users\Administrator\Documents\continuity-engine\src\continuity_engine\services\continuity_interaction_service.py", line 863, in _run_domain
    perception = self._continuity_core.prepare(perception, operation,
        **({'save_input': save_input} if operation.input_processing_enabled else {}),
        **({'save_recall':save_recall} if operation.recall_enabled else {}))
  File "C:\Users\Administrator\Documents\continuity-engine\src\continuity_engine\services\continuity_core_service.py", line 332, in prepare
    return self._prepare(perception, operation, save_input=save_input,save_recall=save_recall)
           ~~~~~~~~~~~~~^^^^^^^^^^^^^^^^^^^^^^^^^^^^^^^^^^^^^^^^^^^^^^^^^^^^^^^^^^^^^^^^^^^^^^
  File "C:\Users\Administrator\Documents\continuity-engine\src\continuity_engine\services\continuity_core_service.py", line 411, in _prepare
    route,composition,recall_record=self.recall.prepare(perception,operation,save_recall,
                                    ~~~~~~~~~~~~~~~~~~~^^^^^^^^^^^^^^^^^^^^^^^^^^^^^^^^^^
        attention=mind['influence']['attention'] if mind is not None else None)
        ^^^^^^^^^^^^^^^^^^^^^^^^^^^^^^^^^^^^^^^^^^^^^^^^^^^^^^^^^^^^^^^^^^^^^^^
  File "C:\Users\Administrator\Documents\continuity-engine\src\continuity_engine\services\associative_recall_service.py", line 100, in prepare
    return self._prepare(perception,operation,save,attention=attention)
           ~~~~~~~~~~~~~^^^^^^^^^^^^^^^^^^^^^^^^^^^^^^^^^^^^^^^^^^^^^^^
  File "C:\Users\Administrator\Documents\continuity-engine\src\continuity_engine\services\associative_recall_service.py", line 211, in _prepare
    raise CapabilityValidationError(stop)
continuity_engine.domain.errors.CapabilityValidationError: RECALL_TIMEOUT

The above exception was the direct cause of the following exception:

Traceback (most recent call last):
  File "C:\Users\Administrator\Documents\continuity-engine\tests\test_w02_recall_timeout.py", line 80, in test_third_message_sixteen_candidates_and_current_derived_sources
    self.send()
    ~~~~~~~~~^^
  File "C:\Users\Administrator\Documents\continuity-engine\tests\test_w02_recall_timeout.py", line 41, in send
    self.f.submit(request)
    ~~~~~~~~~~~~~^^^^^^^^^
  File "C:\Users\Administrator\Documents\continuity-engine\src\continuity_engine\testing\w02_c_fixture.py", line 85, in submit
    return self.base.submit(request)
           ~~~~~~~~~~~~~~~~^^^^^^^^^
  File "C:\Users\Administrator\Documents\continuity-engine\src\continuity_engine\testing\p16_provider_fixture.py", line 166, in submit
    request=request or self.request();value=self.app.adapter.submit(request)
                                            ~~~~~~~~~~~~~~~~~~~~~~~^^^^^^^^^
  File "C:\Users\Administrator\Documents\continuity-engine\src\continuity_engine\interfaces\integration_adapter.py", line 38, in submit
    return self._service.submit(payload)
           ~~~~~~~~~~~~~~~~~~~~^^^^^^^^^
  File "C:\Users\Administrator\Documents\continuity-engine\src\continuity_engine\services\continuity_interaction_service.py", line 191, in submit
    return self._submit(payload, access_use=access_use)
           ~~~~~~~~~~~~^^^^^^^^^^^^^^^^^^^^^^^^^^^^^^^^
  File "C:\Users\Administrator\Documents\continuity-engine\src\continuity_engine\services\continuity_interaction_service.py", line 320, in _submit
    raise IntegrationExecutionError(
    ...<4 lines>...
    ) from exc
continuity_engine.domain.errors.IntegrationExecutionError: Local integration encountered an unexpected execution fault during domain.

======================================================================
ERROR: test_partial_derived_withdrawal_invalidates_integrated_reply_and_support (tests.test_w02_integration.W02IntegratedChainTests.test_partial_derived_withdrawal_invalidates_integrated_reply_and_support)
----------------------------------------------------------------------
Traceback (most recent call last):
  File "C:\Users\Administrator\Documents\continuity-engine\src\continuity_engine\services\continuity_interaction_service.py", line 308, in _submit
    operation, thinking_execution = self._run_domain(request, operation, binding)
                                    ~~~~~~~~~~~~~~~~^^^^^^^^^^^^^^^^^^^^^^^^^^^^^
  File "C:\Users\Administrator\Documents\continuity-engine\src\continuity_engine\services\continuity_interaction_service.py", line 863, in _run_domain
    perception = self._continuity_core.prepare(perception, operation,
        **({'save_input': save_input} if operation.input_processing_enabled else {}),
        **({'save_recall':save_recall} if operation.recall_enabled else {}))
  File "C:\Users\Administrator\Documents\continuity-engine\src\continuity_engine\services\continuity_core_service.py", line 332, in prepare
    return self._prepare(perception, operation, save_input=save_input,save_recall=save_recall)
           ~~~~~~~~~~~~~^^^^^^^^^^^^^^^^^^^^^^^^^^^^^^^^^^^^^^^^^^^^^^^^^^^^^^^^^^^^^^^^^^^^^^
  File "C:\Users\Administrator\Documents\continuity-engine\src\continuity_engine\services\continuity_core_service.py", line 411, in _prepare
    route,composition,recall_record=self.recall.prepare(perception,operation,save_recall,
                                    ~~~~~~~~~~~~~~~~~~~^^^^^^^^^^^^^^^^^^^^^^^^^^^^^^^^^^
        attention=mind['influence']['attention'] if mind is not None else None)
        ^^^^^^^^^^^^^^^^^^^^^^^^^^^^^^^^^^^^^^^^^^^^^^^^^^^^^^^^^^^^^^^^^^^^^^^
  File "C:\Users\Administrator\Documents\continuity-engine\src\continuity_engine\services\associative_recall_service.py", line 100, in prepare
    return self._prepare(perception,operation,save,attention=attention)
           ~~~~~~~~~~~~~^^^^^^^^^^^^^^^^^^^^^^^^^^^^^^^^^^^^^^^^^^^^^^^
  File "C:\Users\Administrator\Documents\continuity-engine\src\continuity_engine\services\associative_recall_service.py", line 211, in _prepare
    raise CapabilityValidationError(stop)
continuity_engine.domain.errors.CapabilityValidationError: RECALL_TIMEOUT

The above exception was the direct cause of the following exception:

Traceback (most recent call last):
  File "C:\Users\Administrator\Documents\continuity-engine\tests\test_w02_integration.py", line 146, in test_partial_derived_withdrawal_invalidates_integrated_reply_and_support
    self.send('我又在吃螺蛳粉。')
    ~~~~~~~~~^^^^^^^^^^^^^^^^^^^^
  File "C:\Users\Administrator\Documents\continuity-engine\tests\test_w02_integration.py", line 50, in send
    self.f.submit(request)
    ~~~~~~~~~~~~~^^^^^^^^^
  File "C:\Users\Administrator\Documents\continuity-engine\src\continuity_engine\testing\w02_c_fixture.py", line 85, in submit
    return self.base.submit(request)
           ~~~~~~~~~~~~~~~~^^^^^^^^^
  File "C:\Users\Administrator\Documents\continuity-engine\src\continuity_engine\testing\p16_provider_fixture.py", line 166, in submit
    request=request or self.request();value=self.app.adapter.submit(request)
                                            ~~~~~~~~~~~~~~~~~~~~~~~^^^^^^^^^
  File "C:\Users\Administrator\Documents\continuity-engine\src\continuity_engine\interfaces\integration_adapter.py", line 38, in submit
    return self._service.submit(payload)
           ~~~~~~~~~~~~~~~~~~~~^^^^^^^^^
  File "C:\Users\Administrator\Documents\continuity-engine\src\continuity_engine\services\continuity_interaction_service.py", line 191, in submit
    return self._submit(payload, access_use=access_use)
           ~~~~~~~~~~~~^^^^^^^^^^^^^^^^^^^^^^^^^^^^^^^^
  File "C:\Users\Administrator\Documents\continuity-engine\src\continuity_engine\services\continuity_interaction_service.py", line 320, in _submit
    raise IntegrationExecutionError(
    ...<4 lines>...
    ) from exc
continuity_engine.domain.errors.IntegrationExecutionError: Local integration encountered an unexpected execution fault during domain.

======================================================================
ERROR: test_raw_message_stations_old_memory_receipt_and_final_preanswer_context (tests.test_w02_integration.W02IntegratedChainTests.test_raw_message_stations_old_memory_receipt_and_final_preanswer_context)
----------------------------------------------------------------------
Traceback (most recent call last):
  File "C:\Users\Administrator\Documents\continuity-engine\src\continuity_engine\services\continuity_interaction_service.py", line 308, in _submit
    operation, thinking_execution = self._run_domain(request, operation, binding)
                                    ~~~~~~~~~~~~~~~~^^^^^^^^^^^^^^^^^^^^^^^^^^^^^
  File "C:\Users\Administrator\Documents\continuity-engine\src\continuity_engine\services\continuity_interaction_service.py", line 863, in _run_domain
    perception = self._continuity_core.prepare(perception, operation,
        **({'save_input': save_input} if operation.input_processing_enabled else {}),
        **({'save_recall':save_recall} if operation.recall_enabled else {}))
  File "C:\Users\Administrator\Documents\continuity-engine\src\continuity_engine\services\continuity_core_service.py", line 332, in prepare
    return self._prepare(perception, operation, save_input=save_input,save_recall=save_recall)
           ~~~~~~~~~~~~~^^^^^^^^^^^^^^^^^^^^^^^^^^^^^^^^^^^^^^^^^^^^^^^^^^^^^^^^^^^^^^^^^^^^^^
  File "C:\Users\Administrator\Documents\continuity-engine\src\continuity_engine\services\continuity_core_service.py", line 411, in _prepare
    route,composition,recall_record=self.recall.prepare(perception,operation,save_recall,
                                    ~~~~~~~~~~~~~~~~~~~^^^^^^^^^^^^^^^^^^^^^^^^^^^^^^^^^^
        attention=mind['influence']['attention'] if mind is not None else None)
        ^^^^^^^^^^^^^^^^^^^^^^^^^^^^^^^^^^^^^^^^^^^^^^^^^^^^^^^^^^^^^^^^^^^^^^^
  File "C:\Users\Administrator\Documents\continuity-engine\src\continuity_engine\services\associative_recall_service.py", line 100, in prepare
    return self._prepare(perception,operation,save,attention=attention)
           ~~~~~~~~~~~~~^^^^^^^^^^^^^^^^^^^^^^^^^^^^^^^^^^^^^^^^^^^^^^^
  File "C:\Users\Administrator\Documents\continuity-engine\src\continuity_engine\services\associative_recall_service.py", line 211, in _prepare
    raise CapabilityValidationError(stop)
continuity_engine.domain.errors.CapabilityValidationError: RECALL_TIMEOUT

The above exception was the direct cause of the following exception:

Traceback (most recent call last):
  File "C:\Users\Administrator\Documents\continuity-engine\tests\test_w02_integration.py", line 88, in test_raw_message_stations_old_memory_receipt_and_final_preanswer_context
    second = self.send('我又在吃螺蛳粉。')
             ~~~~~~~~~^^^^^^^^^^^^^^^^^^^^
  File "C:\Users\Administrator\Documents\continuity-engine\tests\test_w02_integration.py", line 50, in send
    self.f.submit(request)
    ~~~~~~~~~~~~~^^^^^^^^^
  File "C:\Users\Administrator\Documents\continuity-engine\src\continuity_engine\testing\w02_c_fixture.py", line 85, in submit
    return self.base.submit(request)
           ~~~~~~~~~~~~~~~~^^^^^^^^^
  File "C:\Users\Administrator\Documents\continuity-engine\src\continuity_engine\testing\p16_provider_fixture.py", line 166, in submit
    request=request or self.request();value=self.app.adapter.submit(request)
                                            ~~~~~~~~~~~~~~~~~~~~~~~^^^^^^^^^
  File "C:\Users\Administrator\Documents\continuity-engine\src\continuity_engine\interfaces\integration_adapter.py", line 38, in submit
    return self._service.submit(payload)
           ~~~~~~~~~~~~~~~~~~~~^^^^^^^^^
  File "C:\Users\Administrator\Documents\continuity-engine\src\continuity_engine\services\continuity_interaction_service.py", line 191, in submit
    return self._submit(payload, access_use=access_use)
           ~~~~~~~~~~~~^^^^^^^^^^^^^^^^^^^^^^^^^^^^^^^^
  File "C:\Users\Administrator\Documents\continuity-engine\src\continuity_engine\services\continuity_interaction_service.py", line 320, in _submit
    raise IntegrationExecutionError(
    ...<4 lines>...
    ) from exc
continuity_engine.domain.errors.IntegrationExecutionError: Local integration encountered an unexpected execution fault during domain.

======================================================================
ERROR: test_w02_a_and_b_real_ingress_share_pre_answer_external_candidate (tests.test_w02_external_absorption.ExternalAbsorptionTests.test_w02_a_and_b_real_ingress_share_pre_answer_external_candidate)
----------------------------------------------------------------------
Traceback (most recent call last):
  File "C:\Users\Administrator\Documents\continuity-engine\src\continuity_engine\services\continuity_interaction_service.py", line 308, in _submit
    operation, thinking_execution = self._run_domain(request, operation, binding)
                                    ~~~~~~~~~~~~~~~~^^^^^^^^^^^^^^^^^^^^^^^^^^^^^
  File "C:\Users\Administrator\Documents\continuity-engine\src\continuity_engine\services\continuity_interaction_service.py", line 863, in _run_domain
    perception = self._continuity_core.prepare(perception, operation,
        **({'save_input': save_input} if operation.input_processing_enabled else {}),
        **({'save_recall':save_recall} if operation.recall_enabled else {}))
  File "C:\Users\Administrator\Documents\continuity-engine\src\continuity_engine\services\continuity_core_service.py", line 332, in prepare
    return self._prepare(perception, operation, save_input=save_input,save_recall=save_recall)
           ~~~~~~~~~~~~~^^^^^^^^^^^^^^^^^^^^^^^^^^^^^^^^^^^^^^^^^^^^^^^^^^^^^^^^^^^^^^^^^^^^^^
  File "C:\Users\Administrator\Documents\continuity-engine\src\continuity_engine\services\continuity_core_service.py", line 411, in _prepare
    route,composition,recall_record=self.recall.prepare(perception,operation,save_recall,
                                    ~~~~~~~~~~~~~~~~~~~^^^^^^^^^^^^^^^^^^^^^^^^^^^^^^^^^^
        attention=mind['influence']['attention'] if mind is not None else None)
        ^^^^^^^^^^^^^^^^^^^^^^^^^^^^^^^^^^^^^^^^^^^^^^^^^^^^^^^^^^^^^^^^^^^^^^^
  File "C:\Users\Administrator\Documents\continuity-engine\src\continuity_engine\services\associative_recall_service.py", line 100, in prepare
    return self._prepare(perception,operation,save,attention=attention)
           ~~~~~~~~~~~~~^^^^^^^^^^^^^^^^^^^^^^^^^^^^^^^^^^^^^^^^^^^^^^^
  File "C:\Users\Administrator\Documents\continuity-engine\src\continuity_engine\services\associative_recall_service.py", line 211, in _prepare
    raise CapabilityValidationError(stop)
continuity_engine.domain.errors.CapabilityValidationError: RECALL_TIMEOUT

The above exception was the direct cause of the following exception:

Traceback (most recent call last):
  File "C:\Users\Administrator\Documents\continuity-engine\tests\test_w02_external_absorption.py", line 358, in test_w02_a_and_b_real_ingress_share_pre_answer_external_candidate
    f.next_round()
    ~~~~~~~~~~~~^^
  File "C:\Users\Administrator\Documents\continuity-engine\src\continuity_engine\testing\w02_c_fixture.py", line 88, in next_round
    return self.base.next_round()
           ~~~~~~~~~~~~~~~~~~~~^^
  File "C:\Users\Administrator\Documents\continuity-engine\src\continuity_engine\testing\p16_provider_fixture.py", line 172, in next_round
    self.runtime.clock.advance(timedelta(seconds=1));return self.submit()
                                                            ~~~~~~~~~~~^^
  File "C:\Users\Administrator\Documents\continuity-engine\src\continuity_engine\testing\p16_provider_fixture.py", line 166, in submit
    request=request or self.request();value=self.app.adapter.submit(request)
                                            ~~~~~~~~~~~~~~~~~~~~~~~^^^^^^^^^
  File "C:\Users\Administrator\Documents\continuity-engine\src\continuity_engine\interfaces\integration_adapter.py", line 38, in submit
    return self._service.submit(payload)
           ~~~~~~~~~~~~~~~~~~~~^^^^^^^^^
  File "C:\Users\Administrator\Documents\continuity-engine\src\continuity_engine\services\continuity_interaction_service.py", line 191, in submit
    return self._submit(payload, access_use=access_use)
           ~~~~~~~~~~~~^^^^^^^^^^^^^^^^^^^^^^^^^^^^^^^^
  File "C:\Users\Administrator\Documents\continuity-engine\src\continuity_engine\services\continuity_interaction_service.py", line 320, in _submit
    raise IntegrationExecutionError(
    ...<4 lines>...
    ) from exc
continuity_engine.domain.errors.IntegrationExecutionError: Local integration encountered an unexpected execution fault during domain.

======================================================================
FAIL: test_long_busy_host_remains_live_and_diagnostic_is_not_flooded (tests.test_p18_runtime_contention.RuntimeContentionTests.test_long_busy_host_remains_live_and_diagnostic_is_not_flooded)
----------------------------------------------------------------------
Traceback (most recent call last):
  File "C:\Users\Administrator\Documents\continuity-engine\tests\test_p18_runtime_contention.py", line 271, in test_long_busy_host_remains_live_and_diagnostic_is_not_flooded
    self.assertEqual(err.count('RUNTIME_CHECKPOINT_BUSY'),1)
    ~~~~~~~~~~~~~~~~^^^^^^^^^^^^^^^^^^^^^^^^^^^^^^^^^^^^^^^^
AssertionError: 2 != 1

----------------------------------------------------------------------
Ran 414 tests in 3367.155s

FAILED (failures=1, errors=6)
