test_complex_actions_require_planner_even_if_choice_claims_simple (tests.test_p08_action_planning.P08ActionPlanningTests.test_complex_actions_require_planner_even_if_choice_claims_simple) ... ok
test_confirmation_requires_exact_request_binding (tests.test_p08_action_planning.P08ActionPlanningTests.test_confirmation_requires_exact_request_binding) ... ok
test_cross_subject_environment_snapshot_revision_source_rejected (tests.test_p08_action_planning.P08ActionPlanningTests.test_cross_subject_environment_snapshot_revision_source_rejected) ... ok
test_dependency_cycle_forward_duplicate_and_model_generate_rejected (tests.test_p08_action_planning.P08ActionPlanningTests.test_dependency_cycle_forward_duplicate_and_model_generate_rejected) ... ok
test_different_step_result_misdelivery_rejected (tests.test_p08_action_planning.P08ActionPlanningTests.test_different_step_result_misdelivery_rejected) ... ok
test_direct_actions_work_with_planner_disabled_without_plan (tests.test_p08_action_planning.P08ActionPlanningTests.test_direct_actions_work_with_planner_disabled_without_plan) ... ok
test_domain_roundtrip_canonical_and_tampering (tests.test_p08_action_planning.P08ActionPlanningTests.test_domain_roundtrip_canonical_and_tampering) ... ok
test_expired_choice_has_durable_terminal_and_no_effect (tests.test_p08_action_planning.P08ActionPlanningTests.test_expired_choice_has_durable_terminal_and_no_effect) ... ok
test_failure_blocks_dependent_steps (tests.test_p08_action_planning.P08ActionPlanningTests.test_failure_blocks_dependent_steps) ... ok
test_fake_adapter_rejects_repository_and_formal_roots (tests.test_p08_action_planning.P08ActionPlanningTests.test_fake_adapter_rejects_repository_and_formal_roots) ... ok
test_forged_receipt_rejected_by_trusted_query (tests.test_p08_action_planning.P08ActionPlanningTests.test_forged_receipt_rejected_by_trusted_query) ... ok
test_frozen_external_validator_rejects_internal_request_and_result (tests.test_p08_action_planning.P08ActionPlanningTests.test_frozen_external_validator_rejects_internal_request_and_result) ... ok
test_golden_deterministic_replay_and_zero_underlying_writes (tests.test_p08_action_planning.P08ActionPlanningTests.test_golden_deterministic_replay_and_zero_underlying_writes) ... ok
test_information_need_and_action_intent_use_same_planner_and_gates (tests.test_p08_action_planning.P08ActionPlanningTests.test_information_need_and_action_intent_use_same_planner_and_gates) ... ok
test_internal_status_and_receipt_semantics_rejected (tests.test_p08_action_planning.P08ActionPlanningTests.test_internal_status_and_receipt_semantics_rejected) ... ok
test_local_execution_never_uses_network_or_credentials (tests.test_p08_action_planning.P08ActionPlanningTests.test_local_execution_never_uses_network_or_credentials) ... ok
test_observation_or_untrusted_decision_never_authorizes_action (tests.test_p08_action_planning.P08ActionPlanningTests.test_observation_or_untrusted_decision_never_authorizes_action) ... ok
test_p06_failed_or_tampered_or_stale_context_rejected (tests.test_p08_action_planning.P08ActionPlanningTests.test_p06_failed_or_tampered_or_stale_context_rejected) ... ok
test_permission_confirmation_resource_recovery_reality_gates_zero_effect (tests.test_p08_action_planning.P08ActionPlanningTests.test_permission_confirmation_resource_recovery_reality_gates_zero_effect) ... ok
test_persistent_attempt_tampering_fails_closed (tests.test_p08_action_planning.P08ActionPlanningTests.test_persistent_attempt_tampering_fails_closed) ... ok
test_planner_step_and_total_resource_limits (tests.test_p08_action_planning.P08ActionPlanningTests.test_planner_step_and_total_resource_limits) ... ok
test_same_identity_different_input_conflicts_in_single_ledger (tests.test_p08_action_planning.P08ActionPlanningTests.test_same_identity_different_input_conflicts_in_single_ledger) ... ok
test_unknown_capability_and_state_update_binding_are_not_fallbacks (tests.test_p08_action_planning.P08ActionPlanningTests.test_unknown_capability_and_state_update_binding_are_not_fallbacks) ... ok
test_all_four_local_provider_kinds_really_execute (tests.test_p16_providers.ProviderTests.test_all_four_local_provider_kinds_really_execute) ... ok
test_credential_reference_cannot_be_reused_by_other_connector (tests.test_p16_providers.ProviderTests.test_credential_reference_cannot_be_reused_by_other_connector) ... ok
test_disable_replay_is_idempotent_and_cannot_reregister_same_version (tests.test_p16_providers.ProviderTests.test_disable_replay_is_idempotent_and_cannot_reregister_same_version) ... ok
test_disabled_c1_gate_does_not_touch_installed_external_ports (tests.test_p16_providers.ProviderTests.test_disabled_c1_gate_does_not_touch_installed_external_ports) ... ok
test_existing_768_token_budget_explicitly_excludes_external_material (tests.test_p16_providers.ProviderTests.test_existing_768_token_budget_explicitly_excludes_external_material) ... ok
test_feature_gate_off_does_not_call_or_read_external_components (tests.test_p16_providers.ProviderTests.test_feature_gate_off_does_not_call_or_read_external_components) ... ok
test_memory_information_need_calls_fake_then_normal_context_consumes_candidate (tests.test_p16_providers.ProviderTests.test_memory_information_need_calls_fake_then_normal_context_consumes_candidate) ... ok
test_missing_expired_and_cross_subject_credentials_refuse_before_call (tests.test_p16_providers.ProviderTests.test_missing_expired_and_cross_subject_credentials_refuse_before_call) ... ok
test_normal_local_queries_use_no_socket (tests.test_p16_providers.ProviderTests.test_normal_local_queries_use_no_socket) ... ok
test_registry_concurrent_revision_allows_only_one_write (tests.test_p16_providers.ProviderTests.test_registry_concurrent_revision_allows_only_one_write) ... ok
test_registry_same_version_changed_content_is_conflict (tests.test_p16_providers.ProviderTests.test_registry_same_version_changed_content_is_conflict) ... ok
test_revoke_before_query_has_no_external_call_or_subject_write (tests.test_p16_providers.ProviderTests.test_revoke_before_query_has_no_external_call_or_subject_write) ... ok
test_upper_mixed_protected_roots_and_children_are_zero_write (tests.test_p16_providers.ProviderTests.test_upper_mixed_protected_roots_and_children_are_zero_write) ... ok
test_cache_expiry_excludes_candidate_without_refresh_call (tests.test_p16_context.ContextTests.test_cache_expiry_excludes_candidate_without_refresh_call) ... ok
test_cache_rehashed_payload_tamper_still_checks_original_fact (tests.test_p16_context.ContextTests.test_cache_rehashed_payload_tamper_still_checks_original_fact) ... ok
test_credential_revocation_excludes_current_cache (tests.test_p16_context.ContextTests.test_credential_revocation_excludes_current_cache) ... ok
test_cross_subject_result_rejected_even_from_local_provider (tests.test_p16_context.ContextTests.test_cross_subject_result_rejected_even_from_local_provider) ... ok
test_distinct_roots_survive_and_same_root_conflict_never_selects_authority (tests.test_p16_context.ContextTests.test_distinct_roots_survive_and_same_root_conflict_never_selects_authority) ... ok
test_exact_ttl_boundary_is_excluded_just_before_is_valid (tests.test_p16_context.ContextTests.test_exact_ttl_boundary_is_excluded_just_before_is_valid) ... ok
test_external_event_identity_cannot_be_internal_root (tests.test_p16_context.ContextTests.test_external_event_identity_cannot_be_internal_root) ... ok
test_invalid_cache_timestamp_is_corruption_not_freshness (tests.test_p16_context.ContextTests.test_invalid_cache_timestamp_is_corruption_not_freshness) ... ok
test_malicious_mutation_field_rejected_before_cache (tests.test_p16_context.ContextTests.test_malicious_mutation_field_rejected_before_cache) ... ok
test_offline_timeout_cancel_and_empty_are_explicit_results (tests.test_p16_context.ContextTests.test_offline_timeout_cancel_and_empty_are_explicit_results) ... ok
test_p12_archived_internal_memory_stays_absent_with_external_queries_enabled (tests.test_p16_context.ContextTests.test_p12_archived_internal_memory_stays_absent_with_external_queries_enabled) ... ok
test_p15_growth_does_not_promote_external_candidates_to_experience (tests.test_p16_context.ContextTests.test_p15_growth_does_not_promote_external_candidates_to_experience) ... ok
test_registry_wrong_environment_rejected_without_write (tests.test_p16_context.ContextTests.test_registry_wrong_environment_rejected_without_write) ... ok
test_replacement_descriptor_cannot_reuse_old_exact_reference (tests.test_p16_context.ContextTests.test_replacement_descriptor_cannot_reuse_old_exact_reference) ... ok
test_replacement_preserves_old_fact_but_invalidates_old_material (tests.test_p16_context.ContextTests.test_replacement_preserves_old_fact_but_invalidates_old_material) ... ok
test_revocation_invalidates_already_composed_context (tests.test_p16_context.ContextTests.test_revocation_invalidates_already_composed_context) ... ok
test_revoke_during_result_read_blocks_consumption_and_cache_write (tests.test_p16_context.ContextTests.test_revoke_during_result_read_blocks_consumption_and_cache_write) ... ok
test_router_source_limit_is_separate_from_composer_budget (tests.test_p16_context.ContextTests.test_router_source_limit_is_separate_from_composer_budget) ... ok
test_same_request_payload_hash_conflict_is_rejected (tests.test_p16_context.ContextTests.test_same_request_payload_hash_conflict_is_rejected) ... ok
test_same_root_candidates_deduplicate_without_promoting_authority (tests.test_p16_context.ContextTests.test_same_root_candidates_deduplicate_without_promoting_authority) ... ok
test_same_root_conflicting_content_is_preserved_as_non_independent_candidates (tests.test_p16_context.ContextTests.test_same_root_conflicting_content_is_preserved_as_non_independent_candidates) ... ok
test_secret_in_result_and_material_denial_never_reach_cache_or_state (tests.test_p16_context.ContextTests.test_secret_in_result_and_material_denial_never_reach_cache_or_state) ... ok
test_strict_result_shape_version_hash_environment_and_bounds (tests.test_p16_context.ContextTests.test_strict_result_shape_version_hash_environment_and_bounds) ... ok
test_archived_and_deleted_subjects_do_not_consume_or_execute (tests.test_p16_recovery.RecoveryTests.test_archived_and_deleted_subjects_do_not_consume_or_execute) ... ok
test_atomic_registry_failure_keeps_original_bytes (tests.test_p16_recovery.RecoveryTests.test_atomic_registry_failure_keeps_original_bytes) ... ok
test_child_timeout_preserves_output_and_never_retries (tests.test_p16_recovery.RecoveryTests.test_child_timeout_preserves_output_and_never_retries) ... ok
test_completed_replay_rechecks_receipt_without_reexecution (tests.test_p16_recovery.RecoveryTests.test_completed_replay_rechecks_receipt_without_reexecution) ... ok
test_completed_replay_survives_revocation_without_new_consumption (tests.test_p16_recovery.RecoveryTests.test_completed_replay_survives_revocation_without_new_consumption) ... ok
test_explicit_retry_uses_original_attempts_and_stops_at_bound (tests.test_p16_recovery.RecoveryTests.test_explicit_retry_uses_original_attempts_and_stops_at_bound) ... ok
test_historical_success_unknown_query_cannot_replay_completed (tests.test_p16_recovery.RecoveryTests.test_historical_success_unknown_query_cannot_replay_completed) ... ok
test_lost_response_after_receipt_can_close_after_revocation_without_consuming (tests.test_p16_recovery.RecoveryTests.test_lost_response_after_receipt_can_close_after_revocation_without_consuming) ... ok
test_p01_branch_replays_original_receipt_without_polluting_parent (tests.test_p16_recovery.RecoveryTests.test_p01_branch_replays_original_receipt_without_polluting_parent) ... ok
test_p01_snapshot_covers_registry_cache_and_receipts (tests.test_p16_recovery.RecoveryTests.test_p01_snapshot_covers_registry_cache_and_receipts) ... ok
test_paused_subject_blocks_new_query_and_current_cache_but_recovers_fact (tests.test_p16_recovery.RecoveryTests.test_paused_subject_blocks_new_query_and_current_cache_but_recovers_fact) ... ok
test_provider_error_secret_never_enters_engine_files (tests.test_p16_recovery.RecoveryTests.test_provider_error_secret_never_enters_engine_files) ... ok
test_query_exception_never_authorizes_dispatch_or_exposes_secret (tests.test_p16_recovery.RecoveryTests.test_query_exception_never_authorizes_dispatch_or_exposes_secret) ... ok
test_reserved_not_executed_after_revocation_cannot_dispatch (tests.test_p16_recovery.RecoveryTests.test_reserved_not_executed_after_revocation_cannot_dispatch) ... ok
test_string_not_executed_is_unknown (tests.test_p16_recovery.RecoveryTests.test_string_not_executed_is_unknown) ... ok
test_three_real_process_golden_recovers_replaces_and_revokes (tests.test_p16_recovery.RecoveryTests.test_three_real_process_golden_recovers_replaces_and_revokes) ... ok
test_unknown_does_not_execute_even_with_explicit_retry (tests.test_p16_recovery.RecoveryTests.test_unknown_does_not_execute_even_with_explicit_retry) ... ok
test_broker_authorization_exception_must_not_leak_in_diagnostics (tests.test_p16_review_regressions.IndependentEdges.test_broker_authorization_exception_must_not_leak_in_diagnostics) ... ok
test_broker_material_exception_must_not_leak_in_diagnostics (tests.test_p16_review_regressions.IndependentEdges.test_broker_material_exception_must_not_leak_in_diagnostics) ... ok
test_denied_external_query_is_not_copied_into_new_persistent_material (tests.test_p16_review_regressions.IndependentEdges.test_denied_external_query_is_not_copied_into_new_persistent_material) ... ok
test_permission_port_exception_must_not_leak_in_diagnostics (tests.test_p16_review_regressions.IndependentEdges.test_permission_port_exception_must_not_leak_in_diagnostics) ... ok
test_positive_normal_query_still_consumes_candidate (tests.test_p16_review_regressions.IndependentEdges.test_positive_normal_query_still_consumes_candidate) ... ok
test_positive_ordinary_psychological_query_is_not_censored (tests.test_p16_review_regressions.IndependentEdges.test_positive_ordinary_psychological_query_is_not_censored) ... ok
test_positive_provider_result_exception_is_sanitized (tests.test_p16_review_regressions.IndependentEdges.test_positive_provider_result_exception_is_sanitized) ... ok
test_positive_safe_provider_receipt_id_remains_recoverable (tests.test_p16_review_regressions.IndependentEdges.test_positive_safe_provider_receipt_id_remains_recoverable) ... ok
test_secret_receipt_identifier_must_not_be_persisted_by_engine (tests.test_p16_review_regressions.IndependentEdges.test_secret_receipt_identifier_must_not_be_persisted_by_engine) ... ok
test_c1_capability_ingress_rejects_before_original_ledger_write (tests.test_p16_repair_edges.RepairEdges.test_c1_capability_ingress_rejects_before_original_ledger_write) ... ok
test_c1_capability_restore_rechecks_material_before_checkpoint (tests.test_p16_repair_edges.RepairEdges.test_c1_capability_restore_rechecks_material_before_checkpoint) ... ok
test_c1_capability_safe_result_replay_preserves_fact_hash (tests.test_p16_repair_edges.RepairEdges.test_c1_capability_safe_result_replay_preserves_fact_hash) ... ok
test_completed_replay_rejects_material_without_rewriting_fact_or_ledger (tests.test_p16_repair_edges.RepairEdges.test_completed_replay_rejects_material_without_rewriting_fact_or_ledger) ... ok
test_newly_prohibited_completed_material_is_not_replayed_or_rewritten (tests.test_p16_repair_edges.RepairEdges.test_newly_prohibited_completed_material_is_not_replayed_or_rewritten) ... ok
test_normal_permission_and_reference_denial_still_reject (tests.test_p16_repair_edges.RepairEdges.test_normal_permission_and_reference_denial_still_reject) ... ok
test_optional_thinking_check_precedes_growth_and_preserves_gate_off (tests.test_p16_repair_edges.RepairEdges.test_optional_thinking_check_precedes_growth_and_preserves_gate_off) ... ok
test_query_is_rejected_before_any_think_result_save_or_processor (tests.test_p16_repair_edges.RepairEdges.test_query_is_rejected_before_any_think_result_save_or_processor) ... ok
test_recovery_broker_failure_is_unknown_not_permission_or_execution (tests.test_p16_repair_edges.RepairEdges.test_recovery_broker_failure_is_unknown_not_permission_or_execution) ... ok
test_registration_port_exceptions_are_static_and_zero_write (tests.test_p16_repair_edges.RepairEdges.test_registration_port_exceptions_are_static_and_zero_write) ... ok
test_rejected_execution_receipt_is_unknown_and_recovers_without_redispatch (tests.test_p16_repair_edges.RepairEdges.test_rejected_execution_receipt_is_unknown_and_recovers_without_redispatch) ... ok
test_selection_execution_consumption_port_exceptions_fail_closed (tests.test_p16_repair_edges.RepairEdges.test_selection_execution_consumption_port_exceptions_fail_closed) ... ok
test_wait_completion_and_completed_replay_keep_original_result_identity (tests.test_p16_repair_edges.RepairEdges.test_wait_completion_and_completed_replay_keep_original_result_identity) ... ok
test_wait_completion_rejects_before_resume_write_or_processing (tests.test_p16_repair_edges.RepairEdges.test_wait_completion_rejects_before_resume_write_or_processing) ... ok
test_whole_receipt_is_checked_on_query_and_execute (tests.test_p16_repair_edges.RepairEdges.test_whole_receipt_is_checked_on_query_and_execute) ... ok
test_whole_thinking_material_not_only_query_is_checked (tests.test_p16_repair_edges.RepairEdges.test_whole_thinking_material_not_only_query_is_checked) ... ok
test_alternative_new_confirmation_and_no_old_dispatch (tests.test_p17_execution.ExecutionTests.test_alternative_new_confirmation_and_no_old_dispatch) ... ok
test_cancel_pending_idempotent_and_no_dispatch (tests.test_p17_execution.ExecutionTests.test_cancel_pending_idempotent_and_no_dispatch) ... ok
test_compensation_failure_preserves_original_fact (tests.test_p17_execution.ExecutionTests.test_compensation_failure_preserves_original_fact) ... ok
test_compensation_is_separate_receipted_action (tests.test_p17_execution.ExecutionTests.test_compensation_is_separate_receipted_action) ... ok
test_compensation_requires_matching_original_receipt (tests.test_p17_execution.ExecutionTests.test_compensation_requires_matching_original_receipt) ... ok
test_compensation_unknown_preserves_original_fact (tests.test_p17_execution.ExecutionTests.test_compensation_unknown_preserves_original_fact) ... ok
test_compensation_without_link_cannot_execute (tests.test_p17_execution.ExecutionTests.test_compensation_without_link_cannot_execute) ... ok
test_completed_cannot_be_cancelled_or_replaced (tests.test_p17_execution.ExecutionTests.test_completed_cannot_be_cancelled_or_replaced) ... ok
test_direct_c1_produces_one_effect_and_replays (tests.test_p17_execution.ExecutionTests.test_direct_c1_produces_one_effect_and_replays) ... ok
test_execution_does_not_directly_write_subject (tests.test_p17_execution.ExecutionTests.test_execution_does_not_directly_write_subject) ... ok
test_golden_real_three_process_restart_and_absorption (tests.test_p17_execution.ExecutionTests.test_golden_real_three_process_restart_and_absorption) ... ok
test_planner_c1_executes_both_dependencies (tests.test_p17_execution.ExecutionTests.test_planner_c1_executes_both_dependencies) ... ok
test_real_recovery_unavailable_zero_world_write (tests.test_p17_execution.ExecutionTests.test_real_recovery_unavailable_zero_world_write) ... ok
test_receipts_once_and_single_e5a_channel (tests.test_p17_execution.ExecutionTests.test_receipts_once_and_single_e5a_channel) ... ok
test_research_result_never_default_main_memory_or_state (tests.test_p17_execution.ExecutionTests.test_research_result_never_default_main_memory_or_state) ... ok
test_research_unavailable_has_no_real_fallback (tests.test_p17_execution.ExecutionTests.test_research_unavailable_has_no_real_fallback) ... ok
test_result_absorbed_via_next_thinking_action_evolution (tests.test_p17_execution.ExecutionTests.test_result_absorbed_via_next_thinking_action_evolution) ... ok
test_unknown_forbids_alternative_or_fake_cancellation (tests.test_p17_execution.ExecutionTests.test_unknown_forbids_alternative_or_fake_cancellation) ... ok
test_wait_information_and_retry_are_auditable_not_dispatch (tests.test_p17_execution.ExecutionTests.test_wait_information_and_retry_are_auditable_not_dispatch) ... ok
test_blast_radius_each_bound_actually_limits_effects (tests.test_p17_boundaries.BoundaryTests.test_blast_radius_each_bound_actually_limits_effects) ... ok
test_broker_boundary_provider_exception_tracebacks_are_static (tests.test_p17_boundaries.BoundaryTests.test_broker_boundary_provider_exception_tracebacks_are_static) ... ok
test_capability_version_change_cannot_retarget_history (tests.test_p17_boundaries.BoundaryTests.test_capability_version_change_cannot_retarget_history) ... ok
test_cross_subject_request_rejected_without_world_or_outbox_write (tests.test_p17_boundaries.BoundaryTests.test_cross_subject_request_rejected_without_world_or_outbox_write) ... ok
test_current_broker_and_reality_rechecked_at_dispatch (tests.test_p17_boundaries.BoundaryTests.test_current_broker_and_reality_rechecked_at_dispatch) ... ok
test_current_context_and_confirmation_rechecked_at_dispatch (tests.test_p17_boundaries.BoundaryTests.test_current_context_and_confirmation_rechecked_at_dispatch) ... ok
test_feature_off_does_not_read_execution_ports (tests.test_p17_boundaries.BoundaryTests.test_feature_off_does_not_read_execution_ports) ... ok
test_fixture_protected_paths_uppercase_children_zero_write (tests.test_p17_boundaries.BoundaryTests.test_fixture_protected_paths_uppercase_children_zero_write) ... ok
test_lifecycle_pause_archive_delete_reject_new_execution (tests.test_p17_boundaries.BoundaryTests.test_lifecycle_pause_archive_delete_reject_new_execution) ... ok
test_material_rejected_before_any_new_e5a_request_write (tests.test_p17_boundaries.BoundaryTests.test_material_rejected_before_any_new_e5a_request_write) ... ok
test_mid_gate_revocation_is_rechecked_before_effect (tests.test_p17_boundaries.BoundaryTests.test_mid_gate_revocation_is_rechecked_before_effect) ... ok
test_mid_result_read_revocation_blocks_return_and_writes (tests.test_p17_boundaries.BoundaryTests.test_mid_result_read_revocation_blocks_return_and_writes) ... ok
test_new_context_cannot_reauthorize_old_request_identity (tests.test_p17_boundaries.BoundaryTests.test_new_context_cannot_reauthorize_old_request_identity) ... ok
test_nonboolean_truthy_authorization_fails_closed (tests.test_p17_boundaries.BoundaryTests.test_nonboolean_truthy_authorization_fails_closed) ... ok
test_normal_psychological_content_and_silence_are_not_screened (tests.test_p17_boundaries.BoundaryTests.test_normal_psychological_content_and_silence_are_not_screened) ... ok
test_platform_reality_resource_outcomes_remain_distinct_in_e5a (tests.test_p17_boundaries.BoundaryTests.test_platform_reality_resource_outcomes_remain_distinct_in_e5a) ... ok
test_receipt_secret_full_material_never_enters_ledger (tests.test_p17_boundaries.BoundaryTests.test_receipt_secret_full_material_never_enters_ledger) ... ok
test_registered_other_subject_adapter_rejected_zero_calls_and_writes (tests.test_p17_boundaries.BoundaryTests.test_registered_other_subject_adapter_rejected_zero_calls_and_writes) ... ok
test_registered_world_environment_version_mismatch_refuses_before_call (tests.test_p17_boundaries.BoundaryTests.test_registered_world_environment_version_mismatch_refuses_before_call) ... ok
test_resource_exhaustion_does_not_consume_attempts_or_effects (tests.test_p17_boundaries.BoundaryTests.test_resource_exhaustion_does_not_consume_attempts_or_effects) ... ok
test_result_hash_or_extra_authority_material_rejected (tests.test_p17_boundaries.BoundaryTests.test_result_hash_or_extra_authority_material_rejected) ... ok
test_static_failure_receipts_preserve_generation_and_network_outcomes (tests.test_p17_boundaries.BoundaryTests.test_static_failure_receipts_preserve_generation_and_network_outcomes) ... ok
test_storage_exact_limit_accepts_one_then_refuses_next (tests.test_p17_boundaries.BoundaryTests.test_storage_exact_limit_accepts_one_then_refuses_next) ... ok
test_storage_growth_bound_rejects_before_oversized_effect (tests.test_p17_boundaries.BoundaryTests.test_storage_growth_bound_rejects_before_oversized_effect) ... ok
test_thinking_secret_rejected_before_first_persistence (tests.test_p17_boundaries.BoundaryTests.test_thinking_secret_rejected_before_first_persistence) ... ok
test_atomic_write_failure_precedes_world_effect (tests.test_p17_recovery.RecoveryTests.test_atomic_write_failure_precedes_world_effect) ... ok
test_bounded_retries_after_explicit_not_executed (tests.test_p17_recovery.RecoveryTests.test_bounded_retries_after_explicit_not_executed) ... ok
test_cancel_after_unknown_with_actual_success_returns_completed (tests.test_p17_recovery.RecoveryTests.test_cancel_after_unknown_with_actual_success_returns_completed) ... ok
test_cancel_dispatch_race_respects_observed_fact (tests.test_p17_recovery.RecoveryTests.test_cancel_dispatch_race_respects_observed_fact) ... ok
test_cancel_survives_missing_delivery_index_without_redispatch (tests.test_p17_recovery.RecoveryTests.test_cancel_survives_missing_delivery_index_without_redispatch) ... ok
test_compensation_crash_after_effect_recovers_without_duplicate (tests.test_p17_recovery.RecoveryTests.test_compensation_crash_after_effect_recovers_without_duplicate) ... ok
test_completed_fact_replay_after_choice_expiry_has_no_dispatch (tests.test_p17_recovery.RecoveryTests.test_completed_fact_replay_after_choice_expiry_has_no_dispatch) ... ok
test_corrupt_outbox_rejected_without_repair (tests.test_p17_recovery.RecoveryTests.test_corrupt_outbox_rejected_without_repair) ... ok
test_crash_after_effect_recovers_after_revocation (tests.test_p17_recovery.RecoveryTests.test_crash_after_effect_recovers_after_revocation) ... ok
test_crash_before_world_can_resume_only_with_current_gates (tests.test_p17_recovery.RecoveryTests.test_crash_before_world_can_resume_only_with_current_gates) ... ok
test_delivery_checkpoint_loss_never_skips_receipt_verification (tests.test_p17_recovery.RecoveryTests.test_delivery_checkpoint_loss_never_skips_receipt_verification) ... ok
test_lost_response_queries_before_retry_no_second_effect (tests.test_p17_recovery.RecoveryTests.test_lost_response_queries_before_retry_no_second_effect) ... ok
test_receipt_conflict_fails_closed_on_replay (tests.test_p17_recovery.RecoveryTests.test_receipt_conflict_fails_closed_on_replay) ... ok
test_rehashed_wrong_request_binding_rejected (tests.test_p17_recovery.RecoveryTests.test_rehashed_wrong_request_binding_rejected) ... ok
test_same_identity_different_world_target_hash_rejected (tests.test_p17_recovery.RecoveryTests.test_same_identity_different_world_target_hash_rejected) ... ok
test_two_real_process_workers_use_same_dispatch_identity (tests.test_p17_recovery.RecoveryTests.test_two_real_process_workers_use_same_dispatch_identity) ... ok
test_two_workers_compete_without_duplicate_effect_or_credit (tests.test_p17_recovery.RecoveryTests.test_two_workers_compete_without_duplicate_effect_or_credit) ... ok
test_unknown_and_untyped_nonexecution_never_dispatch (tests.test_p17_recovery.RecoveryTests.test_unknown_and_untyped_nonexecution_never_dispatch) ... ok
test_default_cost_exact_budget_then_next_rejected (tests.test_p17_repair_edges.ActualChargeRepairTests.test_default_cost_exact_budget_then_next_rejected) ... ok
test_duplicate_zero_cost_request_does_not_repeat_effect_or_charge (tests.test_p17_repair_edges.ActualChargeRepairTests.test_duplicate_zero_cost_request_does_not_repeat_effect_or_charge) ... ok
test_failed_receipt_at_credit_and_message_limit_has_zero_extra_usage (tests.test_p17_repair_edges.ActualChargeRepairTests.test_failed_receipt_at_credit_and_message_limit_has_zero_extra_usage) ... ok
test_zero_cost_capacity_uses_actual_projection_without_writes (tests.test_p17_repair_edges.ActualChargeRepairTests.test_zero_cost_capacity_uses_actual_projection_without_writes) ... ok
test_zero_cost_respects_exact_serialized_storage_limit (tests.test_p17_repair_edges.ActualChargeRepairTests.test_zero_cost_respects_exact_serialized_storage_limit) ... ok
test_zero_cost_still_respects_request_and_message_limits (tests.test_p17_repair_edges.ActualChargeRepairTests.test_zero_cost_still_respects_request_and_message_limits) ... ok
test_zero_estimated_cost_has_explicit_one_credit_fake_charge (tests.test_p17_repair_edges.ActualChargeRepairTests.test_zero_estimated_cost_has_explicit_one_credit_fake_charge) ... ok
test_direct_execution_exposes_static_current_denial (tests.test_p17_repair_edges.FinalAdmissionRepairTests.test_direct_execution_exposes_static_current_denial) ... ok
test_final_resource_revokes_broker_zero_effect_and_charge (tests.test_p17_repair_edges.FinalAdmissionRepairTests.test_final_resource_revokes_broker_zero_effect_and_charge) ... ok
test_final_resource_revokes_reality_zero_effect_and_charge (tests.test_p17_repair_edges.FinalAdmissionRepairTests.test_final_resource_revokes_reality_zero_effect_and_charge) ... ok
test_final_resource_revokes_recoverability_zero_effect_and_charge (tests.test_p17_repair_edges.FinalAdmissionRepairTests.test_final_resource_revokes_recoverability_zero_effect_and_charge) ... ok
test_historical_fact_after_revocation_skips_new_resource_admission (tests.test_p17_repair_edges.FinalAdmissionRepairTests.test_historical_fact_after_revocation_skips_new_resource_admission) ... ok
test_archived_subject_keeps_control_and_cannot_resume_as_runtime (tests.test_p18_runtime.RuntimeControlTests.test_archived_subject_keeps_control_and_cannot_resume_as_runtime) ... ok
test_backpressure_retains_need_and_reports_deferral (tests.test_p18_runtime.RuntimeControlTests.test_backpressure_retains_need_and_reports_deferral) ... ok
test_canceled_pending_work_is_not_revived_by_budget (tests.test_p18_runtime.RuntimeControlTests.test_canceled_pending_work_is_not_revived_by_budget) ... ok
test_clock_regression_then_recovery_is_not_negative_elapsed (tests.test_p18_runtime.RuntimeControlTests.test_clock_regression_then_recovery_is_not_negative_elapsed) ... ok
test_contact_budget_upper_bound_preserves_host_and_receipts (tests.test_p18_runtime.RuntimeControlTests.test_contact_budget_upper_bound_preserves_host_and_receipts) ... ok
test_contact_window_and_frequency_are_explicit_test_constraints (tests.test_p18_runtime.RuntimeControlTests.test_contact_window_and_frequency_are_explicit_test_constraints) ... ok
test_control_identity_conflict_retains_first_decision (tests.test_p18_runtime.RuntimeControlTests.test_control_identity_conflict_retains_first_decision) ... ok
test_explicit_stop_cannot_be_resumed (tests.test_p18_runtime.RuntimeControlTests.test_explicit_stop_cannot_be_resumed) ... ok
test_idle_tick_does_not_stop_host_or_invoke_provider (tests.test_p18_runtime.RuntimeControlTests.test_idle_tick_does_not_stop_host_or_invoke_provider) ... ok
test_invalid_resource_scan_limit_refuses_without_writes (tests.test_p18_runtime.RuntimeControlTests.test_invalid_resource_scan_limit_refuses_without_writes) ... ok
test_later_maintenance_with_provider_unavailable (tests.test_p18_runtime.RuntimeControlTests.test_later_maintenance_with_provider_unavailable) ... ok
test_later_maintenance_with_zero_model_quota (tests.test_p18_runtime.RuntimeControlTests.test_later_maintenance_with_zero_model_quota) ... ok
test_local_maintenance_runs_while_model_is_unavailable (tests.test_p18_runtime.RuntimeControlTests.test_local_maintenance_runs_while_model_is_unavailable) ... ok
test_long_clock_gap_coalesces_no_catchup_loop (tests.test_p18_runtime.RuntimeControlTests.test_long_clock_gap_coalesces_no_catchup_loop) ... ok
test_material_boundary_still_accepts_ordinary_psychological_content (tests.test_p18_runtime.RuntimeControlTests.test_material_boundary_still_accepts_ordinary_psychological_content) ... ok
test_native_contact_expression_execution_and_next_context (tests.test_p18_runtime.RuntimeControlTests.test_native_contact_expression_execution_and_next_context) ... ok
test_owner_identity_and_revision_rejection_has_zero_writes (tests.test_p18_runtime.RuntimeControlTests.test_owner_identity_and_revision_rejection_has_zero_writes) ... ok
test_owner_pause_resume_stop_and_duplicate_controls (tests.test_p18_runtime.RuntimeControlTests.test_owner_pause_resume_stop_and_duplicate_controls) ... ok
test_pause_after_selection_prevents_wake_and_allocation (tests.test_p18_runtime.RuntimeControlTests.test_pause_after_selection_prevents_wake_and_allocation) ... ok
test_pause_after_wake_resources_prevents_provider_and_effect (tests.test_p18_runtime.RuntimeControlTests.test_pause_after_wake_resources_prevents_provider_and_effect) ... ok
test_pause_during_world_capacity_prevents_effect_and_credits (tests.test_p18_runtime.RuntimeControlTests.test_pause_during_world_capacity_prevents_effect_and_credits) ... {"stage": "native-exception-before-cleanup", "task_id": "cognition:c0931084d37d716f926bb9fd6816b1b19ca4cb18245aecc6c1445d65fef0901c", "attempt_id": "p11-attempt-28e32e2ab8afb5dd81e48a1cfecb59865e2fe383650dcc83852903e96d1fe442", "chain": [{"frames": [{"file": "testing/p18_runtime_fixture.py", "line": 140, "function": "diagnosed_continue"}, {"file": "services/runtime_cognition.py", "line": 242, "function": "_continue"}, {"file": "services/wake_perception_thinking_action_service.py", "line": 90, "function": "wake_manual"}, {"file": "services/wake_perception_thinking_action_service.py", "line": 128, "function": "_continue"}, {"file": "services/wake_perception_thinking_action_service.py", "line": 348, "function": "_continue_mind"}, {"file": "services/runtime_cognition.py", "line": 91, "function": "_native_guard"}, {"file": "services/persistent_runtime_service.py", "line": 130, "function": "guard"}], "code": "TEST_NATIVE_EXCEPTION"}], "systemChain": [{"type": "ENGINE_EXCEPTION", "operation": "other", "frames": [{"file": "testing/p18_runtime_fixture.py", "line": 140, "function": "diagnosed_continue"}, {"file": "services/runtime_cognition.py", "line": 242, "function": "_continue"}, {"file": "services/wake_perception_thinking_action_service.py", "line": 90, "function": "wake_manual"}, {"file": "services/wake_perception_thinking_action_service.py", "line": 128, "function": "_continue"}, {"file": "services/wake_perception_thinking_action_service.py", "line": 348, "function": "_continue_mind"}, {"file": "services/runtime_cognition.py", "line": 91, "function": "_native_guard"}, {"file": "services/persistent_runtime_service.py", "line": 130, "function": "guard"}], "errno": null, "winerror": null}], "stateWriteLockOwnedAfterUnwind": false}
ok
test_pause_immediately_before_provider_blocks_call (tests.test_p18_runtime.RuntimeControlTests.test_pause_immediately_before_provider_blocks_call) ... {"stage": "native-exception-before-cleanup", "task_id": "cognition:4e7f99e00639538b43c46d7b6c18e3e8fabb8c465e28c19e1494d21b26596103", "attempt_id": "p11-attempt-05b7c91ff9a39c8702cebd92cc63d68c9f1f90db52b94b9a58e9408d52f8b52f", "chain": [{"frames": [{"file": "testing/p18_runtime_fixture.py", "line": 140, "function": "diagnosed_continue"}, {"file": "services/runtime_cognition.py", "line": 242, "function": "_continue"}, {"file": "services/wake_perception_thinking_action_service.py", "line": 90, "function": "wake_manual"}, {"file": "services/wake_perception_thinking_action_service.py", "line": 128, "function": "_continue"}, {"file": "services/wake_perception_thinking_action_service.py", "line": 229, "function": "_continue_mind"}, {"file": "services/thinking_service.py", "line": 190, "function": "handle_perception"}, {"file": "services/thinking_service.py", "line": 232, "function": "_run_provider"}, {"file": "services/wake_perception_thinking_action_service.py", "line": 225, "function": "initial_guard"}, {"file": "services/runtime_cognition.py", "line": 91, "function": "_native_guard"}, {"file": "services/persistent_runtime_service.py", "line": 130, "function": "guard"}], "code": "TEST_NATIVE_EXCEPTION"}], "systemChain": [{"type": "ENGINE_EXCEPTION", "operation": "other", "frames": [{"file": "testing/p18_runtime_fixture.py", "line": 140, "function": "diagnosed_continue"}, {"file": "services/runtime_cognition.py", "line": 242, "function": "_continue"}, {"file": "services/wake_perception_thinking_action_service.py", "line": 90, "function": "wake_manual"}, {"file": "services/wake_perception_thinking_action_service.py", "line": 128, "function": "_continue"}, {"file": "services/wake_perception_thinking_action_service.py", "line": 229, "function": "_continue_mind"}, {"file": "services/thinking_service.py", "line": 190, "function": "handle_perception"}, {"file": "services/thinking_service.py", "line": 232, "function": "_run_provider"}, {"file": "services/wake_perception_thinking_action_service.py", "line": 225, "function": "initial_guard"}, {"file": "services/runtime_cognition.py", "line": 91, "function": "_native_guard"}, {"file": "services/persistent_runtime_service.py", "line": 130, "function": "guard"}], "errno": null, "winerror": null}], "stateWriteLockOwnedAfterUnwind": false}
ok
test_proven_not_delivered_retries_are_bounded (tests.test_p18_runtime.RuntimeControlTests.test_proven_not_delivered_retries_are_bounded) ... ok
test_provider_failure_is_safe_unknown_with_bounded_queries (tests.test_p18_runtime.RuntimeControlTests.test_provider_failure_is_safe_unknown_with_bounded_queries) ... {"stage": "native-exception-before-cleanup", "task_id": "cognition:db0b43ba9f101ca22c594334206020b109fefbf396901685324cb943779fda8f", "attempt_id": "p11-attempt-496b039794e30fa4e1c21d8bbb1a7dba2adb7d5de407f61103c033992ee3484f", "chain": [{"frames": [{"file": "testing/p18_runtime_fixture.py", "line": 140, "function": "diagnosed_continue"}, {"file": "services/runtime_cognition.py", "line": 242, "function": "_continue"}, {"file": "services/wake_perception_thinking_action_service.py", "line": 90, "function": "wake_manual"}, {"file": "services/wake_perception_thinking_action_service.py", "line": 128, "function": "_continue"}, {"file": "services/wake_perception_thinking_action_service.py", "line": 229, "function": "_continue_mind"}, {"file": "services/thinking_service.py", "line": 190, "function": "handle_perception"}, {"file": "services/thinking_service.py", "line": 295, "function": "_run_provider"}], "code": "TEST_NATIVE_EXCEPTION"}, {"frames": [{"file": "services/thinking_service.py", "line": 237, "function": "_run_provider"}, {"file": "services/runtime_cognition.py", "line": 53, "function": "think"}], "code": "TEST_NATIVE_EXCEPTION"}], "systemChain": [{"type": "ENGINE_EXCEPTION", "operation": "other", "frames": [{"file": "testing/p18_runtime_fixture.py", "line": 140, "function": "diagnosed_continue"}, {"file": "services/runtime_cognition.py", "line": 242, "function": "_continue"}, {"file": "services/wake_perception_thinking_action_service.py", "line": 90, "function": "wake_manual"}, {"file": "services/wake_perception_thinking_action_service.py", "line": 128, "function": "_continue"}, {"file": "services/wake_perception_thinking_action_service.py", "line": 229, "function": "_continue_mind"}, {"file": "services/thinking_service.py", "line": 190, "function": "handle_perception"}, {"file": "services/thinking_service.py", "line": 295, "function": "_run_provider"}], "errno": null, "winerror": null}, {"type": "ENGINE_EXCEPTION", "operation": "other", "frames": [{"file": "services/thinking_service.py", "line": 237, "function": "_run_provider"}, {"file": "services/runtime_cognition.py", "line": 53, "function": "think"}], "errno": null, "winerror": null}], "stateWriteLockOwnedAfterUnwind": false}
ok
test_resource_deferral_does_not_consume_scheduler_attempts (tests.test_p18_runtime.RuntimeControlTests.test_resource_deferral_does_not_consume_scheduler_attempts) ... ok
test_resource_scan_is_opt_in_and_budget_restore_remains_legal (tests.test_p18_runtime.RuntimeControlTests.test_resource_scan_is_opt_in_and_budget_restore_remains_legal) ... ok
test_same_time_duplicate_ticks_do_not_repeat_calls_or_state (tests.test_p18_runtime.RuntimeControlTests.test_same_time_duplicate_ticks_do_not_repeat_calls_or_state) ... ok
test_subject_suspension_stays_paused_after_resource_restore (tests.test_p18_runtime.RuntimeControlTests.test_subject_suspension_stays_paused_after_resource_restore) ... ok
test_test_root_rejects_repository_and_uppercase_formal_paths_before_write (tests.test_p18_runtime.RuntimeControlTests.test_test_root_rejects_repository_and_uppercase_formal_paths_before_write) ... ok
test_unconfigured_delivery_policy_refuses_effect_not_cognition (tests.test_p18_runtime.RuntimeControlTests.test_unconfigured_delivery_policy_refuses_effect_not_cognition) ... ok
test_without_messages_native_c1_updates_same_subject (tests.test_p18_runtime.RuntimeControlTests.test_without_messages_native_c1_updates_same_subject) ... ok
test_zero_budget_waits_then_resumes_without_message (tests.test_p18_runtime.RuntimeControlTests.test_zero_budget_waits_then_resumes_without_message) ... ok
test_actual_fact_can_recover_when_context_has_expired (tests.test_p18_runtime_recovery.RuntimeRecoveryTests.test_actual_fact_can_recover_when_context_has_expired) ... {"stage": "native-exception-before-cleanup", "task_id": "cognition:60b86074ee1c8ef0da84cebff325044fb2d3daba6eb0646586972b6b65c9b677", "attempt_id": "p11-attempt-c871a68425a27a93c84fd12d0dc1d1687b7b8ceeeb28c9ddd22f6e764995ba8b", "chain": [{"frames": [{"file": "testing/p18_runtime_fixture.py", "line": 140, "function": "diagnosed_continue"}, {"file": "services/runtime_cognition.py", "line": 242, "function": "_continue"}, {"file": "services/wake_perception_thinking_action_service.py", "line": 90, "function": "wake_manual"}, {"file": "services/wake_perception_thinking_action_service.py", "line": 128, "function": "_continue"}, {"file": "services/wake_perception_thinking_action_service.py", "line": 359, "function": "_continue_mind"}, {"file": "services/runtime_cognition.py", "line": 84, "function": "<lambda>"}, {"file": "testing/p18_runtime_fixture.py", "line": 126, "function": "<lambda>"}], "code": "TEST_NATIVE_EXCEPTION"}], "systemChain": [{"type": "ENGINE_EXCEPTION", "operation": "other", "frames": [{"file": "testing/p18_runtime_fixture.py", "line": 140, "function": "diagnosed_continue"}, {"file": "services/runtime_cognition.py", "line": 242, "function": "_continue"}, {"file": "services/wake_perception_thinking_action_service.py", "line": 90, "function": "wake_manual"}, {"file": "services/wake_perception_thinking_action_service.py", "line": 128, "function": "_continue"}, {"file": "services/wake_perception_thinking_action_service.py", "line": 359, "function": "_continue_mind"}, {"file": "services/runtime_cognition.py", "line": 84, "function": "<lambda>"}, {"file": "testing/p18_runtime_fixture.py", "line": 126, "function": "<lambda>"}], "errno": null, "winerror": null}], "stateWriteLockOwnedAfterUnwind": false}
ok
test_advancing_clock_silence_and_lifecycle_share_the_same_time_port (tests.test_p18_runtime_recovery.RuntimeRecoveryTests.test_advancing_clock_silence_and_lifecycle_share_the_same_time_port) ... ok
test_after_action_checkpoint_restarts_without_duplicate_action (tests.test_p18_runtime_recovery.RuntimeRecoveryTests.test_after_action_checkpoint_restarts_without_duplicate_action) ... {"stage": "native-exception-before-cleanup", "task_id": "cognition:4fd83a464b81b8486de4e3829ca554c0d866bfe0f22ab873da16f5e91ff144ec", "attempt_id": "p11-attempt-40afbce2f7f65d563e786831269d890356a57aad050021d71954c57c302d86f0", "chain": [{"frames": [{"file": "testing/p18_runtime_fixture.py", "line": 140, "function": "diagnosed_continue"}, {"file": "services/runtime_cognition.py", "line": 242, "function": "_continue"}, {"file": "services/wake_perception_thinking_action_service.py", "line": 90, "function": "wake_manual"}, {"file": "services/wake_perception_thinking_action_service.py", "line": 128, "function": "_continue"}, {"file": "services/wake_perception_thinking_action_service.py", "line": 327, "function": "_continue_mind"}, {"file": "services/runtime_cognition.py", "line": 84, "function": "<lambda>"}, {"file": "testing/p18_runtime_fixture.py", "line": 126, "function": "<lambda>"}], "code": "TEST_NATIVE_EXCEPTION"}], "systemChain": [{"type": "ENGINE_EXCEPTION", "operation": "other", "frames": [{"file": "testing/p18_runtime_fixture.py", "line": 140, "function": "diagnosed_continue"}, {"file": "services/runtime_cognition.py", "line": 242, "function": "_continue"}, {"file": "services/wake_perception_thinking_action_service.py", "line": 90, "function": "wake_manual"}, {"file": "services/wake_perception_thinking_action_service.py", "line": 128, "function": "_continue"}, {"file": "services/wake_perception_thinking_action_service.py", "line": 327, "function": "_continue_mind"}, {"file": "services/runtime_cognition.py", "line": 84, "function": "<lambda>"}, {"file": "testing/p18_runtime_fixture.py", "line": 126, "function": "<lambda>"}], "errno": null, "winerror": null}], "stateWriteLockOwnedAfterUnwind": false}
ok
test_after_effect_restarts_without_duplicate_effect (tests.test_p18_runtime_recovery.RuntimeRecoveryTests.test_after_effect_restarts_without_duplicate_effect) ... {"stage": "native-exception-before-cleanup", "task_id": "cognition:8a05d428eb56cd723bf2fc22e423c946566e2c5025fd0166e7f74bce3d42de6e", "attempt_id": "p11-attempt-d1de2f00f55e9e0e9d778dd62d18077e69d7cc173d71c9503cf930fc49fe0ea9", "chain": [{"frames": [{"file": "testing/p18_runtime_fixture.py", "line": 140, "function": "diagnosed_continue"}, {"file": "services/runtime_cognition.py", "line": 242, "function": "_continue"}, {"file": "services/wake_perception_thinking_action_service.py", "line": 90, "function": "wake_manual"}, {"file": "services/wake_perception_thinking_action_service.py", "line": 128, "function": "_continue"}, {"file": "services/wake_perception_thinking_action_service.py", "line": 333, "function": "_continue_mind"}, {"file": "services/runtime_cognition.py", "line": 84, "function": "<lambda>"}, {"file": "testing/p18_runtime_fixture.py", "line": 126, "function": "<lambda>"}], "code": "TEST_NATIVE_EXCEPTION"}], "systemChain": [{"type": "ENGINE_EXCEPTION", "operation": "other", "frames": [{"file": "testing/p18_runtime_fixture.py", "line": 140, "function": "diagnosed_continue"}, {"file": "services/runtime_cognition.py", "line": 242, "function": "_continue"}, {"file": "services/wake_perception_thinking_action_service.py", "line": 90, "function": "wake_manual"}, {"file": "services/wake_perception_thinking_action_service.py", "line": 128, "function": "_continue"}, {"file": "services/wake_perception_thinking_action_service.py", "line": 333, "function": "_continue_mind"}, {"file": "services/runtime_cognition.py", "line": 84, "function": "<lambda>"}, {"file": "testing/p18_runtime_fixture.py", "line": 126, "function": "<lambda>"}], "errno": null, "winerror": null}], "stateWriteLockOwnedAfterUnwind": false}
ok
test_after_evolution_restarts_without_duplicate_revision (tests.test_p18_runtime_recovery.RuntimeRecoveryTests.test_after_evolution_restarts_without_duplicate_revision) ... {"stage": "native-exception-before-cleanup", "task_id": "cognition:61e27d066a00e7a89dca5d857732140fe8b92d50862d15da63d3e5a1cf527355", "attempt_id": "p11-attempt-9b7065805262346d38327476102ab5c4665736cc6d50b482d7b41bfc72ba1ebf", "chain": [{"frames": [{"file": "testing/p18_runtime_fixture.py", "line": 140, "function": "diagnosed_continue"}, {"file": "services/runtime_cognition.py", "line": 242, "function": "_continue"}, {"file": "services/wake_perception_thinking_action_service.py", "line": 90, "function": "wake_manual"}, {"file": "services/wake_perception_thinking_action_service.py", "line": 128, "function": "_continue"}, {"file": "services/wake_perception_thinking_action_service.py", "line": 359, "function": "_continue_mind"}, {"file": "services/runtime_cognition.py", "line": 84, "function": "<lambda>"}, {"file": "testing/p18_runtime_fixture.py", "line": 126, "function": "<lambda>"}], "code": "TEST_NATIVE_EXCEPTION"}], "systemChain": [{"type": "ENGINE_EXCEPTION", "operation": "other", "frames": [{"file": "testing/p18_runtime_fixture.py", "line": 140, "function": "diagnosed_continue"}, {"file": "services/runtime_cognition.py", "line": 242, "function": "_continue"}, {"file": "services/wake_perception_thinking_action_service.py", "line": 90, "function": "wake_manual"}, {"file": "services/wake_perception_thinking_action_service.py", "line": 128, "function": "_continue"}, {"file": "services/wake_perception_thinking_action_service.py", "line": 359, "function": "_continue_mind"}, {"file": "services/runtime_cognition.py", "line": 84, "function": "<lambda>"}, {"file": "testing/p18_runtime_fixture.py", "line": 126, "function": "<lambda>"}], "errno": null, "winerror": null}], "stateWriteLockOwnedAfterUnwind": false}
ok
test_after_queue_completion_restarts_without_duplicate_work (tests.test_p18_runtime_recovery.RuntimeRecoveryTests.test_after_queue_completion_restarts_without_duplicate_work) ... ok
test_after_thinking_restarts_without_second_model_call (tests.test_p18_runtime_recovery.RuntimeRecoveryTests.test_after_thinking_restarts_without_second_model_call) ... {"stage": "native-exception-before-cleanup", "task_id": "cognition:ebef94b72557bf6bad758d28609b8ea644ee75c9a3c36881984a3b69d56bbeab", "attempt_id": "p11-attempt-a7183ad8a6d88083bde3322f12f0164ebb64666d5997ccf1791d3f15871a0ea7", "chain": [{"frames": [{"file": "testing/p18_runtime_fixture.py", "line": 140, "function": "diagnosed_continue"}, {"file": "services/runtime_cognition.py", "line": 242, "function": "_continue"}, {"file": "services/wake_perception_thinking_action_service.py", "line": 90, "function": "wake_manual"}, {"file": "services/wake_perception_thinking_action_service.py", "line": 128, "function": "_continue"}, {"file": "services/wake_perception_thinking_action_service.py", "line": 236, "function": "_continue_mind"}, {"file": "services/runtime_cognition.py", "line": 84, "function": "<lambda>"}, {"file": "testing/p18_runtime_fixture.py", "line": 126, "function": "<lambda>"}], "code": "TEST_NATIVE_EXCEPTION"}], "systemChain": [{"type": "ENGINE_EXCEPTION", "operation": "other", "frames": [{"file": "testing/p18_runtime_fixture.py", "line": 140, "function": "diagnosed_continue"}, {"file": "services/runtime_cognition.py", "line": 242, "function": "_continue"}, {"file": "services/wake_perception_thinking_action_service.py", "line": 90, "function": "wake_manual"}, {"file": "services/wake_perception_thinking_action_service.py", "line": 128, "function": "_continue"}, {"file": "services/wake_perception_thinking_action_service.py", "line": 236, "function": "_continue_mind"}, {"file": "services/runtime_cognition.py", "line": 84, "function": "<lambda>"}, {"file": "testing/p18_runtime_fixture.py", "line": 126, "function": "<lambda>"}], "errno": null, "winerror": null}], "stateWriteLockOwnedAfterUnwind": false}
ok
test_before_receipt_reconciles_original_evolution_and_effect (tests.test_p18_runtime_recovery.RuntimeRecoveryTests.test_before_receipt_reconciles_original_evolution_and_effect) ... {"stage": "native-exception-before-cleanup", "task_id": "cognition:9c9f3136bbcecb1285d953a638bf9a834e14dab917df12c27bb581586a37e17c", "attempt_id": "p11-attempt-d96c20c019d230293f528059d6fa12bb2e4e95b830c1ad8f780451f82586fd8b", "chain": [{"frames": [{"file": "testing/p18_runtime_fixture.py", "line": 140, "function": "diagnosed_continue"}, {"file": "services/runtime_cognition.py", "line": 249, "function": "_continue"}, {"file": "testing/p18_runtime_fixture.py", "line": 126, "function": "<lambda>"}], "code": "TEST_NATIVE_EXCEPTION"}], "systemChain": [{"type": "ENGINE_EXCEPTION", "operation": "other", "frames": [{"file": "testing/p18_runtime_fixture.py", "line": 140, "function": "diagnosed_continue"}, {"file": "services/runtime_cognition.py", "line": 249, "function": "_continue"}, {"file": "testing/p18_runtime_fixture.py", "line": 126, "function": "<lambda>"}], "errno": null, "winerror": null}], "stateWriteLockOwnedAfterUnwind": false}
ok
test_budget_is_not_reset_on_reopen (tests.test_p18_runtime_recovery.RuntimeRecoveryTests.test_budget_is_not_reset_on_reopen) ... ok
test_cancel_uncommitted_cognition_does_not_create_new_effect_on_query (tests.test_p18_runtime_recovery.RuntimeRecoveryTests.test_cancel_uncommitted_cognition_does_not_create_new_effect_on_query) ... {"stage": "native-exception-before-cleanup", "task_id": "cognition:12cb87d505c2d8a5ba745bc57c76af0bef9a83c7ac348edf1169cb72cafa8da3", "attempt_id": "p11-attempt-ae8ba210ca3b917e708a5df16ed7c83a0d99618fcb6fd670cb8bcfecef801a19", "chain": [{"frames": [{"file": "testing/p18_runtime_fixture.py", "line": 140, "function": "diagnosed_continue"}, {"file": "services/runtime_cognition.py", "line": 242, "function": "_continue"}, {"file": "services/wake_perception_thinking_action_service.py", "line": 90, "function": "wake_manual"}, {"file": "services/wake_perception_thinking_action_service.py", "line": 128, "function": "_continue"}, {"file": "services/wake_perception_thinking_action_service.py", "line": 236, "function": "_continue_mind"}, {"file": "services/runtime_cognition.py", "line": 84, "function": "<lambda>"}, {"file": "testing/p18_runtime_fixture.py", "line": 126, "function": "<lambda>"}], "code": "TEST_NATIVE_EXCEPTION"}], "systemChain": [{"type": "ENGINE_EXCEPTION", "operation": "other", "frames": [{"file": "testing/p18_runtime_fixture.py", "line": 140, "function": "diagnosed_continue"}, {"file": "services/runtime_cognition.py", "line": 242, "function": "_continue"}, {"file": "services/wake_perception_thinking_action_service.py", "line": 90, "function": "wake_manual"}, {"file": "services/wake_perception_thinking_action_service.py", "line": 128, "function": "_continue"}, {"file": "services/wake_perception_thinking_action_service.py", "line": 236, "function": "_continue_mind"}, {"file": "services/runtime_cognition.py", "line": 84, "function": "<lambda>"}, {"file": "testing/p18_runtime_fixture.py", "line": 126, "function": "<lambda>"}], "errno": null, "winerror": null}], "stateWriteLockOwnedAfterUnwind": false}
ok
test_control_opaque_identity_is_digest_only_in_storage_and_query (tests.test_p18_runtime_recovery.RuntimeRecoveryTests.test_control_opaque_identity_is_digest_only_in_storage_and_query) ... ok
test_corrupt_checkpoint_refuses_start_without_changes (tests.test_p18_runtime_recovery.RuntimeRecoveryTests.test_corrupt_checkpoint_refuses_start_without_changes) ... ok
test_cross_environment_checkpoint_rejected_without_effect (tests.test_p18_runtime_recovery.RuntimeRecoveryTests.test_cross_environment_checkpoint_rejected_without_effect) ... ok
test_later_pause_after_stop_rejects_without_writes (tests.test_p18_runtime_recovery.RuntimeRecoveryTests.test_later_pause_after_stop_rejects_without_writes) ... ok
test_later_stop_identity_is_read_only_and_remains_queryable (tests.test_p18_runtime_recovery.RuntimeRecoveryTests.test_later_stop_identity_is_read_only_and_remains_queryable) ... ok
test_maintenance_query_requires_real_source_and_memory_fact (tests.test_p18_runtime_recovery.RuntimeRecoveryTests.test_maintenance_query_requires_real_source_and_memory_fact) ... ok
test_missing_host_checkpoint_does_not_reinitialize_stopped_subject (tests.test_p18_runtime_recovery.RuntimeRecoveryTests.test_missing_host_checkpoint_does_not_reinitialize_stopped_subject) ... ok
test_old_context_cannot_authorize_new_effect_after_crash (tests.test_p18_runtime_recovery.RuntimeRecoveryTests.test_old_context_cannot_authorize_new_effect_after_crash) ... {"stage": "native-exception-before-cleanup", "task_id": "cognition:16c02655774a72be1c9f8b7a40ef3e246b95c274170f12295af8f7d46a419027", "attempt_id": "p11-attempt-af365060ebe40ecfeebb3f7f4ecfde1b2dbc22379021be768281ba1d5b832f92", "chain": [{"frames": [{"file": "testing/p18_runtime_fixture.py", "line": 140, "function": "diagnosed_continue"}, {"file": "services/runtime_cognition.py", "line": 242, "function": "_continue"}, {"file": "services/wake_perception_thinking_action_service.py", "line": 90, "function": "wake_manual"}, {"file": "services/wake_perception_thinking_action_service.py", "line": 128, "function": "_continue"}, {"file": "services/wake_perception_thinking_action_service.py", "line": 236, "function": "_continue_mind"}, {"file": "services/runtime_cognition.py", "line": 84, "function": "<lambda>"}, {"file": "testing/p18_runtime_fixture.py", "line": 126, "function": "<lambda>"}], "code": "TEST_NATIVE_EXCEPTION"}], "systemChain": [{"type": "ENGINE_EXCEPTION", "operation": "other", "frames": [{"file": "testing/p18_runtime_fixture.py", "line": 140, "function": "diagnosed_continue"}, {"file": "services/runtime_cognition.py", "line": 242, "function": "_continue"}, {"file": "services/wake_perception_thinking_action_service.py", "line": 90, "function": "wake_manual"}, {"file": "services/wake_perception_thinking_action_service.py", "line": 128, "function": "_continue"}, {"file": "services/wake_perception_thinking_action_service.py", "line": 236, "function": "_continue_mind"}, {"file": "services/runtime_cognition.py", "line": 84, "function": "<lambda>"}, {"file": "testing/p18_runtime_fixture.py", "line": 126, "function": "<lambda>"}], "errno": null, "winerror": null}], "stateWriteLockOwnedAfterUnwind": false}
{"stage": "native-exception-before-cleanup", "task_id": "cognition:16c02655774a72be1c9f8b7a40ef3e246b95c274170f12295af8f7d46a419027", "attempt_id": "p11-attempt-af365060ebe40ecfeebb3f7f4ecfde1b2dbc22379021be768281ba1d5b832f92", "chain": [{"frames": [{"file": "testing/p18_runtime_fixture.py", "line": 140, "function": "diagnosed_continue"}, {"file": "services/runtime_cognition.py", "line": 242, "function": "_continue"}, {"file": "services/wake_perception_thinking_action_service.py", "line": 90, "function": "wake_manual"}, {"file": "services/wake_perception_thinking_action_service.py", "line": 128, "function": "_continue"}, {"file": "services/wake_perception_thinking_action_service.py", "line": 324, "function": "_continue_mind"}, {"file": "services/continuity_core_service.py", "line": 523, "function": "before_thinking"}], "code": "TEST_NATIVE_EXCEPTION"}], "systemChain": [{"type": "ENGINE_EXCEPTION", "operation": "other", "frames": [{"file": "testing/p18_runtime_fixture.py", "line": 140, "function": "diagnosed_continue"}, {"file": "services/runtime_cognition.py", "line": 242, "function": "_continue"}, {"file": "services/wake_perception_thinking_action_service.py", "line": 90, "function": "wake_manual"}, {"file": "services/wake_perception_thinking_action_service.py", "line": 128, "function": "_continue"}, {"file": "services/wake_perception_thinking_action_service.py", "line": 324, "function": "_continue_mind"}, {"file": "services/continuity_core_service.py", "line": 523, "function": "before_thinking"}], "errno": null, "winerror": null}], "stateWriteLockOwnedAfterUnwind": false}
ok
test_old_owner_control_remains_idempotent_after_130_new_commands (tests.test_p18_runtime_recovery.RuntimeRecoveryTests.test_old_owner_control_remains_idempotent_after_130_new_commands) ... ok
test_receipt_conflict_cannot_reconcile_completed_native_fact (tests.test_p18_runtime_recovery.RuntimeRecoveryTests.test_receipt_conflict_cannot_reconcile_completed_native_fact) ... {"stage": "native-exception-before-cleanup", "task_id": "cognition:8f13f07ba441c99622f8d0426fb5f1b8a37c78fa0f1d1ba1d4c8837362332e99", "attempt_id": "p11-attempt-60047f9a809933ba6a2ce065cd1dc1f21738445e12a5256d14ff3e16745aeee2", "chain": [{"frames": [{"file": "testing/p18_runtime_fixture.py", "line": 140, "function": "diagnosed_continue"}, {"file": "services/runtime_cognition.py", "line": 242, "function": "_continue"}, {"file": "services/wake_perception_thinking_action_service.py", "line": 90, "function": "wake_manual"}, {"file": "services/wake_perception_thinking_action_service.py", "line": 128, "function": "_continue"}, {"file": "services/wake_perception_thinking_action_service.py", "line": 359, "function": "_continue_mind"}, {"file": "services/runtime_cognition.py", "line": 84, "function": "<lambda>"}, {"file": "testing/p18_runtime_fixture.py", "line": 126, "function": "<lambda>"}], "code": "TEST_NATIVE_EXCEPTION"}], "systemChain": [{"type": "ENGINE_EXCEPTION", "operation": "other", "frames": [{"file": "testing/p18_runtime_fixture.py", "line": 140, "function": "diagnosed_continue"}, {"file": "services/runtime_cognition.py", "line": 242, "function": "_continue"}, {"file": "services/wake_perception_thinking_action_service.py", "line": 90, "function": "wake_manual"}, {"file": "services/wake_perception_thinking_action_service.py", "line": 128, "function": "_continue"}, {"file": "services/wake_perception_thinking_action_service.py", "line": 359, "function": "_continue_mind"}, {"file": "services/runtime_cognition.py", "line": 84, "function": "<lambda>"}, {"file": "testing/p18_runtime_fixture.py", "line": 126, "function": "<lambda>"}], "errno": null, "winerror": null}], "stateWriteLockOwnedAfterUnwind": false}
{"stage": "native-exception-before-cleanup", "task_id": "cognition:8f13f07ba441c99622f8d0426fb5f1b8a37c78fa0f1d1ba1d4c8837362332e99", "attempt_id": "p11-attempt-60047f9a809933ba6a2ce065cd1dc1f21738445e12a5256d14ff3e16745aeee2", "chain": [{"frames": [{"file": "testing/p18_runtime_fixture.py", "line": 140, "function": "diagnosed_continue"}, {"file": "services/runtime_cognition.py", "line": 242, "function": "_continue"}, {"file": "services/wake_perception_thinking_action_service.py", "line": 90, "function": "wake_manual"}, {"file": "services/wake_perception_thinking_action_service.py", "line": 128, "function": "_continue"}, {"file": "services/wake_perception_thinking_action_service.py", "line": 320, "function": "_continue_mind"}, {"file": "services/wake_perception_thinking_action_service.py", "line": 274, "function": "dispatch"}, {"file": "services/continuity_core_service.py", "line": 590, "function": "after_action"}, {"file": "services/capability_coordination_service.py", "line": 78, "function": "action_attempts"}, {"file": "services/capability_coordination_service.py", "line": 98, "function": "_verify_action_result_evidence"}, {"file": "services/capability_coordination_service.py", "line": 109, "function": "_verify_action_receipt"}, {"file": "services/capability_coordination_service.py", "line": 88, "function": "_query_action_fact"}], "code": "TEST_NATIVE_EXCEPTION"}, {"frames": [{"file": "services/capability_coordination_service.py", "line": 86, "function": "_query_action_fact"}, {"file": "services/execution_service.py", "line": 20, "function": "query"}, {"file": "services/execution_service.py", "line": 171, "function": "query"}], "code": "TEST_NATIVE_EXCEPTION"}], "systemChain": [{"type": "ENGINE_EXCEPTION", "operation": "other", "frames": [{"file": "testing/p18_runtime_fixture.py", "line": 140, "function": "diagnosed_continue"}, {"file": "services/runtime_cognition.py", "line": 242, "function": "_continue"}, {"file": "services/wake_perception_thinking_action_service.py", "line": 90, "function": "wake_manual"}, {"file": "services/wake_perception_thinking_action_service.py", "line": 128, "function": "_continue"}, {"file": "services/wake_perception_thinking_action_service.py", "line": 320, "function": "_continue_mind"}, {"file": "services/wake_perception_thinking_action_service.py", "line": 274, "function": "dispatch"}, {"file": "services/continuity_core_service.py", "line": 590, "function": "after_action"}, {"file": "services/capability_coordination_service.py", "line": 78, "function": "action_attempts"}, {"file": "services/capability_coordination_service.py", "line": 98, "function": "_verify_action_result_evidence"}, {"file": "services/capability_coordination_service.py", "line": 109, "function": "_verify_action_receipt"}, {"file": "services/capability_coordination_service.py", "line": 88, "function": "_query_action_fact"}], "errno": null, "winerror": null}, {"type": "ENGINE_EXCEPTION", "operation": "other", "frames": [{"file": "services/capability_coordination_service.py", "line": 86, "function": "_query_action_fact"}, {"file": "services/execution_service.py", "line": 20, "function": "query"}, {"file": "services/execution_service.py", "line": 171, "function": "query"}], "errno": null, "winerror": null}], "stateWriteLockOwnedAfterUnwind": false}
ok
test_self_consistent_cross_subject_checkpoint_rejected (tests.test_p18_runtime_recovery.RuntimeRecoveryTests.test_self_consistent_cross_subject_checkpoint_rejected) ... ok
test_stale_owner_fence_and_second_host_rejected (tests.test_p18_runtime_recovery.RuntimeRecoveryTests.test_stale_owner_fence_and_second_host_rejected) ... ok
test_stop_after_crash_survives_reopen (tests.test_p18_runtime_recovery.RuntimeRecoveryTests.test_stop_after_crash_survives_reopen) ... ok
test_stop_history_cannot_be_overlaid_with_running_checkpoint (tests.test_p18_runtime_recovery.RuntimeRecoveryTests.test_stop_history_cannot_be_overlaid_with_running_checkpoint) ... ok
test_unknown_execution_never_replays_unverified_effect (tests.test_p18_runtime_recovery.RuntimeRecoveryTests.test_unknown_execution_never_replays_unverified_effect) ... ok
test_view_query_is_read_only_and_has_separate_resource_state (tests.test_p18_runtime_recovery.RuntimeRecoveryTests.test_view_query_is_read_only_and_has_separate_resource_state) ... ok
test_cancelled_pre_call_work_is_not_reassessed (tests.test_p18_runtime_resume.RuntimeResumeTests.test_cancelled_pre_call_work_is_not_reassessed) ... {"stage": "native-exception-before-cleanup", "task_id": "cognition:c9d76ce052846abe5b40cd863f71252ad188872b2a6d4324d767e8b6c4e479a0", "attempt_id": "p11-attempt-f1d02d064f4741986cf4af62dc3cd568ad71b77289e7e28ae3cb50ae0f71af83", "chain": [{"frames": [{"file": "testing/p18_runtime_fixture.py", "line": 140, "function": "diagnosed_continue"}, {"file": "services/runtime_cognition.py", "line": 242, "function": "_continue"}, {"file": "services/wake_perception_thinking_action_service.py", "line": 90, "function": "wake_manual"}, {"file": "services/wake_perception_thinking_action_service.py", "line": 128, "function": "_continue"}, {"file": "services/wake_perception_thinking_action_service.py", "line": 229, "function": "_continue_mind"}, {"file": "services/thinking_service.py", "line": 190, "function": "handle_perception"}, {"file": "services/thinking_service.py", "line": 232, "function": "_run_provider"}, {"file": "services/wake_perception_thinking_action_service.py", "line": 225, "function": "initial_guard"}, {"file": "services/runtime_cognition.py", "line": 91, "function": "_native_guard"}, {"file": "services/persistent_runtime_service.py", "line": 130, "function": "guard"}], "code": "TEST_NATIVE_EXCEPTION"}], "systemChain": [{"type": "ENGINE_EXCEPTION", "operation": "other", "frames": [{"file": "testing/p18_runtime_fixture.py", "line": 140, "function": "diagnosed_continue"}, {"file": "services/runtime_cognition.py", "line": 242, "function": "_continue"}, {"file": "services/wake_perception_thinking_action_service.py", "line": 90, "function": "wake_manual"}, {"file": "services/wake_perception_thinking_action_service.py", "line": 128, "function": "_continue"}, {"file": "services/wake_perception_thinking_action_service.py", "line": 229, "function": "_continue_mind"}, {"file": "services/thinking_service.py", "line": 190, "function": "handle_perception"}, {"file": "services/thinking_service.py", "line": 232, "function": "_run_provider"}, {"file": "services/wake_perception_thinking_action_service.py", "line": 225, "function": "initial_guard"}, {"file": "services/runtime_cognition.py", "line": 91, "function": "_native_guard"}, {"file": "services/persistent_runtime_service.py", "line": 130, "function": "guard"}], "errno": null, "winerror": null}], "stateWriteLockOwnedAfterUnwind": false}
ok
test_control_deferral_inside_budget_port_does_not_create_failed_session (tests.test_p18_runtime_resume.RuntimeResumeTests.test_control_deferral_inside_budget_port_does_not_create_failed_session) ... {"stage": "native-exception-before-cleanup", "task_id": "cognition:21a55313ebdaf3fcb4ce09390a7a9b04cc0a06b4e36d48c172b729964836de47", "attempt_id": "p11-attempt-98ff70ee25a7dda10d72c15a5163ac068a92901f8a9dc62bc5ce6bb757d38e4d", "chain": [{"frames": [{"file": "testing/p18_runtime_fixture.py", "line": 140, "function": "diagnosed_continue"}, {"file": "services/runtime_cognition.py", "line": 242, "function": "_continue"}, {"file": "services/wake_perception_thinking_action_service.py", "line": 90, "function": "wake_manual"}, {"file": "services/wake_perception_thinking_action_service.py", "line": 128, "function": "_continue"}, {"file": "services/wake_perception_thinking_action_service.py", "line": 229, "function": "_continue_mind"}, {"file": "services/thinking_service.py", "line": 100, "function": "handle_perception"}, {"file": "services/runtime_cognition.py", "line": 33, "function": "allocate"}, {"file": "services/runtime_cognition.py", "line": 86, "function": "<lambda>"}, {"file": "services/persistent_runtime_service.py", "line": 130, "function": "guard"}], "code": "TEST_NATIVE_EXCEPTION"}], "systemChain": [{"type": "ENGINE_EXCEPTION", "operation": "other", "frames": [{"file": "testing/p18_runtime_fixture.py", "line": 140, "function": "diagnosed_continue"}, {"file": "services/runtime_cognition.py", "line": 242, "function": "_continue"}, {"file": "services/wake_perception_thinking_action_service.py", "line": 90, "function": "wake_manual"}, {"file": "services/wake_perception_thinking_action_service.py", "line": 128, "function": "_continue"}, {"file": "services/wake_perception_thinking_action_service.py", "line": 229, "function": "_continue_mind"}, {"file": "services/thinking_service.py", "line": 100, "function": "handle_perception"}, {"file": "services/runtime_cognition.py", "line": 33, "function": "allocate"}, {"file": "services/runtime_cognition.py", "line": 86, "function": "<lambda>"}, {"file": "services/persistent_runtime_service.py", "line": 130, "function": "guard"}], "errno": null, "winerror": null}], "stateWriteLockOwnedAfterUnwind": false}
ok
test_crash_after_durable_entry_stays_unknown_even_if_call_not_observed (tests.test_p18_runtime_resume.RuntimeResumeTests.test_crash_after_durable_entry_stays_unknown_even_if_call_not_observed) ... {"stage": "native-exception-before-cleanup", "task_id": "cognition:e8bb4b7ac7a0c17f3c38b4f26b839ee22397440543a667717cfeb5023c12773a", "attempt_id": "p11-attempt-2da91aa6871731da0b259f1e933d2266125c3e311f83715d0e582e451761ed18", "chain": [{"frames": [{"file": "testing/p18_runtime_fixture.py", "line": 140, "function": "diagnosed_continue"}, {"file": "services/runtime_cognition.py", "line": 242, "function": "_continue"}, {"file": "services/wake_perception_thinking_action_service.py", "line": 90, "function": "wake_manual"}, {"file": "services/wake_perception_thinking_action_service.py", "line": 128, "function": "_continue"}, {"file": "services/wake_perception_thinking_action_service.py", "line": 229, "function": "_continue_mind"}, {"file": "services/thinking_service.py", "line": 190, "function": "handle_perception"}, {"file": "services/thinking_service.py", "line": 236, "function": "_run_provider"}], "code": "TEST_NATIVE_EXCEPTION"}], "systemChain": [{"type": "ENGINE_EXCEPTION", "operation": "other", "frames": [{"file": "testing/p18_runtime_fixture.py", "line": 140, "function": "diagnosed_continue"}, {"file": "services/runtime_cognition.py", "line": 242, "function": "_continue"}, {"file": "services/wake_perception_thinking_action_service.py", "line": 90, "function": "wake_manual"}, {"file": "services/wake_perception_thinking_action_service.py", "line": 128, "function": "_continue"}, {"file": "services/wake_perception_thinking_action_service.py", "line": 229, "function": "_continue_mind"}, {"file": "services/thinking_service.py", "line": 190, "function": "handle_perception"}, {"file": "services/thinking_service.py", "line": 236, "function": "_run_provider"}], "errno": null, "winerror": null}], "stateWriteLockOwnedAfterUnwind": false}
ok
test_crash_with_only_prepared_evidence_resumes_without_replacing_input (tests.test_p18_runtime_resume.RuntimeResumeTests.test_crash_with_only_prepared_evidence_resumes_without_replacing_input) ... {"stage": "native-exception-before-cleanup", "task_id": "cognition:59debd821b4f41984bcb1f6445c6c690fb358714719c29b11c22f865866a89c3", "attempt_id": "p11-attempt-1dd036f276dafa3881a6a6b8bb5fa90bcd31962f8d4f72e47f4ded9f484a0df9", "chain": [{"frames": [{"file": "testing/p18_runtime_fixture.py", "line": 140, "function": "diagnosed_continue"}, {"file": "services/runtime_cognition.py", "line": 242, "function": "_continue"}, {"file": "services/wake_perception_thinking_action_service.py", "line": 90, "function": "wake_manual"}, {"file": "services/wake_perception_thinking_action_service.py", "line": 128, "function": "_continue"}, {"file": "services/wake_perception_thinking_action_service.py", "line": 229, "function": "_continue_mind"}, {"file": "services/thinking_service.py", "line": 190, "function": "handle_perception"}, {"file": "services/thinking_service.py", "line": 232, "function": "_run_provider"}, {"file": "services/wake_perception_thinking_action_service.py", "line": 225, "function": "initial_guard"}, {"file": "services/runtime_cognition.py", "line": 91, "function": "_native_guard"}, {"file": "services/persistent_runtime_service.py", "line": 126, "function": "guard"}], "code": "TEST_NATIVE_EXCEPTION"}], "systemChain": [{"type": "ENGINE_EXCEPTION", "operation": "other", "frames": [{"file": "testing/p18_runtime_fixture.py", "line": 140, "function": "diagnosed_continue"}, {"file": "services/runtime_cognition.py", "line": 242, "function": "_continue"}, {"file": "services/wake_perception_thinking_action_service.py", "line": 90, "function": "wake_manual"}, {"file": "services/wake_perception_thinking_action_service.py", "line": 128, "function": "_continue"}, {"file": "services/wake_perception_thinking_action_service.py", "line": 229, "function": "_continue_mind"}, {"file": "services/thinking_service.py", "line": 190, "function": "handle_perception"}, {"file": "services/thinking_service.py", "line": 232, "function": "_run_provider"}, {"file": "services/wake_perception_thinking_action_service.py", "line": 225, "function": "initial_guard"}, {"file": "services/runtime_cognition.py", "line": 91, "function": "_native_guard"}, {"file": "services/persistent_runtime_service.py", "line": 126, "function": "guard"}], "errno": null, "winerror": null}], "stateWriteLockOwnedAfterUnwind": false}
ok
test_current_budget_reduction_defers_then_restores_same_reservation (tests.test_p18_runtime_resume.RuntimeResumeTests.test_current_budget_reduction_defers_then_restores_same_reservation) ... {"stage": "native-exception-before-cleanup", "task_id": "cognition:9618e74d6b5f22826125d210b3e19f6097663da15cd6afe00a33d9055f01d062", "attempt_id": "p11-attempt-87299a99fd029759368220c4a93f7617db774403a07dfbf8362aa3d706993d90", "chain": [{"frames": [{"file": "testing/p18_runtime_fixture.py", "line": 140, "function": "diagnosed_continue"}, {"file": "services/runtime_cognition.py", "line": 242, "function": "_continue"}, {"file": "services/wake_perception_thinking_action_service.py", "line": 90, "function": "wake_manual"}, {"file": "services/wake_perception_thinking_action_service.py", "line": 128, "function": "_continue"}, {"file": "services/wake_perception_thinking_action_service.py", "line": 229, "function": "_continue_mind"}, {"file": "services/thinking_service.py", "line": 190, "function": "handle_perception"}, {"file": "services/thinking_service.py", "line": 232, "function": "_run_provider"}, {"file": "services/wake_perception_thinking_action_service.py", "line": 225, "function": "initial_guard"}, {"file": "services/runtime_cognition.py", "line": 91, "function": "_native_guard"}, {"file": "services/persistent_runtime_service.py", "line": 130, "function": "guard"}], "code": "TEST_NATIVE_EXCEPTION"}], "systemChain": [{"type": "ENGINE_EXCEPTION", "operation": "other", "frames": [{"file": "testing/p18_runtime_fixture.py", "line": 140, "function": "diagnosed_continue"}, {"file": "services/runtime_cognition.py", "line": 242, "function": "_continue"}, {"file": "services/wake_perception_thinking_action_service.py", "line": 90, "function": "wake_manual"}, {"file": "services/wake_perception_thinking_action_service.py", "line": 128, "function": "_continue"}, {"file": "services/wake_perception_thinking_action_service.py", "line": 229, "function": "_continue_mind"}, {"file": "services/thinking_service.py", "line": 190, "function": "handle_perception"}, {"file": "services/thinking_service.py", "line": 232, "function": "_run_provider"}, {"file": "services/wake_perception_thinking_action_service.py", "line": 225, "function": "initial_guard"}, {"file": "services/runtime_cognition.py", "line": 91, "function": "_native_guard"}, {"file": "services/persistent_runtime_service.py", "line": 130, "function": "guard"}], "errno": null, "winerror": null}], "stateWriteLockOwnedAfterUnwind": false}
{"stage": "native-exception-before-cleanup", "task_id": "cognition:9618e74d6b5f22826125d210b3e19f6097663da15cd6afe00a33d9055f01d062", "attempt_id": "p11-attempt-87299a99fd029759368220c4a93f7617db774403a07dfbf8362aa3d706993d90", "chain": [{"frames": [{"file": "testing/p18_runtime_fixture.py", "line": 140, "function": "diagnosed_continue"}, {"file": "services/runtime_cognition.py", "line": 242, "function": "_continue"}, {"file": "services/wake_perception_thinking_action_service.py", "line": 90, "function": "wake_manual"}, {"file": "services/wake_perception_thinking_action_service.py", "line": 128, "function": "_continue"}, {"file": "services/wake_perception_thinking_action_service.py", "line": 246, "function": "_continue_mind"}, {"file": "services/thinking_service.py", "line": 204, "function": "resume_prepared_provider"}, {"file": "services/runtime_cognition.py", "line": 43, "function": "allocate"}], "code": "TEST_NATIVE_EXCEPTION"}], "systemChain": [{"type": "ENGINE_EXCEPTION", "operation": "other", "frames": [{"file": "testing/p18_runtime_fixture.py", "line": 140, "function": "diagnosed_continue"}, {"file": "services/runtime_cognition.py", "line": 242, "function": "_continue"}, {"file": "services/wake_perception_thinking_action_service.py", "line": 90, "function": "wake_manual"}, {"file": "services/wake_perception_thinking_action_service.py", "line": 128, "function": "_continue"}, {"file": "services/wake_perception_thinking_action_service.py", "line": 246, "function": "_continue_mind"}, {"file": "services/thinking_service.py", "line": 204, "function": "resume_prepared_provider"}, {"file": "services/runtime_cognition.py", "line": 43, "function": "allocate"}], "errno": null, "winerror": null}], "stateWriteLockOwnedAfterUnwind": false}
{"stage": "native-exception-before-cleanup", "task_id": "cognition:9618e74d6b5f22826125d210b3e19f6097663da15cd6afe00a33d9055f01d062", "attempt_id": "p11-attempt-87299a99fd029759368220c4a93f7617db774403a07dfbf8362aa3d706993d90", "chain": [{"frames": [{"file": "testing/p18_runtime_fixture.py", "line": 140, "function": "diagnosed_continue"}, {"file": "services/runtime_cognition.py", "line": 242, "function": "_continue"}, {"file": "services/wake_perception_thinking_action_service.py", "line": 90, "function": "wake_manual"}, {"file": "services/wake_perception_thinking_action_service.py", "line": 128, "function": "_continue"}, {"file": "services/wake_perception_thinking_action_service.py", "line": 246, "function": "_continue_mind"}, {"file": "services/thinking_service.py", "line": 204, "function": "resume_prepared_provider"}, {"file": "services/runtime_cognition.py", "line": 43, "function": "allocate"}], "code": "TEST_NATIVE_EXCEPTION"}], "systemChain": [{"type": "ENGINE_EXCEPTION", "operation": "other", "frames": [{"file": "testing/p18_runtime_fixture.py", "line": 140, "function": "diagnosed_continue"}, {"file": "services/runtime_cognition.py", "line": 242, "function": "_continue"}, {"file": "services/wake_perception_thinking_action_service.py", "line": 90, "function": "wake_manual"}, {"file": "services/wake_perception_thinking_action_service.py", "line": 128, "function": "_continue"}, {"file": "services/wake_perception_thinking_action_service.py", "line": 246, "function": "_continue_mind"}, {"file": "services/thinking_service.py", "line": 204, "function": "resume_prepared_provider"}, {"file": "services/runtime_cognition.py", "line": 43, "function": "allocate"}], "errno": null, "winerror": null}], "stateWriteLockOwnedAfterUnwind": false}
{"stage": "native-exception-before-cleanup", "task_id": "cognition:9618e74d6b5f22826125d210b3e19f6097663da15cd6afe00a33d9055f01d062", "attempt_id": "p11-attempt-87299a99fd029759368220c4a93f7617db774403a07dfbf8362aa3d706993d90", "chain": [{"frames": [{"file": "testing/p18_runtime_fixture.py", "line": 140, "function": "diagnosed_continue"}, {"file": "services/runtime_cognition.py", "line": 242, "function": "_continue"}, {"file": "services/wake_perception_thinking_action_service.py", "line": 90, "function": "wake_manual"}, {"file": "services/wake_perception_thinking_action_service.py", "line": 128, "function": "_continue"}, {"file": "services/wake_perception_thinking_action_service.py", "line": 246, "function": "_continue_mind"}, {"file": "services/thinking_service.py", "line": 204, "function": "resume_prepared_provider"}, {"file": "services/runtime_cognition.py", "line": 43, "function": "allocate"}], "code": "TEST_NATIVE_EXCEPTION"}], "systemChain": [{"type": "ENGINE_EXCEPTION", "operation": "other", "frames": [{"file": "testing/p18_runtime_fixture.py", "line": 140, "function": "diagnosed_continue"}, {"file": "services/runtime_cognition.py", "line": 242, "function": "_continue"}, {"file": "services/wake_perception_thinking_action_service.py", "line": 90, "function": "wake_manual"}, {"file": "services/wake_perception_thinking_action_service.py", "line": 128, "function": "_continue"}, {"file": "services/wake_perception_thinking_action_service.py", "line": 246, "function": "_continue_mind"}, {"file": "services/thinking_service.py", "line": 204, "function": "resume_prepared_provider"}, {"file": "services/runtime_cognition.py", "line": 43, "function": "allocate"}], "errno": null, "winerror": null}], "stateWriteLockOwnedAfterUnwind": false}
{"stage": "native-exception-before-cleanup", "task_id": "cognition:9618e74d6b5f22826125d210b3e19f6097663da15cd6afe00a33d9055f01d062", "attempt_id": "p11-attempt-87299a99fd029759368220c4a93f7617db774403a07dfbf8362aa3d706993d90", "chain": [{"frames": [{"file": "testing/p18_runtime_fixture.py", "line": 140, "function": "diagnosed_continue"}, {"file": "services/runtime_cognition.py", "line": 242, "function": "_continue"}, {"file": "services/wake_perception_thinking_action_service.py", "line": 90, "function": "wake_manual"}, {"file": "services/wake_perception_thinking_action_service.py", "line": 128, "function": "_continue"}, {"file": "services/wake_perception_thinking_action_service.py", "line": 246, "function": "_continue_mind"}, {"file": "services/thinking_service.py", "line": 204, "function": "resume_prepared_provider"}, {"file": "services/runtime_cognition.py", "line": 43, "function": "allocate"}], "code": "TEST_NATIVE_EXCEPTION"}], "systemChain": [{"type": "ENGINE_EXCEPTION", "operation": "other", "frames": [{"file": "testing/p18_runtime_fixture.py", "line": 140, "function": "diagnosed_continue"}, {"file": "services/runtime_cognition.py", "line": 242, "function": "_continue"}, {"file": "services/wake_perception_thinking_action_service.py", "line": 90, "function": "wake_manual"}, {"file": "services/wake_perception_thinking_action_service.py", "line": 128, "function": "_continue"}, {"file": "services/wake_perception_thinking_action_service.py", "line": 246, "function": "_continue_mind"}, {"file": "services/thinking_service.py", "line": 204, "function": "resume_prepared_provider"}, {"file": "services/runtime_cognition.py", "line": 43, "function": "allocate"}], "errno": null, "winerror": null}], "stateWriteLockOwnedAfterUnwind": false}
{"stage": "native-exception-before-cleanup", "task_id": "cognition:9618e74d6b5f22826125d210b3e19f6097663da15cd6afe00a33d9055f01d062", "attempt_id": "p11-attempt-87299a99fd029759368220c4a93f7617db774403a07dfbf8362aa3d706993d90", "chain": [{"frames": [{"file": "testing/p18_runtime_fixture.py", "line": 140, "function": "diagnosed_continue"}, {"file": "services/runtime_cognition.py", "line": 242, "function": "_continue"}, {"file": "services/wake_perception_thinking_action_service.py", "line": 90, "function": "wake_manual"}, {"file": "services/wake_perception_thinking_action_service.py", "line": 128, "function": "_continue"}, {"file": "services/wake_perception_thinking_action_service.py", "line": 246, "function": "_continue_mind"}, {"file": "services/thinking_service.py", "line": 204, "function": "resume_prepared_provider"}, {"file": "services/runtime_cognition.py", "line": 43, "function": "allocate"}], "code": "TEST_NATIVE_EXCEPTION"}], "systemChain": [{"type": "ENGINE_EXCEPTION", "operation": "other", "frames": [{"file": "testing/p18_runtime_fixture.py", "line": 140, "function": "diagnosed_continue"}, {"file": "services/runtime_cognition.py", "line": 242, "function": "_continue"}, {"file": "services/wake_perception_thinking_action_service.py", "line": 90, "function": "wake_manual"}, {"file": "services/wake_perception_thinking_action_service.py", "line": 128, "function": "_continue"}, {"file": "services/wake_perception_thinking_action_service.py", "line": 246, "function": "_continue_mind"}, {"file": "services/thinking_service.py", "line": 204, "function": "resume_prepared_provider"}, {"file": "services/runtime_cognition.py", "line": 43, "function": "allocate"}], "errno": null, "winerror": null}], "stateWriteLockOwnedAfterUnwind": false}
ok
test_current_context_revoked_does_not_call_or_apply_state (tests.test_p18_runtime_resume.RuntimeResumeTests.test_current_context_revoked_does_not_call_or_apply_state) ... {"stage": "native-exception-before-cleanup", "task_id": "cognition:ffc935fe42ac05afcc8862c1c388557ad2a1db05115ad6025eb9e0749bc1ac8e", "attempt_id": "p11-attempt-06cc8dd3d8b79b89bd07787bedd4b421ced51e2c1d0428139df8c3b94ac6f1b7", "chain": [{"frames": [{"file": "testing/p18_runtime_fixture.py", "line": 140, "function": "diagnosed_continue"}, {"file": "services/runtime_cognition.py", "line": 242, "function": "_continue"}, {"file": "services/wake_perception_thinking_action_service.py", "line": 90, "function": "wake_manual"}, {"file": "services/wake_perception_thinking_action_service.py", "line": 128, "function": "_continue"}, {"file": "services/wake_perception_thinking_action_service.py", "line": 229, "function": "_continue_mind"}, {"file": "services/thinking_service.py", "line": 190, "function": "handle_perception"}, {"file": "services/thinking_service.py", "line": 232, "function": "_run_provider"}, {"file": "services/wake_perception_thinking_action_service.py", "line": 225, "function": "initial_guard"}, {"file": "services/runtime_cognition.py", "line": 91, "function": "_native_guard"}, {"file": "services/persistent_runtime_service.py", "line": 130, "function": "guard"}], "code": "TEST_NATIVE_EXCEPTION"}], "systemChain": [{"type": "ENGINE_EXCEPTION", "operation": "other", "frames": [{"file": "testing/p18_runtime_fixture.py", "line": 140, "function": "diagnosed_continue"}, {"file": "services/runtime_cognition.py", "line": 242, "function": "_continue"}, {"file": "services/wake_perception_thinking_action_service.py", "line": 90, "function": "wake_manual"}, {"file": "services/wake_perception_thinking_action_service.py", "line": 128, "function": "_continue"}, {"file": "services/wake_perception_thinking_action_service.py", "line": 229, "function": "_continue_mind"}, {"file": "services/thinking_service.py", "line": 190, "function": "handle_perception"}, {"file": "services/thinking_service.py", "line": 232, "function": "_run_provider"}, {"file": "services/wake_perception_thinking_action_service.py", "line": 225, "function": "initial_guard"}, {"file": "services/runtime_cognition.py", "line": 91, "function": "_native_guard"}, {"file": "services/persistent_runtime_service.py", "line": 130, "function": "guard"}], "errno": null, "winerror": null}], "stateWriteLockOwnedAfterUnwind": false}
{"stage": "native-exception-before-cleanup", "task_id": "cognition:e29194b855934fdfff612753dc4cc90c51db647cf07088a7050b516b7466c8c1", "attempt_id": "p11-attempt-6c543e36eba1d313d9273da70a8791b05ca8f69566ab5f976b638fcc724ff328", "chain": [{"frames": [{"file": "testing/p18_runtime_fixture.py", "line": 140, "function": "diagnosed_continue"}, {"file": "services/runtime_cognition.py", "line": 242, "function": "_continue"}, {"file": "services/wake_perception_thinking_action_service.py", "line": 90, "function": "wake_manual"}, {"file": "services/wake_perception_thinking_action_service.py", "line": 128, "function": "_continue"}, {"file": "services/wake_perception_thinking_action_service.py", "line": 221, "function": "_continue_mind"}, {"file": "services/continuity_core_service.py", "line": 332, "function": "prepare"}, {"file": "services/continuity_core_service.py", "line": 400, "function": "_prepare"}, {"file": "services/dynamic_mind_service.py", "line": 317, "function": "capture"}], "code": "TEST_NATIVE_EXCEPTION"}], "systemChain": [{"type": "ENGINE_EXCEPTION", "operation": "other", "frames": [{"file": "testing/p18_runtime_fixture.py", "line": 140, "function": "diagnosed_continue"}, {"file": "services/runtime_cognition.py", "line": 242, "function": "_continue"}, {"file": "services/wake_perception_thinking_action_service.py", "line": 90, "function": "wake_manual"}, {"file": "services/wake_perception_thinking_action_service.py", "line": 128, "function": "_continue"}, {"file": "services/wake_perception_thinking_action_service.py", "line": 221, "function": "_continue_mind"}, {"file": "services/continuity_core_service.py", "line": 332, "function": "prepare"}, {"file": "services/continuity_core_service.py", "line": 400, "function": "_prepare"}, {"file": "services/dynamic_mind_service.py", "line": 317, "function": "capture"}], "errno": null, "winerror": null}], "stateWriteLockOwnedAfterUnwind": false}
{"stage": "native-exception-before-cleanup", "task_id": "cognition:e29194b855934fdfff612753dc4cc90c51db647cf07088a7050b516b7466c8c1", "attempt_id": "p11-attempt-da5779c786b01bb37edda9f7d7dee3ef3cd764adbf00705dadafff76fbf4afdd", "chain": [{"frames": [{"file": "testing/p18_runtime_fixture.py", "line": 140, "function": "diagnosed_continue"}, {"file": "services/runtime_cognition.py", "line": 242, "function": "_continue"}, {"file": "services/wake_perception_thinking_action_service.py", "line": 90, "function": "wake_manual"}, {"file": "services/wake_perception_thinking_action_service.py", "line": 128, "function": "_continue"}, {"file": "services/wake_perception_thinking_action_service.py", "line": 221, "function": "_continue_mind"}, {"file": "services/continuity_core_service.py", "line": 332, "function": "prepare"}, {"file": "services/continuity_core_service.py", "line": 400, "function": "_prepare"}, {"file": "services/dynamic_mind_service.py", "line": 317, "function": "capture"}], "code": "TEST_NATIVE_EXCEPTION"}], "systemChain": [{"type": "ENGINE_EXCEPTION", "operation": "other", "frames": [{"file": "testing/p18_runtime_fixture.py", "line": 140, "function": "diagnosed_continue"}, {"file": "services/runtime_cognition.py", "line": 242, "function": "_continue"}, {"file": "services/wake_perception_thinking_action_service.py", "line": 90, "function": "wake_manual"}, {"file": "services/wake_perception_thinking_action_service.py", "line": 128, "function": "_continue"}, {"file": "services/wake_perception_thinking_action_service.py", "line": 221, "function": "_continue_mind"}, {"file": "services/continuity_core_service.py", "line": 332, "function": "prepare"}, {"file": "services/continuity_core_service.py", "line": 400, "function": "_prepare"}, {"file": "services/dynamic_mind_service.py", "line": 317, "function": "capture"}], "errno": null, "winerror": null}], "stateWriteLockOwnedAfterUnwind": false}
ok
test_entered_provider_failure_is_not_repeated (tests.test_p18_runtime_resume.RuntimeResumeTests.test_entered_provider_failure_is_not_repeated) ... {"stage": "native-exception-before-cleanup", "task_id": "cognition:926bd00c1ca71a5d564a8243311a53a726797469df0f3937738d65b795abd451", "attempt_id": "p11-attempt-bbf94663de39d7e79671f3288552ac587f4b1f85927c41aaf8cc592b3a5e3c31", "chain": [{"frames": [{"file": "testing/p18_runtime_fixture.py", "line": 140, "function": "diagnosed_continue"}, {"file": "services/runtime_cognition.py", "line": 242, "function": "_continue"}, {"file": "services/wake_perception_thinking_action_service.py", "line": 90, "function": "wake_manual"}, {"file": "services/wake_perception_thinking_action_service.py", "line": 128, "function": "_continue"}, {"file": "services/wake_perception_thinking_action_service.py", "line": 229, "function": "_continue_mind"}, {"file": "services/thinking_service.py", "line": 190, "function": "handle_perception"}, {"file": "services/thinking_service.py", "line": 295, "function": "_run_provider"}], "code": "TEST_NATIVE_EXCEPTION"}, {"frames": [{"file": "services/thinking_service.py", "line": 237, "function": "_run_provider"}, {"file": "services/runtime_cognition.py", "line": 53, "function": "think"}], "code": "TEST_NATIVE_EXCEPTION"}], "systemChain": [{"type": "ENGINE_EXCEPTION", "operation": "other", "frames": [{"file": "testing/p18_runtime_fixture.py", "line": 140, "function": "diagnosed_continue"}, {"file": "services/runtime_cognition.py", "line": 242, "function": "_continue"}, {"file": "services/wake_perception_thinking_action_service.py", "line": 90, "function": "wake_manual"}, {"file": "services/wake_perception_thinking_action_service.py", "line": 128, "function": "_continue"}, {"file": "services/wake_perception_thinking_action_service.py", "line": 229, "function": "_continue_mind"}, {"file": "services/thinking_service.py", "line": 190, "function": "handle_perception"}, {"file": "services/thinking_service.py", "line": 295, "function": "_run_provider"}], "errno": null, "winerror": null}, {"type": "ENGINE_EXCEPTION", "operation": "other", "frames": [{"file": "services/thinking_service.py", "line": 237, "function": "_run_provider"}, {"file": "services/runtime_cognition.py", "line": 53, "function": "think"}], "errno": null, "winerror": null}], "stateWriteLockOwnedAfterUnwind": false}
ok
test_f1_bounded_pause_after_first_evolution_and_clock_before_resume_call (tests.test_p18_runtime_resume.RuntimeResumeTests.test_f1_bounded_pause_after_first_evolution_and_clock_before_resume_call) ... ok
test_first_call_pause_resumes_same_session_without_extra_reservation (tests.test_p18_runtime_resume.RuntimeResumeTests.test_first_call_pause_resumes_same_session_without_extra_reservation) ... {"stage": "native-exception-before-cleanup", "task_id": "cognition:df8b84884f4511b3092e0ec7ee5dac1b3b46749e736ae36ad801babef1518474", "attempt_id": "p11-attempt-5280fe5e0b9f8cbe9a5967247e5da934c2788ac76de905f4a036814a6d53fc0a", "chain": [{"frames": [{"file": "testing/p18_runtime_fixture.py", "line": 140, "function": "diagnosed_continue"}, {"file": "services/runtime_cognition.py", "line": 242, "function": "_continue"}, {"file": "services/wake_perception_thinking_action_service.py", "line": 90, "function": "wake_manual"}, {"file": "services/wake_perception_thinking_action_service.py", "line": 128, "function": "_continue"}, {"file": "services/wake_perception_thinking_action_service.py", "line": 229, "function": "_continue_mind"}, {"file": "services/thinking_service.py", "line": 190, "function": "handle_perception"}, {"file": "services/thinking_service.py", "line": 232, "function": "_run_provider"}, {"file": "services/wake_perception_thinking_action_service.py", "line": 225, "function": "initial_guard"}, {"file": "services/runtime_cognition.py", "line": 91, "function": "_native_guard"}, {"file": "services/persistent_runtime_service.py", "line": 130, "function": "guard"}], "code": "TEST_NATIVE_EXCEPTION"}], "systemChain": [{"type": "ENGINE_EXCEPTION", "operation": "other", "frames": [{"file": "testing/p18_runtime_fixture.py", "line": 140, "function": "diagnosed_continue"}, {"file": "services/runtime_cognition.py", "line": 242, "function": "_continue"}, {"file": "services/wake_perception_thinking_action_service.py", "line": 90, "function": "wake_manual"}, {"file": "services/wake_perception_thinking_action_service.py", "line": 128, "function": "_continue"}, {"file": "services/wake_perception_thinking_action_service.py", "line": 229, "function": "_continue_mind"}, {"file": "services/thinking_service.py", "line": 190, "function": "handle_perception"}, {"file": "services/thinking_service.py", "line": 232, "function": "_run_provider"}, {"file": "services/wake_perception_thinking_action_service.py", "line": 225, "function": "initial_guard"}, {"file": "services/runtime_cognition.py", "line": 91, "function": "_native_guard"}, {"file": "services/persistent_runtime_service.py", "line": 130, "function": "guard"}], "errno": null, "winerror": null}], "stateWriteLockOwnedAfterUnwind": false}
ok
test_legacy_failed_error_string_is_not_nonexecution_proof (tests.test_p18_runtime_resume.RuntimeResumeTests.test_legacy_failed_error_string_is_not_nonexecution_proof) ... {"stage": "native-exception-before-cleanup", "task_id": "cognition:3d34af9cf39daee1b1341cc6094b3c0593193ac04d52175b35ab436870d70437", "attempt_id": "p11-attempt-ab899f3e0721d158235760e89e9393814beb044cf73d6c9f4e1116c0c1034781", "chain": [{"frames": [{"file": "testing/p18_runtime_fixture.py", "line": 140, "function": "diagnosed_continue"}, {"file": "services/runtime_cognition.py", "line": 242, "function": "_continue"}, {"file": "services/wake_perception_thinking_action_service.py", "line": 90, "function": "wake_manual"}, {"file": "services/wake_perception_thinking_action_service.py", "line": 128, "function": "_continue"}, {"file": "services/wake_perception_thinking_action_service.py", "line": 229, "function": "_continue_mind"}, {"file": "services/thinking_service.py", "line": 190, "function": "handle_perception"}, {"file": "services/thinking_service.py", "line": 295, "function": "_run_provider"}], "code": "TEST_NATIVE_EXCEPTION"}, {"frames": [{"file": "services/thinking_service.py", "line": 237, "function": "_run_provider"}, {"file": "services/runtime_cognition.py", "line": 53, "function": "think"}], "code": "TEST_NATIVE_EXCEPTION"}], "systemChain": [{"type": "ENGINE_EXCEPTION", "operation": "other", "frames": [{"file": "testing/p18_runtime_fixture.py", "line": 140, "function": "diagnosed_continue"}, {"file": "services/runtime_cognition.py", "line": 242, "function": "_continue"}, {"file": "services/wake_perception_thinking_action_service.py", "line": 90, "function": "wake_manual"}, {"file": "services/wake_perception_thinking_action_service.py", "line": 128, "function": "_continue"}, {"file": "services/wake_perception_thinking_action_service.py", "line": 229, "function": "_continue_mind"}, {"file": "services/thinking_service.py", "line": 190, "function": "handle_perception"}, {"file": "services/thinking_service.py", "line": 295, "function": "_run_provider"}], "errno": null, "winerror": null}, {"type": "ENGINE_EXCEPTION", "operation": "other", "frames": [{"file": "services/thinking_service.py", "line": 237, "function": "_run_provider"}, {"file": "services/runtime_cognition.py", "line": 53, "function": "think"}], "errno": null, "winerror": null}], "stateWriteLockOwnedAfterUnwind": false}
ok
test_long_pause_reassesses_expired_input_with_explicit_predecessor (tests.test_p18_runtime_resume.RuntimeResumeTests.test_long_pause_reassesses_expired_input_with_explicit_predecessor) ... {"stage": "native-exception-before-cleanup", "task_id": "cognition:78def4b30ee559852f213551088305d3f507d2efbd40c9298442812c2cb3a764", "attempt_id": "p11-attempt-f73a47edc600f016692b0a9668bdeebe28f776dba050b8756bd6822d3aaf5b0d", "chain": [{"frames": [{"file": "testing/p18_runtime_fixture.py", "line": 140, "function": "diagnosed_continue"}, {"file": "services/runtime_cognition.py", "line": 242, "function": "_continue"}, {"file": "services/wake_perception_thinking_action_service.py", "line": 90, "function": "wake_manual"}, {"file": "services/wake_perception_thinking_action_service.py", "line": 128, "function": "_continue"}, {"file": "services/wake_perception_thinking_action_service.py", "line": 229, "function": "_continue_mind"}, {"file": "services/thinking_service.py", "line": 190, "function": "handle_perception"}, {"file": "services/thinking_service.py", "line": 232, "function": "_run_provider"}, {"file": "services/wake_perception_thinking_action_service.py", "line": 225, "function": "initial_guard"}, {"file": "services/runtime_cognition.py", "line": 91, "function": "_native_guard"}, {"file": "services/persistent_runtime_service.py", "line": 130, "function": "guard"}], "code": "TEST_NATIVE_EXCEPTION"}], "systemChain": [{"type": "ENGINE_EXCEPTION", "operation": "other", "frames": [{"file": "testing/p18_runtime_fixture.py", "line": 140, "function": "diagnosed_continue"}, {"file": "services/runtime_cognition.py", "line": 242, "function": "_continue"}, {"file": "services/wake_perception_thinking_action_service.py", "line": 90, "function": "wake_manual"}, {"file": "services/wake_perception_thinking_action_service.py", "line": 128, "function": "_continue"}, {"file": "services/wake_perception_thinking_action_service.py", "line": 229, "function": "_continue_mind"}, {"file": "services/thinking_service.py", "line": 190, "function": "handle_perception"}, {"file": "services/thinking_service.py", "line": 232, "function": "_run_provider"}, {"file": "services/wake_perception_thinking_action_service.py", "line": 225, "function": "initial_guard"}, {"file": "services/runtime_cognition.py", "line": 91, "function": "_native_guard"}, {"file": "services/persistent_runtime_service.py", "line": 130, "function": "guard"}], "errno": null, "winerror": null}], "stateWriteLockOwnedAfterUnwind": false}
ok
test_pre_call_history_is_append_only_and_bound (tests.test_p18_runtime_resume.RuntimeResumeTests.test_pre_call_history_is_append_only_and_bound) ... {"stage": "native-exception-before-cleanup", "task_id": "cognition:929e500f4f5ec4533cc0baecf86c92b4c3c5615130bf1581a2a9120cd83c5201", "attempt_id": "p11-attempt-91fb382512256ba68359795344cd1302adfdf9c1baf20a2a27d0f79640f05976", "chain": [{"frames": [{"file": "testing/p18_runtime_fixture.py", "line": 140, "function": "diagnosed_continue"}, {"file": "services/runtime_cognition.py", "line": 242, "function": "_continue"}, {"file": "services/wake_perception_thinking_action_service.py", "line": 90, "function": "wake_manual"}, {"file": "services/wake_perception_thinking_action_service.py", "line": 128, "function": "_continue"}, {"file": "services/wake_perception_thinking_action_service.py", "line": 229, "function": "_continue_mind"}, {"file": "services/thinking_service.py", "line": 190, "function": "handle_perception"}, {"file": "services/thinking_service.py", "line": 232, "function": "_run_provider"}, {"file": "services/wake_perception_thinking_action_service.py", "line": 225, "function": "initial_guard"}, {"file": "services/runtime_cognition.py", "line": 91, "function": "_native_guard"}, {"file": "services/persistent_runtime_service.py", "line": 130, "function": "guard"}], "code": "TEST_NATIVE_EXCEPTION"}], "systemChain": [{"type": "ENGINE_EXCEPTION", "operation": "other", "frames": [{"file": "testing/p18_runtime_fixture.py", "line": 140, "function": "diagnosed_continue"}, {"file": "services/runtime_cognition.py", "line": 242, "function": "_continue"}, {"file": "services/wake_perception_thinking_action_service.py", "line": 90, "function": "wake_manual"}, {"file": "services/wake_perception_thinking_action_service.py", "line": 128, "function": "_continue"}, {"file": "services/wake_perception_thinking_action_service.py", "line": 229, "function": "_continue_mind"}, {"file": "services/thinking_service.py", "line": 190, "function": "handle_perception"}, {"file": "services/thinking_service.py", "line": 232, "function": "_run_provider"}, {"file": "services/wake_perception_thinking_action_service.py", "line": 225, "function": "initial_guard"}, {"file": "services/runtime_cognition.py", "line": 91, "function": "_native_guard"}, {"file": "services/persistent_runtime_service.py", "line": 130, "function": "guard"}], "errno": null, "winerror": null}], "stateWriteLockOwnedAfterUnwind": false}
ok
test_pre_stop_diagnostic_is_read_only_and_has_native_stage (tests.test_p18_runtime_resume.RuntimeResumeTests.test_pre_stop_diagnostic_is_read_only_and_has_native_stage) ... {"stage": "native-exception-before-cleanup", "task_id": "cognition:836a5d60807058bf0972900025448b05c401cca10b588c014bc30e71e9f5ed2a", "attempt_id": "p11-attempt-86f8c5b9c4b2654f2553deadf4dc0c88f1634955db1b4d31200783ca44fc1729", "chain": [{"frames": [{"file": "testing/p18_runtime_fixture.py", "line": 140, "function": "diagnosed_continue"}, {"file": "services/runtime_cognition.py", "line": 242, "function": "_continue"}, {"file": "services/wake_perception_thinking_action_service.py", "line": 90, "function": "wake_manual"}, {"file": "services/wake_perception_thinking_action_service.py", "line": 128, "function": "_continue"}, {"file": "services/wake_perception_thinking_action_service.py", "line": 229, "function": "_continue_mind"}, {"file": "services/thinking_service.py", "line": 190, "function": "handle_perception"}, {"file": "services/thinking_service.py", "line": 232, "function": "_run_provider"}, {"file": "services/wake_perception_thinking_action_service.py", "line": 225, "function": "initial_guard"}, {"file": "services/runtime_cognition.py", "line": 91, "function": "_native_guard"}, {"file": "services/persistent_runtime_service.py", "line": 130, "function": "guard"}], "code": "TEST_NATIVE_EXCEPTION"}], "systemChain": [{"type": "ENGINE_EXCEPTION", "operation": "other", "frames": [{"file": "testing/p18_runtime_fixture.py", "line": 140, "function": "diagnosed_continue"}, {"file": "services/runtime_cognition.py", "line": 242, "function": "_continue"}, {"file": "services/wake_perception_thinking_action_service.py", "line": 90, "function": "wake_manual"}, {"file": "services/wake_perception_thinking_action_service.py", "line": 128, "function": "_continue"}, {"file": "services/wake_perception_thinking_action_service.py", "line": 229, "function": "_continue_mind"}, {"file": "services/thinking_service.py", "line": 190, "function": "handle_perception"}, {"file": "services/thinking_service.py", "line": 232, "function": "_run_provider"}, {"file": "services/wake_perception_thinking_action_service.py", "line": 225, "function": "initial_guard"}, {"file": "services/runtime_cognition.py", "line": 91, "function": "_native_guard"}, {"file": "services/persistent_runtime_service.py", "line": 130, "function": "guard"}], "errno": null, "winerror": null}], "stateWriteLockOwnedAfterUnwind": false}
ok
test_provider_availability_rechecked_before_prepared_resume (tests.test_p18_runtime_resume.RuntimeResumeTests.test_provider_availability_rechecked_before_prepared_resume) ... {"stage": "native-exception-before-cleanup", "task_id": "cognition:f4376c2f182157f611e45c91b531c935199e6abfe092392e5f5248b59fe84584", "attempt_id": "p11-attempt-1110843e9761afea8cf87f68400c24bde1b8e040beaf9429e537e979eb4c6e28", "chain": [{"frames": [{"file": "testing/p18_runtime_fixture.py", "line": 140, "function": "diagnosed_continue"}, {"file": "services/runtime_cognition.py", "line": 242, "function": "_continue"}, {"file": "services/wake_perception_thinking_action_service.py", "line": 90, "function": "wake_manual"}, {"file": "services/wake_perception_thinking_action_service.py", "line": 128, "function": "_continue"}, {"file": "services/wake_perception_thinking_action_service.py", "line": 229, "function": "_continue_mind"}, {"file": "services/thinking_service.py", "line": 190, "function": "handle_perception"}, {"file": "services/thinking_service.py", "line": 232, "function": "_run_provider"}, {"file": "services/wake_perception_thinking_action_service.py", "line": 225, "function": "initial_guard"}, {"file": "services/runtime_cognition.py", "line": 91, "function": "_native_guard"}, {"file": "services/persistent_runtime_service.py", "line": 130, "function": "guard"}], "code": "TEST_NATIVE_EXCEPTION"}], "systemChain": [{"type": "ENGINE_EXCEPTION", "operation": "other", "frames": [{"file": "testing/p18_runtime_fixture.py", "line": 140, "function": "diagnosed_continue"}, {"file": "services/runtime_cognition.py", "line": 242, "function": "_continue"}, {"file": "services/wake_perception_thinking_action_service.py", "line": 90, "function": "wake_manual"}, {"file": "services/wake_perception_thinking_action_service.py", "line": 128, "function": "_continue"}, {"file": "services/wake_perception_thinking_action_service.py", "line": 229, "function": "_continue_mind"}, {"file": "services/thinking_service.py", "line": 190, "function": "handle_perception"}, {"file": "services/thinking_service.py", "line": 232, "function": "_run_provider"}, {"file": "services/wake_perception_thinking_action_service.py", "line": 225, "function": "initial_guard"}, {"file": "services/runtime_cognition.py", "line": 91, "function": "_native_guard"}, {"file": "services/persistent_runtime_service.py", "line": 130, "function": "guard"}], "errno": null, "winerror": null}], "stateWriteLockOwnedAfterUnwind": false}
ok
test_real_child_resumes_durable_pre_call_phase (tests.test_p18_runtime_resume.RuntimeResumeTests.test_real_child_resumes_durable_pre_call_phase) ... {"stage": "native-exception-before-cleanup", "task_id": "cognition:58eb888a7a69a2667808263cae63f3be76c9d85c711e50496c32f617ca788381", "attempt_id": "p11-attempt-7d3915ce03cd45b70b5226b1c708418e6231e9f2e3328e8d3d16d3216e61b7f6", "chain": [{"frames": [{"file": "testing/p18_runtime_fixture.py", "line": 140, "function": "diagnosed_continue"}, {"file": "services/runtime_cognition.py", "line": 242, "function": "_continue"}, {"file": "services/wake_perception_thinking_action_service.py", "line": 90, "function": "wake_manual"}, {"file": "services/wake_perception_thinking_action_service.py", "line": 128, "function": "_continue"}, {"file": "services/wake_perception_thinking_action_service.py", "line": 229, "function": "_continue_mind"}, {"file": "services/thinking_service.py", "line": 190, "function": "handle_perception"}, {"file": "services/thinking_service.py", "line": 232, "function": "_run_provider"}, {"file": "services/wake_perception_thinking_action_service.py", "line": 225, "function": "initial_guard"}, {"file": "services/runtime_cognition.py", "line": 91, "function": "_native_guard"}, {"file": "services/persistent_runtime_service.py", "line": 130, "function": "guard"}], "code": "TEST_NATIVE_EXCEPTION"}], "systemChain": [{"type": "ENGINE_EXCEPTION", "operation": "other", "frames": [{"file": "testing/p18_runtime_fixture.py", "line": 140, "function": "diagnosed_continue"}, {"file": "services/runtime_cognition.py", "line": 242, "function": "_continue"}, {"file": "services/wake_perception_thinking_action_service.py", "line": 90, "function": "wake_manual"}, {"file": "services/wake_perception_thinking_action_service.py", "line": 128, "function": "_continue"}, {"file": "services/wake_perception_thinking_action_service.py", "line": 229, "function": "_continue_mind"}, {"file": "services/thinking_service.py", "line": 190, "function": "handle_perception"}, {"file": "services/thinking_service.py", "line": 232, "function": "_run_provider"}, {"file": "services/wake_perception_thinking_action_service.py", "line": 225, "function": "initial_guard"}, {"file": "services/runtime_cognition.py", "line": 91, "function": "_native_guard"}, {"file": "services/persistent_runtime_service.py", "line": 130, "function": "guard"}], "errno": null, "winerror": null}], "stateWriteLockOwnedAfterUnwind": false}
ok
test_reopened_pre_call_deferral_resumes (tests.test_p18_runtime_resume.RuntimeResumeTests.test_reopened_pre_call_deferral_resumes) ... {"stage": "native-exception-before-cleanup", "task_id": "cognition:e709a58c1028373c65314491cbdf07883bbfef498b548ceebcc3f9823a35de82", "attempt_id": "p11-attempt-8560c9e10a6db7f27d419889459e1323b5931a15f32d3fecf990d956aa732994", "chain": [{"frames": [{"file": "testing/p18_runtime_fixture.py", "line": 140, "function": "diagnosed_continue"}, {"file": "services/runtime_cognition.py", "line": 242, "function": "_continue"}, {"file": "services/wake_perception_thinking_action_service.py", "line": 90, "function": "wake_manual"}, {"file": "services/wake_perception_thinking_action_service.py", "line": 128, "function": "_continue"}, {"file": "services/wake_perception_thinking_action_service.py", "line": 229, "function": "_continue_mind"}, {"file": "services/thinking_service.py", "line": 190, "function": "handle_perception"}, {"file": "services/thinking_service.py", "line": 232, "function": "_run_provider"}, {"file": "services/wake_perception_thinking_action_service.py", "line": 225, "function": "initial_guard"}, {"file": "services/runtime_cognition.py", "line": 91, "function": "_native_guard"}, {"file": "services/persistent_runtime_service.py", "line": 130, "function": "guard"}], "code": "TEST_NATIVE_EXCEPTION"}], "systemChain": [{"type": "ENGINE_EXCEPTION", "operation": "other", "frames": [{"file": "testing/p18_runtime_fixture.py", "line": 140, "function": "diagnosed_continue"}, {"file": "services/runtime_cognition.py", "line": 242, "function": "_continue"}, {"file": "services/wake_perception_thinking_action_service.py", "line": 90, "function": "wake_manual"}, {"file": "services/wake_perception_thinking_action_service.py", "line": 128, "function": "_continue"}, {"file": "services/wake_perception_thinking_action_service.py", "line": 229, "function": "_continue_mind"}, {"file": "services/thinking_service.py", "line": 190, "function": "handle_perception"}, {"file": "services/thinking_service.py", "line": 232, "function": "_run_provider"}, {"file": "services/wake_perception_thinking_action_service.py", "line": 225, "function": "initial_guard"}, {"file": "services/runtime_cognition.py", "line": 91, "function": "_native_guard"}, {"file": "services/persistent_runtime_service.py", "line": 130, "function": "guard"}], "errno": null, "winerror": null}], "stateWriteLockOwnedAfterUnwind": false}
ok
test_repeated_control_deferral_keeps_one_dispatch_and_history (tests.test_p18_runtime_resume.RuntimeResumeTests.test_repeated_control_deferral_keeps_one_dispatch_and_history) ... {"stage": "native-exception-before-cleanup", "task_id": "cognition:0d81f2c53296fedf5ffb26798cc734345818e5c3be2a6c19bf96dc9fdeb59735", "attempt_id": "p11-attempt-501753921c179e11d72cdc28093fff00a8888e87275c7c7e6eecb9f38f6f7028", "chain": [{"frames": [{"file": "testing/p18_runtime_fixture.py", "line": 140, "function": "diagnosed_continue"}, {"file": "services/runtime_cognition.py", "line": 242, "function": "_continue"}, {"file": "services/wake_perception_thinking_action_service.py", "line": 90, "function": "wake_manual"}, {"file": "services/wake_perception_thinking_action_service.py", "line": 128, "function": "_continue"}, {"file": "services/wake_perception_thinking_action_service.py", "line": 229, "function": "_continue_mind"}, {"file": "services/thinking_service.py", "line": 190, "function": "handle_perception"}, {"file": "services/thinking_service.py", "line": 232, "function": "_run_provider"}, {"file": "services/wake_perception_thinking_action_service.py", "line": 225, "function": "initial_guard"}, {"file": "services/runtime_cognition.py", "line": 91, "function": "_native_guard"}, {"file": "services/persistent_runtime_service.py", "line": 130, "function": "guard"}], "code": "TEST_NATIVE_EXCEPTION"}], "systemChain": [{"type": "ENGINE_EXCEPTION", "operation": "other", "frames": [{"file": "testing/p18_runtime_fixture.py", "line": 140, "function": "diagnosed_continue"}, {"file": "services/runtime_cognition.py", "line": 242, "function": "_continue"}, {"file": "services/wake_perception_thinking_action_service.py", "line": 90, "function": "wake_manual"}, {"file": "services/wake_perception_thinking_action_service.py", "line": 128, "function": "_continue"}, {"file": "services/wake_perception_thinking_action_service.py", "line": 229, "function": "_continue_mind"}, {"file": "services/thinking_service.py", "line": 190, "function": "handle_perception"}, {"file": "services/thinking_service.py", "line": 232, "function": "_run_provider"}, {"file": "services/wake_perception_thinking_action_service.py", "line": 225, "function": "initial_guard"}, {"file": "services/runtime_cognition.py", "line": 91, "function": "_native_guard"}, {"file": "services/persistent_runtime_service.py", "line": 130, "function": "guard"}], "errno": null, "winerror": null}], "stateWriteLockOwnedAfterUnwind": false}
{"stage": "native-exception-before-cleanup", "task_id": "cognition:0d81f2c53296fedf5ffb26798cc734345818e5c3be2a6c19bf96dc9fdeb59735", "attempt_id": "p11-attempt-501753921c179e11d72cdc28093fff00a8888e87275c7c7e6eecb9f38f6f7028", "chain": [{"frames": [{"file": "testing/p18_runtime_fixture.py", "line": 140, "function": "diagnosed_continue"}, {"file": "services/runtime_cognition.py", "line": 242, "function": "_continue"}, {"file": "services/wake_perception_thinking_action_service.py", "line": 90, "function": "wake_manual"}, {"file": "services/wake_perception_thinking_action_service.py", "line": 128, "function": "_continue"}, {"file": "services/wake_perception_thinking_action_service.py", "line": 246, "function": "_continue_mind"}, {"file": "services/thinking_service.py", "line": 211, "function": "resume_prepared_provider"}, {"file": "services/thinking_service.py", "line": 232, "function": "_run_provider"}, {"file": "services/wake_perception_thinking_action_service.py", "line": 242, "function": "resume_guard"}, {"file": "services/runtime_cognition.py", "line": 91, "function": "_native_guard"}, {"file": "services/persistent_runtime_service.py", "line": 130, "function": "guard"}], "code": "TEST_NATIVE_EXCEPTION"}], "systemChain": [{"type": "ENGINE_EXCEPTION", "operation": "other", "frames": [{"file": "testing/p18_runtime_fixture.py", "line": 140, "function": "diagnosed_continue"}, {"file": "services/runtime_cognition.py", "line": 242, "function": "_continue"}, {"file": "services/wake_perception_thinking_action_service.py", "line": 90, "function": "wake_manual"}, {"file": "services/wake_perception_thinking_action_service.py", "line": 128, "function": "_continue"}, {"file": "services/wake_perception_thinking_action_service.py", "line": 246, "function": "_continue_mind"}, {"file": "services/thinking_service.py", "line": 211, "function": "resume_prepared_provider"}, {"file": "services/thinking_service.py", "line": 232, "function": "_run_provider"}, {"file": "services/wake_perception_thinking_action_service.py", "line": 242, "function": "resume_guard"}, {"file": "services/runtime_cognition.py", "line": 91, "function": "_native_guard"}, {"file": "services/persistent_runtime_service.py", "line": 130, "function": "guard"}], "errno": null, "winerror": null}], "stateWriteLockOwnedAfterUnwind": false}
{"stage": "native-exception-before-cleanup", "task_id": "cognition:0d81f2c53296fedf5ffb26798cc734345818e5c3be2a6c19bf96dc9fdeb59735", "attempt_id": "p11-attempt-501753921c179e11d72cdc28093fff00a8888e87275c7c7e6eecb9f38f6f7028", "chain": [{"frames": [{"file": "testing/p18_runtime_fixture.py", "line": 140, "function": "diagnosed_continue"}, {"file": "services/runtime_cognition.py", "line": 242, "function": "_continue"}, {"file": "services/wake_perception_thinking_action_service.py", "line": 90, "function": "wake_manual"}, {"file": "services/wake_perception_thinking_action_service.py", "line": 128, "function": "_continue"}, {"file": "services/wake_perception_thinking_action_service.py", "line": 246, "function": "_continue_mind"}, {"file": "services/thinking_service.py", "line": 211, "function": "resume_prepared_provider"}, {"file": "services/thinking_service.py", "line": 232, "function": "_run_provider"}, {"file": "services/wake_perception_thinking_action_service.py", "line": 242, "function": "resume_guard"}, {"file": "services/runtime_cognition.py", "line": 91, "function": "_native_guard"}, {"file": "services/persistent_runtime_service.py", "line": 130, "function": "guard"}], "code": "TEST_NATIVE_EXCEPTION"}], "systemChain": [{"type": "ENGINE_EXCEPTION", "operation": "other", "frames": [{"file": "testing/p18_runtime_fixture.py", "line": 140, "function": "diagnosed_continue"}, {"file": "services/runtime_cognition.py", "line": 242, "function": "_continue"}, {"file": "services/wake_perception_thinking_action_service.py", "line": 90, "function": "wake_manual"}, {"file": "services/wake_perception_thinking_action_service.py", "line": 128, "function": "_continue"}, {"file": "services/wake_perception_thinking_action_service.py", "line": 246, "function": "_continue_mind"}, {"file": "services/thinking_service.py", "line": 211, "function": "resume_prepared_provider"}, {"file": "services/thinking_service.py", "line": 232, "function": "_run_provider"}, {"file": "services/wake_perception_thinking_action_service.py", "line": 242, "function": "resume_guard"}, {"file": "services/runtime_cognition.py", "line": 91, "function": "_native_guard"}, {"file": "services/persistent_runtime_service.py", "line": 130, "function": "guard"}], "errno": null, "winerror": null}], "stateWriteLockOwnedAfterUnwind": false}
{"stage": "native-exception-before-cleanup", "task_id": "cognition:0d81f2c53296fedf5ffb26798cc734345818e5c3be2a6c19bf96dc9fdeb59735", "attempt_id": "p11-attempt-501753921c179e11d72cdc28093fff00a8888e87275c7c7e6eecb9f38f6f7028", "chain": [{"frames": [{"file": "testing/p18_runtime_fixture.py", "line": 140, "function": "diagnosed_continue"}, {"file": "services/runtime_cognition.py", "line": 242, "function": "_continue"}, {"file": "services/wake_perception_thinking_action_service.py", "line": 90, "function": "wake_manual"}, {"file": "services/wake_perception_thinking_action_service.py", "line": 128, "function": "_continue"}, {"file": "services/wake_perception_thinking_action_service.py", "line": 246, "function": "_continue_mind"}, {"file": "services/thinking_service.py", "line": 211, "function": "resume_prepared_provider"}, {"file": "services/thinking_service.py", "line": 232, "function": "_run_provider"}, {"file": "services/wake_perception_thinking_action_service.py", "line": 242, "function": "resume_guard"}, {"file": "services/runtime_cognition.py", "line": 91, "function": "_native_guard"}, {"file": "services/persistent_runtime_service.py", "line": 130, "function": "guard"}], "code": "TEST_NATIVE_EXCEPTION"}], "systemChain": [{"type": "ENGINE_EXCEPTION", "operation": "other", "frames": [{"file": "testing/p18_runtime_fixture.py", "line": 140, "function": "diagnosed_continue"}, {"file": "services/runtime_cognition.py", "line": 242, "function": "_continue"}, {"file": "services/wake_perception_thinking_action_service.py", "line": 90, "function": "wake_manual"}, {"file": "services/wake_perception_thinking_action_service.py", "line": 128, "function": "_continue"}, {"file": "services/wake_perception_thinking_action_service.py", "line": 246, "function": "_continue_mind"}, {"file": "services/thinking_service.py", "line": 211, "function": "resume_prepared_provider"}, {"file": "services/thinking_service.py", "line": 232, "function": "_run_provider"}, {"file": "services/wake_perception_thinking_action_service.py", "line": 242, "function": "resume_guard"}, {"file": "services/runtime_cognition.py", "line": 91, "function": "_native_guard"}, {"file": "services/persistent_runtime_service.py", "line": 130, "function": "guard"}], "errno": null, "winerror": null}], "stateWriteLockOwnedAfterUnwind": false}
{"stage": "native-exception-before-cleanup", "task_id": "cognition:0d81f2c53296fedf5ffb26798cc734345818e5c3be2a6c19bf96dc9fdeb59735", "attempt_id": "p11-attempt-501753921c179e11d72cdc28093fff00a8888e87275c7c7e6eecb9f38f6f7028", "chain": [{"frames": [{"file": "testing/p18_runtime_fixture.py", "line": 140, "function": "diagnosed_continue"}, {"file": "services/runtime_cognition.py", "line": 242, "function": "_continue"}, {"file": "services/wake_perception_thinking_action_service.py", "line": 90, "function": "wake_manual"}, {"file": "services/wake_perception_thinking_action_service.py", "line": 128, "function": "_continue"}, {"file": "services/wake_perception_thinking_action_service.py", "line": 246, "function": "_continue_mind"}, {"file": "services/thinking_service.py", "line": 211, "function": "resume_prepared_provider"}, {"file": "services/thinking_service.py", "line": 232, "function": "_run_provider"}, {"file": "services/wake_perception_thinking_action_service.py", "line": 242, "function": "resume_guard"}, {"file": "services/runtime_cognition.py", "line": 91, "function": "_native_guard"}, {"file": "services/persistent_runtime_service.py", "line": 130, "function": "guard"}], "code": "TEST_NATIVE_EXCEPTION"}], "systemChain": [{"type": "ENGINE_EXCEPTION", "operation": "other", "frames": [{"file": "testing/p18_runtime_fixture.py", "line": 140, "function": "diagnosed_continue"}, {"file": "services/runtime_cognition.py", "line": 242, "function": "_continue"}, {"file": "services/wake_perception_thinking_action_service.py", "line": 90, "function": "wake_manual"}, {"file": "services/wake_perception_thinking_action_service.py", "line": 128, "function": "_continue"}, {"file": "services/wake_perception_thinking_action_service.py", "line": 246, "function": "_continue_mind"}, {"file": "services/thinking_service.py", "line": 211, "function": "resume_prepared_provider"}, {"file": "services/thinking_service.py", "line": 232, "function": "_run_provider"}, {"file": "services/wake_perception_thinking_action_service.py", "line": 242, "function": "resume_guard"}, {"file": "services/runtime_cognition.py", "line": 91, "function": "_native_guard"}, {"file": "services/persistent_runtime_service.py", "line": 130, "function": "guard"}], "errno": null, "winerror": null}], "stateWriteLockOwnedAfterUnwind": false}
ok
test_reserved_exact_budget_remains_usable_without_second_charge (tests.test_p18_runtime_resume.RuntimeResumeTests.test_reserved_exact_budget_remains_usable_without_second_charge) ... {"stage": "native-exception-before-cleanup", "task_id": "cognition:4ded9f05e33404c077674d23eda893ad158700cd8860156a7e03671b906add43", "attempt_id": "p11-attempt-46e756eba88261e0056cced140ce1f9d7966ee258718cd58f45b221ac9ac3700", "chain": [{"frames": [{"file": "testing/p18_runtime_fixture.py", "line": 140, "function": "diagnosed_continue"}, {"file": "services/runtime_cognition.py", "line": 242, "function": "_continue"}, {"file": "services/wake_perception_thinking_action_service.py", "line": 90, "function": "wake_manual"}, {"file": "services/wake_perception_thinking_action_service.py", "line": 128, "function": "_continue"}, {"file": "services/wake_perception_thinking_action_service.py", "line": 229, "function": "_continue_mind"}, {"file": "services/thinking_service.py", "line": 190, "function": "handle_perception"}, {"file": "services/thinking_service.py", "line": 232, "function": "_run_provider"}, {"file": "services/wake_perception_thinking_action_service.py", "line": 225, "function": "initial_guard"}, {"file": "services/runtime_cognition.py", "line": 91, "function": "_native_guard"}, {"file": "services/persistent_runtime_service.py", "line": 130, "function": "guard"}], "code": "TEST_NATIVE_EXCEPTION"}], "systemChain": [{"type": "ENGINE_EXCEPTION", "operation": "other", "frames": [{"file": "testing/p18_runtime_fixture.py", "line": 140, "function": "diagnosed_continue"}, {"file": "services/runtime_cognition.py", "line": 242, "function": "_continue"}, {"file": "services/wake_perception_thinking_action_service.py", "line": 90, "function": "wake_manual"}, {"file": "services/wake_perception_thinking_action_service.py", "line": 128, "function": "_continue"}, {"file": "services/wake_perception_thinking_action_service.py", "line": 229, "function": "_continue_mind"}, {"file": "services/thinking_service.py", "line": 190, "function": "handle_perception"}, {"file": "services/thinking_service.py", "line": 232, "function": "_run_provider"}, {"file": "services/wake_perception_thinking_action_service.py", "line": 225, "function": "initial_guard"}, {"file": "services/runtime_cognition.py", "line": 91, "function": "_native_guard"}, {"file": "services/persistent_runtime_service.py", "line": 130, "function": "guard"}], "errno": null, "winerror": null}], "stateWriteLockOwnedAfterUnwind": false}
ok
test_revoke_during_resume_final_guard_blocks_new_call (tests.test_p18_runtime_resume.RuntimeResumeTests.test_revoke_during_resume_final_guard_blocks_new_call) ... {"stage": "native-exception-before-cleanup", "task_id": "cognition:b1319b0c758c11466d0562ac4316772bf28fec94fc88f6816bdcdc3cab12ed7d", "attempt_id": "p11-attempt-5a6800d2cc3915c76333bd47a607ab82d31e9f90798bb208804f3f23d66d36bf", "chain": [{"frames": [{"file": "testing/p18_runtime_fixture.py", "line": 140, "function": "diagnosed_continue"}, {"file": "services/runtime_cognition.py", "line": 242, "function": "_continue"}, {"file": "services/wake_perception_thinking_action_service.py", "line": 90, "function": "wake_manual"}, {"file": "services/wake_perception_thinking_action_service.py", "line": 128, "function": "_continue"}, {"file": "services/wake_perception_thinking_action_service.py", "line": 229, "function": "_continue_mind"}, {"file": "services/thinking_service.py", "line": 190, "function": "handle_perception"}, {"file": "services/thinking_service.py", "line": 232, "function": "_run_provider"}, {"file": "services/wake_perception_thinking_action_service.py", "line": 225, "function": "initial_guard"}, {"file": "services/runtime_cognition.py", "line": 91, "function": "_native_guard"}, {"file": "services/persistent_runtime_service.py", "line": 130, "function": "guard"}], "code": "TEST_NATIVE_EXCEPTION"}], "systemChain": [{"type": "ENGINE_EXCEPTION", "operation": "other", "frames": [{"file": "testing/p18_runtime_fixture.py", "line": 140, "function": "diagnosed_continue"}, {"file": "services/runtime_cognition.py", "line": 242, "function": "_continue"}, {"file": "services/wake_perception_thinking_action_service.py", "line": 90, "function": "wake_manual"}, {"file": "services/wake_perception_thinking_action_service.py", "line": 128, "function": "_continue"}, {"file": "services/wake_perception_thinking_action_service.py", "line": 229, "function": "_continue_mind"}, {"file": "services/thinking_service.py", "line": 190, "function": "handle_perception"}, {"file": "services/thinking_service.py", "line": 232, "function": "_run_provider"}, {"file": "services/wake_perception_thinking_action_service.py", "line": 225, "function": "initial_guard"}, {"file": "services/runtime_cognition.py", "line": 91, "function": "_native_guard"}, {"file": "services/persistent_runtime_service.py", "line": 130, "function": "guard"}], "errno": null, "winerror": null}], "stateWriteLockOwnedAfterUnwind": false}
{"stage": "native-exception-before-cleanup", "task_id": "cognition:b1319b0c758c11466d0562ac4316772bf28fec94fc88f6816bdcdc3cab12ed7d", "attempt_id": "p11-attempt-5a6800d2cc3915c76333bd47a607ab82d31e9f90798bb208804f3f23d66d36bf", "chain": [{"frames": [{"file": "testing/p18_runtime_fixture.py", "line": 140, "function": "diagnosed_continue"}, {"file": "services/runtime_cognition.py", "line": 242, "function": "_continue"}, {"file": "services/wake_perception_thinking_action_service.py", "line": 90, "function": "wake_manual"}, {"file": "services/wake_perception_thinking_action_service.py", "line": 128, "function": "_continue"}, {"file": "services/wake_perception_thinking_action_service.py", "line": 246, "function": "_continue_mind"}, {"file": "services/thinking_service.py", "line": 211, "function": "resume_prepared_provider"}, {"file": "services/thinking_service.py", "line": 295, "function": "_run_provider"}], "code": "TEST_NATIVE_EXCEPTION"}, {"frames": [{"file": "services/thinking_service.py", "line": 232, "function": "_run_provider"}, {"file": "services/wake_perception_thinking_action_service.py", "line": 244, "function": "resume_guard"}, {"file": "services/continuity_core_service.py", "line": 523, "function": "before_thinking"}], "code": "TEST_NATIVE_EXCEPTION"}], "systemChain": [{"type": "ENGINE_EXCEPTION", "operation": "other", "frames": [{"file": "testing/p18_runtime_fixture.py", "line": 140, "function": "diagnosed_continue"}, {"file": "services/runtime_cognition.py", "line": 242, "function": "_continue"}, {"file": "services/wake_perception_thinking_action_service.py", "line": 90, "function": "wake_manual"}, {"file": "services/wake_perception_thinking_action_service.py", "line": 128, "function": "_continue"}, {"file": "services/wake_perception_thinking_action_service.py", "line": 246, "function": "_continue_mind"}, {"file": "services/thinking_service.py", "line": 211, "function": "resume_prepared_provider"}, {"file": "services/thinking_service.py", "line": 295, "function": "_run_provider"}], "errno": null, "winerror": null}, {"type": "ENGINE_EXCEPTION", "operation": "other", "frames": [{"file": "services/thinking_service.py", "line": 232, "function": "_run_provider"}, {"file": "services/wake_perception_thinking_action_service.py", "line": 244, "function": "resume_guard"}, {"file": "services/continuity_core_service.py", "line": 523, "function": "before_thinking"}], "errno": null, "winerror": null}], "stateWriteLockOwnedAfterUnwind": false}
{"stage": "native-exception-before-cleanup", "task_id": "cognition:27d685fcf95fd29b82f9d64f8fcad729188282f607183318bf857a654e2083fe", "attempt_id": "p11-attempt-284b60f73fbbb31c4b1f041c12f296e88da814360f3d63d40b987e60d41cd1f8", "chain": [{"frames": [{"file": "testing/p18_runtime_fixture.py", "line": 140, "function": "diagnosed_continue"}, {"file": "services/runtime_cognition.py", "line": 242, "function": "_continue"}, {"file": "services/wake_perception_thinking_action_service.py", "line": 90, "function": "wake_manual"}, {"file": "services/wake_perception_thinking_action_service.py", "line": 128, "function": "_continue"}, {"file": "services/wake_perception_thinking_action_service.py", "line": 221, "function": "_continue_mind"}, {"file": "services/continuity_core_service.py", "line": 332, "function": "prepare"}, {"file": "services/continuity_core_service.py", "line": 400, "function": "_prepare"}, {"file": "services/dynamic_mind_service.py", "line": 317, "function": "capture"}], "code": "TEST_NATIVE_EXCEPTION"}], "systemChain": [{"type": "ENGINE_EXCEPTION", "operation": "other", "frames": [{"file": "testing/p18_runtime_fixture.py", "line": 140, "function": "diagnosed_continue"}, {"file": "services/runtime_cognition.py", "line": 242, "function": "_continue"}, {"file": "services/wake_perception_thinking_action_service.py", "line": 90, "function": "wake_manual"}, {"file": "services/wake_perception_thinking_action_service.py", "line": 128, "function": "_continue"}, {"file": "services/wake_perception_thinking_action_service.py", "line": 221, "function": "_continue_mind"}, {"file": "services/continuity_core_service.py", "line": 332, "function": "prepare"}, {"file": "services/continuity_core_service.py", "line": 400, "function": "_prepare"}, {"file": "services/dynamic_mind_service.py", "line": 317, "function": "capture"}], "errno": null, "winerror": null}], "stateWriteLockOwnedAfterUnwind": false}
{"stage": "native-exception-before-cleanup", "task_id": "cognition:27d685fcf95fd29b82f9d64f8fcad729188282f607183318bf857a654e2083fe", "attempt_id": "p11-attempt-b35a62f8ab37524c164c5866b06713278c5ddfa4f06c0d4277705e13a915d392", "chain": [{"frames": [{"file": "testing/p18_runtime_fixture.py", "line": 140, "function": "diagnosed_continue"}, {"file": "services/runtime_cognition.py", "line": 242, "function": "_continue"}, {"file": "services/wake_perception_thinking_action_service.py", "line": 90, "function": "wake_manual"}, {"file": "services/wake_perception_thinking_action_service.py", "line": 128, "function": "_continue"}, {"file": "services/wake_perception_thinking_action_service.py", "line": 221, "function": "_continue_mind"}, {"file": "services/continuity_core_service.py", "line": 332, "function": "prepare"}, {"file": "services/continuity_core_service.py", "line": 400, "function": "_prepare"}, {"file": "services/dynamic_mind_service.py", "line": 317, "function": "capture"}], "code": "TEST_NATIVE_EXCEPTION"}], "systemChain": [{"type": "ENGINE_EXCEPTION", "operation": "other", "frames": [{"file": "testing/p18_runtime_fixture.py", "line": 140, "function": "diagnosed_continue"}, {"file": "services/runtime_cognition.py", "line": 242, "function": "_continue"}, {"file": "services/wake_perception_thinking_action_service.py", "line": 90, "function": "wake_manual"}, {"file": "services/wake_perception_thinking_action_service.py", "line": 128, "function": "_continue"}, {"file": "services/wake_perception_thinking_action_service.py", "line": 221, "function": "_continue_mind"}, {"file": "services/continuity_core_service.py", "line": 332, "function": "prepare"}, {"file": "services/continuity_core_service.py", "line": 400, "function": "_prepare"}, {"file": "services/dynamic_mind_service.py", "line": 317, "function": "capture"}], "errno": null, "winerror": null}], "stateWriteLockOwnedAfterUnwind": false}
ok
test_second_cycle_pause_resumes_without_replaying_first (tests.test_p18_runtime_resume.RuntimeResumeTests.test_second_cycle_pause_resumes_without_replaying_first) ... {"stage": "native-exception-before-cleanup", "task_id": "cognition:3b12e1d8a3af3fed2cc242ebf05598e7c252d08c1f08ab55eed59af04f8abe38", "attempt_id": "p11-attempt-122f61e188320e5cb80f13ee8b1ba61dacc43bd0d2d9f0fb959c8170cb0974cb", "chain": [{"frames": [{"file": "testing/p18_runtime_fixture.py", "line": 140, "function": "diagnosed_continue"}, {"file": "services/runtime_cognition.py", "line": 242, "function": "_continue"}, {"file": "services/wake_perception_thinking_action_service.py", "line": 90, "function": "wake_manual"}, {"file": "services/wake_perception_thinking_action_service.py", "line": 128, "function": "_continue"}, {"file": "services/wake_perception_thinking_action_service.py", "line": 229, "function": "_continue_mind"}, {"file": "services/thinking_service.py", "line": 190, "function": "handle_perception"}, {"file": "services/thinking_service.py", "line": 232, "function": "_run_provider"}, {"file": "services/wake_perception_thinking_action_service.py", "line": 225, "function": "initial_guard"}, {"file": "services/runtime_cognition.py", "line": 91, "function": "_native_guard"}, {"file": "services/persistent_runtime_service.py", "line": 130, "function": "guard"}], "code": "TEST_NATIVE_EXCEPTION"}], "systemChain": [{"type": "ENGINE_EXCEPTION", "operation": "other", "frames": [{"file": "testing/p18_runtime_fixture.py", "line": 140, "function": "diagnosed_continue"}, {"file": "services/runtime_cognition.py", "line": 242, "function": "_continue"}, {"file": "services/wake_perception_thinking_action_service.py", "line": 90, "function": "wake_manual"}, {"file": "services/wake_perception_thinking_action_service.py", "line": 128, "function": "_continue"}, {"file": "services/wake_perception_thinking_action_service.py", "line": 229, "function": "_continue_mind"}, {"file": "services/thinking_service.py", "line": 190, "function": "handle_perception"}, {"file": "services/thinking_service.py", "line": 232, "function": "_run_provider"}, {"file": "services/wake_perception_thinking_action_service.py", "line": 225, "function": "initial_guard"}, {"file": "services/runtime_cognition.py", "line": 91, "function": "_native_guard"}, {"file": "services/persistent_runtime_service.py", "line": 130, "function": "guard"}], "errno": null, "winerror": null}], "stateWriteLockOwnedAfterUnwind": false}
ok
test_stop_does_not_revive_deferred_session (tests.test_p18_runtime_resume.RuntimeResumeTests.test_stop_does_not_revive_deferred_session) ... {"stage": "native-exception-before-cleanup", "task_id": "cognition:b2e5e957341c9a49d6d763c12489ca18f4826c320f8d312faed39d20e043eac9", "attempt_id": "p11-attempt-b423f0de53c54b81b46f044e6ad8a3448498a34d1be7c047a8ad3fe1008ce884", "chain": [{"frames": [{"file": "testing/p18_runtime_fixture.py", "line": 140, "function": "diagnosed_continue"}, {"file": "services/runtime_cognition.py", "line": 242, "function": "_continue"}, {"file": "services/wake_perception_thinking_action_service.py", "line": 90, "function": "wake_manual"}, {"file": "services/wake_perception_thinking_action_service.py", "line": 128, "function": "_continue"}, {"file": "services/wake_perception_thinking_action_service.py", "line": 229, "function": "_continue_mind"}, {"file": "services/thinking_service.py", "line": 190, "function": "handle_perception"}, {"file": "services/thinking_service.py", "line": 232, "function": "_run_provider"}, {"file": "services/wake_perception_thinking_action_service.py", "line": 225, "function": "initial_guard"}, {"file": "services/runtime_cognition.py", "line": 91, "function": "_native_guard"}, {"file": "services/persistent_runtime_service.py", "line": 130, "function": "guard"}], "code": "TEST_NATIVE_EXCEPTION"}], "systemChain": [{"type": "ENGINE_EXCEPTION", "operation": "other", "frames": [{"file": "testing/p18_runtime_fixture.py", "line": 140, "function": "diagnosed_continue"}, {"file": "services/runtime_cognition.py", "line": 242, "function": "_continue"}, {"file": "services/wake_perception_thinking_action_service.py", "line": 90, "function": "wake_manual"}, {"file": "services/wake_perception_thinking_action_service.py", "line": 128, "function": "_continue"}, {"file": "services/wake_perception_thinking_action_service.py", "line": 229, "function": "_continue_mind"}, {"file": "services/thinking_service.py", "line": 190, "function": "handle_perception"}, {"file": "services/thinking_service.py", "line": 232, "function": "_run_provider"}, {"file": "services/wake_perception_thinking_action_service.py", "line": 225, "function": "initial_guard"}, {"file": "services/runtime_cognition.py", "line": 91, "function": "_native_guard"}, {"file": "services/persistent_runtime_service.py", "line": 130, "function": "guard"}], "errno": null, "winerror": null}], "stateWriteLockOwnedAfterUnwind": false}
ok
test_test_diagnostics_do_not_print_provider_exception_material (tests.test_p18_runtime_resume.RuntimeResumeTests.test_test_diagnostics_do_not_print_provider_exception_material) ... ok
test_corrupt_checkpoint_and_generation_fence_not_swallowed (tests.test_p18_runtime_contention.RuntimeContentionTests.test_corrupt_checkpoint_and_generation_fence_not_swallowed) ... ok
test_effect_before_busy_observation_is_not_dispatched_again (tests.test_p18_runtime_contention.RuntimeContentionTests.test_effect_before_busy_observation_is_not_dispatched_again) ... RUNTIME_CHECKPOINT_BUSY
RUNTIME_CHECKPOINT_AVAILABLE
ok
test_h1_clock_advance_during_maintenance_observation (tests.test_p18_runtime_contention.RuntimeContentionTests.test_h1_clock_advance_during_maintenance_observation) ... ok
test_h1_controller_timeout_captures_state_before_stop (tests.test_p18_runtime_contention.RuntimeContentionTests.test_h1_controller_timeout_captures_state_before_stop) ... ok
test_idle_tick_busy_is_bounded_read_only_and_resumes (tests.test_p18_runtime_contention.RuntimeContentionTests.test_idle_tick_busy_is_bounded_read_only_and_resumes) ... RUNTIME_CHECKPOINT_BUSY
RUNTIME_CHECKPOINT_AVAILABLE
ok
test_long_busy_control_rejects_without_record_and_same_identity_retries (tests.test_p18_runtime_contention.RuntimeContentionTests.test_long_busy_control_rejects_without_record_and_same_identity_retries) ... ok
test_long_busy_host_remains_live_and_diagnostic_is_not_flooded (tests.test_p18_runtime_contention.RuntimeContentionTests.test_long_busy_host_remains_live_and_diagnostic_is_not_flooded) ... ok
test_non_contention_os_error_not_reclassified (tests.test_p18_runtime_contention.RuntimeContentionTests.test_non_contention_os_error_not_reclassified) ... ok
test_original_exception_recorded_when_exit_checkpoint_available (tests.test_p18_runtime_contention.RuntimeContentionTests.test_original_exception_recorded_when_exit_checkpoint_available) ... ok
test_owner_permission_rejection_not_treated_as_busy (tests.test_p18_runtime_contention.RuntimeContentionTests.test_owner_permission_rejection_not_treated_as_busy) ... ok
test_paused_process_control_competition (tests.test_p18_runtime_contention.RuntimeContentionTests.test_paused_process_control_competition) ... ok
test_real_busy_exit_keeps_original_error_and_releases_owner (tests.test_p18_runtime_contention.RuntimeContentionTests.test_real_busy_exit_keeps_original_error_and_releases_owner) ... ok
test_resource_wait_process_control_competition (tests.test_p18_runtime_contention.RuntimeContentionTests.test_resource_wait_process_control_competition) ... ok
test_running_process_control_competition (tests.test_p18_runtime_contention.RuntimeContentionTests.test_running_process_control_competition) ... ok
test_second_host_still_immediately_rejected (tests.test_p18_runtime_contention.RuntimeContentionTests.test_second_host_still_immediately_rejected) ... ok
test_short_lock_serializes_control_before_deadline (tests.test_p18_runtime_contention.RuntimeContentionTests.test_short_lock_serializes_control_before_deadline) ... ok
test_stale_cas_and_conflicting_identity_still_fail_closed (tests.test_p18_runtime_contention.RuntimeContentionTests.test_stale_cas_and_conflicting_identity_still_fail_closed) ... ok
test_start_waits_for_checkpoint_without_relaxing_owner_lock (tests.test_p18_runtime_contention.RuntimeContentionTests.test_start_waits_for_checkpoint_without_relaxing_owner_lock) ... ok
test_thread_transaction_also_has_bounded_wait (tests.test_p18_runtime_contention.RuntimeContentionTests.test_thread_transaction_also_has_bounded_wait) ... ok
test_waiting_old_observation_does_not_overwrite_new_resume (tests.test_p18_runtime_contention.RuntimeContentionTests.test_waiting_old_observation_does_not_overwrite_new_resume) ... ok
test_budget_clipping_is_explicit_and_does_not_claim_input_consumed (tests.test_w02_input_integration.InputIntegrationTests.test_budget_clipping_is_explicit_and_does_not_claim_input_consumed) ... ok
test_cross_process_busy_admission_does_not_create_operation (tests.test_w02_input_integration.InputIntegrationTests.test_cross_process_busy_admission_does_not_create_operation) ... ok
test_current_material_is_bound_to_original_message_version (tests.test_w02_input_integration.InputIntegrationTests.test_current_material_is_bound_to_original_message_version) ... ok
test_disabled_feature_has_no_new_fields_or_component_calls (tests.test_w02_input_integration.InputIntegrationTests.test_disabled_feature_has_no_new_fields_or_component_calls) ... ok
test_material_rejected_before_any_w02_persistence (tests.test_w02_input_integration.InputIntegrationTests.test_material_rejected_before_any_w02_persistence) ... ok
test_model_capability_input_uses_the_same_current_input_composition (tests.test_w02_input_integration.InputIntegrationTests.test_model_capability_input_uses_the_same_current_input_composition) ... ok
test_native_opportunity_without_input_flag_preserves_original_chain (tests.test_w02_input_integration.InputIntegrationTests.test_native_opportunity_without_input_flag_preserves_original_chain) ... ok
test_ordinary_psychological_content_not_screened (tests.test_w02_input_integration.InputIntegrationTests.test_ordinary_psychological_content_not_screened) ... ok
test_protected_fixture_rejected_without_writes (tests.test_w02_input_integration.InputIntegrationTests.test_protected_fixture_rejected_without_writes) ... ok
test_read_rechecks_permission_before_return (tests.test_w02_input_integration.InputIntegrationTests.test_read_rechecks_permission_before_return) ... ok
test_read_view_does_not_call_model_or_write (tests.test_w02_input_integration.InputIntegrationTests.test_read_view_does_not_call_model_or_write) ... ok
test_real_process_restart_restores_original_effect_once (tests.test_w02_input_integration.InputIntegrationTests.test_real_process_restart_restores_original_effect_once) ... ok
test_snapshot_branch_preserves_input_progress (tests.test_w02_input_integration.InputIntegrationTests.test_snapshot_branch_preserves_input_progress) ... ok
test_w02_internal_evolution_survives_expression_refusal_and_replay (tests.test_w02_input_integration.InputIntegrationTests.test_w02_internal_evolution_survives_expression_refusal_and_replay) ... ok
test_admission_does_not_reclassify_an_application_runtime_error (tests.test_w02_input_recovery.InputRecoveryTests.test_admission_does_not_reclassify_an_application_runtime_error) ... ok
test_completed_station_not_reexecuted_after_later_checkpoint_fault (tests.test_w02_input_recovery.InputRecoveryTests.test_completed_station_not_reexecuted_after_later_checkpoint_fault) ... ok
test_composer_failure_preserves_finished_memory_and_safe_reason (tests.test_w02_input_recovery.InputRecoveryTests.test_composer_failure_preserves_finished_memory_and_safe_reason) ... ok
test_concurrent_submission_is_replayed_or_explicitly_busy_without_duplicate (tests.test_w02_input_recovery.InputRecoveryTests.test_concurrent_submission_is_replayed_or_explicitly_busy_without_duplicate) ... ok
test_context_expired_after_checkpoint_rejects (tests.test_w02_input_recovery.InputRecoveryTests.test_context_expired_after_checkpoint_rejects) ... ok
test_cross_operation_record_rejected (tests.test_w02_input_recovery.InputRecoveryTests.test_cross_operation_record_rejected) ... ok
test_current_permission_revocation_stops_new_thinking_without_effect (tests.test_w02_input_recovery.InputRecoveryTests.test_current_permission_revocation_stops_new_thinking_without_effect) ... ok
test_disabled_after_original_enabled_checkpoint_refuses_downgrade (tests.test_w02_input_recovery.InputRecoveryTests.test_disabled_after_original_enabled_checkpoint_refuses_downgrade) ... ok
test_forged_conversation_receipt_cannot_claim_a_missing_fragment (tests.test_w02_input_recovery.InputRecoveryTests.test_forged_conversation_receipt_cannot_claim_a_missing_fragment) ... ok
test_forged_memory_receipt_cannot_claim_message_was_remembered (tests.test_w02_input_recovery.InputRecoveryTests.test_forged_memory_receipt_cannot_claim_message_was_remembered) ... ok
test_idempotency_conflict_preserves_original_receipts (tests.test_w02_input_recovery.InputRecoveryTests.test_idempotency_conflict_preserves_original_receipts) ... ok
test_local_memory_failure_is_recorded_then_resumed (tests.test_w02_input_recovery.InputRecoveryTests.test_local_memory_failure_is_recorded_then_resumed) ... ok
test_missing_input_checkpoint_cannot_be_downgraded_to_legacy (tests.test_w02_input_recovery.InputRecoveryTests.test_missing_input_checkpoint_cannot_be_downgraded_to_legacy) ... ok
test_missing_original_gate_is_rejected (tests.test_w02_input_recovery.InputRecoveryTests.test_missing_original_gate_is_rejected) ... ok
test_receipt_cannot_be_rewritten_or_removed (tests.test_w02_input_recovery.InputRecoveryTests.test_receipt_cannot_be_rewritten_or_removed) ... ok
test_restart_completed_request_is_byte_stable_and_no_duplicate_effect (tests.test_w02_input_recovery.InputRecoveryTests.test_restart_completed_request_is_byte_stable_and_no_duplicate_effect) ... ok
test_saved_memory_fact_before_receipt_loss_is_not_written_twice (tests.test_w02_input_recovery.InputRecoveryTests.test_saved_memory_fact_before_receipt_loss_is_not_written_twice) ... ok
test_thinking_saved_before_checkpoint_reuses_original_session (tests.test_w02_input_recovery.InputRecoveryTests.test_thinking_saved_before_checkpoint_reuses_original_session) ... ok
test_composition_failure_exposes_other_station_and_resumes_only_failed (tests.test_w02_input_recovery.PartialInputQueryTests.test_composition_failure_exposes_other_station_and_resumes_only_failed) ... ok
test_legacy_partial_read_remains_unverified_until_explicit_resubmit (tests.test_w02_input_recovery.PartialInputQueryTests.test_legacy_partial_read_remains_unverified_until_explicit_resubmit) ... ok
test_partial_preparation_cannot_be_removed_or_rewritten (tests.test_w02_input_recovery.PartialInputQueryTests.test_partial_preparation_cannot_be_removed_or_rewritten) ... ok
test_partial_public_query_after_local_failure (tests.test_w02_input_recovery.PartialInputQueryTests.test_partial_public_query_after_local_failure) ... ok
test_partial_public_query_after_reopen (tests.test_w02_input_recovery.PartialInputQueryTests.test_partial_public_query_after_reopen) ... ok
test_partial_read_corruption_and_forged_success_refused (tests.test_w02_input_recovery.PartialInputQueryTests.test_partial_read_corruption_and_forged_success_refused) ... ok
test_partial_read_expired_context (tests.test_w02_input_recovery.PartialInputQueryTests.test_partial_read_expired_context) ... ok
test_partial_read_in_separate_process_is_read_only (tests.test_w02_input_recovery.PartialInputQueryTests.test_partial_read_in_separate_process_is_read_only) ... ok
test_partial_read_rechecks_revision_before_return (tests.test_w02_input_recovery.PartialInputQueryTests.test_partial_read_rechecks_revision_before_return) ... ok
test_partial_read_rejects_unbound_completed_result (tests.test_w02_input_recovery.PartialInputQueryTests.test_partial_read_rejects_unbound_completed_result) ... ok
test_partial_read_revoked_during_query (tests.test_w02_input_recovery.PartialInputQueryTests.test_partial_read_revoked_during_query) ... ok
test_partial_read_revoked_permission (tests.test_w02_input_recovery.PartialInputQueryTests.test_partial_read_revoked_permission) ... ok
test_partial_read_subject_and_environment_mismatch (tests.test_w02_input_recovery.PartialInputQueryTests.test_partial_read_subject_and_environment_mismatch) ... ok
test_partial_read_subject_revision_changed (tests.test_w02_input_recovery.PartialInputQueryTests.test_partial_read_subject_revision_changed) ... ok
test_repeat_read_and_resume_do_not_repeat_successful_stations (tests.test_w02_input_recovery.PartialInputQueryTests.test_repeat_read_and_resume_do_not_repeat_successful_stations) ... ok
test_failure_and_reopen_resume_same_request (tests.test_w02_recall.AutomaticRecallTests.test_failure_and_reopen_resume_same_request) ... ok
test_negative_preference_does_not_become_consumption (tests.test_w02_recall.AutomaticRecallTests.test_negative_preference_does_not_become_consumption) ... ok
test_no_relevant_cue_is_assessed_without_forced_recall (tests.test_w02_recall.AutomaticRecallTests.test_no_relevant_cue_is_assessed_without_forced_recall) ... ok
test_original_message_is_assessed_before_thinking (tests.test_w02_recall.AutomaticRecallTests.test_original_message_is_assessed_before_thinking) ... ok
test_read_only_recall_query_does_not_resume_or_write (tests.test_w02_recall.AutomaticRecallTests.test_read_only_recall_query_does_not_resume_or_write) ... ok
test_t03_raw_noon_and_afternoon_messages_recall_before_answer (tests.test_w02_recall.AutomaticRecallTests.test_t03_raw_noon_and_afternoon_messages_recall_before_answer) ... ok
test_t04_preference_candidate_uses_original_roots_without_state_write (tests.test_w02_recall.AutomaticRecallTests.test_t04_preference_candidate_uses_original_roots_without_state_write) ... ok
test_t05_variants_preserve_report_scope (tests.test_w02_recall.AutomaticRecallTests.test_t05_variants_preserve_report_scope) ... ok
test_actual_effect_return_lost_replays_without_duplicate (tests.test_w02_recall_boundaries.RecallBoundaryTests.test_actual_effect_return_lost_replays_without_duplicate) ... ok
test_bound_policy_does_not_force_fixed_depth (tests.test_w02_recall_boundaries.RecallBoundaryTests.test_bound_policy_does_not_force_fixed_depth) ... ok
test_corrupt_recall_hash_is_refused_without_writes (tests.test_w02_recall_boundaries.RecallBoundaryTests.test_corrupt_recall_hash_is_refused_without_writes) ... ok
test_disabled_gate_preserves_original_round_trip (tests.test_w02_recall_boundaries.RecallBoundaryTests.test_disabled_gate_preserves_original_round_trip) ... ok
test_native_cognition_uses_same_pre_answer_evaluation (tests.test_w02_recall_boundaries.RecallBoundaryTests.test_native_cognition_uses_same_pre_answer_evaluation) ... ok
test_no_match_is_distinct_from_source_failure (tests.test_w02_recall_boundaries.RecallBoundaryTests.test_no_match_is_distinct_from_source_failure) ... ok
test_ready_preparation_return_lost_reuses_receipt (tests.test_w02_recall_boundaries.RecallBoundaryTests.test_ready_preparation_return_lost_reuses_receipt) ... ok
test_reference_withdrawal_prevents_new_model (tests.test_w02_recall_boundaries.RecallBoundaryTests.test_reference_withdrawal_prevents_new_model) ... ok
test_retrieval_and_context_budgets_are_independent (tests.test_w02_recall_boundaries.RecallBoundaryTests.test_retrieval_and_context_budgets_are_independent) ... ok
test_source_revocation_excludes_memory_and_history_projection (tests.test_w02_recall_boundaries.RecallBoundaryTests.test_source_revocation_excludes_memory_and_history_projection) ... ok
test_stale_context_does_not_authorize_resume (tests.test_w02_recall_boundaries.RecallBoundaryTests.test_stale_context_does_not_authorize_resume) ... ok
test_stale_source_version_cannot_be_consumed (tests.test_w02_recall_boundaries.RecallBoundaryTests.test_stale_source_version_cannot_be_consumed) ... ok
test_timeout_is_blocked_before_model_and_query_is_read_only (tests.test_w02_recall_boundaries.RecallBoundaryTests.test_timeout_is_blocked_before_model_and_query_is_read_only) ... ok
test_wrong_subject_record_is_rejected (tests.test_w02_recall_boundaries.RecallBoundaryTests.test_wrong_subject_record_is_rejected) ... ok
test_capability_bytes_change_during_revalidation_blocks_old_candidate (tests.test_w02_recall_timeout.W02RecallTimeoutTests.test_capability_bytes_change_during_revalidation_blocks_old_candidate) ... ok
test_four_materials_preanswer_with_original_1000ms_policy (tests.test_w02_recall_timeout.W02RecallTimeoutTests.test_four_materials_preanswer_with_original_1000ms_policy) ... ok
test_permission_revoked_between_external_retrieval_and_revalidation (tests.test_w02_recall_timeout.W02RecallTimeoutTests.test_permission_revoked_between_external_retrieval_and_revalidation) ... ok
test_scoped_capability_parse_rechecks_bytes_and_returns_private_copies (tests.test_w02_recall_timeout.W02RecallTimeoutTests.test_scoped_capability_parse_rechecks_bytes_and_returns_private_copies) ... ok
test_third_message_sixteen_candidates_and_current_derived_sources (tests.test_w02_recall_timeout.W02RecallTimeoutTests.test_third_message_sixteen_candidates_and_current_derived_sources) ... ok
test_failed_station_stays_pending_when_failure_repeats_then_resumes (tests.test_w02_integration.W02IntegratedChainTests.test_failed_station_stays_pending_when_failure_repeats_then_resumes) ... ok
test_partial_derived_withdrawal_invalidates_integrated_reply_and_support (tests.test_w02_integration.W02IntegratedChainTests.test_partial_derived_withdrawal_invalidates_integrated_reply_and_support) ... ok
test_partial_failure_reopen_read_original_progress_and_resume_once (tests.test_w02_integration.W02IntegratedChainTests.test_partial_failure_reopen_read_original_progress_and_resume_once) ... ok
test_public_read_only_views_do_not_retrieve_or_execute (tests.test_w02_integration.W02IntegratedChainTests.test_public_read_only_views_do_not_retrieve_or_execute) ... ok
test_raw_message_stations_old_memory_receipt_and_final_preanswer_context (tests.test_w02_integration.W02IntegratedChainTests.test_raw_message_stations_old_memory_receipt_and_final_preanswer_context) ... ok
test_recovered_station_preserves_verified_old_event_context (tests.test_w02_integration.W02IntegratedChainTests.test_recovered_station_preserves_verified_old_event_context) ... ok
test_recovery_rechecks_current_input_permission_before_reusing_context (tests.test_w02_integration.W02IntegratedChainTests.test_recovery_rechecks_current_input_permission_before_reusing_context) ... ok
test_unrelated_history_and_external_candidate_do_not_fill_reply (tests.test_w02_integration.W02IntegratedChainTests.test_unrelated_history_and_external_candidate_do_not_fill_reply) ... ok
test_adding_unrelated_same_root_material_preserves_current_memory (tests.test_w02_external_absorption.ExternalAbsorptionTests.test_adding_unrelated_same_root_material_preserves_current_memory) ... ok
test_distinct_counterevidence_is_conflict_not_a_winner (tests.test_w02_external_absorption.ExternalAbsorptionTests.test_distinct_counterevidence_is_conflict_not_a_winner) ... ok
test_external_control_claim_is_not_usable_or_permission (tests.test_w02_external_absorption.ExternalAbsorptionTests.test_external_control_claim_is_not_usable_or_permission) ... ok
test_external_root_subject_and_environment_binding_fail_closed (tests.test_w02_external_absorption.ExternalAbsorptionTests.test_external_root_subject_and_environment_binding_fail_closed) ... ok
test_late_current_root_proof_closes_wait_without_repeating_original_effect (tests.test_w02_external_absorption.ExternalAbsorptionTests.test_late_current_root_proof_closes_wait_without_repeating_original_effect) ... ok
test_missing_root_proof_waits_and_does_not_infer_history_absent (tests.test_w02_external_absorption.ExternalAbsorptionTests.test_missing_root_proof_waits_and_does_not_infer_history_absent) ... ok
test_old_date_and_wrong_result_hash_are_rejected_before_absorption (tests.test_w02_external_absorption.ExternalAbsorptionTests.test_old_date_and_wrong_result_hash_are_rejected_before_absorption) ... ok
test_one_root_is_not_enough_for_long_term_and_no_automatic_memory (tests.test_w02_external_absorption.ExternalAbsorptionTests.test_one_root_is_not_enough_for_long_term_and_no_automatic_memory) ... ok
test_ordinary_psychological_material_is_not_screened_as_control_command (tests.test_w02_external_absorption.ExternalAbsorptionTests.test_ordinary_psychological_material_is_not_screened_as_control_command) ... ok
test_permission_revocation_blocks_current_use_without_erasing_original_fact (tests.test_w02_external_absorption.ExternalAbsorptionTests.test_permission_revocation_blocks_current_use_without_erasing_original_fact) ... ok
test_read_only_outcome_does_not_advance_model_memory_or_revision (tests.test_w02_external_absorption.ExternalAbsorptionTests.test_read_only_outcome_does_not_advance_model_memory_or_revision) ... ok
test_receipted_root_becomes_pre_answer_candidate_not_subject_fact (tests.test_w02_external_absorption.ExternalAbsorptionTests.test_receipted_root_becomes_pre_answer_candidate_not_subject_fact) ... ok
test_revocation_correction_scope_and_expiry_invalidate_old_context (tests.test_w02_external_absorption.ExternalAbsorptionTests.test_revocation_correction_scope_and_expiry_invalidate_old_context) ... ok
test_same_root_original_and_derived_wrapper_count_once (tests.test_w02_external_absorption.ExternalAbsorptionTests.test_same_root_original_and_derived_wrapper_count_once) ... ok
test_two_independent_current_roots_can_use_original_p04_memory_and_summary (tests.test_w02_external_absorption.ExternalAbsorptionTests.test_two_independent_current_roots_can_use_original_p04_memory_and_summary) ... ok
test_unrelated_external_material_is_not_selected_for_this_response (tests.test_w02_external_absorption.ExternalAbsorptionTests.test_unrelated_external_material_is_not_selected_for_this_response) ... ok
test_w02_a_and_b_real_ingress_share_pre_answer_external_candidate (tests.test_w02_external_absorption.ExternalAbsorptionTests.test_w02_a_and_b_real_ingress_share_pre_answer_external_candidate) ... ok
test_withdrawing_only_derived_material_invalidates_every_dependent_use (tests.test_w02_external_absorption.ExternalAbsorptionTests.test_withdrawing_only_derived_material_invalidates_every_dependent_use) ... ok
test_after_adapter_result_loss_recovers_exact_fact_not_second_query (tests.test_w02_external_recovery.ExternalRecoveryTests.test_after_adapter_result_loss_recovers_exact_fact_not_second_query) ... ok
test_corrupt_absorption_binding_fails_closed_before_context (tests.test_w02_external_recovery.ExternalRecoveryTests.test_corrupt_absorption_binding_fails_closed_before_context) ... ok
test_old_p16_cache_without_root_proof_is_not_trusted_w02c_material (tests.test_w02_external_recovery.ExternalRecoveryTests.test_old_p16_cache_without_root_proof_is_not_trusted_w02c_material) ... ok
test_original_completed_request_replays_without_new_execution_or_cache_row (tests.test_w02_external_recovery.ExternalRecoveryTests.test_original_completed_request_replays_without_new_execution_or_cache_row) ... ok
test_real_child_reopens_original_request_and_root_without_effect_replay (tests.test_w02_external_recovery.ExternalRecoveryTests.test_real_child_reopens_original_request_and_root_without_effect_replay) ... ok
test_revoked_source_never_becomes_new_material_on_replay (tests.test_w02_external_recovery.ExternalRecoveryTests.test_revoked_source_never_becomes_new_material_on_replay) ... ok
test_unknown_result_never_means_not_executed (tests.test_w02_external_recovery.ExternalRecoveryTests.test_unknown_result_never_means_not_executed) ... ok
test_capability_model_replacement_receives_the_same_core_contract (tests.test_w03_core_context.W03CoreContextTests.test_capability_model_replacement_receives_the_same_core_contract) ... ok
test_everyday_response_contains_identity_and_relationship_before_thinking (tests.test_w03_core_context.W03CoreContextTests.test_everyday_response_contains_identity_and_relationship_before_thinking) ... ok
test_insufficient_budget_does_not_silently_omit_core (tests.test_w03_core_context.W03CoreContextTests.test_insufficient_budget_does_not_silently_omit_core) ... ok
test_legacy_gate_remains_compatible (tests.test_w03_core_context.W03CoreContextTests.test_legacy_gate_remains_compatible) ... ok
test_missing_core_fails_before_thinking_or_action (tests.test_w03_core_context.W03CoreContextTests.test_missing_core_fails_before_thinking_or_action) ... ok
test_expired_transient_interpretation_cannot_become_current (tests.test_w03_recognition.W03RecognitionTests.test_expired_transient_interpretation_cannot_become_current) ... ok
test_raw_messages_enter_w02_then_original_learning_before_recognition (tests.test_w03_recognition.W03RecognitionTests.test_raw_messages_enter_w02_then_original_learning_before_recognition) ... ok
test_read_rechecks_permission_before_return_without_writing (tests.test_w03_recognition.W03RecognitionTests.test_read_rechecks_permission_before_return_without_writing) ... ok
test_revised_conclusion_keeps_old_evolution_and_revocation_marks_view_stale (tests.test_w03_recognition.W03RecognitionTests.test_revised_conclusion_keeps_old_evolution_and_revocation_marks_view_stale) ... ok
test_revoked_support_blocks_commit_without_state_write (tests.test_w03_recognition.W03RecognitionTests.test_revoked_support_blocks_commit_without_state_write) ... ok
test_same_root_and_different_object_cannot_corroborate (tests.test_w03_recognition.W03RecognitionTests.test_same_root_and_different_object_cannot_corroborate) ... ok
test_three_independent_experiences_commit_correct_and_replay (tests.test_w03_recognition.W03RecognitionTests.test_three_independent_experiences_commit_correct_and_replay) ... ok
test_validated_contrary_roots_withdraw_without_erasing_history (tests.test_w03_recognition.W03RecognitionTests.test_validated_contrary_roots_withdraw_without_erasing_history) ... ok
test_atomic_storage_failure_and_legacy_serialization (tests.test_w03_unfinished_items.W03UnfinishedItemTests.test_atomic_storage_failure_and_legacy_serialization) ... ok
test_blocked_urgent_does_not_starve_normal_and_identity_is_stable (tests.test_w03_unfinished_items.W03UnfinishedItemTests.test_blocked_urgent_does_not_starve_normal_and_identity_is_stable) ... ok
test_create_replay_restart_and_read_only_view (tests.test_w03_unfinished_items.W03UnfinishedItemTests.test_create_replay_restart_and_read_only_view) ... ok
test_defer_due_and_cancel_keep_one_identity_without_dispatch (tests.test_w03_unfinished_items.W03UnfinishedItemTests.test_defer_due_and_cancel_keep_one_identity_without_dispatch) ... ok
test_future_deadline_does_not_hide_actionable_matter (tests.test_w03_unfinished_items.W03UnfinishedItemTests.test_future_deadline_does_not_hide_actionable_matter) ... ok
test_internal_result_must_bind_the_same_item_not_its_creation (tests.test_w03_unfinished_items.W03UnfinishedItemTests.test_internal_result_must_bind_the_same_item_not_its_creation) ... ok
test_older_low_priority_eventually_passes_continuous_urgent_arrivals (tests.test_w03_unfinished_items.W03UnfinishedItemTests.test_older_low_priority_eventually_passes_continuous_urgent_arrivals) ... ok
test_read_rechecks_permission_before_return_without_writing (tests.test_w03_unfinished_items.W03UnfinishedItemTests.test_read_rechecks_permission_before_return_without_writing) ... ok
test_revoked_source_stops_new_opportunity_but_keeps_item_history (tests.test_w03_unfinished_items.W03UnfinishedItemTests.test_revoked_source_stops_new_opportunity_but_keeps_item_history) ... ok
test_two_writers_with_one_revision_accept_one_item_only (tests.test_w03_unfinished_items.W03UnfinishedItemTests.test_two_writers_with_one_revision_accept_one_item_only) ... ok
test_unverified_completion_and_stale_revision_fail_without_write (tests.test_w03_unfinished_items.W03UnfinishedItemTests.test_unverified_completion_and_stale_revision_fail_without_write) ... ok
test_verified_effect_completes_once_and_cancel_is_terminal (tests.test_w03_unfinished_items.W03UnfinishedItemTests.test_verified_effect_completes_once_and_cancel_is_terminal) ... ok
test_completed_and_cancelled_sink_without_exhausting_64_current_slots (tests.test_w03_n06_repair.W03N06RepairTests.test_completed_and_cancelled_sink_without_exhausting_64_current_slots) ... ok
test_existing_structured_item_can_bind_legacy_on_terminal_transition (tests.test_w03_n06_repair.W03N06RepairTests.test_existing_structured_item_can_bind_legacy_on_terminal_transition) ... ok
test_original_w03_command_hash_replays_without_new_revision (tests.test_w03_n06_repair.W03N06RepairTests.test_original_w03_command_hash_replays_without_new_revision) ... ok
test_same_title_needs_explicit_version_bound_legacy_migration (tests.test_w03_n06_repair.W03N06RepairTests.test_same_title_needs_explicit_version_bound_legacy_migration) ... ok
test_same_title_without_binding_keeps_ambiguous_legacy_item (tests.test_w03_n06_repair.W03N06RepairTests.test_same_title_without_binding_keeps_ambiguous_legacy_item) ... ok
test_unavailable_local_memory_is_not_ready_and_read_is_read_only (tests.test_w03_n06_repair.W03N06RepairTests.test_unavailable_local_memory_is_not_ready_and_read_is_read_only) ... ok
test_withdrawn_external_rendering_stops_item_after_reopen (tests.test_w03_n06_repair.W03N06RepairTests.test_withdrawn_external_rendering_stops_item_after_reopen) ... ok

----------------------------------------------------------------------
Ran 414 tests in 638.645s

OK
