test_changed_false_recovers_without_event_or_revision_advance (tests.test_e4_crash_recovery.E4CrashRecoveryTests.test_changed_false_recovers_without_event_or_revision_advance) ... ok
test_completed_result_before_operation_completion_recovery (tests.test_e4_crash_recovery.E4CrashRecoveryTests.test_completed_result_before_operation_completion_recovery) ... ok
test_conflicting_progress_fails_closed (tests.test_e4_crash_recovery.E4CrashRecoveryTests.test_conflicting_progress_fails_closed) ... ok
test_domain_checkpoint_recovery (tests.test_e4_crash_recovery.E4CrashRecoveryTests.test_domain_checkpoint_recovery) ... ok
test_evolution_checkpoint_recovery (tests.test_e4_crash_recovery.E4CrashRecoveryTests.test_evolution_checkpoint_recovery) ... ok
test_evolution_commit_before_operation_checkpoint_recovery (tests.test_e4_crash_recovery.E4CrashRecoveryTests.test_evolution_commit_before_operation_checkpoint_recovery) ... ok
test_hash_conflict_remains_terminal_after_recovery (tests.test_e4_crash_recovery.E4CrashRecoveryTests.test_hash_conflict_remains_terminal_after_recovery) ... ok
test_legacy_completed_operation_json_still_loads (tests.test_e4_crash_recovery.E4CrashRecoveryTests.test_legacy_completed_operation_json_still_loads) ... ok
test_legacy_reserved_operation_with_completed_wake_and_thinking_recovers (tests.test_e4_crash_recovery.E4CrashRecoveryTests.test_legacy_reserved_operation_with_completed_wake_and_thinking_recovers) ... ok
test_operation_reserved_recovery (tests.test_e4_crash_recovery.E4CrashRecoveryTests.test_operation_reserved_recovery) ... ok
test_perception_checkpoint_recovery (tests.test_e4_crash_recovery.E4CrashRecoveryTests.test_perception_checkpoint_recovery) ... ok
test_thinking_checkpoint_recovery (tests.test_e4_crash_recovery.E4CrashRecoveryTests.test_thinking_checkpoint_recovery) ... ok
test_thinking_completed_before_operation_checkpoint_recovery (tests.test_e4_crash_recovery.E4CrashRecoveryTests.test_thinking_completed_before_operation_checkpoint_recovery) ... ok
test_wake_checkpoint_recovery (tests.test_e4_crash_recovery.E4CrashRecoveryTests.test_wake_checkpoint_recovery) ... ok
test_wake_completed_before_operation_checkpoint_recovery (tests.test_e4_crash_recovery.E4CrashRecoveryTests.test_wake_completed_before_operation_checkpoint_recovery) ... ok
test_binding_hash_is_independently_recalculated (tests.test_e4_local_integration.E4LocalIntegrationTests.test_binding_hash_is_independently_recalculated) ... ok
test_binding_timestamps_are_preserved (tests.test_e4_local_integration.E4LocalIntegrationTests.test_binding_timestamps_are_preserved) ... ok
test_changed_false_does_not_evolve (tests.test_e4_local_integration.E4LocalIntegrationTests.test_changed_false_does_not_evolve) ... ok
test_changed_true_evolves_exactly_once (tests.test_e4_local_integration.E4LocalIntegrationTests.test_changed_true_evolves_exactly_once) ... ok
test_completed_query_returns_first_complete_result (tests.test_e4_local_integration.E4LocalIntegrationTests.test_completed_query_returns_first_complete_result) ... ok
test_completed_result_with_noncompleted_operation_is_reconciled (tests.test_e4_local_integration.E4LocalIntegrationTests.test_completed_result_with_noncompleted_operation_is_reconciled) ... ok
test_corrupt_binding_input_is_rejected (tests.test_e4_local_integration.E4LocalIntegrationTests.test_corrupt_binding_input_is_rejected) ... ok
test_corrupt_persisted_binding_is_rejected (tests.test_e4_local_integration.E4LocalIntegrationTests.test_corrupt_persisted_binding_is_rejected) ... ok
test_cycle_id_is_not_part_of_fixture_hash (tests.test_e4_local_integration.E4LocalIntegrationTests.test_cycle_id_is_not_part_of_fixture_hash) ... ok
test_different_binding_is_rejected (tests.test_e4_local_integration.E4LocalIntegrationTests.test_different_binding_is_rejected) ... ok
test_different_cycle_id_is_rejected (tests.test_e4_local_integration.E4LocalIntegrationTests.test_different_cycle_id_is_rejected) ... ok
test_empty_directory_explicit_initialization_succeeds (tests.test_e4_local_integration.E4LocalIntegrationTests.test_empty_directory_explicit_initialization_succeeds) ... ok
test_formal_adapter_and_test_adapter_share_service_class (tests.test_e4_local_integration.E4LocalIntegrationTests.test_formal_adapter_and_test_adapter_share_service_class) ... ok
test_formal_binding_repository_is_immutable (tests.test_e4_local_integration.E4LocalIntegrationTests.test_formal_binding_repository_is_immutable) ... ok
test_formal_build_does_not_call_contract_test_bootstrap (tests.test_e4_local_integration.E4LocalIntegrationTests.test_formal_build_does_not_call_contract_test_bootstrap) ... ok
test_formal_modules_do_not_import_test_or_legacy_boundaries (tests.test_e4_local_integration.E4LocalIntegrationTests.test_formal_modules_do_not_import_test_or_legacy_boundaries) ... ok
test_init_cli_rejects_different_existing_configuration (tests.test_e4_local_integration.E4LocalIntegrationTests.test_init_cli_rejects_different_existing_configuration) ... ok
test_init_cli_succeeds_and_is_idempotent (tests.test_e4_local_integration.E4LocalIntegrationTests.test_init_cli_succeeds_and_is_idempotent) ... ok
test_ledger_initialization_rejects_one_missing_file (tests.test_e4_local_integration.E4LocalIntegrationTests.test_ledger_initialization_rejects_one_missing_file) ... ok
test_nonterminal_operation_query_is_recovery_required (tests.test_e4_local_integration.E4LocalIntegrationTests.test_nonterminal_operation_query_is_recovery_required) ... ok
test_only_shared_service_defines_domain_processing_methods (tests.test_e4_local_integration.E4LocalIntegrationTests.test_only_shared_service_defines_domain_processing_methods) ... ok
test_partial_initialization_is_rejected (tests.test_e4_local_integration.E4LocalIntegrationTests.test_partial_initialization_is_rejected) ... ok
test_query_model_has_exact_envelope_shape (tests.test_e4_local_integration.E4LocalIntegrationTests.test_query_model_has_exact_envelope_shape) ... ok
test_rebuild_restores_completed_result_exactly (tests.test_e4_local_integration.E4LocalIntegrationTests.test_rebuild_restores_completed_result_exactly) ... ok
test_recovery_with_different_hash_returns_idempotency_error (tests.test_e4_local_integration.E4LocalIntegrationTests.test_recovery_with_different_hash_returns_idempotency_error) ... ok
test_reserved_recovery_post_reuses_operation_id (tests.test_e4_local_integration.E4LocalIntegrationTests.test_reserved_recovery_post_reuses_operation_id) ... ok
test_runtime_binding_is_not_the_fixture_model (tests.test_e4_local_integration.E4LocalIntegrationTests.test_runtime_binding_is_not_the_fixture_model) ... ok
test_same_configuration_repeated_init_is_idempotent (tests.test_e4_local_integration.E4LocalIntegrationTests.test_same_configuration_repeated_init_is_idempotent) ... ok
test_service_wraps_unexpected_fault_in_formal_error (tests.test_e4_local_integration.E4LocalIntegrationTests.test_service_wraps_unexpected_fault_in_formal_error) ... ok
test_uninitialized_serve_graph_does_not_create_state (tests.test_e4_local_integration.E4LocalIntegrationTests.test_uninitialized_serve_graph_does_not_create_state) ... ok
test_unknown_binding_field_is_rejected (tests.test_e4_local_integration.E4LocalIntegrationTests.test_unknown_binding_field_is_rejected) ... ok
test_unknown_query_returns_none_without_domain_execution (tests.test_e4_local_integration.E4LocalIntegrationTests.test_unknown_query_returns_none_without_domain_execution) ... ok
test_wrong_binding_hash_is_rejected_without_data_creation (tests.test_e4_local_integration.E4LocalIntegrationTests.test_wrong_binding_hash_is_rejected_without_data_creation) ... ok
test_blank_success_is_rejected_before_persistence_and_valid_retry_completes (tests.test_e5_capability_flow.E5CapabilityFlowTests.test_blank_success_is_rejected_before_persistence_and_valid_retry_completes) ... ok
test_capability_mode_returns_durable_capability_required (tests.test_e5_capability_flow.E5CapabilityFlowTests.test_capability_mode_returns_durable_capability_required) ... ok
test_capability_request_survives_rebuild_exactly (tests.test_e5_capability_flow.E5CapabilityFlowTests.test_capability_request_survives_rebuild_exactly) ... ok
test_default_deterministic_mode_retains_e4_behavior (tests.test_e5_capability_flow.E5CapabilityFlowTests.test_default_deterministic_mode_retains_e4_behavior) ... ok
test_exact_result_replay_returns_first_completed_result (tests.test_e5_capability_flow.E5CapabilityFlowTests.test_exact_result_replay_returns_first_completed_result) ... ok
test_repeated_init_is_idempotent_for_retryable_and_unknown_attempts (tests.test_e5_capability_flow.E5CapabilityFlowTests.test_repeated_init_is_idempotent_for_retryable_and_unknown_attempts) ... ok
test_repeated_init_is_idempotent_for_unused_and_waiting_capability_data (tests.test_e5_capability_flow.E5CapabilityFlowTests.test_repeated_init_is_idempotent_for_unused_and_waiting_capability_data) ... ok
test_repeated_init_preserves_completed_capability_history_and_mode_guard (tests.test_e5_capability_flow.E5CapabilityFlowTests.test_repeated_init_preserves_completed_capability_history_and_mode_guard) ... ok
test_repeated_query_returns_identical_capability_request (tests.test_e5_capability_flow.E5CapabilityFlowTests.test_repeated_query_returns_identical_capability_request) ... ok
test_request_and_result_schema_reject_unknown_fields (tests.test_e5_capability_flow.E5CapabilityFlowTests.test_request_and_result_schema_reject_unknown_fields) ... ok
test_result_cannot_exceed_request_output_limit (tests.test_e5_capability_flow.E5CapabilityFlowTests.test_result_cannot_exceed_request_output_limit) ... ok
test_result_completion_cannot_precede_request_creation (tests.test_e5_capability_flow.E5CapabilityFlowTests.test_result_completion_cannot_precede_request_creation) ... ok
test_result_completion_cannot_precede_start (tests.test_e5_capability_flow.E5CapabilityFlowTests.test_result_completion_cannot_precede_start) ... ok
test_result_id_reuse_with_different_content_is_rejected (tests.test_e5_capability_flow.E5CapabilityFlowTests.test_result_id_reuse_with_different_content_is_rejected) ... ok
test_result_start_cannot_precede_request_creation (tests.test_e5_capability_flow.E5CapabilityFlowTests.test_result_start_cannot_precede_request_creation) ... ok
test_retryable_and_unknown_remain_capability_required (tests.test_e5_capability_flow.E5CapabilityFlowTests.test_retryable_and_unknown_remain_capability_required) ... ok
test_retryable_attempt_can_be_followed_by_success (tests.test_e5_capability_flow.E5CapabilityFlowTests.test_retryable_attempt_can_be_followed_by_success) ... ok
test_schema_registry_is_closed_and_complete (tests.test_e5_capability_flow.E5CapabilityFlowTests.test_schema_registry_is_closed_and_complete) ... ok
test_second_success_for_same_request_is_rejected (tests.test_e5_capability_flow.E5CapabilityFlowTests.test_second_success_for_same_request_is_rejected) ... ok
test_success_resumes_thinking_action_and_reply_without_state_change (tests.test_e5_capability_flow.E5CapabilityFlowTests.test_success_resumes_thinking_action_and_reply_without_state_change) ... ok
test_terminal_statuses_return_capability_failed_without_state_change (tests.test_e5_capability_flow.E5CapabilityFlowTests.test_terminal_statuses_return_capability_failed_without_state_change) ... ok
test_think_session_waits_with_stable_binding (tests.test_e5_capability_flow.E5CapabilityFlowTests.test_think_session_waits_with_stable_binding) ... ok
test_unknown_fields_and_mutation_fields_are_rejected (tests.test_e5_capability_flow.E5CapabilityFlowTests.test_unknown_fields_and_mutation_fields_are_rejected) ... ok
test_wrong_content_hash_is_rejected (tests.test_e5_capability_flow.E5CapabilityFlowTests.test_wrong_content_hash_is_rejected) ... ok
test_wrong_identity_fields_are_rejected (tests.test_e5_capability_flow.E5CapabilityFlowTests.test_wrong_identity_fields_are_rejected) ... ok
test_action_completed_before_domain_checkpoint_recovery (tests.test_e5_capability_recovery.E5CapabilityRecoveryTests.test_action_completed_before_domain_checkpoint_recovery) ... ok
test_before_capability_request_creation_recovery (tests.test_e5_capability_recovery.E5CapabilityRecoveryTests.test_before_capability_request_creation_recovery) ... ok
test_capability_waiting_checkpoint_recovery (tests.test_e5_capability_recovery.E5CapabilityRecoveryTests.test_capability_waiting_checkpoint_recovery) ... ok
test_completed_result_before_operation_completion_recovery (tests.test_e5_capability_recovery.E5CapabilityRecoveryTests.test_completed_result_before_operation_completion_recovery) ... ok
test_conflicting_result_replay_fails_closed_after_rebuild (tests.test_e5_capability_recovery.E5CapabilityRecoveryTests.test_conflicting_result_replay_fails_closed_after_rebuild) ... ok
test_corrupt_capability_checkpoint_fails_closed (tests.test_e5_capability_recovery.E5CapabilityRecoveryTests.test_corrupt_capability_checkpoint_fails_closed) ... ok
test_domain_checkpoint_recovery (tests.test_e5_capability_recovery.E5CapabilityRecoveryTests.test_domain_checkpoint_recovery) ... ok
test_operation_reserved_recovery (tests.test_e5_capability_recovery.E5CapabilityRecoveryTests.test_operation_reserved_recovery) ... ok
test_perception_checkpoint_recovery (tests.test_e5_capability_recovery.E5CapabilityRecoveryTests.test_perception_checkpoint_recovery) ... ok
test_request_saved_before_waiting_checkpoint_recovery (tests.test_e5_capability_recovery.E5CapabilityRecoveryTests.test_request_saved_before_waiting_checkpoint_recovery) ... ok
test_result_checkpoint_recovery (tests.test_e5_capability_recovery.E5CapabilityRecoveryTests.test_result_checkpoint_recovery) ... ok
test_result_persisted_before_operation_checkpoint_recovery (tests.test_e5_capability_recovery.E5CapabilityRecoveryTests.test_result_persisted_before_operation_checkpoint_recovery) ... ok
test_result_received_before_persistence_recovery (tests.test_e5_capability_recovery.E5CapabilityRecoveryTests.test_result_received_before_persistence_recovery) ... ok
test_thinking_checkpoint_recovery (tests.test_e5_capability_recovery.E5CapabilityRecoveryTests.test_thinking_checkpoint_recovery) ... ok
test_thinking_completed_before_operation_checkpoint_recovery (tests.test_e5_capability_recovery.E5CapabilityRecoveryTests.test_thinking_completed_before_operation_checkpoint_recovery) ... ok
test_changed_or_unknown_fixed_binding_fixture_is_rejected (tests.test_integration_contract.MachineContractNegativeTests.test_changed_or_unknown_fixed_binding_fixture_is_rejected) ... ok
test_changing_any_binding_fixture_field_changes_its_hash (tests.test_integration_contract.MachineContractNegativeTests.test_changing_any_binding_fixture_field_changes_its_hash) ... ok
test_conversation_reference_mismatch_is_rejected (tests.test_integration_contract.MachineContractNegativeTests.test_conversation_reference_mismatch_is_rejected) ... ok
test_empty_facts_are_rejected (tests.test_integration_contract.MachineContractNegativeTests.test_empty_facts_are_rejected) ... ok
test_empty_observations_are_rejected (tests.test_integration_contract.MachineContractNegativeTests.test_empty_observations_are_rejected) ... ok
test_fact_conversation_reference_mismatch_is_rejected (tests.test_integration_contract.MachineContractNegativeTests.test_fact_conversation_reference_mismatch_is_rejected) ... ok
test_identity_mismatch_is_rejected (tests.test_integration_contract.MachineContractNegativeTests.test_identity_mismatch_is_rejected) ... ok
test_incorrect_content_hash_is_rejected (tests.test_integration_contract.MachineContractNegativeTests.test_incorrect_content_hash_is_rejected) ... ok
test_incorrect_request_hash_is_rejected (tests.test_integration_contract.MachineContractNegativeTests.test_incorrect_request_hash_is_rejected) ... ok
test_message_body_in_observation_is_rejected (tests.test_integration_contract.MachineContractNegativeTests.test_message_body_in_observation_is_rejected) ... ok
test_more_than_one_fact_is_rejected (tests.test_integration_contract.MachineContractNegativeTests.test_more_than_one_fact_is_rejected) ... ok
test_more_than_one_observation_is_rejected (tests.test_integration_contract.MachineContractNegativeTests.test_more_than_one_observation_is_rejected) ... ok
test_negative_expected_revision_is_rejected (tests.test_integration_contract.MachineContractNegativeTests.test_negative_expected_revision_is_rejected) ... ok
test_nested_unknown_field_is_rejected (tests.test_integration_contract.MachineContractNegativeTests.test_nested_unknown_field_is_rejected) ... ok
test_non_utc_or_invalid_times_are_rejected (tests.test_integration_contract.MachineContractNegativeTests.test_non_utc_or_invalid_times_are_rejected) ... ok
test_observation_refs_mismatch_is_rejected (tests.test_integration_contract.MachineContractNegativeTests.test_observation_refs_mismatch_is_rejected) ... ok
test_state_write_fields_are_rejected_before_domain_conversion (tests.test_integration_contract.MachineContractNegativeTests.test_state_write_fields_are_rejected_before_domain_conversion) ... ok
test_top_level_unknown_field_is_rejected (tests.test_integration_contract.MachineContractNegativeTests.test_top_level_unknown_field_is_rejected) ... ok
test_unresolvable_reference_fails_locally_without_network_access (tests.test_integration_contract.MachineContractNegativeTests.test_unresolvable_reference_fails_locally_without_network_access) ... ok
test_uppercase_hash_is_rejected (tests.test_integration_contract.MachineContractNegativeTests.test_uppercase_hash_is_rejected) ... ok
test_all_three_fixed_hashes_are_independently_recalculated (tests.test_integration_contract.MachineContractPositiveTests.test_all_three_fixed_hashes_are_independently_recalculated) ... ok
test_conformance_vector_passes_all_validation (tests.test_integration_contract.MachineContractPositiveTests.test_conformance_vector_passes_all_validation) ... ok
test_conformance_vector_passes_the_request_schema (tests.test_integration_contract.MachineContractPositiveTests.test_conformance_vector_passes_the_request_schema) ... ok
test_fixed_binding_fixture_validates_and_round_trips (tests.test_integration_contract.MachineContractPositiveTests.test_fixed_binding_fixture_validates_and_round_trips) ... ok
test_object_field_order_does_not_change_rfc8785_or_request_hash (tests.test_integration_contract.MachineContractPositiveTests.test_object_field_order_does_not_change_rfc8785_or_request_hash) ... ok
test_request_hash_excludes_only_the_top_level_request_hash (tests.test_integration_contract.MachineContractPositiveTests.test_request_hash_excludes_only_the_top_level_request_hash) ... ok
test_request_schema_has_the_two_exact_local_references (tests.test_integration_contract.MachineContractPositiveTests.test_request_schema_has_the_two_exact_local_references) ... ok
test_three_schemas_are_registered_with_unique_absolute_ids (tests.test_integration_contract.MachineContractPositiveTests.test_three_schemas_are_registered_with_unique_absolute_ids) ... ok
test_typed_model_round_trips_the_conformance_vector_losslessly (tests.test_integration_contract.MachineContractPositiveTests.test_typed_model_round_trips_the_conformance_vector_losslessly) ... ok
test_unicode_content_produces_stable_content_and_request_hashes (tests.test_integration_contract.MachineContractPositiveTests.test_unicode_content_produces_stable_content_and_request_hashes) ... ok
test_all_four_error_envelopes_have_exact_fixed_values (tests.test_integration_persistence.FirstRoundResultModelTests.test_all_four_error_envelopes_have_exact_fixed_values) ... ok
test_changed_projection_advances_once_and_requires_update_id (tests.test_integration_persistence.FirstRoundResultModelTests.test_changed_projection_advances_once_and_requires_update_id) ... ok
test_content_hash_matches_independent_minimal_snapshot_calculation (tests.test_integration_persistence.FirstRoundResultModelTests.test_content_hash_matches_independent_minimal_snapshot_calculation) ... ok
test_error_envelope_rejects_non_null_operation_and_unknown_fields (tests.test_integration_persistence.FirstRoundResultModelTests.test_error_envelope_rejects_non_null_operation_and_unknown_fields) ... ok
test_idempotency_conflict_alias_is_rejected (tests.test_integration_persistence.FirstRoundResultModelTests.test_idempotency_conflict_alias_is_rejected) ... ok
test_illegal_projection_invariant_combinations_are_rejected (tests.test_integration_persistence.FirstRoundResultModelTests.test_illegal_projection_invariant_combinations_are_rejected) ... ok
test_snapshot_rejects_unknown_fields_and_full_subject_state (tests.test_integration_persistence.FirstRoundResultModelTests.test_snapshot_rejects_unknown_fields_and_full_subject_state) ... ok
test_state_hash_matches_independent_rfc8785_calculation (tests.test_integration_persistence.FirstRoundResultModelTests.test_state_hash_matches_independent_rfc8785_calculation) ... ok
test_success_result_has_exact_fields_and_round_trips (tests.test_integration_persistence.FirstRoundResultModelTests.test_success_result_has_exact_fields_and_round_trips) ... ok
test_success_result_is_immutable (tests.test_integration_persistence.FirstRoundResultModelTests.test_success_result_is_immutable) ... ok
test_success_result_rejects_unknown_missing_or_non_completed_fields (tests.test_integration_persistence.FirstRoundResultModelTests.test_success_result_rejects_unknown_missing_or_non_completed_fields) ... ok
test_unchanged_projection_has_exact_minimal_shape (tests.test_integration_persistence.FirstRoundResultModelTests.test_unchanged_projection_has_exact_minimal_shape) ... ok
test_unicode_and_object_field_order_do_not_change_projection_hashes (tests.test_integration_persistence.FirstRoundResultModelTests.test_unicode_and_object_field_order_do_not_change_projection_hashes) ... ok
test_changed_binding_and_incorrect_declared_hash_are_rejected (tests.test_integration_persistence.FixedBindingPersistenceTests.test_changed_binding_and_incorrect_declared_hash_are_rejected) ... ok
test_corrupt_binding_json_is_rejected (tests.test_integration_persistence.FixedBindingPersistenceTests.test_corrupt_binding_json_is_rejected) ... ok
test_fixed_binding_persists_and_recovers_after_restart (tests.test_integration_persistence.FixedBindingPersistenceTests.test_fixed_binding_persists_and_recovers_after_restart) ... ok
test_missing_binding_fails_explicitly (tests.test_integration_persistence.FixedBindingPersistenceTests.test_missing_binding_fails_explicitly) ... ok
test_tampered_binding_fixture_is_rejected_on_recovery (tests.test_integration_persistence.FixedBindingPersistenceTests.test_tampered_binding_fixture_is_rejected_on_recovery) ... ok
test_tampered_binding_hash_is_rejected_on_recovery (tests.test_integration_persistence.FixedBindingPersistenceTests.test_tampered_binding_hash_is_rejected_on_recovery) ... ok
test_unsupported_binding_persistence_version_is_rejected (tests.test_integration_persistence.FixedBindingPersistenceTests.test_unsupported_binding_persistence_version_is_rejected) ... ok
test_completed_request_id_cannot_be_overwritten (tests.test_integration_persistence.IntegrationResultLedgerTests.test_completed_request_id_cannot_be_overwritten) ... ok
test_completed_result_replays_exactly_after_restart (tests.test_integration_persistence.IntegrationResultLedgerTests.test_completed_result_replays_exactly_after_restart) ... ok
test_corrupt_ledger_json_is_rejected (tests.test_integration_persistence.IntegrationResultLedgerTests.test_corrupt_ledger_json_is_rejected) ... ok
test_half_completed_record_is_not_treated_as_completed (tests.test_integration_persistence.IntegrationResultLedgerTests.test_half_completed_record_is_not_treated_as_completed) ... ok
test_lookup_distinguishes_not_found_completed_and_hash_conflict (tests.test_integration_persistence.IntegrationResultLedgerTests.test_lookup_distinguishes_not_found_completed_and_hash_conflict) ... ok
test_missing_ledger_fields_are_rejected (tests.test_integration_persistence.IntegrationResultLedgerTests.test_missing_ledger_fields_are_rejected) ... ok
test_multiple_unchanged_requests_can_reuse_same_projection (tests.test_integration_persistence.IntegrationResultLedgerTests.test_multiple_unchanged_requests_can_reuse_same_projection) ... ok
test_non_null_engine_update_id_must_be_unique (tests.test_integration_persistence.IntegrationResultLedgerTests.test_non_null_engine_update_id_must_be_unique) ... ok
test_null_engine_update_id_has_no_global_uniqueness_conflict (tests.test_integration_persistence.IntegrationResultLedgerTests.test_null_engine_update_id_has_no_global_uniqueness_conflict) ... ok
test_projection_hash_mismatch_is_rejected_on_recovery (tests.test_integration_persistence.IntegrationResultLedgerTests.test_projection_hash_mismatch_is_rejected_on_recovery) ... ok
test_same_request_and_hash_replay_creates_no_new_ids_or_time (tests.test_integration_persistence.IntegrationResultLedgerTests.test_same_request_and_hash_replay_creates_no_new_ids_or_time) ... ok
test_same_revision_with_different_content_or_state_hash_is_rejected (tests.test_integration_persistence.IntegrationResultLedgerTests.test_same_revision_with_different_content_or_state_hash_is_rejected) ... ok
test_subject_revision_projection_is_unique (tests.test_integration_persistence.IntegrationResultLedgerTests.test_subject_revision_projection_is_unique) ... ok
test_unchanged_request_can_reference_snapshot_created_by_prior_update (tests.test_integration_persistence.IntegrationResultLedgerTests.test_unchanged_request_can_reference_snapshot_created_by_prior_update) ... ok
test_unsupported_ledger_version_is_rejected (tests.test_integration_persistence.IntegrationResultLedgerTests.test_unsupported_ledger_version_is_rejected) ... ok
test_write_failure_leaves_previous_valid_ledger_readable (tests.test_integration_persistence.IntegrationResultLedgerTests.test_write_failure_leaves_previous_valid_ledger_readable) ... ok
test_blank_output_is_rejected_before_engine_and_p02_acceptance (tests.test_p02_model_capability.P02ModelCapabilityTests.test_blank_output_is_rejected_before_engine_and_p02_acceptance) ... ok
test_cancelled_expired_and_terminal_failures_are_terminal (tests.test_p02_model_capability.P02ModelCapabilityTests.test_cancelled_expired_and_terminal_failures_are_terminal) ... ok
test_confirmed_profile_is_configurable_metadata_not_permanent_vendor_binding (tests.test_p02_model_capability.P02ModelCapabilityTests.test_confirmed_profile_is_configurable_metadata_not_permanent_vendor_binding) ... ok
test_daily_budget_exhaustion_is_resource_error_without_provider_execution (tests.test_p02_model_capability.P02ModelCapabilityTests.test_daily_budget_exhaustion_is_resource_error_without_provider_execution) ... ok
test_duplicate_request_replays_without_execution_credit_action_or_result_duplication (tests.test_p02_model_capability.P02ModelCapabilityTests.test_duplicate_request_replays_without_execution_credit_action_or_result_duplication) ... ok
test_execution_ledger_has_no_hidden_chain_of_thought_field (tests.test_p02_model_capability.P02ModelCapabilityTests.test_execution_ledger_has_no_hidden_chain_of_thought_field) ... ok
test_failed_round_does_not_pollute_the_next_successful_round (tests.test_p02_model_capability.P02ModelCapabilityTests.test_failed_round_does_not_pollute_the_next_successful_round) ... ok
test_fake_provider_uses_no_socket_http_or_environment_credentials (tests.test_p02_model_capability.P02ModelCapabilityTests.test_fake_provider_uses_no_socket_http_or_environment_credentials) ... ok
test_frozen_compatibility_ledger_field_does_not_create_vio_dependency (tests.test_p02_model_capability.P02ModelCapabilityTests.test_frozen_compatibility_ledger_field_does_not_create_vio_dependency) ... ok
test_generation_failure_is_terminal_and_has_no_credit (tests.test_p02_model_capability.P02ModelCapabilityTests.test_generation_failure_is_terminal_and_has_no_credit) ... ok
test_legal_usage_ledger_reloads_and_replays_after_restart (tests.test_p02_model_capability.P02ModelCapabilityTests.test_legal_usage_ledger_reloads_and_replays_after_restart) ... ok
test_model_candidate_cannot_change_subject_state_or_revision (tests.test_p02_model_capability.P02ModelCapabilityTests.test_model_candidate_cannot_change_subject_state_or_revision) ... ok
test_multiple_local_rounds_have_independent_identity_and_one_usage_each (tests.test_p02_model_capability.P02ModelCapabilityTests.test_multiple_local_rounds_have_independent_identity_and_one_usage_each) ... ok
test_network_failure_is_retryable_and_explicit_retry_executes_once (tests.test_p02_model_capability.P02ModelCapabilityTests.test_network_failure_is_retryable_and_explicit_retry_executes_once) ... ok
test_not_executed_query_is_required_before_controlled_retry (tests.test_p02_model_capability.P02ModelCapabilityTests.test_not_executed_query_is_required_before_controlled_retry) ... ok
test_partial_daily_budget_is_applied_to_provider_request_before_call (tests.test_p02_model_capability.P02ModelCapabilityTests.test_partial_daily_budget_is_applied_to_provider_request_before_call) ... ok
test_profile_change_conflicts_with_existing_incomplete_execution (tests.test_p02_model_capability.P02ModelCapabilityTests.test_profile_change_conflicts_with_existing_incomplete_execution) ... ok
test_provider_daily_overrun_is_audited_and_never_reaches_subject_chain (tests.test_p02_model_capability.P02ModelCapabilityTests.test_provider_daily_overrun_is_audited_and_never_reaches_subject_chain) ... ok
test_provider_usage_above_requested_limit_is_audited_but_not_delivered (tests.test_p02_model_capability.P02ModelCapabilityTests.test_provider_usage_above_requested_limit_is_audited_but_not_delivered) ... ok
test_same_request_identity_with_different_content_fails_closed (tests.test_p02_model_capability.P02ModelCapabilityTests.test_same_request_identity_with_different_content_fails_closed) ... ok
test_success_persists_one_execution_usage_and_synthetic_credit (tests.test_p02_model_capability.P02ModelCapabilityTests.test_success_persists_one_execution_usage_and_synthetic_credit) ... ok
test_success_uses_original_think_session_action_and_reply_composer (tests.test_p02_model_capability.P02ModelCapabilityTests.test_success_uses_original_think_session_action_and_reply_composer) ... ok
test_timeout_and_unknown_query_first_never_blindly_retry (tests.test_p02_model_capability.P02ModelCapabilityTests.test_timeout_and_unknown_query_first_never_blindly_retry) ... ok
test_timeout_with_inconclusive_query_cannot_blindly_retry (tests.test_p02_model_capability.P02ModelCapabilityTests.test_timeout_with_inconclusive_query_cannot_blindly_retry) ... ok
test_unknown_disabled_and_fallback_profiles_fail_closed (tests.test_p02_model_capability.P02ModelCapabilityTests.test_unknown_disabled_and_fallback_profiles_fail_closed) ... ok
test_unknown_query_still_unknown_remains_waiting (tests.test_p02_model_capability.P02ModelCapabilityTests.test_unknown_query_still_unknown_remains_waiting) ... ok
test_unknown_recover_queries_and_resolves_original_attempt_once (tests.test_p02_model_capability.P02ModelCapabilityTests.test_unknown_recover_queries_and_resolves_original_attempt_once) ... ok
test_usage_attempt_and_execution_reference_tampering_fails_closed (tests.test_p02_model_capability.P02ModelCapabilityTests.test_usage_attempt_and_execution_reference_tampering_fails_closed) ... ok
test_usage_day_and_recorded_time_tampering_fails_closed (tests.test_p02_model_capability.P02ModelCapabilityTests.test_usage_day_and_recorded_time_tampering_fails_closed) ... ok
test_usage_model_tampering_fails_closed (tests.test_p02_model_capability.P02ModelCapabilityTests.test_usage_model_tampering_fails_closed) ... ok
test_usage_provider_tampering_fails_closed (tests.test_p02_model_capability.P02ModelCapabilityTests.test_usage_provider_tampering_fails_closed) ... ok
test_usage_test_credit_tampering_fails_closed (tests.test_p02_model_capability.P02ModelCapabilityTests.test_usage_test_credit_tampering_fails_closed) ... ok
test_usage_token_tampering_fails_closed (tests.test_p02_model_capability.P02ModelCapabilityTests.test_usage_token_tampering_fails_closed) ... ok
test_e5_action_recovery_does_not_create_second_action (tests.test_p02_model_recovery.P02ModelRecoveryTests.test_e5_action_recovery_does_not_create_second_action) ... ok
test_e5_completed_result_response_loss_recovery (tests.test_p02_model_recovery.P02ModelRecoveryTests.test_e5_completed_result_response_loss_recovery) ... ok
test_e5_original_thinking_resume_recovery (tests.test_p02_model_recovery.P02ModelRecoveryTests.test_e5_original_thinking_resume_recovery) ... ok
test_e5_result_persisted_checkpoint_recovery (tests.test_p02_model_recovery.P02ModelRecoveryTests.test_e5_result_persisted_checkpoint_recovery) ... ok
test_recovery_after_ambiguous_query_resolution_checkpoint (tests.test_p02_model_recovery.P02ModelRecoveryTests.test_recovery_after_ambiguous_query_resolution_checkpoint) ... ok
test_recovery_after_capability_result_before_e5_acceptance (tests.test_p02_model_recovery.P02ModelRecoveryTests.test_recovery_after_capability_result_before_e5_acceptance) ... ok
test_recovery_after_delivery_checkpoint (tests.test_p02_model_recovery.P02ModelRecoveryTests.test_recovery_after_delivery_checkpoint) ... ok
test_recovery_after_model_execution_reserved (tests.test_p02_model_recovery.P02ModelRecoveryTests.test_recovery_after_model_execution_reserved) ... ok
test_recovery_after_provider_dispatch_reserved (tests.test_p02_model_recovery.P02ModelRecoveryTests.test_recovery_after_provider_dispatch_reserved) ... ok
test_recovery_after_provider_fact_before_usage (tests.test_p02_model_recovery.P02ModelRecoveryTests.test_recovery_after_provider_fact_before_usage) ... ok
test_recovery_after_usage_before_capability_result (tests.test_p02_model_recovery.P02ModelRecoveryTests.test_recovery_after_usage_before_capability_result) ... ok
test_recovery_queries_provider_after_response_was_generated_but_not_recorded (tests.test_p02_model_recovery.P02ModelRecoveryTests.test_recovery_queries_provider_after_response_was_generated_but_not_recorded) ... ok
test_response_loss_after_engine_completion_replays_original_result (tests.test_p02_model_recovery.P02ModelRecoveryTests.test_response_loss_after_engine_completion_replays_original_result) ... ok
test_restart_can_continue_with_a_new_round (tests.test_p02_model_recovery.P02ModelRecoveryTests.test_restart_can_continue_with_a_new_round) ... ok
test_activation_is_explicit_configurable_and_never_deletes (tests.test_p04_memory_consolidation.P04MemoryConsolidationTests.test_activation_is_explicit_configurable_and_never_deletes) ... ok
test_alias_candidate_source_memory_must_be_prior_and_same_boundary (tests.test_p04_memory_consolidation.P04MemoryConsolidationTests.test_alias_candidate_source_memory_must_be_prior_and_same_boundary) ... ok
test_alias_candidate_uses_its_own_traceable_source_chain (tests.test_p04_memory_consolidation.P04MemoryConsolidationTests.test_alias_candidate_uses_its_own_traceable_source_chain) ... ok
test_conflicting_evidence_is_not_silently_merged (tests.test_p04_memory_consolidation.P04MemoryConsolidationTests.test_conflicting_evidence_is_not_silently_merged) ... ok
test_consolidation_and_summary_have_no_subject_state_or_event_write_authority (tests.test_p04_memory_consolidation.P04MemoryConsolidationTests.test_consolidation_and_summary_have_no_subject_state_or_event_write_authority) ... ok
test_consolidation_exact_replay_and_identity_conflict (tests.test_p04_memory_consolidation.P04MemoryConsolidationTests.test_consolidation_exact_replay_and_identity_conflict) ... ok
test_correction_revocation_and_deletion_are_tombstones_not_physical_delete (tests.test_p04_memory_consolidation.P04MemoryConsolidationTests.test_correction_revocation_and_deletion_are_tombstones_not_physical_delete) ... ok
test_duplicate_root_alias_operation_is_durable_and_conflicting_input_fails (tests.test_p04_memory_consolidation.P04MemoryConsolidationTests.test_duplicate_root_alias_operation_is_durable_and_conflicting_input_fails) ... ok
test_duplicate_root_does_not_reinforce_but_independent_root_does (tests.test_p04_memory_consolidation.P04MemoryConsolidationTests.test_duplicate_root_does_not_reinforce_but_independent_root_does) ... ok
test_golden_scenario_preserves_fact_intention_relationship_and_revision (tests.test_p04_memory_consolidation.P04MemoryConsolidationTests.test_golden_scenario_preserves_fact_intention_relationship_and_revision) ... ok
test_influence_provenance_is_sealed_and_learning_deduplicates_after_restart (tests.test_p04_memory_consolidation.P04MemoryConsolidationTests.test_influence_provenance_is_sealed_and_learning_deduplicates_after_restart) ... ok
test_learning_deduplicates_root_evidence_across_memory_identities (tests.test_p04_memory_consolidation.P04MemoryConsolidationTests.test_learning_deduplicates_root_evidence_across_memory_identities) ... ok
test_lineage_roots_bind_source_event_and_traceable_sources (tests.test_p04_memory_consolidation.P04MemoryConsolidationTests.test_lineage_roots_bind_source_event_and_traceable_sources) ... ok
test_operation_replay_returns_its_exact_result_revision_across_restart (tests.test_p04_memory_consolidation.P04MemoryConsolidationTests.test_operation_replay_returns_its_exact_result_revision_across_restart) ... ok
test_operation_replay_survives_later_terminal_propagation (tests.test_p04_memory_consolidation.P04MemoryConsolidationTests.test_operation_replay_survives_later_terminal_propagation) ... ok
test_repository_retriever_excludes_archived_without_deleting_or_writing (tests.test_p04_memory_consolidation.P04MemoryConsolidationTests.test_repository_retriever_excludes_archived_without_deleting_or_writing) ... ok
test_repository_retriever_is_read_only_feature_gated_and_engine_private (tests.test_p04_memory_consolidation.P04MemoryConsolidationTests.test_repository_retriever_is_read_only_feature_gated_and_engine_private) ... ok
test_summary_identity_and_semantic_inputs_are_not_silently_reused (tests.test_p04_memory_consolidation.P04MemoryConsolidationTests.test_summary_identity_and_semantic_inputs_are_not_silently_reused) ... ok
test_summary_trace_invalidation_and_rebuild_are_append_only (tests.test_p04_memory_consolidation.P04MemoryConsolidationTests.test_summary_trace_invalidation_and_rebuild_are_append_only) ... ok
test_archived_memory_is_not_routed_but_remains_loadable (tests.test_p05_context_router.P05ContextRouterTests.test_archived_memory_is_not_routed_but_remains_loadable) ... ok
test_cross_subject_and_environment_candidates_fail_closed (tests.test_p05_context_router.P05ContextRouterTests.test_cross_subject_and_environment_candidates_fail_closed) ... ok
test_feature_gate_returns_explicit_empty_result_without_reads (tests.test_p05_context_router.P05ContextRouterTests.test_feature_gate_returns_explicit_empty_result_without_reads) ... ok
test_future_partitions_are_explicitly_unavailable (tests.test_p05_context_router.P05ContextRouterTests.test_future_partitions_are_explicitly_unavailable) ... ok
test_golden_scenario_excludes_irrelevant_and_secret_candidates (tests.test_p05_context_router.P05ContextRouterTests.test_golden_scenario_excludes_irrelevant_and_secret_candidates) ... ok
test_golden_scenario_routes_relationship_authorities (tests.test_p05_context_router.P05ContextRouterTests.test_golden_scenario_routes_relationship_authorities) ... ok
test_invalidated_summary_is_not_routed (tests.test_p05_context_router.P05ContextRouterTests.test_invalidated_summary_is_not_routed) ... ok
test_large_timeline_uses_recent_relevant_stable_window (tests.test_p05_context_router.P05ContextRouterTests.test_large_timeline_uses_recent_relevant_stable_window) ... ok
test_memory_and_summary_sources_use_bounded_repository_queries (tests.test_p05_context_router.P05ContextRouterTests.test_memory_and_summary_sources_use_bounded_repository_queries) ... ok
test_missing_required_source_is_incomplete (tests.test_p05_context_router.P05ContextRouterTests.test_missing_required_source_is_incomplete) ... ok
test_neutral_continuity_opens_only_required_subject_state (tests.test_p05_context_router.P05ContextRouterTests.test_neutral_continuity_opens_only_required_subject_state) ... ok
test_optional_source_failure_is_traced_without_expanding_scope (tests.test_p05_context_router.P05ContextRouterTests.test_optional_source_failure_is_traced_without_expanding_scope) ... ok
test_per_source_limit_is_forwarded_and_enforced (tests.test_p05_context_router.P05ContextRouterTests.test_per_source_limit_is_forwarded_and_enforced) ... ok
test_required_source_denial_discards_optional_success_candidates (tests.test_p05_context_router.P05ContextRouterTests.test_required_source_denial_discards_optional_success_candidates) ... ok
test_required_source_failure_is_incomplete (tests.test_p05_context_router.P05ContextRouterTests.test_required_source_failure_is_incomplete) ... ok
test_required_source_permission_denial_rejects_route (tests.test_p05_context_router.P05ContextRouterTests.test_required_source_permission_denial_rejects_route) ... ok
test_revoked_timeline_target_is_not_routed (tests.test_p05_context_router.P05ContextRouterTests.test_revoked_timeline_target_is_not_routed) ... ok
test_route_is_deterministic_across_new_router_instances (tests.test_p05_context_router.P05ContextRouterTests.test_route_is_deterministic_across_new_router_instances) ... ok
test_route_result_contains_references_not_composed_context (tests.test_p05_context_router.P05ContextRouterTests.test_route_result_contains_references_not_composed_context) ... ok
test_router_does_not_modify_subject_or_memory_authorities (tests.test_p05_context_router.P05ContextRouterTests.test_router_does_not_modify_subject_or_memory_authorities) ... ok
test_source_cannot_return_more_than_its_bounded_scope (tests.test_p05_context_router.P05ContextRouterTests.test_source_cannot_return_more_than_its_bounded_scope) ... ok
test_source_change_between_route_and_use_fails_revalidation (tests.test_p05_context_router.P05ContextRouterTests.test_source_change_between_route_and_use_fails_revalidation) ... ok
test_stable_tie_break_uses_source_identity_and_version (tests.test_p05_context_router.P05ContextRouterTests.test_stable_tie_break_uses_source_identity_and_version) ... ok
test_subject_revision_change_is_incomplete_not_stale_fallback (tests.test_p05_context_router.P05ContextRouterTests.test_subject_revision_change_is_incomplete_not_stale_fallback) ... ok
test_total_retrieval_budget_caps_candidates_without_fallback (tests.test_p05_context_router.P05ContextRouterTests.test_total_retrieval_budget_caps_candidates_without_fallback) ... ok
test_trace_cannot_be_used_as_a_perception_input (tests.test_p05_context_router.P05ContextRouterTests.test_trace_cannot_be_used_as_a_perception_input) ... ok
test_unknown_visibility_is_rejected_without_content_disclosure (tests.test_p05_context_router.P05ContextRouterTests.test_unknown_visibility_is_rejected_without_content_disclosure) ... ok
test_budget_too_small_for_protected_identity_fails_explicitly (tests.test_p06_context_composer.P06ContextComposerTests.test_budget_too_small_for_protected_identity_fails_explicitly) ... ok
test_builtin_exact_resolvers_surface_stable_top_level_failure_reasons (tests.test_p06_context_composer.P06ContextComposerTests.test_builtin_exact_resolvers_surface_stable_top_level_failure_reasons) ... ok
test_candidate_missing_and_upstream_notices_do_not_pollute_each_other (tests.test_p06_context_composer.P06ContextComposerTests.test_candidate_missing_and_upstream_notices_do_not_pollute_each_other) ... ok
test_candidate_self_reported_authority_cannot_elevate_trusted_binding (tests.test_p06_context_composer.P06ContextComposerTests.test_candidate_self_reported_authority_cannot_elevate_trusted_binding) ... ok
test_composer_owned_resolver_read_audit_matches_manifest_by_source (tests.test_p06_context_composer.P06ContextComposerTests.test_composer_owned_resolver_read_audit_matches_manifest_by_source) ... ok
test_context_budget_hint_is_used_when_no_explicit_budget_is_passed (tests.test_p06_context_composer.P06ContextComposerTests.test_context_budget_hint_is_used_when_no_explicit_budget_is_passed) ... ok
test_context_budget_retains_identity_continuity_and_relationship_first (tests.test_p06_context_composer.P06ContextComposerTests.test_context_budget_retains_identity_continuity_and_relationship_first) ... ok
test_cross_subject_and_environment_reference_fail_closed (tests.test_p06_context_composer.P06ContextComposerTests.test_cross_subject_and_environment_reference_fail_closed) ... ok
test_exact_duplicate_reference_is_rejected_before_spending_context_budget (tests.test_p06_context_composer.P06ContextComposerTests.test_exact_duplicate_reference_is_rejected_before_spending_context_budget) ... ok
test_feature_gate_disables_all_exact_resolver_reads (tests.test_p06_context_composer.P06ContextComposerTests.test_feature_gate_disables_all_exact_resolver_reads) ... ok
test_fixed_inputs_clock_and_estimator_are_fully_deterministic (tests.test_p06_context_composer.P06ContextComposerTests.test_fixed_inputs_clock_and_estimator_are_fully_deterministic) ... ok
test_golden_scenario_preserves_all_five_authorities_and_zero_writes (tests.test_p06_context_composer.P06ContextComposerTests.test_golden_scenario_preserves_all_five_authorities_and_zero_writes) ... ok
test_manifest_only_resolution_does_not_read_unreferenced_resolver (tests.test_p06_context_composer.P06ContextComposerTests.test_manifest_only_resolution_does_not_read_unreferenced_resolver) ... ok
test_missing_material_content_has_a_distinct_reason_code (tests.test_p06_context_composer.P06ContextComposerTests.test_missing_material_content_has_a_distinct_reason_code) ... ok
test_missing_material_provenance_has_a_distinct_reason_code (tests.test_p06_context_composer.P06ContextComposerTests.test_missing_material_provenance_has_a_distinct_reason_code) ... ok
test_non_complete_p05_route_is_not_consumed_and_reads_zero (tests.test_p06_context_composer.P06ContextComposerTests.test_non_complete_p05_route_is_not_consumed_and_reads_zero) ... ok
test_optional_material_drift_is_excluded_with_stable_missing_notice (tests.test_p06_context_composer.P06ContextComposerTests.test_optional_material_drift_is_excluded_with_stable_missing_notice) ... ok
test_output_tampering_and_count_mismatch_fail_closed (tests.test_p06_context_composer.P06ContextComposerTests.test_output_tampering_and_count_mismatch_fail_closed) ... ok
test_p05_route_result_is_not_modified_by_composition (tests.test_p06_context_composer.P06ContextComposerTests.test_p05_route_result_is_not_modified_by_composition) ... ok
test_permission_change_after_routing_fails_closed (tests.test_p06_context_composer.P06ContextComposerTests.test_permission_change_after_routing_fails_closed) ... ok
test_raw_source_and_confirmed_memory_coexist_without_auto_overwrite (tests.test_p06_context_composer.P06ContextComposerTests.test_raw_source_and_confirmed_memory_coexist_without_auto_overwrite) ... ok
test_required_version_or_hash_drift_fails_closed_without_snapshot (tests.test_p06_context_composer.P06ContextComposerTests.test_required_version_or_hash_drift_fails_closed_without_snapshot) ... ok
test_router_not_opened_and_empty_are_distinct_upstream_notices (tests.test_p06_context_composer.P06ContextComposerTests.test_router_not_opened_and_empty_are_distinct_upstream_notices) ... ok
test_summary_and_raw_source_are_not_semantically_merged (tests.test_p06_context_composer.P06ContextComposerTests.test_summary_and_raw_source_are_not_semantically_merged) ... ok
test_test_only_thinking_consumer_sees_authority_without_production_integration (tests.test_p06_context_composer.P06ContextComposerTests.test_test_only_thinking_consumer_sees_authority_without_production_integration) ... ok
test_trace_never_contains_material_body_or_secret (tests.test_p06_context_composer.P06ContextComposerTests.test_trace_never_contains_material_body_or_secret) ... ok
test_unknown_source_binding_is_rejected_not_broadly_searched (tests.test_p06_context_composer.P06ContextComposerTests.test_unknown_source_binding_is_rejected_not_broadly_searched) ... ok
test_confirmation_recoverability_reality_and_resource_fail_closed (tests.test_p09_boundaries.P09BoundaryTests.test_confirmation_recoverability_reality_and_resource_fail_closed) ... ok
test_cross_subject_and_environment_contexts_fail_closed (tests.test_p09_boundaries.P09BoundaryTests.test_cross_subject_and_environment_contexts_fail_closed) ... ok
test_disabled_master_gate_never_calls_core_components (tests.test_p09_boundaries.P09BoundaryTests.test_disabled_master_gate_never_calls_core_components) ... ok
test_emotion_persists_only_through_fixture_evolution_and_reads_do_not_write (tests.test_p09_boundaries.P09BoundaryTests.test_emotion_persists_only_through_fixture_evolution_and_reads_do_not_write) ... ok
test_independent_router_and_composer_budgets_preserve_missing_notices (tests.test_p09_boundaries.P09BoundaryTests.test_independent_router_and_composer_budgets_preserve_missing_notices) ... ok
test_insufficient_protected_context_budget_never_starts_thinking (tests.test_p09_boundaries.P09BoundaryTests.test_insufficient_protected_context_budget_never_starts_thinking) ... ok
test_invalid_emotion_does_not_partially_commit_evolution (tests.test_p09_boundaries.P09BoundaryTests.test_invalid_emotion_does_not_partially_commit_evolution) ... ok
test_memory_contradiction_action_and_emotion_subgates_do_no_component_work (tests.test_p09_boundaries.P09BoundaryTests.test_memory_contradiction_action_and_emotion_subgates_do_no_component_work) ... ok
test_reference_permission_loss_blocks_thinking_and_new_execution (tests.test_p09_boundaries.P09BoundaryTests.test_reference_permission_loss_blocks_thinking_and_new_execution) ... ok
test_snapshot_fails_closed_when_c1_component_is_missing_or_unmapped (tests.test_p09_boundaries.P09BoundaryTests.test_snapshot_fails_closed_when_c1_component_is_missing_or_unmapped) ... ok
test_source_revision_and_hash_changes_invalidate_summary_and_context (tests.test_p09_boundaries.P09BoundaryTests.test_source_revision_and_hash_changes_invalidate_summary_and_context) ... ok
test_source_revocation_invalidates_memory_even_without_raw_timeline_candidate (tests.test_p09_boundaries.P09BoundaryTests.test_source_revocation_invalidates_memory_even_without_raw_timeline_candidate) ... ok
test_capability_model_input_contains_the_composed_context (tests.test_p09_continuity_core.P09CoreTests.test_capability_model_input_contains_the_composed_context) ... ok
test_completed_c1_cannot_skip_receipt_verification_by_disabling_feature (tests.test_p09_continuity_core.P09CoreTests.test_completed_c1_cannot_skip_receipt_verification_by_disabling_feature) ... ok
test_completed_request_restart_preserves_results_and_effect (tests.test_p09_continuity_core.P09CoreTests.test_completed_request_restart_preserves_results_and_effect) ... ok
test_disabled_core_keeps_legacy_path_and_zero_component_reads (tests.test_p09_continuity_core.P09CoreTests.test_disabled_core_keeps_legacy_path_and_zero_component_reads) ... ok
test_elapsed_emotion_is_deterministic_read_only_and_clock_rollback_safe (tests.test_p09_continuity_core.P09CoreTests.test_elapsed_emotion_is_deterministic_read_only_and_clock_rollback_safe) ... ok
test_event_backlog_is_bounded_visible_and_drained_without_silent_loss (tests.test_p09_continuity_core.P09CoreTests.test_event_backlog_is_bounded_visible_and_drained_without_silent_loss) ... ok
test_expired_context_stops_new_thinking_from_checkpoint (tests.test_p09_continuity_core.P09CoreTests.test_expired_context_stops_new_thinking_from_checkpoint) ... ok
test_information_need_is_direct_and_complex_intent_uses_planner (tests.test_p09_continuity_core.P09CoreTests.test_information_need_is_direct_and_complex_intent_uses_planner) ... ok
test_late_duplicate_out_of_order_events_reach_memory_and_context (tests.test_p09_continuity_core.P09CoreTests.test_late_duplicate_out_of_order_events_reach_memory_and_context) ... ok
test_model_context_remains_usable_after_events_and_consolidation (tests.test_p09_continuity_core.P09CoreTests.test_model_context_remains_usable_after_events_and_consolidation) ... ok
test_normal_engine_entry_passes_composition_to_thinking_and_direct (tests.test_p09_continuity_core.P09CoreTests.test_normal_engine_entry_passes_composition_to_thinking_and_direct) ... ok
test_revocation_propagates_to_summary_and_old_context (tests.test_p09_continuity_core.P09CoreTests.test_revocation_propagates_to_summary_and_old_context) ... ok
test_snapshot_covers_c1_persistence_and_branch_replays_without_effect (tests.test_p09_continuity_core.P09CoreTests.test_snapshot_covers_c1_persistence_and_branch_replays_without_effect) ... ok
test_turning_action_gate_on_does_not_add_effect_to_completed_disabled_round (tests.test_p09_continuity_core.P09CoreTests.test_turning_action_gate_on_does_not_add_effect_to_completed_disabled_round) ... ok
test_committed_fact_before_checkpoint_or_result_survives_expired_context (tests.test_p09_evolution_review.P09RepairIndependentTests.test_committed_fact_before_checkpoint_or_result_survives_expired_context) ... ok
test_completed_result_and_thinking_evidence_cannot_disagree_with_fact (tests.test_p09_evolution_review.P09RepairIndependentTests.test_completed_result_and_thinking_evidence_cannot_disagree_with_fact) ... ok
test_missing_checkpoint_cross_checks_every_original_fact_binding_on_all_routes (tests.test_p09_evolution_review.P09RepairIndependentTests.test_missing_checkpoint_cross_checks_every_original_fact_binding_on_all_routes) ... ok
test_missing_evolution_checkpoint_cannot_skip_missing_original_fact_on_query (tests.test_p09_evolution_review.P09RepairIndependentTests.test_missing_evolution_checkpoint_cannot_skip_missing_original_fact_on_query) ... ok
test_missing_evolution_checkpoint_cannot_skip_original_fact_validation (tests.test_p09_evolution_review.P09RepairIndependentTests.test_missing_evolution_checkpoint_cannot_skip_original_fact_validation) ... ok
test_no_state_update_and_genuine_legacy_completion_keep_original_behavior (tests.test_p09_evolution_review.P09RepairIndependentTests.test_no_state_update_and_genuine_legacy_completion_keep_original_behavior) ... ok
test_pre_binding_c1_records_still_require_original_state_fact (tests.test_p09_evolution_review.P09RepairIndependentTests.test_pre_binding_c1_records_still_require_original_state_fact) ... ok
test_verified_fact_replays_read_only_without_checkpoint_after_expiry (tests.test_p09_evolution_review.P09RepairIndependentTests.test_verified_fact_replays_read_only_without_checkpoint_after_expiry) ... ok
test_already_committed_state_recovers_after_expiry_control (tests.test_p09_review_regressions.P09ReviewRegressionTests.test_already_committed_state_recovers_after_expiry_control) ... ok
test_checkpoint_context_removal_cannot_downgrade_c1_to_legacy_replay (tests.test_p09_review_regressions.P09ReviewRegressionTests.test_checkpoint_context_removal_cannot_downgrade_c1_to_legacy_replay) ... ok
test_checkpoint_gate_flip_cannot_bypass_completed_receipt_verification (tests.test_p09_review_regressions.P09ReviewRegressionTests.test_checkpoint_gate_flip_cannot_bypass_completed_receipt_verification) ... ok
test_committed_evolution_checkpoint_recovers_without_reauthorization_or_writes (tests.test_p09_review_regressions.P09ReviewRegressionTests.test_committed_evolution_checkpoint_recovers_without_reauthorization_or_writes) ... ok
test_completed_state_replay_rejects_conflicting_evolution_binding (tests.test_p09_review_regressions.P09ReviewRegressionTests.test_completed_state_replay_rejects_conflicting_evolution_binding) ... ok
test_consistently_disabled_inputs_cannot_hide_existing_e5_action (tests.test_p09_review_regressions.P09ReviewRegressionTests.test_consistently_disabled_inputs_cannot_hide_existing_e5_action) ... ok
test_current_context_allows_legal_state_update_control (tests.test_p09_review_regressions.P09ReviewRegressionTests.test_current_context_allows_legal_state_update_control) ... ok
test_expired_context_must_block_first_state_commit_after_thinking_crash (tests.test_p09_review_regressions.P09ReviewRegressionTests.test_expired_context_must_block_first_state_commit_after_thinking_crash) ... ok
test_first_commit_rechecks_action_and_domain_recovery_checkpoints (tests.test_p09_review_regressions.P09ReviewRegressionTests.test_first_commit_rechecks_action_and_domain_recovery_checkpoints) ... ok
test_first_commit_uses_current_action_permission_time_and_resources (tests.test_p09_review_regressions.P09ReviewRegressionTests.test_first_commit_uses_current_action_permission_time_and_resources) ... ok
test_journal_binding_checks_deserialization_loading_submit_and_query (tests.test_p09_review_regressions.P09ReviewRegressionTests.test_journal_binding_checks_deserialization_loading_submit_and_query) ... ok
test_missing_context_before_thinking_cannot_downgrade_to_legacy (tests.test_p09_review_regressions.P09ReviewRegressionTests.test_missing_context_before_thinking_cannot_downgrade_to_legacy) ... ok
test_pre_binding_c1_and_real_legacy_disabled_records_remain_compatible (tests.test_p09_review_regressions.P09ReviewRegressionTests.test_pre_binding_c1_and_real_legacy_disabled_records_remain_compatible) ... ok
test_rehashed_journal_cannot_override_original_thinking_input (tests.test_p09_review_regressions.P09ReviewRegressionTests.test_rehashed_journal_cannot_override_original_thinking_input) ... ok
test_revoked_reference_must_block_first_state_commit_after_thinking_crash (tests.test_p09_review_regressions.P09ReviewRegressionTests.test_revoked_reference_must_block_first_state_commit_after_thinking_crash) ... ok
test_thinking_binding_rejects_removed_context_or_snapshot (tests.test_p09_review_regressions.P09ReviewRegressionTests.test_thinking_binding_rejects_removed_context_or_snapshot) ... ok
test_disabled_normal_core_accepts_explicit_expression_configuration (tests.test_p13_expression_policy.ExpressionInputTests.test_disabled_normal_core_accepts_explicit_expression_configuration) ... ok
test_formed_seven_modes_roundtrip_without_mutating_judgment (tests.test_p13_expression_policy.ExpressionInputTests.test_formed_seven_modes_roundtrip_without_mutating_judgment) ... ok
test_old_thinking_serialization_omits_extension (tests.test_p13_expression_policy.ExpressionInputTests.test_old_thinking_serialization_omits_extension) ... ok
test_unknown_mode_rejected (tests.test_p13_expression_policy.ExpressionInputTests.test_unknown_mode_rejected) ... ok
test_budget_rejection_keeps_whole_original_body (tests.test_p13_expression_policy.ExpressionPolicyTests.test_budget_rejection_keeps_whole_original_body) ... ok
test_expression_gate_off_no_port_call_no_extension (tests.test_p13_expression_policy.ExpressionPolicyTests.test_expression_gate_off_no_port_call_no_extension) ... ok
test_generation_failure_is_not_subject_silence_or_refusal (tests.test_p13_expression_policy.ExpressionPolicyTests.test_generation_failure_is_not_subject_silence_or_refusal) ... ok
test_invalidation_inside_presentation_cannot_complete (tests.test_p13_expression_policy.ExpressionPolicyTests.test_invalidation_inside_presentation_cannot_complete) ... ok
test_mode_and_binding_changes_rejected (tests.test_p13_expression_policy.ExpressionPolicyTests.test_mode_and_binding_changes_rejected) ... ok
test_protected_root_rejected_zero_writes (tests.test_p13_expression_policy.ExpressionPolicyTests.test_protected_root_rejected_zero_writes) ... ok
test_reversing_provider_rejected_no_final_result (tests.test_p13_expression_policy.ExpressionPolicyTests.test_reversing_provider_rejected_no_final_result) ... ok
test_seven_modes_normal_entry_persist_and_keep_authorities (tests.test_p13_expression_policy.ExpressionPolicyTests.test_seven_modes_normal_entry_persist_and_keep_authorities) ... ok
test_silence_does_not_require_visible_output_budget_or_presentation (tests.test_p13_expression_policy.ExpressionPolicyTests.test_silence_does_not_require_visible_output_budget_or_presentation) ... ok
test_bounded_three_day_seven_round_golden_no_cognitive_overwrite (tests.test_p13_expression_recovery.ExpressionRecoveryTests.test_bounded_three_day_seven_round_golden_no_cognitive_overwrite) ... ok
test_context_rejection_and_platform_denial_are_distinct_from_subject_refusal (tests.test_p13_expression_recovery.ExpressionRecoveryTests.test_context_rejection_and_platform_denial_are_distinct_from_subject_refusal) ... ok
test_crash_after_domain_recovers_artifact_without_presentation (tests.test_p13_expression_recovery.ExpressionRecoveryTests.test_crash_after_domain_recovers_artifact_without_presentation) ... ok
test_crash_after_thinking_reuses_original_result_not_new_mode (tests.test_p13_expression_recovery.ExpressionRecoveryTests.test_crash_after_thinking_reuses_original_result_not_new_mode) ... ok
test_cross_subject_and_environment_composition_rejects_before_port_or_writes (tests.test_p13_expression_recovery.ExpressionRecoveryTests.test_cross_subject_and_environment_composition_rejects_before_port_or_writes) ... ok
test_current_approved_evolution_keeps_proposal_and_revision_semantics (tests.test_p13_expression_recovery.ExpressionRecoveryTests.test_current_approved_evolution_keeps_proposal_and_revision_semantics) ... ok
test_direct_and_optional_planner_preserve_expression_mode (tests.test_p13_expression_recovery.ExpressionRecoveryTests.test_direct_and_optional_planner_preserve_expression_mode) ... ok
test_disabled_expression_outcome_has_no_component_reads (tests.test_p13_expression_recovery.ExpressionRecoveryTests.test_disabled_expression_outcome_has_no_component_reads) ... ok
test_existing_emotion_only_affects_explicit_emphasis_preference (tests.test_p13_expression_recovery.ExpressionRecoveryTests.test_existing_emotion_only_affects_explicit_emphasis_preference) ... ok
test_expired_context_blocks_text_but_keeps_original_receipts (tests.test_p13_expression_recovery.ExpressionRecoveryTests.test_expired_context_blocks_text_but_keeps_original_receipts) ... ok
test_forged_action_input_rejected_before_materialization (tests.test_p13_expression_recovery.ExpressionRecoveryTests.test_forged_action_input_rejected_before_materialization) ... ok
test_formal_relationship_and_compact_preference_change_format_only (tests.test_p13_expression_recovery.ExpressionRecoveryTests.test_formal_relationship_and_compact_preference_change_format_only) ... ok
test_fresh_process_restores_original_expression_without_provider_or_effect (tests.test_p13_expression_recovery.ExpressionRecoveryTests.test_fresh_process_restores_original_expression_without_provider_or_effect) ... ok
test_generation_failure_retry_does_not_rethink_or_duplicate_action (tests.test_p13_expression_recovery.ExpressionRecoveryTests.test_generation_failure_retry_does_not_rethink_or_duplicate_action) ... ok
test_missing_completed_artifact_cannot_downgrade_to_legacy (tests.test_p13_expression_recovery.ExpressionRecoveryTests.test_missing_completed_artifact_cannot_downgrade_to_legacy) ... ok
test_model_result_restart_expression_uses_one_original_capability_ledger (tests.test_p13_expression_recovery.ExpressionRecoveryTests.test_model_result_restart_expression_uses_one_original_capability_ledger) ... ok
test_model_waiting_remains_waiting_not_subject_silence (tests.test_p13_expression_recovery.ExpressionRecoveryTests.test_model_waiting_remains_waiting_not_subject_silence) ... ok
test_original_router_request_cannot_be_rebound_to_another_operation (tests.test_p13_expression_recovery.ExpressionRecoveryTests.test_original_router_request_cannot_be_rebound_to_another_operation) ... ok
test_p12_archive_invalidates_saved_expression_and_normal_future_context (tests.test_p13_expression_recovery.ExpressionRecoveryTests.test_p12_archive_invalidates_saved_expression_and_normal_future_context) ... ok
test_real_evolution_recovers_after_expiry_without_releasing_old_text (tests.test_p13_expression_recovery.ExpressionRecoveryTests.test_real_evolution_recovers_after_expiry_without_releasing_old_text) ... ok
test_removing_original_gate_cannot_remove_expression_ownership (tests.test_p13_expression_recovery.ExpressionRecoveryTests.test_removing_original_gate_cannot_remove_expression_ownership) ... ok
test_restart_repeat_submit_and_query_do_not_regenerate_or_execute (tests.test_p13_expression_recovery.ExpressionRecoveryTests.test_restart_repeat_submit_and_query_do_not_regenerate_or_execute) ... ok
test_revoked_exact_permission_blocks_completed_replay_zero_writes (tests.test_p13_expression_recovery.ExpressionRecoveryTests.test_revoked_exact_permission_blocks_completed_replay_zero_writes) ... ok
test_snapshot_branch_preserves_artifact_and_does_not_touch_original (tests.test_p13_expression_recovery.ExpressionRecoveryTests.test_snapshot_branch_preserves_artifact_and_does_not_touch_original) ... ok
test_unknown_historical_receipt_cannot_be_expression_success (tests.test_p13_expression_recovery.ExpressionRecoveryTests.test_unknown_historical_receipt_cannot_be_expression_success) ... ok
test_all_drives_and_somatic_dimensions_are_retained (tests.test_p14_dynamic_mind.DynamicMindMechanismTests.test_all_drives_and_somatic_dimensions_are_retained) ... ok
test_apology_is_new_evidence_not_automatic_resolution (tests.test_p14_dynamic_mind.DynamicMindMechanismTests.test_apology_is_new_evidence_not_automatic_resolution) ... ok
test_clock_regression_and_cross_environment_are_rejected (tests.test_p14_dynamic_mind.DynamicMindMechanismTests.test_clock_regression_and_cross_environment_are_rejected) ... ok
test_desire_lifecycle_and_regulation_success (tests.test_p14_dynamic_mind.DynamicMindMechanismTests.test_desire_lifecycle_and_regulation_success) ... ok
test_duplicate_appraisal_does_not_reinforce_same_time (tests.test_p14_dynamic_mind.DynamicMindMechanismTests.test_duplicate_appraisal_does_not_reinforce_same_time) ... ok
test_no_observation_forms_endogenous_desire (tests.test_p14_dynamic_mind.DynamicMindMechanismTests.test_no_observation_forms_endogenous_desire) ... ok
test_persisted_state_restores_without_reset (tests.test_p14_dynamic_mind.DynamicMindMechanismTests.test_persisted_state_restores_without_reset) ... ok
test_psychological_opposites_remain_together (tests.test_p14_dynamic_mind.DynamicMindMechanismTests.test_psychological_opposites_remain_together) ... ok
test_resolution_then_new_harm_reopens_same_concern (tests.test_p14_dynamic_mind.DynamicMindMechanismTests.test_resolution_then_new_harm_reopens_same_concern) ... ok
test_same_time_replay_has_no_extra_dynamic_change (tests.test_p14_dynamic_mind.DynamicMindMechanismTests.test_same_time_replay_has_no_extra_dynamic_change) ... ok
test_subjective_time_depends_on_attention_and_somatic_state (tests.test_p14_dynamic_mind.DynamicMindMechanismTests.test_subjective_time_depends_on_attention_and_somatic_state) ... ok
test_subjective_wait_changes_attention_even_with_equal_body (tests.test_p14_dynamic_mind.DynamicMindMechanismTests.test_subjective_wait_changes_attention_even_with_equal_body) ... ok
test_suppression_can_fail_without_erasing_concern (tests.test_p14_dynamic_mind.DynamicMindMechanismTests.test_suppression_can_fail_without_erasing_concern) ... ok
test_transformed_desire_can_continue_without_identity_collision (tests.test_p14_dynamic_mind.DynamicMindMechanismTests.test_transformed_desire_can_continue_without_identity_collision) ... ok
test_unbound_will_and_thought_references_fail_closed (tests.test_p14_dynamic_mind.DynamicMindMechanismTests.test_unbound_will_and_thought_references_fail_closed) ... ok
test_unknown_nested_reasoning_fields_are_rejected (tests.test_p14_dynamic_mind.DynamicMindMechanismTests.test_unknown_nested_reasoning_fields_are_rejected) ... ok
test_weaken_and_transform_change_desire_not_only_phase (tests.test_p14_dynamic_mind.DynamicMindMechanismTests.test_weaken_and_transform_change_desire_not_only_phase) ... ok
test_will_records_deliberation_not_scheduler_priority (tests.test_p14_dynamic_mind.DynamicMindMechanismTests.test_will_records_deliberation_not_scheduler_priority) ... ok
test_attention_changes_actual_authorized_memory_ranking (tests.test_p14_mind_recovery.MindCoreIntegrationTests.test_attention_changes_actual_authorized_memory_ranking) ... ok
test_bounded_golden_survives_real_process_restarts (tests.test_p14_mind_recovery.MindCoreIntegrationTests.test_bounded_golden_survives_real_process_restarts) ... ok
test_capability_wait_resumes_mind_in_original_think_session (tests.test_p14_mind_recovery.MindCoreIntegrationTests.test_capability_wait_resumes_mind_in_original_think_session) ... ok
test_cognitive_resolution_requires_new_consistent_experience (tests.test_p14_mind_recovery.MindCoreIntegrationTests.test_cognitive_resolution_requires_new_consistent_experience) ... ok
test_completed_mind_facts_still_require_real_adapter_receipt (tests.test_p14_mind_recovery.MindCoreIntegrationTests.test_completed_mind_facts_still_require_real_adapter_receipt) ... ok
test_completed_replay_does_not_advance_revision_or_repeat_effect (tests.test_p14_mind_recovery.MindCoreIntegrationTests.test_completed_replay_does_not_advance_revision_or_repeat_effect) ... ok
test_complex_information_need_still_uses_original_optional_planner (tests.test_p14_mind_recovery.MindCoreIntegrationTests.test_complex_information_need_still_uses_original_optional_planner) ... ok
test_current_candidate_tampering_and_cross_subject_are_rejected (tests.test_p14_mind_recovery.MindCoreIntegrationTests.test_current_candidate_tampering_and_cross_subject_are_rejected) ... ok
test_explicit_subject_confrontation_is_retained (tests.test_p14_mind_recovery.MindCoreIntegrationTests.test_explicit_subject_confrontation_is_retained) ... ok
test_explicit_subject_refusal_is_not_erased_by_generic_drive (tests.test_p14_mind_recovery.MindCoreIntegrationTests.test_explicit_subject_refusal_is_not_erased_by_generic_drive) ... ok
test_explicit_subject_silence_is_not_relabelled_pursuit (tests.test_p14_mind_recovery.MindCoreIntegrationTests.test_explicit_subject_silence_is_not_relabelled_pursuit) ... ok
test_feature_off_keeps_legacy_serialization_and_behavior (tests.test_p14_mind_recovery.MindCoreIntegrationTests.test_feature_off_keeps_legacy_serialization_and_behavior) ... ok
test_forgotten_or_revoked_current_source_cannot_finish_new_mind (tests.test_p14_mind_recovery.MindCoreIntegrationTests.test_forgotten_or_revoked_current_source_cannot_finish_new_mind) ... ok
test_internal_body_changes_real_choice_with_same_provider_output (tests.test_p14_mind_recovery.MindCoreIntegrationTests.test_internal_body_changes_real_choice_with_same_provider_output) ... ok
test_native_evolution_saved_before_checkpoint_recovers_after_expiry (tests.test_p14_mind_recovery.MindCoreIntegrationTests.test_native_evolution_saved_before_checkpoint_recovers_after_expiry) ... ok
test_native_feature_off_does_not_read_p14_recovery_or_prepare (tests.test_p14_mind_recovery.MindCoreIntegrationTests.test_native_feature_off_does_not_read_p14_recovery_or_prepare) ... ok
test_native_missing_evolution_fact_is_rejected_without_writes (tests.test_p14_mind_recovery.MindCoreIntegrationTests.test_native_missing_evolution_fact_is_rejected_without_writes) ... ok
test_native_opportunity_without_observation_creates_desire_and_restores (tests.test_p14_mind_recovery.MindCoreIntegrationTests.test_native_opportunity_without_observation_creates_desire_and_restores) ... ok
test_new_commit_expired_or_revoked_after_thinking_is_blocked (tests.test_p14_mind_recovery.MindCoreIntegrationTests.test_new_commit_expired_or_revoked_after_thinking_is_blocked) ... ok
test_normal_c1_appraises_sources_and_apology_does_not_reset_episode (tests.test_p14_mind_recovery.MindCoreIntegrationTests.test_normal_c1_appraises_sources_and_apology_does_not_reset_episode) ... ok
test_normal_c1_commits_mind_through_original_evolution (tests.test_p14_mind_recovery.MindCoreIntegrationTests.test_normal_c1_commits_mind_through_original_evolution) ... ok
test_normal_chain_attempts_regulation_without_erasing_episode (tests.test_p14_mind_recovery.MindCoreIntegrationTests.test_normal_chain_attempts_regulation_without_erasing_episode) ... ok
test_old_concurrent_candidate_cannot_overwrite_new_revision (tests.test_p14_mind_recovery.MindCoreIntegrationTests.test_old_concurrent_candidate_cannot_overwrite_new_revision) ... ok
test_path_protection_before_any_fixture_write (tests.test_p14_mind_recovery.MindCoreIntegrationTests.test_path_protection_before_any_fixture_write) ... ok
test_raw_provider_cannot_supply_dynamic_mind_mutation (tests.test_p14_mind_recovery.MindCoreIntegrationTests.test_raw_provider_cannot_supply_dynamic_mind_mutation) ... ok
test_snapshot_branch_includes_mind_without_polluting_parent (tests.test_p14_mind_recovery.MindCoreIntegrationTests.test_snapshot_branch_includes_mind_without_polluting_parent) ... ok
test_two_sessions_and_reopen_continue_one_mind (tests.test_p14_mind_recovery.MindCoreIntegrationTests.test_two_sessions_and_reopen_continue_one_mind) ... ok
test_unsettled_interpretation_changes_actual_information_need (tests.test_p14_mind_recovery.MindCoreIntegrationTests.test_unsettled_interpretation_changes_actual_information_need) ... ok
test_atomic_creation_failure_does_not_leave_active_subject (tests.test_p15_subject_recovery.P15RecoveryTests.test_atomic_creation_failure_does_not_leave_active_subject) ... ok
test_concurrent_lifecycle_commands_preserve_one_transition (tests.test_p15_subject_recovery.P15RecoveryTests.test_concurrent_lifecycle_commands_preserve_one_transition) ... ok
test_cross_process_golden (tests.test_p15_subject_recovery.P15RecoveryTests.test_cross_process_golden) ... ok
test_cross_subject_environment_and_direct_lifecycle_mutation_rejected (tests.test_p15_subject_recovery.P15RecoveryTests.test_cross_subject_environment_and_direct_lifecycle_mutation_rejected) ... ok
test_host_binding_switch_and_unbind_do_not_change_subject_revision (tests.test_p15_subject_recovery.P15RecoveryTests.test_host_binding_switch_and_unbind_do_not_change_subject_revision) ... ok
test_new_genesis_isolated_from_old_learning_mind_relationships (tests.test_p15_subject_recovery.P15RecoveryTests.test_new_genesis_isolated_from_old_learning_mind_relationships) ... ok
test_p01_snapshot_branch_keeps_growth_and_does_not_pollute_original (tests.test_p15_subject_recovery.P15RecoveryTests.test_p01_snapshot_branch_keeps_growth_and_does_not_pollute_original) ... ok
test_paused_pending_not_executed_model_cannot_dispatch (tests.test_p15_subject_recovery.P15RecoveryTests.test_paused_pending_not_executed_model_cannot_dispatch) ... ok
test_protected_fixture_root_rejects_before_any_write (tests.test_p15_subject_recovery.P15RecoveryTests.test_protected_fixture_root_rejects_before_any_write) ... ok
test_public_test_migration_requires_exact_confirmation_and_never_copies_personality (tests.test_p15_subject_recovery.P15RecoveryTests.test_public_test_migration_requires_exact_confirmation_and_never_copies_personality) ... ok
test_cache_expiry_excludes_candidate_without_refresh_call (tests.test_p16_context.ContextTests.test_cache_expiry_excludes_candidate_without_refresh_call) ... ok
test_cache_rehashed_payload_tamper_still_checks_original_fact (tests.test_p16_context.ContextTests.test_cache_rehashed_payload_tamper_still_checks_original_fact) ... ok
test_credential_revocation_excludes_current_cache (tests.test_p16_context.ContextTests.test_credential_revocation_excludes_current_cache) ... ok
test_cross_subject_result_rejected_even_from_local_provider (tests.test_p16_context.ContextTests.test_cross_subject_result_rejected_even_from_local_provider) ... ok
test_distinct_roots_survive_and_same_root_conflict_never_selects_authority (tests.test_p16_context.ContextTests.test_distinct_roots_survive_and_same_root_conflict_never_selects_authority) ... ok
test_exact_ttl_boundary_is_excluded_just_before_is_valid (tests.test_p16_context.ContextTests.test_exact_ttl_boundary_is_excluded_just_before_is_valid) ... ok
test_external_event_identity_cannot_be_internal_root (tests.test_p16_context.ContextTests.test_external_event_identity_cannot_be_internal_root) ... ok
test_invalid_cache_timestamp_is_corruption_not_freshness (tests.test_p16_context.ContextTests.test_invalid_cache_timestamp_is_corruption_not_freshness) ... ok
test_malicious_mutation_field_rejected_before_cache (tests.test_p16_context.ContextTests.test_malicious_mutation_field_rejected_before_cache) ... ok
test_offline_timeout_cancel_and_empty_are_explicit_results (tests.test_p16_context.ContextTests.test_offline_timeout_cancel_and_empty_are_explicit_results) ... ok
test_p12_archived_internal_memory_stays_absent_with_external_queries_enabled (tests.test_p16_context.ContextTests.test_p12_archived_internal_memory_stays_absent_with_external_queries_enabled) ... ok
test_p15_growth_does_not_promote_external_candidates_to_experience (tests.test_p16_context.ContextTests.test_p15_growth_does_not_promote_external_candidates_to_experience) ... ok
test_registry_wrong_environment_rejected_without_write (tests.test_p16_context.ContextTests.test_registry_wrong_environment_rejected_without_write) ... ok
test_replacement_descriptor_cannot_reuse_old_exact_reference (tests.test_p16_context.ContextTests.test_replacement_descriptor_cannot_reuse_old_exact_reference) ... ok
test_replacement_preserves_old_fact_but_invalidates_old_material (tests.test_p16_context.ContextTests.test_replacement_preserves_old_fact_but_invalidates_old_material) ... ok
test_revocation_invalidates_already_composed_context (tests.test_p16_context.ContextTests.test_revocation_invalidates_already_composed_context) ... ok
test_revoke_during_result_read_blocks_consumption_and_cache_write (tests.test_p16_context.ContextTests.test_revoke_during_result_read_blocks_consumption_and_cache_write) ... ok
test_router_source_limit_is_separate_from_composer_budget (tests.test_p16_context.ContextTests.test_router_source_limit_is_separate_from_composer_budget) ... ok
test_same_request_payload_hash_conflict_is_rejected (tests.test_p16_context.ContextTests.test_same_request_payload_hash_conflict_is_rejected) ... ok
test_same_root_candidates_deduplicate_without_promoting_authority (tests.test_p16_context.ContextTests.test_same_root_candidates_deduplicate_without_promoting_authority) ... ok
test_same_root_conflicting_content_is_preserved_as_non_independent_candidates (tests.test_p16_context.ContextTests.test_same_root_conflicting_content_is_preserved_as_non_independent_candidates) ... ok
test_secret_in_result_and_material_denial_never_reach_cache_or_state (tests.test_p16_context.ContextTests.test_secret_in_result_and_material_denial_never_reach_cache_or_state) ... ok
test_strict_result_shape_version_hash_environment_and_bounds (tests.test_p16_context.ContextTests.test_strict_result_shape_version_hash_environment_and_bounds) ... ok
test_all_four_local_provider_kinds_really_execute (tests.test_p16_providers.ProviderTests.test_all_four_local_provider_kinds_really_execute) ... ok
test_credential_reference_cannot_be_reused_by_other_connector (tests.test_p16_providers.ProviderTests.test_credential_reference_cannot_be_reused_by_other_connector) ... ok
test_disable_replay_is_idempotent_and_cannot_reregister_same_version (tests.test_p16_providers.ProviderTests.test_disable_replay_is_idempotent_and_cannot_reregister_same_version) ... ok
test_disabled_c1_gate_does_not_touch_installed_external_ports (tests.test_p16_providers.ProviderTests.test_disabled_c1_gate_does_not_touch_installed_external_ports) ... ok
test_existing_768_token_budget_explicitly_excludes_external_material (tests.test_p16_providers.ProviderTests.test_existing_768_token_budget_explicitly_excludes_external_material) ... ok
test_feature_gate_off_does_not_call_or_read_external_components (tests.test_p16_providers.ProviderTests.test_feature_gate_off_does_not_call_or_read_external_components) ... ok
test_memory_information_need_calls_fake_then_normal_context_consumes_candidate (tests.test_p16_providers.ProviderTests.test_memory_information_need_calls_fake_then_normal_context_consumes_candidate) ... ok
test_missing_expired_and_cross_subject_credentials_refuse_before_call (tests.test_p16_providers.ProviderTests.test_missing_expired_and_cross_subject_credentials_refuse_before_call) ... ok
test_normal_local_queries_use_no_socket (tests.test_p16_providers.ProviderTests.test_normal_local_queries_use_no_socket) ... ok
test_registry_concurrent_revision_allows_only_one_write (tests.test_p16_providers.ProviderTests.test_registry_concurrent_revision_allows_only_one_write) ... ok
test_registry_same_version_changed_content_is_conflict (tests.test_p16_providers.ProviderTests.test_registry_same_version_changed_content_is_conflict) ... ok
test_revoke_before_query_has_no_external_call_or_subject_write (tests.test_p16_providers.ProviderTests.test_revoke_before_query_has_no_external_call_or_subject_write) ... ok
test_upper_mixed_protected_roots_and_children_are_zero_write (tests.test_p16_providers.ProviderTests.test_upper_mixed_protected_roots_and_children_are_zero_write) ... ok
test_archived_and_deleted_subjects_do_not_consume_or_execute (tests.test_p16_recovery.RecoveryTests.test_archived_and_deleted_subjects_do_not_consume_or_execute) ... ok
test_atomic_registry_failure_keeps_original_bytes (tests.test_p16_recovery.RecoveryTests.test_atomic_registry_failure_keeps_original_bytes) ... ok
test_child_timeout_preserves_output_and_never_retries (tests.test_p16_recovery.RecoveryTests.test_child_timeout_preserves_output_and_never_retries) ... ok
test_completed_replay_rechecks_receipt_without_reexecution (tests.test_p16_recovery.RecoveryTests.test_completed_replay_rechecks_receipt_without_reexecution) ... ok
test_completed_replay_survives_revocation_without_new_consumption (tests.test_p16_recovery.RecoveryTests.test_completed_replay_survives_revocation_without_new_consumption) ... ok
test_explicit_retry_uses_original_attempts_and_stops_at_bound (tests.test_p16_recovery.RecoveryTests.test_explicit_retry_uses_original_attempts_and_stops_at_bound) ... ok
test_historical_success_unknown_query_cannot_replay_completed (tests.test_p16_recovery.RecoveryTests.test_historical_success_unknown_query_cannot_replay_completed) ... ok
test_lost_response_after_receipt_can_close_after_revocation_without_consuming (tests.test_p16_recovery.RecoveryTests.test_lost_response_after_receipt_can_close_after_revocation_without_consuming) ... ok
test_p01_branch_replays_original_receipt_without_polluting_parent (tests.test_p16_recovery.RecoveryTests.test_p01_branch_replays_original_receipt_without_polluting_parent) ... ok
test_p01_snapshot_covers_registry_cache_and_receipts (tests.test_p16_recovery.RecoveryTests.test_p01_snapshot_covers_registry_cache_and_receipts) ... ok
test_paused_subject_blocks_new_query_and_current_cache_but_recovers_fact (tests.test_p16_recovery.RecoveryTests.test_paused_subject_blocks_new_query_and_current_cache_but_recovers_fact) ... ok
test_provider_error_secret_never_enters_engine_files (tests.test_p16_recovery.RecoveryTests.test_provider_error_secret_never_enters_engine_files) ... ok
test_query_exception_never_authorizes_dispatch_or_exposes_secret (tests.test_p16_recovery.RecoveryTests.test_query_exception_never_authorizes_dispatch_or_exposes_secret) ... ok
test_reserved_not_executed_after_revocation_cannot_dispatch (tests.test_p16_recovery.RecoveryTests.test_reserved_not_executed_after_revocation_cannot_dispatch) ... ok
test_string_not_executed_is_unknown (tests.test_p16_recovery.RecoveryTests.test_string_not_executed_is_unknown) ... ok
test_three_real_process_golden_recovers_replaces_and_revokes (tests.test_p16_recovery.RecoveryTests.test_three_real_process_golden_recovers_replaces_and_revokes) ... ok
test_unknown_does_not_execute_even_with_explicit_retry (tests.test_p16_recovery.RecoveryTests.test_unknown_does_not_execute_even_with_explicit_retry) ... ok
test_c1_capability_ingress_rejects_before_original_ledger_write (tests.test_p16_repair_edges.RepairEdges.test_c1_capability_ingress_rejects_before_original_ledger_write) ... ok
test_c1_capability_restore_rechecks_material_before_checkpoint (tests.test_p16_repair_edges.RepairEdges.test_c1_capability_restore_rechecks_material_before_checkpoint) ... ok
test_c1_capability_safe_result_replay_preserves_fact_hash (tests.test_p16_repair_edges.RepairEdges.test_c1_capability_safe_result_replay_preserves_fact_hash) ... ok
test_completed_replay_rejects_material_without_rewriting_fact_or_ledger (tests.test_p16_repair_edges.RepairEdges.test_completed_replay_rejects_material_without_rewriting_fact_or_ledger) ... ok
test_newly_prohibited_completed_material_is_not_replayed_or_rewritten (tests.test_p16_repair_edges.RepairEdges.test_newly_prohibited_completed_material_is_not_replayed_or_rewritten) ... ok
test_normal_permission_and_reference_denial_still_reject (tests.test_p16_repair_edges.RepairEdges.test_normal_permission_and_reference_denial_still_reject) ... ok
test_optional_thinking_check_precedes_growth_and_preserves_gate_off (tests.test_p16_repair_edges.RepairEdges.test_optional_thinking_check_precedes_growth_and_preserves_gate_off) ... ok
test_query_is_rejected_before_any_think_result_save_or_processor (tests.test_p16_repair_edges.RepairEdges.test_query_is_rejected_before_any_think_result_save_or_processor) ... ok
test_recovery_broker_failure_is_unknown_not_permission_or_execution (tests.test_p16_repair_edges.RepairEdges.test_recovery_broker_failure_is_unknown_not_permission_or_execution) ... ok
test_registration_port_exceptions_are_static_and_zero_write (tests.test_p16_repair_edges.RepairEdges.test_registration_port_exceptions_are_static_and_zero_write) ... ok
test_rejected_execution_receipt_is_unknown_and_recovers_without_redispatch (tests.test_p16_repair_edges.RepairEdges.test_rejected_execution_receipt_is_unknown_and_recovers_without_redispatch) ... ok
test_selection_execution_consumption_port_exceptions_fail_closed (tests.test_p16_repair_edges.RepairEdges.test_selection_execution_consumption_port_exceptions_fail_closed) ... ok
test_wait_completion_and_completed_replay_keep_original_result_identity (tests.test_p16_repair_edges.RepairEdges.test_wait_completion_and_completed_replay_keep_original_result_identity) ... ok
test_wait_completion_rejects_before_resume_write_or_processing (tests.test_p16_repair_edges.RepairEdges.test_wait_completion_rejects_before_resume_write_or_processing) ... ok
test_whole_receipt_is_checked_on_query_and_execute (tests.test_p16_repair_edges.RepairEdges.test_whole_receipt_is_checked_on_query_and_execute) ... ok
test_whole_thinking_material_not_only_query_is_checked (tests.test_p16_repair_edges.RepairEdges.test_whole_thinking_material_not_only_query_is_checked) ... ok
test_broker_authorization_exception_must_not_leak_in_diagnostics (tests.test_p16_review_regressions.IndependentEdges.test_broker_authorization_exception_must_not_leak_in_diagnostics) ... ok
test_broker_material_exception_must_not_leak_in_diagnostics (tests.test_p16_review_regressions.IndependentEdges.test_broker_material_exception_must_not_leak_in_diagnostics) ... ok
test_denied_external_query_is_not_copied_into_new_persistent_material (tests.test_p16_review_regressions.IndependentEdges.test_denied_external_query_is_not_copied_into_new_persistent_material) ... ok
test_permission_port_exception_must_not_leak_in_diagnostics (tests.test_p16_review_regressions.IndependentEdges.test_permission_port_exception_must_not_leak_in_diagnostics) ... ok
test_positive_normal_query_still_consumes_candidate (tests.test_p16_review_regressions.IndependentEdges.test_positive_normal_query_still_consumes_candidate) ... ok
test_positive_ordinary_psychological_query_is_not_censored (tests.test_p16_review_regressions.IndependentEdges.test_positive_ordinary_psychological_query_is_not_censored) ... ok
test_positive_provider_result_exception_is_sanitized (tests.test_p16_review_regressions.IndependentEdges.test_positive_provider_result_exception_is_sanitized) ... ok
test_positive_safe_provider_receipt_id_remains_recoverable (tests.test_p16_review_regressions.IndependentEdges.test_positive_safe_provider_receipt_id_remains_recoverable) ... ok
test_secret_receipt_identifier_must_not_be_persisted_by_engine (tests.test_p16_review_regressions.IndependentEdges.test_secret_receipt_identifier_must_not_be_persisted_by_engine) ... ok
test_blast_radius_each_bound_actually_limits_effects (tests.test_p17_boundaries.BoundaryTests.test_blast_radius_each_bound_actually_limits_effects) ... ok
test_broker_boundary_provider_exception_tracebacks_are_static (tests.test_p17_boundaries.BoundaryTests.test_broker_boundary_provider_exception_tracebacks_are_static) ... ok
test_capability_version_change_cannot_retarget_history (tests.test_p17_boundaries.BoundaryTests.test_capability_version_change_cannot_retarget_history) ... ok
test_cross_subject_request_rejected_without_world_or_outbox_write (tests.test_p17_boundaries.BoundaryTests.test_cross_subject_request_rejected_without_world_or_outbox_write) ... ok
test_current_broker_and_reality_rechecked_at_dispatch (tests.test_p17_boundaries.BoundaryTests.test_current_broker_and_reality_rechecked_at_dispatch) ... ok
test_current_context_and_confirmation_rechecked_at_dispatch (tests.test_p17_boundaries.BoundaryTests.test_current_context_and_confirmation_rechecked_at_dispatch) ... ok
test_feature_off_does_not_read_execution_ports (tests.test_p17_boundaries.BoundaryTests.test_feature_off_does_not_read_execution_ports) ... ok
test_fixture_protected_paths_uppercase_children_zero_write (tests.test_p17_boundaries.BoundaryTests.test_fixture_protected_paths_uppercase_children_zero_write) ... ok
test_lifecycle_pause_archive_delete_reject_new_execution (tests.test_p17_boundaries.BoundaryTests.test_lifecycle_pause_archive_delete_reject_new_execution) ... ok
test_material_rejected_before_any_new_e5a_request_write (tests.test_p17_boundaries.BoundaryTests.test_material_rejected_before_any_new_e5a_request_write) ... ok
test_mid_gate_revocation_is_rechecked_before_effect (tests.test_p17_boundaries.BoundaryTests.test_mid_gate_revocation_is_rechecked_before_effect) ... ok
test_mid_result_read_revocation_blocks_return_and_writes (tests.test_p17_boundaries.BoundaryTests.test_mid_result_read_revocation_blocks_return_and_writes) ... ok
test_new_context_cannot_reauthorize_old_request_identity (tests.test_p17_boundaries.BoundaryTests.test_new_context_cannot_reauthorize_old_request_identity) ... ok
test_nonboolean_truthy_authorization_fails_closed (tests.test_p17_boundaries.BoundaryTests.test_nonboolean_truthy_authorization_fails_closed) ... ok
test_normal_psychological_content_and_silence_are_not_screened (tests.test_p17_boundaries.BoundaryTests.test_normal_psychological_content_and_silence_are_not_screened) ... ok
test_platform_reality_resource_outcomes_remain_distinct_in_e5a (tests.test_p17_boundaries.BoundaryTests.test_platform_reality_resource_outcomes_remain_distinct_in_e5a) ... ok
test_receipt_secret_full_material_never_enters_ledger (tests.test_p17_boundaries.BoundaryTests.test_receipt_secret_full_material_never_enters_ledger) ... ok
test_registered_other_subject_adapter_rejected_zero_calls_and_writes (tests.test_p17_boundaries.BoundaryTests.test_registered_other_subject_adapter_rejected_zero_calls_and_writes) ... ok
test_registered_world_environment_version_mismatch_refuses_before_call (tests.test_p17_boundaries.BoundaryTests.test_registered_world_environment_version_mismatch_refuses_before_call) ... ok
test_resource_exhaustion_does_not_consume_attempts_or_effects (tests.test_p17_boundaries.BoundaryTests.test_resource_exhaustion_does_not_consume_attempts_or_effects) ... ok
test_result_hash_or_extra_authority_material_rejected (tests.test_p17_boundaries.BoundaryTests.test_result_hash_or_extra_authority_material_rejected) ... ok
test_static_failure_receipts_preserve_generation_and_network_outcomes (tests.test_p17_boundaries.BoundaryTests.test_static_failure_receipts_preserve_generation_and_network_outcomes) ... ok
test_storage_exact_limit_accepts_one_then_refuses_next (tests.test_p17_boundaries.BoundaryTests.test_storage_exact_limit_accepts_one_then_refuses_next) ... ok
test_storage_growth_bound_rejects_before_oversized_effect (tests.test_p17_boundaries.BoundaryTests.test_storage_growth_bound_rejects_before_oversized_effect) ... ok
test_thinking_secret_rejected_before_first_persistence (tests.test_p17_boundaries.BoundaryTests.test_thinking_secret_rejected_before_first_persistence) ... ok
test_alternative_new_confirmation_and_no_old_dispatch (tests.test_p17_execution.ExecutionTests.test_alternative_new_confirmation_and_no_old_dispatch) ... ok
test_cancel_pending_idempotent_and_no_dispatch (tests.test_p17_execution.ExecutionTests.test_cancel_pending_idempotent_and_no_dispatch) ... ok
test_compensation_failure_preserves_original_fact (tests.test_p17_execution.ExecutionTests.test_compensation_failure_preserves_original_fact) ... ok
test_compensation_is_separate_receipted_action (tests.test_p17_execution.ExecutionTests.test_compensation_is_separate_receipted_action) ... ok
test_compensation_requires_matching_original_receipt (tests.test_p17_execution.ExecutionTests.test_compensation_requires_matching_original_receipt) ... ok
test_compensation_unknown_preserves_original_fact (tests.test_p17_execution.ExecutionTests.test_compensation_unknown_preserves_original_fact) ... ok
test_compensation_without_link_cannot_execute (tests.test_p17_execution.ExecutionTests.test_compensation_without_link_cannot_execute) ... ok
test_completed_cannot_be_cancelled_or_replaced (tests.test_p17_execution.ExecutionTests.test_completed_cannot_be_cancelled_or_replaced) ... ok
test_direct_c1_produces_one_effect_and_replays (tests.test_p17_execution.ExecutionTests.test_direct_c1_produces_one_effect_and_replays) ... ok
test_execution_does_not_directly_write_subject (tests.test_p17_execution.ExecutionTests.test_execution_does_not_directly_write_subject) ... ok
test_golden_real_three_process_restart_and_absorption (tests.test_p17_execution.ExecutionTests.test_golden_real_three_process_restart_and_absorption) ... ok
test_planner_c1_executes_both_dependencies (tests.test_p17_execution.ExecutionTests.test_planner_c1_executes_both_dependencies) ... ok
test_real_recovery_unavailable_zero_world_write (tests.test_p17_execution.ExecutionTests.test_real_recovery_unavailable_zero_world_write) ... ok
test_receipts_once_and_single_e5a_channel (tests.test_p17_execution.ExecutionTests.test_receipts_once_and_single_e5a_channel) ... ok
test_research_result_never_default_main_memory_or_state (tests.test_p17_execution.ExecutionTests.test_research_result_never_default_main_memory_or_state) ... ok
test_research_unavailable_has_no_real_fallback (tests.test_p17_execution.ExecutionTests.test_research_unavailable_has_no_real_fallback) ... ok
test_result_absorbed_via_next_thinking_action_evolution (tests.test_p17_execution.ExecutionTests.test_result_absorbed_via_next_thinking_action_evolution) ... ok
test_unknown_forbids_alternative_or_fake_cancellation (tests.test_p17_execution.ExecutionTests.test_unknown_forbids_alternative_or_fake_cancellation) ... ok
test_wait_information_and_retry_are_auditable_not_dispatch (tests.test_p17_execution.ExecutionTests.test_wait_information_and_retry_are_auditable_not_dispatch) ... ok
test_atomic_write_failure_precedes_world_effect (tests.test_p17_recovery.RecoveryTests.test_atomic_write_failure_precedes_world_effect) ... ok
test_bounded_retries_after_explicit_not_executed (tests.test_p17_recovery.RecoveryTests.test_bounded_retries_after_explicit_not_executed) ... ok
test_cancel_after_unknown_with_actual_success_returns_completed (tests.test_p17_recovery.RecoveryTests.test_cancel_after_unknown_with_actual_success_returns_completed) ... ok
test_cancel_dispatch_race_respects_observed_fact (tests.test_p17_recovery.RecoveryTests.test_cancel_dispatch_race_respects_observed_fact) ... ok
test_cancel_survives_missing_delivery_index_without_redispatch (tests.test_p17_recovery.RecoveryTests.test_cancel_survives_missing_delivery_index_without_redispatch) ... ok
test_compensation_crash_after_effect_recovers_without_duplicate (tests.test_p17_recovery.RecoveryTests.test_compensation_crash_after_effect_recovers_without_duplicate) ... ok
test_completed_fact_replay_after_choice_expiry_has_no_dispatch (tests.test_p17_recovery.RecoveryTests.test_completed_fact_replay_after_choice_expiry_has_no_dispatch) ... ok
test_corrupt_outbox_rejected_without_repair (tests.test_p17_recovery.RecoveryTests.test_corrupt_outbox_rejected_without_repair) ... ok
test_crash_after_effect_recovers_after_revocation (tests.test_p17_recovery.RecoveryTests.test_crash_after_effect_recovers_after_revocation) ... ok
test_crash_before_world_can_resume_only_with_current_gates (tests.test_p17_recovery.RecoveryTests.test_crash_before_world_can_resume_only_with_current_gates) ... ok
test_delivery_checkpoint_loss_never_skips_receipt_verification (tests.test_p17_recovery.RecoveryTests.test_delivery_checkpoint_loss_never_skips_receipt_verification) ... ok
test_lost_response_queries_before_retry_no_second_effect (tests.test_p17_recovery.RecoveryTests.test_lost_response_queries_before_retry_no_second_effect) ... ok
test_receipt_conflict_fails_closed_on_replay (tests.test_p17_recovery.RecoveryTests.test_receipt_conflict_fails_closed_on_replay) ... ok
test_rehashed_wrong_request_binding_rejected (tests.test_p17_recovery.RecoveryTests.test_rehashed_wrong_request_binding_rejected) ... ok
test_same_identity_different_world_target_hash_rejected (tests.test_p17_recovery.RecoveryTests.test_same_identity_different_world_target_hash_rejected) ... ok
test_two_real_process_workers_use_same_dispatch_identity (tests.test_p17_recovery.RecoveryTests.test_two_real_process_workers_use_same_dispatch_identity) ... ok
test_two_workers_compete_without_duplicate_effect_or_credit (tests.test_p17_recovery.RecoveryTests.test_two_workers_compete_without_duplicate_effect_or_credit) ... ok
test_unknown_and_untyped_nonexecution_never_dispatch (tests.test_p17_recovery.RecoveryTests.test_unknown_and_untyped_nonexecution_never_dispatch) ... ok
test_archived_subject_keeps_control_and_cannot_resume_as_runtime (tests.test_p18_runtime.RuntimeControlTests.test_archived_subject_keeps_control_and_cannot_resume_as_runtime) ... ok
test_backpressure_retains_need_and_reports_deferral (tests.test_p18_runtime.RuntimeControlTests.test_backpressure_retains_need_and_reports_deferral) ... ok
test_canceled_pending_work_is_not_revived_by_budget (tests.test_p18_runtime.RuntimeControlTests.test_canceled_pending_work_is_not_revived_by_budget) ... ok
test_clock_regression_then_recovery_is_not_negative_elapsed (tests.test_p18_runtime.RuntimeControlTests.test_clock_regression_then_recovery_is_not_negative_elapsed) ... ok
test_contact_budget_upper_bound_preserves_host_and_receipts (tests.test_p18_runtime.RuntimeControlTests.test_contact_budget_upper_bound_preserves_host_and_receipts) ... ok
test_contact_window_and_frequency_are_explicit_test_constraints (tests.test_p18_runtime.RuntimeControlTests.test_contact_window_and_frequency_are_explicit_test_constraints) ... ok
test_control_identity_conflict_retains_first_decision (tests.test_p18_runtime.RuntimeControlTests.test_control_identity_conflict_retains_first_decision) ... ok
test_explicit_stop_cannot_be_resumed (tests.test_p18_runtime.RuntimeControlTests.test_explicit_stop_cannot_be_resumed) ... ok
test_idle_tick_does_not_stop_host_or_invoke_provider (tests.test_p18_runtime.RuntimeControlTests.test_idle_tick_does_not_stop_host_or_invoke_provider) ... ok
test_invalid_resource_scan_limit_refuses_without_writes (tests.test_p18_runtime.RuntimeControlTests.test_invalid_resource_scan_limit_refuses_without_writes) ... ok
test_later_maintenance_with_provider_unavailable (tests.test_p18_runtime.RuntimeControlTests.test_later_maintenance_with_provider_unavailable) ... ok
test_later_maintenance_with_zero_model_quota (tests.test_p18_runtime.RuntimeControlTests.test_later_maintenance_with_zero_model_quota) ... ok
test_local_maintenance_runs_while_model_is_unavailable (tests.test_p18_runtime.RuntimeControlTests.test_local_maintenance_runs_while_model_is_unavailable) ... ok
test_long_clock_gap_coalesces_no_catchup_loop (tests.test_p18_runtime.RuntimeControlTests.test_long_clock_gap_coalesces_no_catchup_loop) ... ok
test_material_boundary_still_accepts_ordinary_psychological_content (tests.test_p18_runtime.RuntimeControlTests.test_material_boundary_still_accepts_ordinary_psychological_content) ... ok
test_native_contact_expression_execution_and_next_context (tests.test_p18_runtime.RuntimeControlTests.test_native_contact_expression_execution_and_next_context) ... ok
test_owner_identity_and_revision_rejection_has_zero_writes (tests.test_p18_runtime.RuntimeControlTests.test_owner_identity_and_revision_rejection_has_zero_writes) ... ok
test_owner_pause_resume_stop_and_duplicate_controls (tests.test_p18_runtime.RuntimeControlTests.test_owner_pause_resume_stop_and_duplicate_controls) ... ok
test_pause_after_selection_prevents_wake_and_allocation (tests.test_p18_runtime.RuntimeControlTests.test_pause_after_selection_prevents_wake_and_allocation) ... ok
test_pause_after_wake_resources_prevents_provider_and_effect (tests.test_p18_runtime.RuntimeControlTests.test_pause_after_wake_resources_prevents_provider_and_effect) ... ok
test_pause_during_world_capacity_prevents_effect_and_credits (tests.test_p18_runtime.RuntimeControlTests.test_pause_during_world_capacity_prevents_effect_and_credits) ... {"stage": "native-exception-before-cleanup", "task_id": "cognition:2338f2baf622bd09e497ab9c3e82a2572d30f6ae451bb962b19725de1130c305", "attempt_id": "p11-attempt-17c731226de7db24173fcb4ed08836c5a58b905d0ba03fe14c619ad188d9de32", "chain": [{"frames": [{"file": "testing/p18_runtime_fixture.py", "line": 140, "function": "diagnosed_continue"}, {"file": "services/runtime_cognition.py", "line": 242, "function": "_continue"}, {"file": "services/wake_perception_thinking_action_service.py", "line": 90, "function": "wake_manual"}, {"file": "services/wake_perception_thinking_action_service.py", "line": 128, "function": "_continue"}, {"file": "services/wake_perception_thinking_action_service.py", "line": 348, "function": "_continue_mind"}, {"file": "services/runtime_cognition.py", "line": 91, "function": "_native_guard"}, {"file": "services/persistent_runtime_service.py", "line": 130, "function": "guard"}], "code": "TEST_NATIVE_EXCEPTION"}], "systemChain": [{"type": "ENGINE_EXCEPTION", "operation": "other", "frames": [{"file": "testing/p18_runtime_fixture.py", "line": 140, "function": "diagnosed_continue"}, {"file": "services/runtime_cognition.py", "line": 242, "function": "_continue"}, {"file": "services/wake_perception_thinking_action_service.py", "line": 90, "function": "wake_manual"}, {"file": "services/wake_perception_thinking_action_service.py", "line": 128, "function": "_continue"}, {"file": "services/wake_perception_thinking_action_service.py", "line": 348, "function": "_continue_mind"}, {"file": "services/runtime_cognition.py", "line": 91, "function": "_native_guard"}, {"file": "services/persistent_runtime_service.py", "line": 130, "function": "guard"}], "errno": null, "winerror": null}], "stateWriteLockOwnedAfterUnwind": false}
ok
test_pause_immediately_before_provider_blocks_call (tests.test_p18_runtime.RuntimeControlTests.test_pause_immediately_before_provider_blocks_call) ... {"stage": "native-exception-before-cleanup", "task_id": "cognition:789aa258410e53e42c51827e39d993a1f5c19da32bd43ebcc1a70d11f43f9e1d", "attempt_id": "p11-attempt-a78529d8a9acd374edd034a7f21010a61675c3ba3dbb51d10148c917e58fef07", "chain": [{"frames": [{"file": "testing/p18_runtime_fixture.py", "line": 140, "function": "diagnosed_continue"}, {"file": "services/runtime_cognition.py", "line": 242, "function": "_continue"}, {"file": "services/wake_perception_thinking_action_service.py", "line": 90, "function": "wake_manual"}, {"file": "services/wake_perception_thinking_action_service.py", "line": 128, "function": "_continue"}, {"file": "services/wake_perception_thinking_action_service.py", "line": 229, "function": "_continue_mind"}, {"file": "services/thinking_service.py", "line": 190, "function": "handle_perception"}, {"file": "services/thinking_service.py", "line": 232, "function": "_run_provider"}, {"file": "services/wake_perception_thinking_action_service.py", "line": 225, "function": "initial_guard"}, {"file": "services/runtime_cognition.py", "line": 91, "function": "_native_guard"}, {"file": "services/persistent_runtime_service.py", "line": 130, "function": "guard"}], "code": "TEST_NATIVE_EXCEPTION"}], "systemChain": [{"type": "ENGINE_EXCEPTION", "operation": "other", "frames": [{"file": "testing/p18_runtime_fixture.py", "line": 140, "function": "diagnosed_continue"}, {"file": "services/runtime_cognition.py", "line": 242, "function": "_continue"}, {"file": "services/wake_perception_thinking_action_service.py", "line": 90, "function": "wake_manual"}, {"file": "services/wake_perception_thinking_action_service.py", "line": 128, "function": "_continue"}, {"file": "services/wake_perception_thinking_action_service.py", "line": 229, "function": "_continue_mind"}, {"file": "services/thinking_service.py", "line": 190, "function": "handle_perception"}, {"file": "services/thinking_service.py", "line": 232, "function": "_run_provider"}, {"file": "services/wake_perception_thinking_action_service.py", "line": 225, "function": "initial_guard"}, {"file": "services/runtime_cognition.py", "line": 91, "function": "_native_guard"}, {"file": "services/persistent_runtime_service.py", "line": 130, "function": "guard"}], "errno": null, "winerror": null}], "stateWriteLockOwnedAfterUnwind": false}
ok
test_proven_not_delivered_retries_are_bounded (tests.test_p18_runtime.RuntimeControlTests.test_proven_not_delivered_retries_are_bounded) ... ok
test_provider_failure_is_safe_unknown_with_bounded_queries (tests.test_p18_runtime.RuntimeControlTests.test_provider_failure_is_safe_unknown_with_bounded_queries) ... {"stage": "native-exception-before-cleanup", "task_id": "cognition:77f287fb3cf0a21cae3e2073e19107ed2efcf4026499c0096455ed3cbe45bbf5", "attempt_id": "p11-attempt-d1fe0f55cd379644f55820c5feffa12cff79c9a9f8fc4936974842c8de3d1f73", "chain": [{"frames": [{"file": "testing/p18_runtime_fixture.py", "line": 140, "function": "diagnosed_continue"}, {"file": "services/runtime_cognition.py", "line": 242, "function": "_continue"}, {"file": "services/wake_perception_thinking_action_service.py", "line": 90, "function": "wake_manual"}, {"file": "services/wake_perception_thinking_action_service.py", "line": 128, "function": "_continue"}, {"file": "services/wake_perception_thinking_action_service.py", "line": 229, "function": "_continue_mind"}, {"file": "services/thinking_service.py", "line": 190, "function": "handle_perception"}, {"file": "services/thinking_service.py", "line": 295, "function": "_run_provider"}], "code": "TEST_NATIVE_EXCEPTION"}, {"frames": [{"file": "services/thinking_service.py", "line": 237, "function": "_run_provider"}, {"file": "services/runtime_cognition.py", "line": 53, "function": "think"}], "code": "TEST_NATIVE_EXCEPTION"}], "systemChain": [{"type": "ENGINE_EXCEPTION", "operation": "other", "frames": [{"file": "testing/p18_runtime_fixture.py", "line": 140, "function": "diagnosed_continue"}, {"file": "services/runtime_cognition.py", "line": 242, "function": "_continue"}, {"file": "services/wake_perception_thinking_action_service.py", "line": 90, "function": "wake_manual"}, {"file": "services/wake_perception_thinking_action_service.py", "line": 128, "function": "_continue"}, {"file": "services/wake_perception_thinking_action_service.py", "line": 229, "function": "_continue_mind"}, {"file": "services/thinking_service.py", "line": 190, "function": "handle_perception"}, {"file": "services/thinking_service.py", "line": 295, "function": "_run_provider"}], "errno": null, "winerror": null}, {"type": "ENGINE_EXCEPTION", "operation": "other", "frames": [{"file": "services/thinking_service.py", "line": 237, "function": "_run_provider"}, {"file": "services/runtime_cognition.py", "line": 53, "function": "think"}], "errno": null, "winerror": null}], "stateWriteLockOwnedAfterUnwind": false}
ok
test_resource_deferral_does_not_consume_scheduler_attempts (tests.test_p18_runtime.RuntimeControlTests.test_resource_deferral_does_not_consume_scheduler_attempts) ... ok
test_resource_scan_is_opt_in_and_budget_restore_remains_legal (tests.test_p18_runtime.RuntimeControlTests.test_resource_scan_is_opt_in_and_budget_restore_remains_legal) ... ok
test_same_time_duplicate_ticks_do_not_repeat_calls_or_state (tests.test_p18_runtime.RuntimeControlTests.test_same_time_duplicate_ticks_do_not_repeat_calls_or_state) ... ok
test_subject_suspension_stays_paused_after_resource_restore (tests.test_p18_runtime.RuntimeControlTests.test_subject_suspension_stays_paused_after_resource_restore) ... ok
test_test_root_rejects_repository_and_uppercase_formal_paths_before_write (tests.test_p18_runtime.RuntimeControlTests.test_test_root_rejects_repository_and_uppercase_formal_paths_before_write) ... ok
test_unconfigured_delivery_policy_refuses_effect_not_cognition (tests.test_p18_runtime.RuntimeControlTests.test_unconfigured_delivery_policy_refuses_effect_not_cognition) ... ok
test_without_messages_native_c1_updates_same_subject (tests.test_p18_runtime.RuntimeControlTests.test_without_messages_native_c1_updates_same_subject) ... ok
test_zero_budget_waits_then_resumes_without_message (tests.test_p18_runtime.RuntimeControlTests.test_zero_budget_waits_then_resumes_without_message) ... ok
test_actual_fact_can_recover_when_context_has_expired (tests.test_p18_runtime_recovery.RuntimeRecoveryTests.test_actual_fact_can_recover_when_context_has_expired) ... {"stage": "native-exception-before-cleanup", "task_id": "cognition:915fa5584af509c4438ad4fb25414cc22ed144de09c0fb4f61c48dbeb6280e37", "attempt_id": "p11-attempt-e5028a28a84784da7638bc132ed0aee3c1a9996b1ea668dbb86b7a5a36d4a85b", "chain": [{"frames": [{"file": "testing/p18_runtime_fixture.py", "line": 140, "function": "diagnosed_continue"}, {"file": "services/runtime_cognition.py", "line": 242, "function": "_continue"}, {"file": "services/wake_perception_thinking_action_service.py", "line": 90, "function": "wake_manual"}, {"file": "services/wake_perception_thinking_action_service.py", "line": 128, "function": "_continue"}, {"file": "services/wake_perception_thinking_action_service.py", "line": 359, "function": "_continue_mind"}, {"file": "services/runtime_cognition.py", "line": 84, "function": "<lambda>"}, {"file": "testing/p18_runtime_fixture.py", "line": 126, "function": "<lambda>"}], "code": "TEST_NATIVE_EXCEPTION"}], "systemChain": [{"type": "ENGINE_EXCEPTION", "operation": "other", "frames": [{"file": "testing/p18_runtime_fixture.py", "line": 140, "function": "diagnosed_continue"}, {"file": "services/runtime_cognition.py", "line": 242, "function": "_continue"}, {"file": "services/wake_perception_thinking_action_service.py", "line": 90, "function": "wake_manual"}, {"file": "services/wake_perception_thinking_action_service.py", "line": 128, "function": "_continue"}, {"file": "services/wake_perception_thinking_action_service.py", "line": 359, "function": "_continue_mind"}, {"file": "services/runtime_cognition.py", "line": 84, "function": "<lambda>"}, {"file": "testing/p18_runtime_fixture.py", "line": 126, "function": "<lambda>"}], "errno": null, "winerror": null}], "stateWriteLockOwnedAfterUnwind": false}
ok
test_advancing_clock_silence_and_lifecycle_share_the_same_time_port (tests.test_p18_runtime_recovery.RuntimeRecoveryTests.test_advancing_clock_silence_and_lifecycle_share_the_same_time_port) ... ok
test_after_action_checkpoint_restarts_without_duplicate_action (tests.test_p18_runtime_recovery.RuntimeRecoveryTests.test_after_action_checkpoint_restarts_without_duplicate_action) ... {"stage": "native-exception-before-cleanup", "task_id": "cognition:2e48f0e3e635166078a7b9cb767023d5be22d93b555d02e91d4b06189f402b00", "attempt_id": "p11-attempt-d24d6bd9cbbfd2bd47a77acad169463e48084995b7fad7cbc997a0ea66c0cdd4", "chain": [{"frames": [{"file": "testing/p18_runtime_fixture.py", "line": 140, "function": "diagnosed_continue"}, {"file": "services/runtime_cognition.py", "line": 242, "function": "_continue"}, {"file": "services/wake_perception_thinking_action_service.py", "line": 90, "function": "wake_manual"}, {"file": "services/wake_perception_thinking_action_service.py", "line": 128, "function": "_continue"}, {"file": "services/wake_perception_thinking_action_service.py", "line": 327, "function": "_continue_mind"}, {"file": "services/runtime_cognition.py", "line": 84, "function": "<lambda>"}, {"file": "testing/p18_runtime_fixture.py", "line": 126, "function": "<lambda>"}], "code": "TEST_NATIVE_EXCEPTION"}], "systemChain": [{"type": "ENGINE_EXCEPTION", "operation": "other", "frames": [{"file": "testing/p18_runtime_fixture.py", "line": 140, "function": "diagnosed_continue"}, {"file": "services/runtime_cognition.py", "line": 242, "function": "_continue"}, {"file": "services/wake_perception_thinking_action_service.py", "line": 90, "function": "wake_manual"}, {"file": "services/wake_perception_thinking_action_service.py", "line": 128, "function": "_continue"}, {"file": "services/wake_perception_thinking_action_service.py", "line": 327, "function": "_continue_mind"}, {"file": "services/runtime_cognition.py", "line": 84, "function": "<lambda>"}, {"file": "testing/p18_runtime_fixture.py", "line": 126, "function": "<lambda>"}], "errno": null, "winerror": null}], "stateWriteLockOwnedAfterUnwind": false}
ok
test_after_effect_restarts_without_duplicate_effect (tests.test_p18_runtime_recovery.RuntimeRecoveryTests.test_after_effect_restarts_without_duplicate_effect) ... {"stage": "native-exception-before-cleanup", "task_id": "cognition:f77c860c68eb53902c8089b4c184ba171858bdb2129424be3cbd72e082875e6d", "attempt_id": "p11-attempt-692b20d585cdbaacedc1e9c4cfe963be16c8e4b8a203f2598ef40128a71e3f6b", "chain": [{"frames": [{"file": "testing/p18_runtime_fixture.py", "line": 140, "function": "diagnosed_continue"}, {"file": "services/runtime_cognition.py", "line": 242, "function": "_continue"}, {"file": "services/wake_perception_thinking_action_service.py", "line": 90, "function": "wake_manual"}, {"file": "services/wake_perception_thinking_action_service.py", "line": 128, "function": "_continue"}, {"file": "services/wake_perception_thinking_action_service.py", "line": 333, "function": "_continue_mind"}, {"file": "services/runtime_cognition.py", "line": 84, "function": "<lambda>"}, {"file": "testing/p18_runtime_fixture.py", "line": 126, "function": "<lambda>"}], "code": "TEST_NATIVE_EXCEPTION"}], "systemChain": [{"type": "ENGINE_EXCEPTION", "operation": "other", "frames": [{"file": "testing/p18_runtime_fixture.py", "line": 140, "function": "diagnosed_continue"}, {"file": "services/runtime_cognition.py", "line": 242, "function": "_continue"}, {"file": "services/wake_perception_thinking_action_service.py", "line": 90, "function": "wake_manual"}, {"file": "services/wake_perception_thinking_action_service.py", "line": 128, "function": "_continue"}, {"file": "services/wake_perception_thinking_action_service.py", "line": 333, "function": "_continue_mind"}, {"file": "services/runtime_cognition.py", "line": 84, "function": "<lambda>"}, {"file": "testing/p18_runtime_fixture.py", "line": 126, "function": "<lambda>"}], "errno": null, "winerror": null}], "stateWriteLockOwnedAfterUnwind": false}
ok
test_after_evolution_restarts_without_duplicate_revision (tests.test_p18_runtime_recovery.RuntimeRecoveryTests.test_after_evolution_restarts_without_duplicate_revision) ... {"stage": "native-exception-before-cleanup", "task_id": "cognition:8ce58118b1764b677ca25063ae0ddc125148d05fc514feb7000c8eb5d4519919", "attempt_id": "p11-attempt-b8dab46a7554877fe656d449a5b24476eb88b07f32bd976ad3b1b19d8a3527a2", "chain": [{"frames": [{"file": "testing/p18_runtime_fixture.py", "line": 140, "function": "diagnosed_continue"}, {"file": "services/runtime_cognition.py", "line": 242, "function": "_continue"}, {"file": "services/wake_perception_thinking_action_service.py", "line": 90, "function": "wake_manual"}, {"file": "services/wake_perception_thinking_action_service.py", "line": 128, "function": "_continue"}, {"file": "services/wake_perception_thinking_action_service.py", "line": 359, "function": "_continue_mind"}, {"file": "services/runtime_cognition.py", "line": 84, "function": "<lambda>"}, {"file": "testing/p18_runtime_fixture.py", "line": 126, "function": "<lambda>"}], "code": "TEST_NATIVE_EXCEPTION"}], "systemChain": [{"type": "ENGINE_EXCEPTION", "operation": "other", "frames": [{"file": "testing/p18_runtime_fixture.py", "line": 140, "function": "diagnosed_continue"}, {"file": "services/runtime_cognition.py", "line": 242, "function": "_continue"}, {"file": "services/wake_perception_thinking_action_service.py", "line": 90, "function": "wake_manual"}, {"file": "services/wake_perception_thinking_action_service.py", "line": 128, "function": "_continue"}, {"file": "services/wake_perception_thinking_action_service.py", "line": 359, "function": "_continue_mind"}, {"file": "services/runtime_cognition.py", "line": 84, "function": "<lambda>"}, {"file": "testing/p18_runtime_fixture.py", "line": 126, "function": "<lambda>"}], "errno": null, "winerror": null}], "stateWriteLockOwnedAfterUnwind": false}
ok
test_after_queue_completion_restarts_without_duplicate_work (tests.test_p18_runtime_recovery.RuntimeRecoveryTests.test_after_queue_completion_restarts_without_duplicate_work) ... ok
test_after_thinking_restarts_without_second_model_call (tests.test_p18_runtime_recovery.RuntimeRecoveryTests.test_after_thinking_restarts_without_second_model_call) ... {"stage": "native-exception-before-cleanup", "task_id": "cognition:a6474630637f2f71f6e0e53b2d4f7be2dcedcd8626a62a58cada11b221de2314", "attempt_id": "p11-attempt-795ef2b8c9f755518497651a1933a3064d117a6a4a457770e29d9410cdee358f", "chain": [{"frames": [{"file": "testing/p18_runtime_fixture.py", "line": 140, "function": "diagnosed_continue"}, {"file": "services/runtime_cognition.py", "line": 242, "function": "_continue"}, {"file": "services/wake_perception_thinking_action_service.py", "line": 90, "function": "wake_manual"}, {"file": "services/wake_perception_thinking_action_service.py", "line": 128, "function": "_continue"}, {"file": "services/wake_perception_thinking_action_service.py", "line": 236, "function": "_continue_mind"}, {"file": "services/runtime_cognition.py", "line": 84, "function": "<lambda>"}, {"file": "testing/p18_runtime_fixture.py", "line": 126, "function": "<lambda>"}], "code": "TEST_NATIVE_EXCEPTION"}], "systemChain": [{"type": "ENGINE_EXCEPTION", "operation": "other", "frames": [{"file": "testing/p18_runtime_fixture.py", "line": 140, "function": "diagnosed_continue"}, {"file": "services/runtime_cognition.py", "line": 242, "function": "_continue"}, {"file": "services/wake_perception_thinking_action_service.py", "line": 90, "function": "wake_manual"}, {"file": "services/wake_perception_thinking_action_service.py", "line": 128, "function": "_continue"}, {"file": "services/wake_perception_thinking_action_service.py", "line": 236, "function": "_continue_mind"}, {"file": "services/runtime_cognition.py", "line": 84, "function": "<lambda>"}, {"file": "testing/p18_runtime_fixture.py", "line": 126, "function": "<lambda>"}], "errno": null, "winerror": null}], "stateWriteLockOwnedAfterUnwind": false}
ok
test_before_receipt_reconciles_original_evolution_and_effect (tests.test_p18_runtime_recovery.RuntimeRecoveryTests.test_before_receipt_reconciles_original_evolution_and_effect) ... {"stage": "native-exception-before-cleanup", "task_id": "cognition:2d610823f01701c1efb0fd0d32d025072c2a45f039273d2e3fdf8fcc5cd9c187", "attempt_id": "p11-attempt-bf787e436360725bfbe04b436a86f1151ba0d1bfcbba87debc30429598b65235", "chain": [{"frames": [{"file": "testing/p18_runtime_fixture.py", "line": 140, "function": "diagnosed_continue"}, {"file": "services/runtime_cognition.py", "line": 249, "function": "_continue"}, {"file": "testing/p18_runtime_fixture.py", "line": 126, "function": "<lambda>"}], "code": "TEST_NATIVE_EXCEPTION"}], "systemChain": [{"type": "ENGINE_EXCEPTION", "operation": "other", "frames": [{"file": "testing/p18_runtime_fixture.py", "line": 140, "function": "diagnosed_continue"}, {"file": "services/runtime_cognition.py", "line": 249, "function": "_continue"}, {"file": "testing/p18_runtime_fixture.py", "line": 126, "function": "<lambda>"}], "errno": null, "winerror": null}], "stateWriteLockOwnedAfterUnwind": false}
ok
test_budget_is_not_reset_on_reopen (tests.test_p18_runtime_recovery.RuntimeRecoveryTests.test_budget_is_not_reset_on_reopen) ... ok
test_cancel_uncommitted_cognition_does_not_create_new_effect_on_query (tests.test_p18_runtime_recovery.RuntimeRecoveryTests.test_cancel_uncommitted_cognition_does_not_create_new_effect_on_query) ... {"stage": "native-exception-before-cleanup", "task_id": "cognition:a1235b55a9ccf1761fffe6089fa3891fe5eae439ac0860592735e1517db53837", "attempt_id": "p11-attempt-b509e92df1fd663b9bd40395206b71a3de1e11b78a27e71d1ed0bba963c7eece", "chain": [{"frames": [{"file": "testing/p18_runtime_fixture.py", "line": 140, "function": "diagnosed_continue"}, {"file": "services/runtime_cognition.py", "line": 242, "function": "_continue"}, {"file": "services/wake_perception_thinking_action_service.py", "line": 90, "function": "wake_manual"}, {"file": "services/wake_perception_thinking_action_service.py", "line": 128, "function": "_continue"}, {"file": "services/wake_perception_thinking_action_service.py", "line": 236, "function": "_continue_mind"}, {"file": "services/runtime_cognition.py", "line": 84, "function": "<lambda>"}, {"file": "testing/p18_runtime_fixture.py", "line": 126, "function": "<lambda>"}], "code": "TEST_NATIVE_EXCEPTION"}], "systemChain": [{"type": "ENGINE_EXCEPTION", "operation": "other", "frames": [{"file": "testing/p18_runtime_fixture.py", "line": 140, "function": "diagnosed_continue"}, {"file": "services/runtime_cognition.py", "line": 242, "function": "_continue"}, {"file": "services/wake_perception_thinking_action_service.py", "line": 90, "function": "wake_manual"}, {"file": "services/wake_perception_thinking_action_service.py", "line": 128, "function": "_continue"}, {"file": "services/wake_perception_thinking_action_service.py", "line": 236, "function": "_continue_mind"}, {"file": "services/runtime_cognition.py", "line": 84, "function": "<lambda>"}, {"file": "testing/p18_runtime_fixture.py", "line": 126, "function": "<lambda>"}], "errno": null, "winerror": null}], "stateWriteLockOwnedAfterUnwind": false}
ok
test_control_opaque_identity_is_digest_only_in_storage_and_query (tests.test_p18_runtime_recovery.RuntimeRecoveryTests.test_control_opaque_identity_is_digest_only_in_storage_and_query) ... ok
test_corrupt_checkpoint_refuses_start_without_changes (tests.test_p18_runtime_recovery.RuntimeRecoveryTests.test_corrupt_checkpoint_refuses_start_without_changes) ... ok
test_cross_environment_checkpoint_rejected_without_effect (tests.test_p18_runtime_recovery.RuntimeRecoveryTests.test_cross_environment_checkpoint_rejected_without_effect) ... ok
test_later_pause_after_stop_rejects_without_writes (tests.test_p18_runtime_recovery.RuntimeRecoveryTests.test_later_pause_after_stop_rejects_without_writes) ... ok
test_later_stop_identity_is_read_only_and_remains_queryable (tests.test_p18_runtime_recovery.RuntimeRecoveryTests.test_later_stop_identity_is_read_only_and_remains_queryable) ... ok
test_maintenance_query_requires_real_source_and_memory_fact (tests.test_p18_runtime_recovery.RuntimeRecoveryTests.test_maintenance_query_requires_real_source_and_memory_fact) ... ok
test_missing_host_checkpoint_does_not_reinitialize_stopped_subject (tests.test_p18_runtime_recovery.RuntimeRecoveryTests.test_missing_host_checkpoint_does_not_reinitialize_stopped_subject) ... ok
test_old_context_cannot_authorize_new_effect_after_crash (tests.test_p18_runtime_recovery.RuntimeRecoveryTests.test_old_context_cannot_authorize_new_effect_after_crash) ... {"stage": "native-exception-before-cleanup", "task_id": "cognition:91e5d218cb9472dc78e3b26be5a82c53d53e740382ec918820ab5550aaca15d8", "attempt_id": "p11-attempt-be3b604275a39db3f93d7740f250a6ffb57a689f7cd448c779f90899dc4e9011", "chain": [{"frames": [{"file": "testing/p18_runtime_fixture.py", "line": 140, "function": "diagnosed_continue"}, {"file": "services/runtime_cognition.py", "line": 242, "function": "_continue"}, {"file": "services/wake_perception_thinking_action_service.py", "line": 90, "function": "wake_manual"}, {"file": "services/wake_perception_thinking_action_service.py", "line": 128, "function": "_continue"}, {"file": "services/wake_perception_thinking_action_service.py", "line": 236, "function": "_continue_mind"}, {"file": "services/runtime_cognition.py", "line": 84, "function": "<lambda>"}, {"file": "testing/p18_runtime_fixture.py", "line": 126, "function": "<lambda>"}], "code": "TEST_NATIVE_EXCEPTION"}], "systemChain": [{"type": "ENGINE_EXCEPTION", "operation": "other", "frames": [{"file": "testing/p18_runtime_fixture.py", "line": 140, "function": "diagnosed_continue"}, {"file": "services/runtime_cognition.py", "line": 242, "function": "_continue"}, {"file": "services/wake_perception_thinking_action_service.py", "line": 90, "function": "wake_manual"}, {"file": "services/wake_perception_thinking_action_service.py", "line": 128, "function": "_continue"}, {"file": "services/wake_perception_thinking_action_service.py", "line": 236, "function": "_continue_mind"}, {"file": "services/runtime_cognition.py", "line": 84, "function": "<lambda>"}, {"file": "testing/p18_runtime_fixture.py", "line": 126, "function": "<lambda>"}], "errno": null, "winerror": null}], "stateWriteLockOwnedAfterUnwind": false}
{"stage": "native-exception-before-cleanup", "task_id": "cognition:91e5d218cb9472dc78e3b26be5a82c53d53e740382ec918820ab5550aaca15d8", "attempt_id": "p11-attempt-be3b604275a39db3f93d7740f250a6ffb57a689f7cd448c779f90899dc4e9011", "chain": [{"frames": [{"file": "testing/p18_runtime_fixture.py", "line": 140, "function": "diagnosed_continue"}, {"file": "services/runtime_cognition.py", "line": 242, "function": "_continue"}, {"file": "services/wake_perception_thinking_action_service.py", "line": 90, "function": "wake_manual"}, {"file": "services/wake_perception_thinking_action_service.py", "line": 128, "function": "_continue"}, {"file": "services/wake_perception_thinking_action_service.py", "line": 324, "function": "_continue_mind"}, {"file": "services/continuity_core_service.py", "line": 414, "function": "before_thinking"}], "code": "TEST_NATIVE_EXCEPTION"}], "systemChain": [{"type": "ENGINE_EXCEPTION", "operation": "other", "frames": [{"file": "testing/p18_runtime_fixture.py", "line": 140, "function": "diagnosed_continue"}, {"file": "services/runtime_cognition.py", "line": 242, "function": "_continue"}, {"file": "services/wake_perception_thinking_action_service.py", "line": 90, "function": "wake_manual"}, {"file": "services/wake_perception_thinking_action_service.py", "line": 128, "function": "_continue"}, {"file": "services/wake_perception_thinking_action_service.py", "line": 324, "function": "_continue_mind"}, {"file": "services/continuity_core_service.py", "line": 414, "function": "before_thinking"}], "errno": null, "winerror": null}], "stateWriteLockOwnedAfterUnwind": false}
ok
test_old_owner_control_remains_idempotent_after_130_new_commands (tests.test_p18_runtime_recovery.RuntimeRecoveryTests.test_old_owner_control_remains_idempotent_after_130_new_commands) ... ok
test_receipt_conflict_cannot_reconcile_completed_native_fact (tests.test_p18_runtime_recovery.RuntimeRecoveryTests.test_receipt_conflict_cannot_reconcile_completed_native_fact) ... {"stage": "native-exception-before-cleanup", "task_id": "cognition:e5b1b162ecb7c38951c4829dc4f8729fd60377544321b208e6a0faf69664628f", "attempt_id": "p11-attempt-3500a6da6da951203931b646d829985d04114630cd045be7752d293ce91a430d", "chain": [{"frames": [{"file": "testing/p18_runtime_fixture.py", "line": 140, "function": "diagnosed_continue"}, {"file": "services/runtime_cognition.py", "line": 242, "function": "_continue"}, {"file": "services/wake_perception_thinking_action_service.py", "line": 90, "function": "wake_manual"}, {"file": "services/wake_perception_thinking_action_service.py", "line": 128, "function": "_continue"}, {"file": "services/wake_perception_thinking_action_service.py", "line": 359, "function": "_continue_mind"}, {"file": "services/runtime_cognition.py", "line": 84, "function": "<lambda>"}, {"file": "testing/p18_runtime_fixture.py", "line": 126, "function": "<lambda>"}], "code": "TEST_NATIVE_EXCEPTION"}], "systemChain": [{"type": "ENGINE_EXCEPTION", "operation": "other", "frames": [{"file": "testing/p18_runtime_fixture.py", "line": 140, "function": "diagnosed_continue"}, {"file": "services/runtime_cognition.py", "line": 242, "function": "_continue"}, {"file": "services/wake_perception_thinking_action_service.py", "line": 90, "function": "wake_manual"}, {"file": "services/wake_perception_thinking_action_service.py", "line": 128, "function": "_continue"}, {"file": "services/wake_perception_thinking_action_service.py", "line": 359, "function": "_continue_mind"}, {"file": "services/runtime_cognition.py", "line": 84, "function": "<lambda>"}, {"file": "testing/p18_runtime_fixture.py", "line": 126, "function": "<lambda>"}], "errno": null, "winerror": null}], "stateWriteLockOwnedAfterUnwind": false}
{"stage": "native-exception-before-cleanup", "task_id": "cognition:e5b1b162ecb7c38951c4829dc4f8729fd60377544321b208e6a0faf69664628f", "attempt_id": "p11-attempt-3500a6da6da951203931b646d829985d04114630cd045be7752d293ce91a430d", "chain": [{"frames": [{"file": "testing/p18_runtime_fixture.py", "line": 140, "function": "diagnosed_continue"}, {"file": "services/runtime_cognition.py", "line": 242, "function": "_continue"}, {"file": "services/wake_perception_thinking_action_service.py", "line": 90, "function": "wake_manual"}, {"file": "services/wake_perception_thinking_action_service.py", "line": 128, "function": "_continue"}, {"file": "services/wake_perception_thinking_action_service.py", "line": 320, "function": "_continue_mind"}, {"file": "services/wake_perception_thinking_action_service.py", "line": 274, "function": "dispatch"}, {"file": "services/continuity_core_service.py", "line": 481, "function": "after_action"}, {"file": "services/capability_coordination_service.py", "line": 78, "function": "action_attempts"}, {"file": "services/capability_coordination_service.py", "line": 98, "function": "_verify_action_result_evidence"}, {"file": "services/capability_coordination_service.py", "line": 109, "function": "_verify_action_receipt"}, {"file": "services/capability_coordination_service.py", "line": 88, "function": "_query_action_fact"}], "code": "TEST_NATIVE_EXCEPTION"}, {"frames": [{"file": "services/capability_coordination_service.py", "line": 86, "function": "_query_action_fact"}, {"file": "services/execution_service.py", "line": 20, "function": "query"}, {"file": "services/execution_service.py", "line": 164, "function": "query"}], "code": "TEST_NATIVE_EXCEPTION"}], "systemChain": [{"type": "ENGINE_EXCEPTION", "operation": "other", "frames": [{"file": "testing/p18_runtime_fixture.py", "line": 140, "function": "diagnosed_continue"}, {"file": "services/runtime_cognition.py", "line": 242, "function": "_continue"}, {"file": "services/wake_perception_thinking_action_service.py", "line": 90, "function": "wake_manual"}, {"file": "services/wake_perception_thinking_action_service.py", "line": 128, "function": "_continue"}, {"file": "services/wake_perception_thinking_action_service.py", "line": 320, "function": "_continue_mind"}, {"file": "services/wake_perception_thinking_action_service.py", "line": 274, "function": "dispatch"}, {"file": "services/continuity_core_service.py", "line": 481, "function": "after_action"}, {"file": "services/capability_coordination_service.py", "line": 78, "function": "action_attempts"}, {"file": "services/capability_coordination_service.py", "line": 98, "function": "_verify_action_result_evidence"}, {"file": "services/capability_coordination_service.py", "line": 109, "function": "_verify_action_receipt"}, {"file": "services/capability_coordination_service.py", "line": 88, "function": "_query_action_fact"}], "errno": null, "winerror": null}, {"type": "ENGINE_EXCEPTION", "operation": "other", "frames": [{"file": "services/capability_coordination_service.py", "line": 86, "function": "_query_action_fact"}, {"file": "services/execution_service.py", "line": 20, "function": "query"}, {"file": "services/execution_service.py", "line": 164, "function": "query"}], "errno": null, "winerror": null}], "stateWriteLockOwnedAfterUnwind": false}
ok
test_self_consistent_cross_subject_checkpoint_rejected (tests.test_p18_runtime_recovery.RuntimeRecoveryTests.test_self_consistent_cross_subject_checkpoint_rejected) ... ok
test_stale_owner_fence_and_second_host_rejected (tests.test_p18_runtime_recovery.RuntimeRecoveryTests.test_stale_owner_fence_and_second_host_rejected) ... ok
test_stop_after_crash_survives_reopen (tests.test_p18_runtime_recovery.RuntimeRecoveryTests.test_stop_after_crash_survives_reopen) ... ok
test_stop_history_cannot_be_overlaid_with_running_checkpoint (tests.test_p18_runtime_recovery.RuntimeRecoveryTests.test_stop_history_cannot_be_overlaid_with_running_checkpoint) ... ok
test_unknown_execution_never_replays_unverified_effect (tests.test_p18_runtime_recovery.RuntimeRecoveryTests.test_unknown_execution_never_replays_unverified_effect) ... ok
test_view_query_is_read_only_and_has_separate_resource_state (tests.test_p18_runtime_recovery.RuntimeRecoveryTests.test_view_query_is_read_only_and_has_separate_resource_state) ... ok
test_cancelled_pre_call_work_is_not_reassessed (tests.test_p18_runtime_resume.RuntimeResumeTests.test_cancelled_pre_call_work_is_not_reassessed) ... {"stage": "native-exception-before-cleanup", "task_id": "cognition:c396b55fdabe4aa489806d909def39778117f9dc1031e905bd1d41698fe1e201", "attempt_id": "p11-attempt-c5fc69f80abb66a7a99b6ea592725435c399d932f4336c54b423b98d81df8ada", "chain": [{"frames": [{"file": "testing/p18_runtime_fixture.py", "line": 140, "function": "diagnosed_continue"}, {"file": "services/runtime_cognition.py", "line": 242, "function": "_continue"}, {"file": "services/wake_perception_thinking_action_service.py", "line": 90, "function": "wake_manual"}, {"file": "services/wake_perception_thinking_action_service.py", "line": 128, "function": "_continue"}, {"file": "services/wake_perception_thinking_action_service.py", "line": 229, "function": "_continue_mind"}, {"file": "services/thinking_service.py", "line": 190, "function": "handle_perception"}, {"file": "services/thinking_service.py", "line": 232, "function": "_run_provider"}, {"file": "services/wake_perception_thinking_action_service.py", "line": 225, "function": "initial_guard"}, {"file": "services/runtime_cognition.py", "line": 91, "function": "_native_guard"}, {"file": "services/persistent_runtime_service.py", "line": 130, "function": "guard"}], "code": "TEST_NATIVE_EXCEPTION"}], "systemChain": [{"type": "ENGINE_EXCEPTION", "operation": "other", "frames": [{"file": "testing/p18_runtime_fixture.py", "line": 140, "function": "diagnosed_continue"}, {"file": "services/runtime_cognition.py", "line": 242, "function": "_continue"}, {"file": "services/wake_perception_thinking_action_service.py", "line": 90, "function": "wake_manual"}, {"file": "services/wake_perception_thinking_action_service.py", "line": 128, "function": "_continue"}, {"file": "services/wake_perception_thinking_action_service.py", "line": 229, "function": "_continue_mind"}, {"file": "services/thinking_service.py", "line": 190, "function": "handle_perception"}, {"file": "services/thinking_service.py", "line": 232, "function": "_run_provider"}, {"file": "services/wake_perception_thinking_action_service.py", "line": 225, "function": "initial_guard"}, {"file": "services/runtime_cognition.py", "line": 91, "function": "_native_guard"}, {"file": "services/persistent_runtime_service.py", "line": 130, "function": "guard"}], "errno": null, "winerror": null}], "stateWriteLockOwnedAfterUnwind": false}
ok
test_control_deferral_inside_budget_port_does_not_create_failed_session (tests.test_p18_runtime_resume.RuntimeResumeTests.test_control_deferral_inside_budget_port_does_not_create_failed_session) ... {"stage": "native-exception-before-cleanup", "task_id": "cognition:f514f96506381967bb13ee04bcec2697ec41b4626d5f1d80efaa681b15b80852", "attempt_id": "p11-attempt-5332928b569fb3d475d3b13c26c6188a556cc11fe85c903b0f73f5edce68da99", "chain": [{"frames": [{"file": "testing/p18_runtime_fixture.py", "line": 140, "function": "diagnosed_continue"}, {"file": "services/runtime_cognition.py", "line": 242, "function": "_continue"}, {"file": "services/wake_perception_thinking_action_service.py", "line": 90, "function": "wake_manual"}, {"file": "services/wake_perception_thinking_action_service.py", "line": 128, "function": "_continue"}, {"file": "services/wake_perception_thinking_action_service.py", "line": 229, "function": "_continue_mind"}, {"file": "services/thinking_service.py", "line": 100, "function": "handle_perception"}, {"file": "services/runtime_cognition.py", "line": 33, "function": "allocate"}, {"file": "services/runtime_cognition.py", "line": 86, "function": "<lambda>"}, {"file": "services/persistent_runtime_service.py", "line": 130, "function": "guard"}], "code": "TEST_NATIVE_EXCEPTION"}], "systemChain": [{"type": "ENGINE_EXCEPTION", "operation": "other", "frames": [{"file": "testing/p18_runtime_fixture.py", "line": 140, "function": "diagnosed_continue"}, {"file": "services/runtime_cognition.py", "line": 242, "function": "_continue"}, {"file": "services/wake_perception_thinking_action_service.py", "line": 90, "function": "wake_manual"}, {"file": "services/wake_perception_thinking_action_service.py", "line": 128, "function": "_continue"}, {"file": "services/wake_perception_thinking_action_service.py", "line": 229, "function": "_continue_mind"}, {"file": "services/thinking_service.py", "line": 100, "function": "handle_perception"}, {"file": "services/runtime_cognition.py", "line": 33, "function": "allocate"}, {"file": "services/runtime_cognition.py", "line": 86, "function": "<lambda>"}, {"file": "services/persistent_runtime_service.py", "line": 130, "function": "guard"}], "errno": null, "winerror": null}], "stateWriteLockOwnedAfterUnwind": false}
ok
test_crash_after_durable_entry_stays_unknown_even_if_call_not_observed (tests.test_p18_runtime_resume.RuntimeResumeTests.test_crash_after_durable_entry_stays_unknown_even_if_call_not_observed) ... {"stage": "native-exception-before-cleanup", "task_id": "cognition:8ad85fc02f8950648b231bfbc5d4198074e6021a77395d5381f09dc4c6ec861a", "attempt_id": "p11-attempt-0863e3b26d18abd937a2505504eb03761cfced56f68da6dff20a877b1fede7aa", "chain": [{"frames": [{"file": "testing/p18_runtime_fixture.py", "line": 140, "function": "diagnosed_continue"}, {"file": "services/runtime_cognition.py", "line": 242, "function": "_continue"}, {"file": "services/wake_perception_thinking_action_service.py", "line": 90, "function": "wake_manual"}, {"file": "services/wake_perception_thinking_action_service.py", "line": 128, "function": "_continue"}, {"file": "services/wake_perception_thinking_action_service.py", "line": 229, "function": "_continue_mind"}, {"file": "services/thinking_service.py", "line": 190, "function": "handle_perception"}, {"file": "services/thinking_service.py", "line": 236, "function": "_run_provider"}], "code": "TEST_NATIVE_EXCEPTION"}], "systemChain": [{"type": "ENGINE_EXCEPTION", "operation": "other", "frames": [{"file": "testing/p18_runtime_fixture.py", "line": 140, "function": "diagnosed_continue"}, {"file": "services/runtime_cognition.py", "line": 242, "function": "_continue"}, {"file": "services/wake_perception_thinking_action_service.py", "line": 90, "function": "wake_manual"}, {"file": "services/wake_perception_thinking_action_service.py", "line": 128, "function": "_continue"}, {"file": "services/wake_perception_thinking_action_service.py", "line": 229, "function": "_continue_mind"}, {"file": "services/thinking_service.py", "line": 190, "function": "handle_perception"}, {"file": "services/thinking_service.py", "line": 236, "function": "_run_provider"}], "errno": null, "winerror": null}], "stateWriteLockOwnedAfterUnwind": false}
ok
test_crash_with_only_prepared_evidence_resumes_without_replacing_input (tests.test_p18_runtime_resume.RuntimeResumeTests.test_crash_with_only_prepared_evidence_resumes_without_replacing_input) ... {"stage": "native-exception-before-cleanup", "task_id": "cognition:efc7b2b672bbe48b85bb7c114cb45667428448c7a6a056e23af12f0605e9c570", "attempt_id": "p11-attempt-2b314f7ff99ce45d3dd77fd634d946aaec29b5d44ed225bf80af1425958a93af", "chain": [{"frames": [{"file": "testing/p18_runtime_fixture.py", "line": 140, "function": "diagnosed_continue"}, {"file": "services/runtime_cognition.py", "line": 242, "function": "_continue"}, {"file": "services/wake_perception_thinking_action_service.py", "line": 90, "function": "wake_manual"}, {"file": "services/wake_perception_thinking_action_service.py", "line": 128, "function": "_continue"}, {"file": "services/wake_perception_thinking_action_service.py", "line": 229, "function": "_continue_mind"}, {"file": "services/thinking_service.py", "line": 190, "function": "handle_perception"}, {"file": "services/thinking_service.py", "line": 232, "function": "_run_provider"}, {"file": "services/wake_perception_thinking_action_service.py", "line": 225, "function": "initial_guard"}, {"file": "services/runtime_cognition.py", "line": 91, "function": "_native_guard"}, {"file": "services/persistent_runtime_service.py", "line": 126, "function": "guard"}], "code": "TEST_NATIVE_EXCEPTION"}], "systemChain": [{"type": "ENGINE_EXCEPTION", "operation": "other", "frames": [{"file": "testing/p18_runtime_fixture.py", "line": 140, "function": "diagnosed_continue"}, {"file": "services/runtime_cognition.py", "line": 242, "function": "_continue"}, {"file": "services/wake_perception_thinking_action_service.py", "line": 90, "function": "wake_manual"}, {"file": "services/wake_perception_thinking_action_service.py", "line": 128, "function": "_continue"}, {"file": "services/wake_perception_thinking_action_service.py", "line": 229, "function": "_continue_mind"}, {"file": "services/thinking_service.py", "line": 190, "function": "handle_perception"}, {"file": "services/thinking_service.py", "line": 232, "function": "_run_provider"}, {"file": "services/wake_perception_thinking_action_service.py", "line": 225, "function": "initial_guard"}, {"file": "services/runtime_cognition.py", "line": 91, "function": "_native_guard"}, {"file": "services/persistent_runtime_service.py", "line": 126, "function": "guard"}], "errno": null, "winerror": null}], "stateWriteLockOwnedAfterUnwind": false}
ok
test_current_budget_reduction_defers_then_restores_same_reservation (tests.test_p18_runtime_resume.RuntimeResumeTests.test_current_budget_reduction_defers_then_restores_same_reservation) ... {"stage": "native-exception-before-cleanup", "task_id": "cognition:90b6efce347da75f4d808c07c0395f1c9695ec14cc15f036e2a098798b2b5be5", "attempt_id": "p11-attempt-411768d26199458f1c9fdb9ccc1ee220a6ca06365cf3c832a887f2229fc327b0", "chain": [{"frames": [{"file": "testing/p18_runtime_fixture.py", "line": 140, "function": "diagnosed_continue"}, {"file": "services/runtime_cognition.py", "line": 242, "function": "_continue"}, {"file": "services/wake_perception_thinking_action_service.py", "line": 90, "function": "wake_manual"}, {"file": "services/wake_perception_thinking_action_service.py", "line": 128, "function": "_continue"}, {"file": "services/wake_perception_thinking_action_service.py", "line": 229, "function": "_continue_mind"}, {"file": "services/thinking_service.py", "line": 190, "function": "handle_perception"}, {"file": "services/thinking_service.py", "line": 232, "function": "_run_provider"}, {"file": "services/wake_perception_thinking_action_service.py", "line": 225, "function": "initial_guard"}, {"file": "services/runtime_cognition.py", "line": 91, "function": "_native_guard"}, {"file": "services/persistent_runtime_service.py", "line": 130, "function": "guard"}], "code": "TEST_NATIVE_EXCEPTION"}], "systemChain": [{"type": "ENGINE_EXCEPTION", "operation": "other", "frames": [{"file": "testing/p18_runtime_fixture.py", "line": 140, "function": "diagnosed_continue"}, {"file": "services/runtime_cognition.py", "line": 242, "function": "_continue"}, {"file": "services/wake_perception_thinking_action_service.py", "line": 90, "function": "wake_manual"}, {"file": "services/wake_perception_thinking_action_service.py", "line": 128, "function": "_continue"}, {"file": "services/wake_perception_thinking_action_service.py", "line": 229, "function": "_continue_mind"}, {"file": "services/thinking_service.py", "line": 190, "function": "handle_perception"}, {"file": "services/thinking_service.py", "line": 232, "function": "_run_provider"}, {"file": "services/wake_perception_thinking_action_service.py", "line": 225, "function": "initial_guard"}, {"file": "services/runtime_cognition.py", "line": 91, "function": "_native_guard"}, {"file": "services/persistent_runtime_service.py", "line": 130, "function": "guard"}], "errno": null, "winerror": null}], "stateWriteLockOwnedAfterUnwind": false}
{"stage": "native-exception-before-cleanup", "task_id": "cognition:90b6efce347da75f4d808c07c0395f1c9695ec14cc15f036e2a098798b2b5be5", "attempt_id": "p11-attempt-411768d26199458f1c9fdb9ccc1ee220a6ca06365cf3c832a887f2229fc327b0", "chain": [{"frames": [{"file": "testing/p18_runtime_fixture.py", "line": 140, "function": "diagnosed_continue"}, {"file": "services/runtime_cognition.py", "line": 242, "function": "_continue"}, {"file": "services/wake_perception_thinking_action_service.py", "line": 90, "function": "wake_manual"}, {"file": "services/wake_perception_thinking_action_service.py", "line": 128, "function": "_continue"}, {"file": "services/wake_perception_thinking_action_service.py", "line": 246, "function": "_continue_mind"}, {"file": "services/thinking_service.py", "line": 204, "function": "resume_prepared_provider"}, {"file": "services/runtime_cognition.py", "line": 43, "function": "allocate"}], "code": "TEST_NATIVE_EXCEPTION"}], "systemChain": [{"type": "ENGINE_EXCEPTION", "operation": "other", "frames": [{"file": "testing/p18_runtime_fixture.py", "line": 140, "function": "diagnosed_continue"}, {"file": "services/runtime_cognition.py", "line": 242, "function": "_continue"}, {"file": "services/wake_perception_thinking_action_service.py", "line": 90, "function": "wake_manual"}, {"file": "services/wake_perception_thinking_action_service.py", "line": 128, "function": "_continue"}, {"file": "services/wake_perception_thinking_action_service.py", "line": 246, "function": "_continue_mind"}, {"file": "services/thinking_service.py", "line": 204, "function": "resume_prepared_provider"}, {"file": "services/runtime_cognition.py", "line": 43, "function": "allocate"}], "errno": null, "winerror": null}], "stateWriteLockOwnedAfterUnwind": false}
{"stage": "native-exception-before-cleanup", "task_id": "cognition:90b6efce347da75f4d808c07c0395f1c9695ec14cc15f036e2a098798b2b5be5", "attempt_id": "p11-attempt-411768d26199458f1c9fdb9ccc1ee220a6ca06365cf3c832a887f2229fc327b0", "chain": [{"frames": [{"file": "testing/p18_runtime_fixture.py", "line": 140, "function": "diagnosed_continue"}, {"file": "services/runtime_cognition.py", "line": 242, "function": "_continue"}, {"file": "services/wake_perception_thinking_action_service.py", "line": 90, "function": "wake_manual"}, {"file": "services/wake_perception_thinking_action_service.py", "line": 128, "function": "_continue"}, {"file": "services/wake_perception_thinking_action_service.py", "line": 246, "function": "_continue_mind"}, {"file": "services/thinking_service.py", "line": 204, "function": "resume_prepared_provider"}, {"file": "services/runtime_cognition.py", "line": 43, "function": "allocate"}], "code": "TEST_NATIVE_EXCEPTION"}], "systemChain": [{"type": "ENGINE_EXCEPTION", "operation": "other", "frames": [{"file": "testing/p18_runtime_fixture.py", "line": 140, "function": "diagnosed_continue"}, {"file": "services/runtime_cognition.py", "line": 242, "function": "_continue"}, {"file": "services/wake_perception_thinking_action_service.py", "line": 90, "function": "wake_manual"}, {"file": "services/wake_perception_thinking_action_service.py", "line": 128, "function": "_continue"}, {"file": "services/wake_perception_thinking_action_service.py", "line": 246, "function": "_continue_mind"}, {"file": "services/thinking_service.py", "line": 204, "function": "resume_prepared_provider"}, {"file": "services/runtime_cognition.py", "line": 43, "function": "allocate"}], "errno": null, "winerror": null}], "stateWriteLockOwnedAfterUnwind": false}
{"stage": "native-exception-before-cleanup", "task_id": "cognition:90b6efce347da75f4d808c07c0395f1c9695ec14cc15f036e2a098798b2b5be5", "attempt_id": "p11-attempt-411768d26199458f1c9fdb9ccc1ee220a6ca06365cf3c832a887f2229fc327b0", "chain": [{"frames": [{"file": "testing/p18_runtime_fixture.py", "line": 140, "function": "diagnosed_continue"}, {"file": "services/runtime_cognition.py", "line": 242, "function": "_continue"}, {"file": "services/wake_perception_thinking_action_service.py", "line": 90, "function": "wake_manual"}, {"file": "services/wake_perception_thinking_action_service.py", "line": 128, "function": "_continue"}, {"file": "services/wake_perception_thinking_action_service.py", "line": 246, "function": "_continue_mind"}, {"file": "services/thinking_service.py", "line": 204, "function": "resume_prepared_provider"}, {"file": "services/runtime_cognition.py", "line": 43, "function": "allocate"}], "code": "TEST_NATIVE_EXCEPTION"}], "systemChain": [{"type": "ENGINE_EXCEPTION", "operation": "other", "frames": [{"file": "testing/p18_runtime_fixture.py", "line": 140, "function": "diagnosed_continue"}, {"file": "services/runtime_cognition.py", "line": 242, "function": "_continue"}, {"file": "services/wake_perception_thinking_action_service.py", "line": 90, "function": "wake_manual"}, {"file": "services/wake_perception_thinking_action_service.py", "line": 128, "function": "_continue"}, {"file": "services/wake_perception_thinking_action_service.py", "line": 246, "function": "_continue_mind"}, {"file": "services/thinking_service.py", "line": 204, "function": "resume_prepared_provider"}, {"file": "services/runtime_cognition.py", "line": 43, "function": "allocate"}], "errno": null, "winerror": null}], "stateWriteLockOwnedAfterUnwind": false}
{"stage": "native-exception-before-cleanup", "task_id": "cognition:90b6efce347da75f4d808c07c0395f1c9695ec14cc15f036e2a098798b2b5be5", "attempt_id": "p11-attempt-411768d26199458f1c9fdb9ccc1ee220a6ca06365cf3c832a887f2229fc327b0", "chain": [{"frames": [{"file": "testing/p18_runtime_fixture.py", "line": 140, "function": "diagnosed_continue"}, {"file": "services/runtime_cognition.py", "line": 242, "function": "_continue"}, {"file": "services/wake_perception_thinking_action_service.py", "line": 90, "function": "wake_manual"}, {"file": "services/wake_perception_thinking_action_service.py", "line": 128, "function": "_continue"}, {"file": "services/wake_perception_thinking_action_service.py", "line": 246, "function": "_continue_mind"}, {"file": "services/thinking_service.py", "line": 204, "function": "resume_prepared_provider"}, {"file": "services/runtime_cognition.py", "line": 43, "function": "allocate"}], "code": "TEST_NATIVE_EXCEPTION"}], "systemChain": [{"type": "ENGINE_EXCEPTION", "operation": "other", "frames": [{"file": "testing/p18_runtime_fixture.py", "line": 140, "function": "diagnosed_continue"}, {"file": "services/runtime_cognition.py", "line": 242, "function": "_continue"}, {"file": "services/wake_perception_thinking_action_service.py", "line": 90, "function": "wake_manual"}, {"file": "services/wake_perception_thinking_action_service.py", "line": 128, "function": "_continue"}, {"file": "services/wake_perception_thinking_action_service.py", "line": 246, "function": "_continue_mind"}, {"file": "services/thinking_service.py", "line": 204, "function": "resume_prepared_provider"}, {"file": "services/runtime_cognition.py", "line": 43, "function": "allocate"}], "errno": null, "winerror": null}], "stateWriteLockOwnedAfterUnwind": false}
{"stage": "native-exception-before-cleanup", "task_id": "cognition:90b6efce347da75f4d808c07c0395f1c9695ec14cc15f036e2a098798b2b5be5", "attempt_id": "p11-attempt-411768d26199458f1c9fdb9ccc1ee220a6ca06365cf3c832a887f2229fc327b0", "chain": [{"frames": [{"file": "testing/p18_runtime_fixture.py", "line": 140, "function": "diagnosed_continue"}, {"file": "services/runtime_cognition.py", "line": 242, "function": "_continue"}, {"file": "services/wake_perception_thinking_action_service.py", "line": 90, "function": "wake_manual"}, {"file": "services/wake_perception_thinking_action_service.py", "line": 128, "function": "_continue"}, {"file": "services/wake_perception_thinking_action_service.py", "line": 246, "function": "_continue_mind"}, {"file": "services/thinking_service.py", "line": 204, "function": "resume_prepared_provider"}, {"file": "services/runtime_cognition.py", "line": 43, "function": "allocate"}], "code": "TEST_NATIVE_EXCEPTION"}], "systemChain": [{"type": "ENGINE_EXCEPTION", "operation": "other", "frames": [{"file": "testing/p18_runtime_fixture.py", "line": 140, "function": "diagnosed_continue"}, {"file": "services/runtime_cognition.py", "line": 242, "function": "_continue"}, {"file": "services/wake_perception_thinking_action_service.py", "line": 90, "function": "wake_manual"}, {"file": "services/wake_perception_thinking_action_service.py", "line": 128, "function": "_continue"}, {"file": "services/wake_perception_thinking_action_service.py", "line": 246, "function": "_continue_mind"}, {"file": "services/thinking_service.py", "line": 204, "function": "resume_prepared_provider"}, {"file": "services/runtime_cognition.py", "line": 43, "function": "allocate"}], "errno": null, "winerror": null}], "stateWriteLockOwnedAfterUnwind": false}
ok
test_current_context_revoked_does_not_call_or_apply_state (tests.test_p18_runtime_resume.RuntimeResumeTests.test_current_context_revoked_does_not_call_or_apply_state) ... {"stage": "native-exception-before-cleanup", "task_id": "cognition:98d97a6abc844ec5c4454505c6a8c6f911881c85ab62f30c4eedccb7a3e1059d", "attempt_id": "p11-attempt-7df16bc034296d41f3e6633696049b02013ce0c43fee93359ef24ab1ab22c693", "chain": [{"frames": [{"file": "testing/p18_runtime_fixture.py", "line": 140, "function": "diagnosed_continue"}, {"file": "services/runtime_cognition.py", "line": 242, "function": "_continue"}, {"file": "services/wake_perception_thinking_action_service.py", "line": 90, "function": "wake_manual"}, {"file": "services/wake_perception_thinking_action_service.py", "line": 128, "function": "_continue"}, {"file": "services/wake_perception_thinking_action_service.py", "line": 229, "function": "_continue_mind"}, {"file": "services/thinking_service.py", "line": 190, "function": "handle_perception"}, {"file": "services/thinking_service.py", "line": 232, "function": "_run_provider"}, {"file": "services/wake_perception_thinking_action_service.py", "line": 225, "function": "initial_guard"}, {"file": "services/runtime_cognition.py", "line": 91, "function": "_native_guard"}, {"file": "services/persistent_runtime_service.py", "line": 130, "function": "guard"}], "code": "TEST_NATIVE_EXCEPTION"}], "systemChain": [{"type": "ENGINE_EXCEPTION", "operation": "other", "frames": [{"file": "testing/p18_runtime_fixture.py", "line": 140, "function": "diagnosed_continue"}, {"file": "services/runtime_cognition.py", "line": 242, "function": "_continue"}, {"file": "services/wake_perception_thinking_action_service.py", "line": 90, "function": "wake_manual"}, {"file": "services/wake_perception_thinking_action_service.py", "line": 128, "function": "_continue"}, {"file": "services/wake_perception_thinking_action_service.py", "line": 229, "function": "_continue_mind"}, {"file": "services/thinking_service.py", "line": 190, "function": "handle_perception"}, {"file": "services/thinking_service.py", "line": 232, "function": "_run_provider"}, {"file": "services/wake_perception_thinking_action_service.py", "line": 225, "function": "initial_guard"}, {"file": "services/runtime_cognition.py", "line": 91, "function": "_native_guard"}, {"file": "services/persistent_runtime_service.py", "line": 130, "function": "guard"}], "errno": null, "winerror": null}], "stateWriteLockOwnedAfterUnwind": false}
{"stage": "native-exception-before-cleanup", "task_id": "cognition:4145017dea126c582112bb714940d6b03a3d3b44394ac5a862f5ed004be9564e", "attempt_id": "p11-attempt-175e7e966b9e7fefe5e534262e1261cbc91c0008dcc729395c3841d5ddb0d4d2", "chain": [{"frames": [{"file": "testing/p18_runtime_fixture.py", "line": 140, "function": "diagnosed_continue"}, {"file": "services/runtime_cognition.py", "line": 242, "function": "_continue"}, {"file": "services/wake_perception_thinking_action_service.py", "line": 90, "function": "wake_manual"}, {"file": "services/wake_perception_thinking_action_service.py", "line": 128, "function": "_continue"}, {"file": "services/wake_perception_thinking_action_service.py", "line": 221, "function": "_continue_mind"}, {"file": "services/continuity_core_service.py", "line": 281, "function": "prepare"}, {"file": "services/continuity_core_service.py", "line": 311, "function": "_prepare"}, {"file": "services/dynamic_mind_service.py", "line": 317, "function": "capture"}], "code": "TEST_NATIVE_EXCEPTION"}], "systemChain": [{"type": "ENGINE_EXCEPTION", "operation": "other", "frames": [{"file": "testing/p18_runtime_fixture.py", "line": 140, "function": "diagnosed_continue"}, {"file": "services/runtime_cognition.py", "line": 242, "function": "_continue"}, {"file": "services/wake_perception_thinking_action_service.py", "line": 90, "function": "wake_manual"}, {"file": "services/wake_perception_thinking_action_service.py", "line": 128, "function": "_continue"}, {"file": "services/wake_perception_thinking_action_service.py", "line": 221, "function": "_continue_mind"}, {"file": "services/continuity_core_service.py", "line": 281, "function": "prepare"}, {"file": "services/continuity_core_service.py", "line": 311, "function": "_prepare"}, {"file": "services/dynamic_mind_service.py", "line": 317, "function": "capture"}], "errno": null, "winerror": null}], "stateWriteLockOwnedAfterUnwind": false}
{"stage": "native-exception-before-cleanup", "task_id": "cognition:4145017dea126c582112bb714940d6b03a3d3b44394ac5a862f5ed004be9564e", "attempt_id": "p11-attempt-02863d9c886e7e54d3279920ce73efcfcd2a802b01c43ca067c54ffc49b04492", "chain": [{"frames": [{"file": "testing/p18_runtime_fixture.py", "line": 140, "function": "diagnosed_continue"}, {"file": "services/runtime_cognition.py", "line": 242, "function": "_continue"}, {"file": "services/wake_perception_thinking_action_service.py", "line": 90, "function": "wake_manual"}, {"file": "services/wake_perception_thinking_action_service.py", "line": 128, "function": "_continue"}, {"file": "services/wake_perception_thinking_action_service.py", "line": 221, "function": "_continue_mind"}, {"file": "services/continuity_core_service.py", "line": 281, "function": "prepare"}, {"file": "services/continuity_core_service.py", "line": 311, "function": "_prepare"}, {"file": "services/dynamic_mind_service.py", "line": 317, "function": "capture"}], "code": "TEST_NATIVE_EXCEPTION"}], "systemChain": [{"type": "ENGINE_EXCEPTION", "operation": "other", "frames": [{"file": "testing/p18_runtime_fixture.py", "line": 140, "function": "diagnosed_continue"}, {"file": "services/runtime_cognition.py", "line": 242, "function": "_continue"}, {"file": "services/wake_perception_thinking_action_service.py", "line": 90, "function": "wake_manual"}, {"file": "services/wake_perception_thinking_action_service.py", "line": 128, "function": "_continue"}, {"file": "services/wake_perception_thinking_action_service.py", "line": 221, "function": "_continue_mind"}, {"file": "services/continuity_core_service.py", "line": 281, "function": "prepare"}, {"file": "services/continuity_core_service.py", "line": 311, "function": "_prepare"}, {"file": "services/dynamic_mind_service.py", "line": 317, "function": "capture"}], "errno": null, "winerror": null}], "stateWriteLockOwnedAfterUnwind": false}
ok
test_entered_provider_failure_is_not_repeated (tests.test_p18_runtime_resume.RuntimeResumeTests.test_entered_provider_failure_is_not_repeated) ... {"stage": "native-exception-before-cleanup", "task_id": "cognition:e9b8445e634ba72b7b1e4e0d680478258ffa92b25f077a85bfc982c82c79a56f", "attempt_id": "p11-attempt-2a16fbbdfb034a6b0cc95bc9b9bf5fc23b299f019441cdb454724339250f947a", "chain": [{"frames": [{"file": "testing/p18_runtime_fixture.py", "line": 140, "function": "diagnosed_continue"}, {"file": "services/runtime_cognition.py", "line": 242, "function": "_continue"}, {"file": "services/wake_perception_thinking_action_service.py", "line": 90, "function": "wake_manual"}, {"file": "services/wake_perception_thinking_action_service.py", "line": 128, "function": "_continue"}, {"file": "services/wake_perception_thinking_action_service.py", "line": 229, "function": "_continue_mind"}, {"file": "services/thinking_service.py", "line": 190, "function": "handle_perception"}, {"file": "services/thinking_service.py", "line": 295, "function": "_run_provider"}], "code": "TEST_NATIVE_EXCEPTION"}, {"frames": [{"file": "services/thinking_service.py", "line": 237, "function": "_run_provider"}, {"file": "services/runtime_cognition.py", "line": 53, "function": "think"}], "code": "TEST_NATIVE_EXCEPTION"}], "systemChain": [{"type": "ENGINE_EXCEPTION", "operation": "other", "frames": [{"file": "testing/p18_runtime_fixture.py", "line": 140, "function": "diagnosed_continue"}, {"file": "services/runtime_cognition.py", "line": 242, "function": "_continue"}, {"file": "services/wake_perception_thinking_action_service.py", "line": 90, "function": "wake_manual"}, {"file": "services/wake_perception_thinking_action_service.py", "line": 128, "function": "_continue"}, {"file": "services/wake_perception_thinking_action_service.py", "line": 229, "function": "_continue_mind"}, {"file": "services/thinking_service.py", "line": 190, "function": "handle_perception"}, {"file": "services/thinking_service.py", "line": 295, "function": "_run_provider"}], "errno": null, "winerror": null}, {"type": "ENGINE_EXCEPTION", "operation": "other", "frames": [{"file": "services/thinking_service.py", "line": 237, "function": "_run_provider"}, {"file": "services/runtime_cognition.py", "line": 53, "function": "think"}], "errno": null, "winerror": null}], "stateWriteLockOwnedAfterUnwind": false}
ok
test_f1_bounded_pause_after_first_evolution_and_clock_before_resume_call (tests.test_p18_runtime_resume.RuntimeResumeTests.test_f1_bounded_pause_after_first_evolution_and_clock_before_resume_call) ... ok
test_first_call_pause_resumes_same_session_without_extra_reservation (tests.test_p18_runtime_resume.RuntimeResumeTests.test_first_call_pause_resumes_same_session_without_extra_reservation) ... {"stage": "native-exception-before-cleanup", "task_id": "cognition:0f47c1dbb8c0efd4bfcd9d1c0c999e4b53dd35f87df8274fd353e4aa96383336", "attempt_id": "p11-attempt-a8b0a02798c2d8708a61df7adbd1281f5afd14af72a4e93936527800838e61c1", "chain": [{"frames": [{"file": "testing/p18_runtime_fixture.py", "line": 140, "function": "diagnosed_continue"}, {"file": "services/runtime_cognition.py", "line": 242, "function": "_continue"}, {"file": "services/wake_perception_thinking_action_service.py", "line": 90, "function": "wake_manual"}, {"file": "services/wake_perception_thinking_action_service.py", "line": 128, "function": "_continue"}, {"file": "services/wake_perception_thinking_action_service.py", "line": 229, "function": "_continue_mind"}, {"file": "services/thinking_service.py", "line": 190, "function": "handle_perception"}, {"file": "services/thinking_service.py", "line": 232, "function": "_run_provider"}, {"file": "services/wake_perception_thinking_action_service.py", "line": 225, "function": "initial_guard"}, {"file": "services/runtime_cognition.py", "line": 91, "function": "_native_guard"}, {"file": "services/persistent_runtime_service.py", "line": 130, "function": "guard"}], "code": "TEST_NATIVE_EXCEPTION"}], "systemChain": [{"type": "ENGINE_EXCEPTION", "operation": "other", "frames": [{"file": "testing/p18_runtime_fixture.py", "line": 140, "function": "diagnosed_continue"}, {"file": "services/runtime_cognition.py", "line": 242, "function": "_continue"}, {"file": "services/wake_perception_thinking_action_service.py", "line": 90, "function": "wake_manual"}, {"file": "services/wake_perception_thinking_action_service.py", "line": 128, "function": "_continue"}, {"file": "services/wake_perception_thinking_action_service.py", "line": 229, "function": "_continue_mind"}, {"file": "services/thinking_service.py", "line": 190, "function": "handle_perception"}, {"file": "services/thinking_service.py", "line": 232, "function": "_run_provider"}, {"file": "services/wake_perception_thinking_action_service.py", "line": 225, "function": "initial_guard"}, {"file": "services/runtime_cognition.py", "line": 91, "function": "_native_guard"}, {"file": "services/persistent_runtime_service.py", "line": 130, "function": "guard"}], "errno": null, "winerror": null}], "stateWriteLockOwnedAfterUnwind": false}
ok
test_legacy_failed_error_string_is_not_nonexecution_proof (tests.test_p18_runtime_resume.RuntimeResumeTests.test_legacy_failed_error_string_is_not_nonexecution_proof) ... {"stage": "native-exception-before-cleanup", "task_id": "cognition:6361951f781cfea74ad9f98321fe76aa5a114a5ecbd6b85b3c0ef2048a2f25db", "attempt_id": "p11-attempt-5245d53cd79688cbe47755827823c46d3647908e9da6ba409ef79515e077ed77", "chain": [{"frames": [{"file": "testing/p18_runtime_fixture.py", "line": 140, "function": "diagnosed_continue"}, {"file": "services/runtime_cognition.py", "line": 242, "function": "_continue"}, {"file": "services/wake_perception_thinking_action_service.py", "line": 90, "function": "wake_manual"}, {"file": "services/wake_perception_thinking_action_service.py", "line": 128, "function": "_continue"}, {"file": "services/wake_perception_thinking_action_service.py", "line": 229, "function": "_continue_mind"}, {"file": "services/thinking_service.py", "line": 190, "function": "handle_perception"}, {"file": "services/thinking_service.py", "line": 295, "function": "_run_provider"}], "code": "TEST_NATIVE_EXCEPTION"}, {"frames": [{"file": "services/thinking_service.py", "line": 237, "function": "_run_provider"}, {"file": "services/runtime_cognition.py", "line": 53, "function": "think"}], "code": "TEST_NATIVE_EXCEPTION"}], "systemChain": [{"type": "ENGINE_EXCEPTION", "operation": "other", "frames": [{"file": "testing/p18_runtime_fixture.py", "line": 140, "function": "diagnosed_continue"}, {"file": "services/runtime_cognition.py", "line": 242, "function": "_continue"}, {"file": "services/wake_perception_thinking_action_service.py", "line": 90, "function": "wake_manual"}, {"file": "services/wake_perception_thinking_action_service.py", "line": 128, "function": "_continue"}, {"file": "services/wake_perception_thinking_action_service.py", "line": 229, "function": "_continue_mind"}, {"file": "services/thinking_service.py", "line": 190, "function": "handle_perception"}, {"file": "services/thinking_service.py", "line": 295, "function": "_run_provider"}], "errno": null, "winerror": null}, {"type": "ENGINE_EXCEPTION", "operation": "other", "frames": [{"file": "services/thinking_service.py", "line": 237, "function": "_run_provider"}, {"file": "services/runtime_cognition.py", "line": 53, "function": "think"}], "errno": null, "winerror": null}], "stateWriteLockOwnedAfterUnwind": false}
ok
test_long_pause_reassesses_expired_input_with_explicit_predecessor (tests.test_p18_runtime_resume.RuntimeResumeTests.test_long_pause_reassesses_expired_input_with_explicit_predecessor) ... {"stage": "native-exception-before-cleanup", "task_id": "cognition:c0771b85837c9d4f6b23a83d655182d7f4e0cbbeec30d60f313a76c7891823d4", "attempt_id": "p11-attempt-0e56434a08d27a3a7335f024166921dbfa9200ac3ab36b23164cb3d79eecd976", "chain": [{"frames": [{"file": "testing/p18_runtime_fixture.py", "line": 140, "function": "diagnosed_continue"}, {"file": "services/runtime_cognition.py", "line": 242, "function": "_continue"}, {"file": "services/wake_perception_thinking_action_service.py", "line": 90, "function": "wake_manual"}, {"file": "services/wake_perception_thinking_action_service.py", "line": 128, "function": "_continue"}, {"file": "services/wake_perception_thinking_action_service.py", "line": 229, "function": "_continue_mind"}, {"file": "services/thinking_service.py", "line": 190, "function": "handle_perception"}, {"file": "services/thinking_service.py", "line": 232, "function": "_run_provider"}, {"file": "services/wake_perception_thinking_action_service.py", "line": 225, "function": "initial_guard"}, {"file": "services/runtime_cognition.py", "line": 91, "function": "_native_guard"}, {"file": "services/persistent_runtime_service.py", "line": 130, "function": "guard"}], "code": "TEST_NATIVE_EXCEPTION"}], "systemChain": [{"type": "ENGINE_EXCEPTION", "operation": "other", "frames": [{"file": "testing/p18_runtime_fixture.py", "line": 140, "function": "diagnosed_continue"}, {"file": "services/runtime_cognition.py", "line": 242, "function": "_continue"}, {"file": "services/wake_perception_thinking_action_service.py", "line": 90, "function": "wake_manual"}, {"file": "services/wake_perception_thinking_action_service.py", "line": 128, "function": "_continue"}, {"file": "services/wake_perception_thinking_action_service.py", "line": 229, "function": "_continue_mind"}, {"file": "services/thinking_service.py", "line": 190, "function": "handle_perception"}, {"file": "services/thinking_service.py", "line": 232, "function": "_run_provider"}, {"file": "services/wake_perception_thinking_action_service.py", "line": 225, "function": "initial_guard"}, {"file": "services/runtime_cognition.py", "line": 91, "function": "_native_guard"}, {"file": "services/persistent_runtime_service.py", "line": 130, "function": "guard"}], "errno": null, "winerror": null}], "stateWriteLockOwnedAfterUnwind": false}
ok
test_pre_call_history_is_append_only_and_bound (tests.test_p18_runtime_resume.RuntimeResumeTests.test_pre_call_history_is_append_only_and_bound) ... {"stage": "native-exception-before-cleanup", "task_id": "cognition:c2ff2ffddd9cff8188dfc7dc56a2f4e08a37ff19d2c1952e1ff27eb0a619cabb", "attempt_id": "p11-attempt-802eb958583221bd724385535926ba70de507442ca76d7f2945d319ef9f4f70d", "chain": [{"frames": [{"file": "testing/p18_runtime_fixture.py", "line": 140, "function": "diagnosed_continue"}, {"file": "services/runtime_cognition.py", "line": 242, "function": "_continue"}, {"file": "services/wake_perception_thinking_action_service.py", "line": 90, "function": "wake_manual"}, {"file": "services/wake_perception_thinking_action_service.py", "line": 128, "function": "_continue"}, {"file": "services/wake_perception_thinking_action_service.py", "line": 229, "function": "_continue_mind"}, {"file": "services/thinking_service.py", "line": 190, "function": "handle_perception"}, {"file": "services/thinking_service.py", "line": 232, "function": "_run_provider"}, {"file": "services/wake_perception_thinking_action_service.py", "line": 225, "function": "initial_guard"}, {"file": "services/runtime_cognition.py", "line": 91, "function": "_native_guard"}, {"file": "services/persistent_runtime_service.py", "line": 130, "function": "guard"}], "code": "TEST_NATIVE_EXCEPTION"}], "systemChain": [{"type": "ENGINE_EXCEPTION", "operation": "other", "frames": [{"file": "testing/p18_runtime_fixture.py", "line": 140, "function": "diagnosed_continue"}, {"file": "services/runtime_cognition.py", "line": 242, "function": "_continue"}, {"file": "services/wake_perception_thinking_action_service.py", "line": 90, "function": "wake_manual"}, {"file": "services/wake_perception_thinking_action_service.py", "line": 128, "function": "_continue"}, {"file": "services/wake_perception_thinking_action_service.py", "line": 229, "function": "_continue_mind"}, {"file": "services/thinking_service.py", "line": 190, "function": "handle_perception"}, {"file": "services/thinking_service.py", "line": 232, "function": "_run_provider"}, {"file": "services/wake_perception_thinking_action_service.py", "line": 225, "function": "initial_guard"}, {"file": "services/runtime_cognition.py", "line": 91, "function": "_native_guard"}, {"file": "services/persistent_runtime_service.py", "line": 130, "function": "guard"}], "errno": null, "winerror": null}], "stateWriteLockOwnedAfterUnwind": false}
ok
test_pre_stop_diagnostic_is_read_only_and_has_native_stage (tests.test_p18_runtime_resume.RuntimeResumeTests.test_pre_stop_diagnostic_is_read_only_and_has_native_stage) ... {"stage": "native-exception-before-cleanup", "task_id": "cognition:83ec93446da41c128b1075ecb70487745e20a96a7c829e77323a41f897d84cdb", "attempt_id": "p11-attempt-cb6fcdb720ad7c36356bb8a13f3ac95e7d5a125469d776fd37fba8a5e7f82c29", "chain": [{"frames": [{"file": "testing/p18_runtime_fixture.py", "line": 140, "function": "diagnosed_continue"}, {"file": "services/runtime_cognition.py", "line": 242, "function": "_continue"}, {"file": "services/wake_perception_thinking_action_service.py", "line": 90, "function": "wake_manual"}, {"file": "services/wake_perception_thinking_action_service.py", "line": 128, "function": "_continue"}, {"file": "services/wake_perception_thinking_action_service.py", "line": 229, "function": "_continue_mind"}, {"file": "services/thinking_service.py", "line": 190, "function": "handle_perception"}, {"file": "services/thinking_service.py", "line": 232, "function": "_run_provider"}, {"file": "services/wake_perception_thinking_action_service.py", "line": 225, "function": "initial_guard"}, {"file": "services/runtime_cognition.py", "line": 91, "function": "_native_guard"}, {"file": "services/persistent_runtime_service.py", "line": 130, "function": "guard"}], "code": "TEST_NATIVE_EXCEPTION"}], "systemChain": [{"type": "ENGINE_EXCEPTION", "operation": "other", "frames": [{"file": "testing/p18_runtime_fixture.py", "line": 140, "function": "diagnosed_continue"}, {"file": "services/runtime_cognition.py", "line": 242, "function": "_continue"}, {"file": "services/wake_perception_thinking_action_service.py", "line": 90, "function": "wake_manual"}, {"file": "services/wake_perception_thinking_action_service.py", "line": 128, "function": "_continue"}, {"file": "services/wake_perception_thinking_action_service.py", "line": 229, "function": "_continue_mind"}, {"file": "services/thinking_service.py", "line": 190, "function": "handle_perception"}, {"file": "services/thinking_service.py", "line": 232, "function": "_run_provider"}, {"file": "services/wake_perception_thinking_action_service.py", "line": 225, "function": "initial_guard"}, {"file": "services/runtime_cognition.py", "line": 91, "function": "_native_guard"}, {"file": "services/persistent_runtime_service.py", "line": 130, "function": "guard"}], "errno": null, "winerror": null}], "stateWriteLockOwnedAfterUnwind": false}
ok
test_provider_availability_rechecked_before_prepared_resume (tests.test_p18_runtime_resume.RuntimeResumeTests.test_provider_availability_rechecked_before_prepared_resume) ... {"stage": "native-exception-before-cleanup", "task_id": "cognition:72c9c04eb82664626467ab8f6ed3d133eacaf66d45eb3bcbc9b576d17a994407", "attempt_id": "p11-attempt-dee39eaee2d7b7bfb38fe8cfd1751e0a7598443c87f8511b5c66700a92ee34d6", "chain": [{"frames": [{"file": "testing/p18_runtime_fixture.py", "line": 140, "function": "diagnosed_continue"}, {"file": "services/runtime_cognition.py", "line": 242, "function": "_continue"}, {"file": "services/wake_perception_thinking_action_service.py", "line": 90, "function": "wake_manual"}, {"file": "services/wake_perception_thinking_action_service.py", "line": 128, "function": "_continue"}, {"file": "services/wake_perception_thinking_action_service.py", "line": 229, "function": "_continue_mind"}, {"file": "services/thinking_service.py", "line": 190, "function": "handle_perception"}, {"file": "services/thinking_service.py", "line": 232, "function": "_run_provider"}, {"file": "services/wake_perception_thinking_action_service.py", "line": 225, "function": "initial_guard"}, {"file": "services/runtime_cognition.py", "line": 91, "function": "_native_guard"}, {"file": "services/persistent_runtime_service.py", "line": 130, "function": "guard"}], "code": "TEST_NATIVE_EXCEPTION"}], "systemChain": [{"type": "ENGINE_EXCEPTION", "operation": "other", "frames": [{"file": "testing/p18_runtime_fixture.py", "line": 140, "function": "diagnosed_continue"}, {"file": "services/runtime_cognition.py", "line": 242, "function": "_continue"}, {"file": "services/wake_perception_thinking_action_service.py", "line": 90, "function": "wake_manual"}, {"file": "services/wake_perception_thinking_action_service.py", "line": 128, "function": "_continue"}, {"file": "services/wake_perception_thinking_action_service.py", "line": 229, "function": "_continue_mind"}, {"file": "services/thinking_service.py", "line": 190, "function": "handle_perception"}, {"file": "services/thinking_service.py", "line": 232, "function": "_run_provider"}, {"file": "services/wake_perception_thinking_action_service.py", "line": 225, "function": "initial_guard"}, {"file": "services/runtime_cognition.py", "line": 91, "function": "_native_guard"}, {"file": "services/persistent_runtime_service.py", "line": 130, "function": "guard"}], "errno": null, "winerror": null}], "stateWriteLockOwnedAfterUnwind": false}
ok
test_real_child_resumes_durable_pre_call_phase (tests.test_p18_runtime_resume.RuntimeResumeTests.test_real_child_resumes_durable_pre_call_phase) ... {"stage": "native-exception-before-cleanup", "task_id": "cognition:e3552447e3bcb80db54691cc473139d905fd32cf1e1a0a2a0579207a76e9626f", "attempt_id": "p11-attempt-a90e407b6917b55900b90ea7d1051f9e9217a357a41a4be79a9977320f2754e6", "chain": [{"frames": [{"file": "testing/p18_runtime_fixture.py", "line": 140, "function": "diagnosed_continue"}, {"file": "services/runtime_cognition.py", "line": 242, "function": "_continue"}, {"file": "services/wake_perception_thinking_action_service.py", "line": 90, "function": "wake_manual"}, {"file": "services/wake_perception_thinking_action_service.py", "line": 128, "function": "_continue"}, {"file": "services/wake_perception_thinking_action_service.py", "line": 229, "function": "_continue_mind"}, {"file": "services/thinking_service.py", "line": 190, "function": "handle_perception"}, {"file": "services/thinking_service.py", "line": 232, "function": "_run_provider"}, {"file": "services/wake_perception_thinking_action_service.py", "line": 225, "function": "initial_guard"}, {"file": "services/runtime_cognition.py", "line": 91, "function": "_native_guard"}, {"file": "services/persistent_runtime_service.py", "line": 130, "function": "guard"}], "code": "TEST_NATIVE_EXCEPTION"}], "systemChain": [{"type": "ENGINE_EXCEPTION", "operation": "other", "frames": [{"file": "testing/p18_runtime_fixture.py", "line": 140, "function": "diagnosed_continue"}, {"file": "services/runtime_cognition.py", "line": 242, "function": "_continue"}, {"file": "services/wake_perception_thinking_action_service.py", "line": 90, "function": "wake_manual"}, {"file": "services/wake_perception_thinking_action_service.py", "line": 128, "function": "_continue"}, {"file": "services/wake_perception_thinking_action_service.py", "line": 229, "function": "_continue_mind"}, {"file": "services/thinking_service.py", "line": 190, "function": "handle_perception"}, {"file": "services/thinking_service.py", "line": 232, "function": "_run_provider"}, {"file": "services/wake_perception_thinking_action_service.py", "line": 225, "function": "initial_guard"}, {"file": "services/runtime_cognition.py", "line": 91, "function": "_native_guard"}, {"file": "services/persistent_runtime_service.py", "line": 130, "function": "guard"}], "errno": null, "winerror": null}], "stateWriteLockOwnedAfterUnwind": false}
ok
test_reopened_pre_call_deferral_resumes (tests.test_p18_runtime_resume.RuntimeResumeTests.test_reopened_pre_call_deferral_resumes) ... {"stage": "native-exception-before-cleanup", "task_id": "cognition:3164d86504862dd1734d6a513c88d4fe972f865f3e8edbb2476d9e01f01be3db", "attempt_id": "p11-attempt-ae702860d37b6bbd094c700b345059b8ab1a64ef5a9e63b8f848af01d8dd1763", "chain": [{"frames": [{"file": "testing/p18_runtime_fixture.py", "line": 140, "function": "diagnosed_continue"}, {"file": "services/runtime_cognition.py", "line": 242, "function": "_continue"}, {"file": "services/wake_perception_thinking_action_service.py", "line": 90, "function": "wake_manual"}, {"file": "services/wake_perception_thinking_action_service.py", "line": 128, "function": "_continue"}, {"file": "services/wake_perception_thinking_action_service.py", "line": 229, "function": "_continue_mind"}, {"file": "services/thinking_service.py", "line": 190, "function": "handle_perception"}, {"file": "services/thinking_service.py", "line": 232, "function": "_run_provider"}, {"file": "services/wake_perception_thinking_action_service.py", "line": 225, "function": "initial_guard"}, {"file": "services/runtime_cognition.py", "line": 91, "function": "_native_guard"}, {"file": "services/persistent_runtime_service.py", "line": 130, "function": "guard"}], "code": "TEST_NATIVE_EXCEPTION"}], "systemChain": [{"type": "ENGINE_EXCEPTION", "operation": "other", "frames": [{"file": "testing/p18_runtime_fixture.py", "line": 140, "function": "diagnosed_continue"}, {"file": "services/runtime_cognition.py", "line": 242, "function": "_continue"}, {"file": "services/wake_perception_thinking_action_service.py", "line": 90, "function": "wake_manual"}, {"file": "services/wake_perception_thinking_action_service.py", "line": 128, "function": "_continue"}, {"file": "services/wake_perception_thinking_action_service.py", "line": 229, "function": "_continue_mind"}, {"file": "services/thinking_service.py", "line": 190, "function": "handle_perception"}, {"file": "services/thinking_service.py", "line": 232, "function": "_run_provider"}, {"file": "services/wake_perception_thinking_action_service.py", "line": 225, "function": "initial_guard"}, {"file": "services/runtime_cognition.py", "line": 91, "function": "_native_guard"}, {"file": "services/persistent_runtime_service.py", "line": 130, "function": "guard"}], "errno": null, "winerror": null}], "stateWriteLockOwnedAfterUnwind": false}
ok
test_repeated_control_deferral_keeps_one_dispatch_and_history (tests.test_p18_runtime_resume.RuntimeResumeTests.test_repeated_control_deferral_keeps_one_dispatch_and_history) ... {"stage": "native-exception-before-cleanup", "task_id": "cognition:3d8eefcee3b84a7224beb98de0fd5092f8d8bd860e1c581a1d137435b36bcdf6", "attempt_id": "p11-attempt-f7dc20bb6c12878d47dd9a794f8c7ad8cf7c7130be7d937ad666e7472406d540", "chain": [{"frames": [{"file": "testing/p18_runtime_fixture.py", "line": 140, "function": "diagnosed_continue"}, {"file": "services/runtime_cognition.py", "line": 242, "function": "_continue"}, {"file": "services/wake_perception_thinking_action_service.py", "line": 90, "function": "wake_manual"}, {"file": "services/wake_perception_thinking_action_service.py", "line": 128, "function": "_continue"}, {"file": "services/wake_perception_thinking_action_service.py", "line": 229, "function": "_continue_mind"}, {"file": "services/thinking_service.py", "line": 190, "function": "handle_perception"}, {"file": "services/thinking_service.py", "line": 232, "function": "_run_provider"}, {"file": "services/wake_perception_thinking_action_service.py", "line": 225, "function": "initial_guard"}, {"file": "services/runtime_cognition.py", "line": 91, "function": "_native_guard"}, {"file": "services/persistent_runtime_service.py", "line": 130, "function": "guard"}], "code": "TEST_NATIVE_EXCEPTION"}], "systemChain": [{"type": "ENGINE_EXCEPTION", "operation": "other", "frames": [{"file": "testing/p18_runtime_fixture.py", "line": 140, "function": "diagnosed_continue"}, {"file": "services/runtime_cognition.py", "line": 242, "function": "_continue"}, {"file": "services/wake_perception_thinking_action_service.py", "line": 90, "function": "wake_manual"}, {"file": "services/wake_perception_thinking_action_service.py", "line": 128, "function": "_continue"}, {"file": "services/wake_perception_thinking_action_service.py", "line": 229, "function": "_continue_mind"}, {"file": "services/thinking_service.py", "line": 190, "function": "handle_perception"}, {"file": "services/thinking_service.py", "line": 232, "function": "_run_provider"}, {"file": "services/wake_perception_thinking_action_service.py", "line": 225, "function": "initial_guard"}, {"file": "services/runtime_cognition.py", "line": 91, "function": "_native_guard"}, {"file": "services/persistent_runtime_service.py", "line": 130, "function": "guard"}], "errno": null, "winerror": null}], "stateWriteLockOwnedAfterUnwind": false}
{"stage": "native-exception-before-cleanup", "task_id": "cognition:3d8eefcee3b84a7224beb98de0fd5092f8d8bd860e1c581a1d137435b36bcdf6", "attempt_id": "p11-attempt-f7dc20bb6c12878d47dd9a794f8c7ad8cf7c7130be7d937ad666e7472406d540", "chain": [{"frames": [{"file": "testing/p18_runtime_fixture.py", "line": 140, "function": "diagnosed_continue"}, {"file": "services/runtime_cognition.py", "line": 242, "function": "_continue"}, {"file": "services/wake_perception_thinking_action_service.py", "line": 90, "function": "wake_manual"}, {"file": "services/wake_perception_thinking_action_service.py", "line": 128, "function": "_continue"}, {"file": "services/wake_perception_thinking_action_service.py", "line": 246, "function": "_continue_mind"}, {"file": "services/thinking_service.py", "line": 211, "function": "resume_prepared_provider"}, {"file": "services/thinking_service.py", "line": 232, "function": "_run_provider"}, {"file": "services/wake_perception_thinking_action_service.py", "line": 242, "function": "resume_guard"}, {"file": "services/runtime_cognition.py", "line": 91, "function": "_native_guard"}, {"file": "services/persistent_runtime_service.py", "line": 130, "function": "guard"}], "code": "TEST_NATIVE_EXCEPTION"}], "systemChain": [{"type": "ENGINE_EXCEPTION", "operation": "other", "frames": [{"file": "testing/p18_runtime_fixture.py", "line": 140, "function": "diagnosed_continue"}, {"file": "services/runtime_cognition.py", "line": 242, "function": "_continue"}, {"file": "services/wake_perception_thinking_action_service.py", "line": 90, "function": "wake_manual"}, {"file": "services/wake_perception_thinking_action_service.py", "line": 128, "function": "_continue"}, {"file": "services/wake_perception_thinking_action_service.py", "line": 246, "function": "_continue_mind"}, {"file": "services/thinking_service.py", "line": 211, "function": "resume_prepared_provider"}, {"file": "services/thinking_service.py", "line": 232, "function": "_run_provider"}, {"file": "services/wake_perception_thinking_action_service.py", "line": 242, "function": "resume_guard"}, {"file": "services/runtime_cognition.py", "line": 91, "function": "_native_guard"}, {"file": "services/persistent_runtime_service.py", "line": 130, "function": "guard"}], "errno": null, "winerror": null}], "stateWriteLockOwnedAfterUnwind": false}
{"stage": "native-exception-before-cleanup", "task_id": "cognition:3d8eefcee3b84a7224beb98de0fd5092f8d8bd860e1c581a1d137435b36bcdf6", "attempt_id": "p11-attempt-f7dc20bb6c12878d47dd9a794f8c7ad8cf7c7130be7d937ad666e7472406d540", "chain": [{"frames": [{"file": "testing/p18_runtime_fixture.py", "line": 140, "function": "diagnosed_continue"}, {"file": "services/runtime_cognition.py", "line": 242, "function": "_continue"}, {"file": "services/wake_perception_thinking_action_service.py", "line": 90, "function": "wake_manual"}, {"file": "services/wake_perception_thinking_action_service.py", "line": 128, "function": "_continue"}, {"file": "services/wake_perception_thinking_action_service.py", "line": 246, "function": "_continue_mind"}, {"file": "services/thinking_service.py", "line": 211, "function": "resume_prepared_provider"}, {"file": "services/thinking_service.py", "line": 232, "function": "_run_provider"}, {"file": "services/wake_perception_thinking_action_service.py", "line": 242, "function": "resume_guard"}, {"file": "services/runtime_cognition.py", "line": 91, "function": "_native_guard"}, {"file": "services/persistent_runtime_service.py", "line": 130, "function": "guard"}], "code": "TEST_NATIVE_EXCEPTION"}], "systemChain": [{"type": "ENGINE_EXCEPTION", "operation": "other", "frames": [{"file": "testing/p18_runtime_fixture.py", "line": 140, "function": "diagnosed_continue"}, {"file": "services/runtime_cognition.py", "line": 242, "function": "_continue"}, {"file": "services/wake_perception_thinking_action_service.py", "line": 90, "function": "wake_manual"}, {"file": "services/wake_perception_thinking_action_service.py", "line": 128, "function": "_continue"}, {"file": "services/wake_perception_thinking_action_service.py", "line": 246, "function": "_continue_mind"}, {"file": "services/thinking_service.py", "line": 211, "function": "resume_prepared_provider"}, {"file": "services/thinking_service.py", "line": 232, "function": "_run_provider"}, {"file": "services/wake_perception_thinking_action_service.py", "line": 242, "function": "resume_guard"}, {"file": "services/runtime_cognition.py", "line": 91, "function": "_native_guard"}, {"file": "services/persistent_runtime_service.py", "line": 130, "function": "guard"}], "errno": null, "winerror": null}], "stateWriteLockOwnedAfterUnwind": false}
{"stage": "native-exception-before-cleanup", "task_id": "cognition:3d8eefcee3b84a7224beb98de0fd5092f8d8bd860e1c581a1d137435b36bcdf6", "attempt_id": "p11-attempt-f7dc20bb6c12878d47dd9a794f8c7ad8cf7c7130be7d937ad666e7472406d540", "chain": [{"frames": [{"file": "testing/p18_runtime_fixture.py", "line": 140, "function": "diagnosed_continue"}, {"file": "services/runtime_cognition.py", "line": 242, "function": "_continue"}, {"file": "services/wake_perception_thinking_action_service.py", "line": 90, "function": "wake_manual"}, {"file": "services/wake_perception_thinking_action_service.py", "line": 128, "function": "_continue"}, {"file": "services/wake_perception_thinking_action_service.py", "line": 246, "function": "_continue_mind"}, {"file": "services/thinking_service.py", "line": 211, "function": "resume_prepared_provider"}, {"file": "services/thinking_service.py", "line": 232, "function": "_run_provider"}, {"file": "services/wake_perception_thinking_action_service.py", "line": 242, "function": "resume_guard"}, {"file": "services/runtime_cognition.py", "line": 91, "function": "_native_guard"}, {"file": "services/persistent_runtime_service.py", "line": 130, "function": "guard"}], "code": "TEST_NATIVE_EXCEPTION"}], "systemChain": [{"type": "ENGINE_EXCEPTION", "operation": "other", "frames": [{"file": "testing/p18_runtime_fixture.py", "line": 140, "function": "diagnosed_continue"}, {"file": "services/runtime_cognition.py", "line": 242, "function": "_continue"}, {"file": "services/wake_perception_thinking_action_service.py", "line": 90, "function": "wake_manual"}, {"file": "services/wake_perception_thinking_action_service.py", "line": 128, "function": "_continue"}, {"file": "services/wake_perception_thinking_action_service.py", "line": 246, "function": "_continue_mind"}, {"file": "services/thinking_service.py", "line": 211, "function": "resume_prepared_provider"}, {"file": "services/thinking_service.py", "line": 232, "function": "_run_provider"}, {"file": "services/wake_perception_thinking_action_service.py", "line": 242, "function": "resume_guard"}, {"file": "services/runtime_cognition.py", "line": 91, "function": "_native_guard"}, {"file": "services/persistent_runtime_service.py", "line": 130, "function": "guard"}], "errno": null, "winerror": null}], "stateWriteLockOwnedAfterUnwind": false}
{"stage": "native-exception-before-cleanup", "task_id": "cognition:3d8eefcee3b84a7224beb98de0fd5092f8d8bd860e1c581a1d137435b36bcdf6", "attempt_id": "p11-attempt-f7dc20bb6c12878d47dd9a794f8c7ad8cf7c7130be7d937ad666e7472406d540", "chain": [{"frames": [{"file": "testing/p18_runtime_fixture.py", "line": 140, "function": "diagnosed_continue"}, {"file": "services/runtime_cognition.py", "line": 242, "function": "_continue"}, {"file": "services/wake_perception_thinking_action_service.py", "line": 90, "function": "wake_manual"}, {"file": "services/wake_perception_thinking_action_service.py", "line": 128, "function": "_continue"}, {"file": "services/wake_perception_thinking_action_service.py", "line": 246, "function": "_continue_mind"}, {"file": "services/thinking_service.py", "line": 211, "function": "resume_prepared_provider"}, {"file": "services/thinking_service.py", "line": 232, "function": "_run_provider"}, {"file": "services/wake_perception_thinking_action_service.py", "line": 242, "function": "resume_guard"}, {"file": "services/runtime_cognition.py", "line": 91, "function": "_native_guard"}, {"file": "services/persistent_runtime_service.py", "line": 130, "function": "guard"}], "code": "TEST_NATIVE_EXCEPTION"}], "systemChain": [{"type": "ENGINE_EXCEPTION", "operation": "other", "frames": [{"file": "testing/p18_runtime_fixture.py", "line": 140, "function": "diagnosed_continue"}, {"file": "services/runtime_cognition.py", "line": 242, "function": "_continue"}, {"file": "services/wake_perception_thinking_action_service.py", "line": 90, "function": "wake_manual"}, {"file": "services/wake_perception_thinking_action_service.py", "line": 128, "function": "_continue"}, {"file": "services/wake_perception_thinking_action_service.py", "line": 246, "function": "_continue_mind"}, {"file": "services/thinking_service.py", "line": 211, "function": "resume_prepared_provider"}, {"file": "services/thinking_service.py", "line": 232, "function": "_run_provider"}, {"file": "services/wake_perception_thinking_action_service.py", "line": 242, "function": "resume_guard"}, {"file": "services/runtime_cognition.py", "line": 91, "function": "_native_guard"}, {"file": "services/persistent_runtime_service.py", "line": 130, "function": "guard"}], "errno": null, "winerror": null}], "stateWriteLockOwnedAfterUnwind": false}
ok
test_reserved_exact_budget_remains_usable_without_second_charge (tests.test_p18_runtime_resume.RuntimeResumeTests.test_reserved_exact_budget_remains_usable_without_second_charge) ... {"stage": "native-exception-before-cleanup", "task_id": "cognition:b5ded9a401c02828510dd0cbba17288400ed6721d72fcc6fa78cba57fdba8901", "attempt_id": "p11-attempt-e5bc5f758b1eae4f342c758a0656acdd167080d354be69ed93f09ea48a766dd7", "chain": [{"frames": [{"file": "testing/p18_runtime_fixture.py", "line": 140, "function": "diagnosed_continue"}, {"file": "services/runtime_cognition.py", "line": 242, "function": "_continue"}, {"file": "services/wake_perception_thinking_action_service.py", "line": 90, "function": "wake_manual"}, {"file": "services/wake_perception_thinking_action_service.py", "line": 128, "function": "_continue"}, {"file": "services/wake_perception_thinking_action_service.py", "line": 229, "function": "_continue_mind"}, {"file": "services/thinking_service.py", "line": 190, "function": "handle_perception"}, {"file": "services/thinking_service.py", "line": 232, "function": "_run_provider"}, {"file": "services/wake_perception_thinking_action_service.py", "line": 225, "function": "initial_guard"}, {"file": "services/runtime_cognition.py", "line": 91, "function": "_native_guard"}, {"file": "services/persistent_runtime_service.py", "line": 130, "function": "guard"}], "code": "TEST_NATIVE_EXCEPTION"}], "systemChain": [{"type": "ENGINE_EXCEPTION", "operation": "other", "frames": [{"file": "testing/p18_runtime_fixture.py", "line": 140, "function": "diagnosed_continue"}, {"file": "services/runtime_cognition.py", "line": 242, "function": "_continue"}, {"file": "services/wake_perception_thinking_action_service.py", "line": 90, "function": "wake_manual"}, {"file": "services/wake_perception_thinking_action_service.py", "line": 128, "function": "_continue"}, {"file": "services/wake_perception_thinking_action_service.py", "line": 229, "function": "_continue_mind"}, {"file": "services/thinking_service.py", "line": 190, "function": "handle_perception"}, {"file": "services/thinking_service.py", "line": 232, "function": "_run_provider"}, {"file": "services/wake_perception_thinking_action_service.py", "line": 225, "function": "initial_guard"}, {"file": "services/runtime_cognition.py", "line": 91, "function": "_native_guard"}, {"file": "services/persistent_runtime_service.py", "line": 130, "function": "guard"}], "errno": null, "winerror": null}], "stateWriteLockOwnedAfterUnwind": false}
ok
test_revoke_during_resume_final_guard_blocks_new_call (tests.test_p18_runtime_resume.RuntimeResumeTests.test_revoke_during_resume_final_guard_blocks_new_call) ... {"stage": "native-exception-before-cleanup", "task_id": "cognition:a4040de76eb1a088282a2bfa8b48b63a8425d74ae032d6257daca4541f9ba00f", "attempt_id": "p11-attempt-e430c402d676c618281ee7b862eeb6d232e9484f19f62c443d7e8eea902ab5fa", "chain": [{"frames": [{"file": "testing/p18_runtime_fixture.py", "line": 140, "function": "diagnosed_continue"}, {"file": "services/runtime_cognition.py", "line": 242, "function": "_continue"}, {"file": "services/wake_perception_thinking_action_service.py", "line": 90, "function": "wake_manual"}, {"file": "services/wake_perception_thinking_action_service.py", "line": 128, "function": "_continue"}, {"file": "services/wake_perception_thinking_action_service.py", "line": 229, "function": "_continue_mind"}, {"file": "services/thinking_service.py", "line": 190, "function": "handle_perception"}, {"file": "services/thinking_service.py", "line": 232, "function": "_run_provider"}, {"file": "services/wake_perception_thinking_action_service.py", "line": 225, "function": "initial_guard"}, {"file": "services/runtime_cognition.py", "line": 91, "function": "_native_guard"}, {"file": "services/persistent_runtime_service.py", "line": 130, "function": "guard"}], "code": "TEST_NATIVE_EXCEPTION"}], "systemChain": [{"type": "ENGINE_EXCEPTION", "operation": "other", "frames": [{"file": "testing/p18_runtime_fixture.py", "line": 140, "function": "diagnosed_continue"}, {"file": "services/runtime_cognition.py", "line": 242, "function": "_continue"}, {"file": "services/wake_perception_thinking_action_service.py", "line": 90, "function": "wake_manual"}, {"file": "services/wake_perception_thinking_action_service.py", "line": 128, "function": "_continue"}, {"file": "services/wake_perception_thinking_action_service.py", "line": 229, "function": "_continue_mind"}, {"file": "services/thinking_service.py", "line": 190, "function": "handle_perception"}, {"file": "services/thinking_service.py", "line": 232, "function": "_run_provider"}, {"file": "services/wake_perception_thinking_action_service.py", "line": 225, "function": "initial_guard"}, {"file": "services/runtime_cognition.py", "line": 91, "function": "_native_guard"}, {"file": "services/persistent_runtime_service.py", "line": 130, "function": "guard"}], "errno": null, "winerror": null}], "stateWriteLockOwnedAfterUnwind": false}
{"stage": "native-exception-before-cleanup", "task_id": "cognition:a4040de76eb1a088282a2bfa8b48b63a8425d74ae032d6257daca4541f9ba00f", "attempt_id": "p11-attempt-e430c402d676c618281ee7b862eeb6d232e9484f19f62c443d7e8eea902ab5fa", "chain": [{"frames": [{"file": "testing/p18_runtime_fixture.py", "line": 140, "function": "diagnosed_continue"}, {"file": "services/runtime_cognition.py", "line": 242, "function": "_continue"}, {"file": "services/wake_perception_thinking_action_service.py", "line": 90, "function": "wake_manual"}, {"file": "services/wake_perception_thinking_action_service.py", "line": 128, "function": "_continue"}, {"file": "services/wake_perception_thinking_action_service.py", "line": 246, "function": "_continue_mind"}, {"file": "services/thinking_service.py", "line": 211, "function": "resume_prepared_provider"}, {"file": "services/thinking_service.py", "line": 295, "function": "_run_provider"}], "code": "TEST_NATIVE_EXCEPTION"}, {"frames": [{"file": "services/thinking_service.py", "line": 232, "function": "_run_provider"}, {"file": "services/wake_perception_thinking_action_service.py", "line": 244, "function": "resume_guard"}, {"file": "services/continuity_core_service.py", "line": 414, "function": "before_thinking"}], "code": "TEST_NATIVE_EXCEPTION"}], "systemChain": [{"type": "ENGINE_EXCEPTION", "operation": "other", "frames": [{"file": "testing/p18_runtime_fixture.py", "line": 140, "function": "diagnosed_continue"}, {"file": "services/runtime_cognition.py", "line": 242, "function": "_continue"}, {"file": "services/wake_perception_thinking_action_service.py", "line": 90, "function": "wake_manual"}, {"file": "services/wake_perception_thinking_action_service.py", "line": 128, "function": "_continue"}, {"file": "services/wake_perception_thinking_action_service.py", "line": 246, "function": "_continue_mind"}, {"file": "services/thinking_service.py", "line": 211, "function": "resume_prepared_provider"}, {"file": "services/thinking_service.py", "line": 295, "function": "_run_provider"}], "errno": null, "winerror": null}, {"type": "ENGINE_EXCEPTION", "operation": "other", "frames": [{"file": "services/thinking_service.py", "line": 232, "function": "_run_provider"}, {"file": "services/wake_perception_thinking_action_service.py", "line": 244, "function": "resume_guard"}, {"file": "services/continuity_core_service.py", "line": 414, "function": "before_thinking"}], "errno": null, "winerror": null}], "stateWriteLockOwnedAfterUnwind": false}
{"stage": "native-exception-before-cleanup", "task_id": "cognition:84fafebcb273a0c680fd46d5f47ec25547b67d419f0e791fd65250365b64d80b", "attempt_id": "p11-attempt-c4e0251a2323904acaf88253df3e0c79f3c5504582337b82c239b21ffd35bd10", "chain": [{"frames": [{"file": "testing/p18_runtime_fixture.py", "line": 140, "function": "diagnosed_continue"}, {"file": "services/runtime_cognition.py", "line": 242, "function": "_continue"}, {"file": "services/wake_perception_thinking_action_service.py", "line": 90, "function": "wake_manual"}, {"file": "services/wake_perception_thinking_action_service.py", "line": 128, "function": "_continue"}, {"file": "services/wake_perception_thinking_action_service.py", "line": 221, "function": "_continue_mind"}, {"file": "services/continuity_core_service.py", "line": 281, "function": "prepare"}, {"file": "services/continuity_core_service.py", "line": 311, "function": "_prepare"}, {"file": "services/dynamic_mind_service.py", "line": 317, "function": "capture"}], "code": "TEST_NATIVE_EXCEPTION"}], "systemChain": [{"type": "ENGINE_EXCEPTION", "operation": "other", "frames": [{"file": "testing/p18_runtime_fixture.py", "line": 140, "function": "diagnosed_continue"}, {"file": "services/runtime_cognition.py", "line": 242, "function": "_continue"}, {"file": "services/wake_perception_thinking_action_service.py", "line": 90, "function": "wake_manual"}, {"file": "services/wake_perception_thinking_action_service.py", "line": 128, "function": "_continue"}, {"file": "services/wake_perception_thinking_action_service.py", "line": 221, "function": "_continue_mind"}, {"file": "services/continuity_core_service.py", "line": 281, "function": "prepare"}, {"file": "services/continuity_core_service.py", "line": 311, "function": "_prepare"}, {"file": "services/dynamic_mind_service.py", "line": 317, "function": "capture"}], "errno": null, "winerror": null}], "stateWriteLockOwnedAfterUnwind": false}
{"stage": "native-exception-before-cleanup", "task_id": "cognition:84fafebcb273a0c680fd46d5f47ec25547b67d419f0e791fd65250365b64d80b", "attempt_id": "p11-attempt-e8dcaf22a98a838f97ef0d39e74766f3e6824fcdaac4ffac374b8a404f8f6b99", "chain": [{"frames": [{"file": "testing/p18_runtime_fixture.py", "line": 140, "function": "diagnosed_continue"}, {"file": "services/runtime_cognition.py", "line": 242, "function": "_continue"}, {"file": "services/wake_perception_thinking_action_service.py", "line": 90, "function": "wake_manual"}, {"file": "services/wake_perception_thinking_action_service.py", "line": 128, "function": "_continue"}, {"file": "services/wake_perception_thinking_action_service.py", "line": 221, "function": "_continue_mind"}, {"file": "services/continuity_core_service.py", "line": 281, "function": "prepare"}, {"file": "services/continuity_core_service.py", "line": 311, "function": "_prepare"}, {"file": "services/dynamic_mind_service.py", "line": 317, "function": "capture"}], "code": "TEST_NATIVE_EXCEPTION"}], "systemChain": [{"type": "ENGINE_EXCEPTION", "operation": "other", "frames": [{"file": "testing/p18_runtime_fixture.py", "line": 140, "function": "diagnosed_continue"}, {"file": "services/runtime_cognition.py", "line": 242, "function": "_continue"}, {"file": "services/wake_perception_thinking_action_service.py", "line": 90, "function": "wake_manual"}, {"file": "services/wake_perception_thinking_action_service.py", "line": 128, "function": "_continue"}, {"file": "services/wake_perception_thinking_action_service.py", "line": 221, "function": "_continue_mind"}, {"file": "services/continuity_core_service.py", "line": 281, "function": "prepare"}, {"file": "services/continuity_core_service.py", "line": 311, "function": "_prepare"}, {"file": "services/dynamic_mind_service.py", "line": 317, "function": "capture"}], "errno": null, "winerror": null}], "stateWriteLockOwnedAfterUnwind": false}
ok
test_second_cycle_pause_resumes_without_replaying_first (tests.test_p18_runtime_resume.RuntimeResumeTests.test_second_cycle_pause_resumes_without_replaying_first) ... {"stage": "native-exception-before-cleanup", "task_id": "cognition:5f75b5f82d72a67da21f99636ff0634f288c1ad93d44a199d9ad1a609dea8309", "attempt_id": "p11-attempt-257f31170238ecf3e47af4cf6fe0fadf700e6871d1680abe67bafc30b06ae71a", "chain": [{"frames": [{"file": "testing/p18_runtime_fixture.py", "line": 140, "function": "diagnosed_continue"}, {"file": "services/runtime_cognition.py", "line": 242, "function": "_continue"}, {"file": "services/wake_perception_thinking_action_service.py", "line": 90, "function": "wake_manual"}, {"file": "services/wake_perception_thinking_action_service.py", "line": 128, "function": "_continue"}, {"file": "services/wake_perception_thinking_action_service.py", "line": 229, "function": "_continue_mind"}, {"file": "services/thinking_service.py", "line": 190, "function": "handle_perception"}, {"file": "services/thinking_service.py", "line": 232, "function": "_run_provider"}, {"file": "services/wake_perception_thinking_action_service.py", "line": 225, "function": "initial_guard"}, {"file": "services/runtime_cognition.py", "line": 91, "function": "_native_guard"}, {"file": "services/persistent_runtime_service.py", "line": 130, "function": "guard"}], "code": "TEST_NATIVE_EXCEPTION"}], "systemChain": [{"type": "ENGINE_EXCEPTION", "operation": "other", "frames": [{"file": "testing/p18_runtime_fixture.py", "line": 140, "function": "diagnosed_continue"}, {"file": "services/runtime_cognition.py", "line": 242, "function": "_continue"}, {"file": "services/wake_perception_thinking_action_service.py", "line": 90, "function": "wake_manual"}, {"file": "services/wake_perception_thinking_action_service.py", "line": 128, "function": "_continue"}, {"file": "services/wake_perception_thinking_action_service.py", "line": 229, "function": "_continue_mind"}, {"file": "services/thinking_service.py", "line": 190, "function": "handle_perception"}, {"file": "services/thinking_service.py", "line": 232, "function": "_run_provider"}, {"file": "services/wake_perception_thinking_action_service.py", "line": 225, "function": "initial_guard"}, {"file": "services/runtime_cognition.py", "line": 91, "function": "_native_guard"}, {"file": "services/persistent_runtime_service.py", "line": 130, "function": "guard"}], "errno": null, "winerror": null}], "stateWriteLockOwnedAfterUnwind": false}
ok
test_stop_does_not_revive_deferred_session (tests.test_p18_runtime_resume.RuntimeResumeTests.test_stop_does_not_revive_deferred_session) ... {"stage": "native-exception-before-cleanup", "task_id": "cognition:24f1bbb014fb2c64a5db80bf8a86353e082c83dd05b91cce0243880a28bd7a35", "attempt_id": "p11-attempt-cdbb35b769b9e64733d0caca47e8ff1f8b40d3e0314dd6e616829339751daab2", "chain": [{"frames": [{"file": "testing/p18_runtime_fixture.py", "line": 140, "function": "diagnosed_continue"}, {"file": "services/runtime_cognition.py", "line": 242, "function": "_continue"}, {"file": "services/wake_perception_thinking_action_service.py", "line": 90, "function": "wake_manual"}, {"file": "services/wake_perception_thinking_action_service.py", "line": 128, "function": "_continue"}, {"file": "services/wake_perception_thinking_action_service.py", "line": 229, "function": "_continue_mind"}, {"file": "services/thinking_service.py", "line": 190, "function": "handle_perception"}, {"file": "services/thinking_service.py", "line": 232, "function": "_run_provider"}, {"file": "services/wake_perception_thinking_action_service.py", "line": 225, "function": "initial_guard"}, {"file": "services/runtime_cognition.py", "line": 91, "function": "_native_guard"}, {"file": "services/persistent_runtime_service.py", "line": 130, "function": "guard"}], "code": "TEST_NATIVE_EXCEPTION"}], "systemChain": [{"type": "ENGINE_EXCEPTION", "operation": "other", "frames": [{"file": "testing/p18_runtime_fixture.py", "line": 140, "function": "diagnosed_continue"}, {"file": "services/runtime_cognition.py", "line": 242, "function": "_continue"}, {"file": "services/wake_perception_thinking_action_service.py", "line": 90, "function": "wake_manual"}, {"file": "services/wake_perception_thinking_action_service.py", "line": 128, "function": "_continue"}, {"file": "services/wake_perception_thinking_action_service.py", "line": 229, "function": "_continue_mind"}, {"file": "services/thinking_service.py", "line": 190, "function": "handle_perception"}, {"file": "services/thinking_service.py", "line": 232, "function": "_run_provider"}, {"file": "services/wake_perception_thinking_action_service.py", "line": 225, "function": "initial_guard"}, {"file": "services/runtime_cognition.py", "line": 91, "function": "_native_guard"}, {"file": "services/persistent_runtime_service.py", "line": 130, "function": "guard"}], "errno": null, "winerror": null}], "stateWriteLockOwnedAfterUnwind": false}
ok
test_test_diagnostics_do_not_print_provider_exception_material (tests.test_p18_runtime_resume.RuntimeResumeTests.test_test_diagnostics_do_not_print_provider_exception_material) ... ok
test_advancing_silent_process_continues_multiple_native_cycles (tests.test_p18_runtime_process.RuntimeProcessTests.test_advancing_silent_process_continues_multiple_native_cycles) ... ok
test_continuous_golden_contact_then_absorption_without_chat (tests.test_p18_runtime_process.RuntimeProcessTests.test_continuous_golden_contact_then_absorption_without_chat) ... ok
test_idle_and_subject_silence_do_not_end_process (tests.test_p18_runtime_process.RuntimeProcessTests.test_idle_and_subject_silence_do_not_end_process) ... ok
test_real_process_crash_after_effect_restarts_original_identity (tests.test_p18_runtime_process.RuntimeProcessTests.test_real_process_crash_after_effect_restarts_original_identity) ... ok
test_resource_wait_host_lives_and_restores_without_message (tests.test_p18_runtime_process.RuntimeProcessTests.test_resource_wait_host_lives_and_restores_without_message) ... ok
test_two_real_processes_cannot_dispatch_same_subject (tests.test_p18_runtime_process.RuntimeProcessTests.test_two_real_processes_cannot_dispatch_same_subject) ... ok
test_perception_interprets_focus_time_relationship_memory_and_drives (tests.test_perception.PerceptionEngineTests.test_perception_interprets_focus_time_relationship_memory_and_drives) ... ok
test_perception_result_round_trips_without_raw_wake_or_state (tests.test_perception.PerceptionEngineTests.test_perception_result_round_trips_without_raw_wake_or_state) ... ok
test_service_rejects_a_policy_that_mutates_subject_state (tests.test_perception.PerceptionEngineTests.test_service_rejects_a_policy_that_mutates_subject_state) ... ok
test_c1_confirmation_denial_commits_and_replays_empty_refusal (tests.test_pre_p19_supplement.ExpressionIndependenceTests.test_c1_confirmation_denial_commits_and_replays_empty_refusal) ... ok
test_c1_reality_denial_commits_and_replays_empty_refusal (tests.test_pre_p19_supplement.ExpressionIndependenceTests.test_c1_reality_denial_commits_and_replays_empty_refusal) ... ok
test_current_state_permission_still_required (tests.test_pre_p19_supplement.ExpressionIndependenceTests.test_current_state_permission_still_required) ... ok
test_expired_context_is_not_an_expression_only_refusal (tests.test_pre_p19_supplement.ExpressionIndependenceTests.test_expired_context_is_not_an_expression_only_refusal) ... {"stage": "native-exception-before-cleanup", "task_id": "cognition:52fd7b0a11e37f4c9f18c7d894cebe406f2cb0601440e6d39ba56591c567398b", "attempt_id": "p11-attempt-a3850b6392a31b823331e6a9deab243fab472b1626c924945459b41f50033285", "chain": [{"frames": [{"file": "testing/p18_runtime_fixture.py", "line": 140, "function": "diagnosed_continue"}, {"file": "services/runtime_cognition.py", "line": 242, "function": "_continue"}, {"file": "services/wake_perception_thinking_action_service.py", "line": 90, "function": "wake_manual"}, {"file": "services/wake_perception_thinking_action_service.py", "line": 128, "function": "_continue"}, {"file": "services/wake_perception_thinking_action_service.py", "line": 229, "function": "_continue_mind"}, {"file": "services/thinking_service.py", "line": 190, "function": "handle_perception"}, {"file": "services/thinking_service.py", "line": 295, "function": "_run_provider"}], "code": "TEST_NATIVE_EXCEPTION"}, {"frames": [{"file": "services/thinking_service.py", "line": 248, "function": "_run_provider"}, {"file": "services/continuity_core_service.py", "line": 158, "function": "process_thinking"}, {"file": "services/dynamic_mind_service.py", "line": 532, "function": "process"}], "code": "TEST_NATIVE_EXCEPTION"}], "systemChain": [{"type": "ENGINE_EXCEPTION", "operation": "other", "frames": [{"file": "testing/p18_runtime_fixture.py", "line": 140, "function": "diagnosed_continue"}, {"file": "services/runtime_cognition.py", "line": 242, "function": "_continue"}, {"file": "services/wake_perception_thinking_action_service.py", "line": 90, "function": "wake_manual"}, {"file": "services/wake_perception_thinking_action_service.py", "line": 128, "function": "_continue"}, {"file": "services/wake_perception_thinking_action_service.py", "line": 229, "function": "_continue_mind"}, {"file": "services/thinking_service.py", "line": 190, "function": "handle_perception"}, {"file": "services/thinking_service.py", "line": 295, "function": "_run_provider"}], "errno": null, "winerror": null}, {"type": "ENGINE_EXCEPTION", "operation": "other", "frames": [{"file": "services/thinking_service.py", "line": 248, "function": "_run_provider"}, {"file": "services/continuity_core_service.py", "line": 158, "function": "process_thinking"}, {"file": "services/dynamic_mind_service.py", "line": 532, "function": "process"}], "errno": null, "winerror": null}], "stateWriteLockOwnedAfterUnwind": false}
ok
test_expression_only_confirmation_refusal_never_dispatches_otherwise_allowed_effect (tests.test_pre_p19_supplement.ExpressionIndependenceTests.test_expression_only_confirmation_refusal_never_dispatches_otherwise_allowed_effect) ... ok
test_late_state_permission_revocation_still_prevents_commit (tests.test_pre_p19_supplement.ExpressionIndependenceTests.test_late_state_permission_revocation_still_prevents_commit) ... {"stage": "native-exception-before-cleanup", "task_id": "cognition:f4bb412e387cecba6a2543654d11ce759ab03b674b3a9424611a9f481408d8c8", "attempt_id": "p11-attempt-12f2cde4dff64e58b1dc370d6128a29a08c0e70f33e4154341e9ceae2e486ecd", "chain": [{"frames": [{"file": "testing/p18_runtime_fixture.py", "line": 140, "function": "diagnosed_continue"}, {"file": "services/runtime_cognition.py", "line": 242, "function": "_continue"}, {"file": "services/wake_perception_thinking_action_service.py", "line": 90, "function": "wake_manual"}, {"file": "services/wake_perception_thinking_action_service.py", "line": 128, "function": "_continue"}, {"file": "services/wake_perception_thinking_action_service.py", "line": 347, "function": "_continue_mind"}, {"file": "services/wake_perception_thinking_action_service.py", "line": 342, "function": "current_state_permission"}], "code": "TEST_NATIVE_EXCEPTION"}], "systemChain": [{"type": "ENGINE_EXCEPTION", "operation": "other", "frames": [{"file": "testing/p18_runtime_fixture.py", "line": 140, "function": "diagnosed_continue"}, {"file": "services/runtime_cognition.py", "line": 242, "function": "_continue"}, {"file": "services/wake_perception_thinking_action_service.py", "line": 90, "function": "wake_manual"}, {"file": "services/wake_perception_thinking_action_service.py", "line": 128, "function": "_continue"}, {"file": "services/wake_perception_thinking_action_service.py", "line": 347, "function": "_continue_mind"}, {"file": "services/wake_perception_thinking_action_service.py", "line": 342, "function": "current_state_permission"}], "errno": null, "winerror": null}], "stateWriteLockOwnedAfterUnwind": false}
ok
test_native_confirmation_denial_commits_and_reopens_once (tests.test_pre_p19_supplement.ExpressionIndependenceTests.test_native_confirmation_denial_commits_and_reopens_once) ... ok
test_native_reality_denial_commits_and_reopens_once (tests.test_pre_p19_supplement.ExpressionIndependenceTests.test_native_reality_denial_commits_and_reopens_once) ... ok
test_native_recoverability_denial_is_not_internal_state_denial (tests.test_pre_p19_supplement.ExpressionIndependenceTests.test_native_recoverability_denial_is_not_internal_state_denial) ... ok
test_normal_c1_explicit_expression_consent_still_presents (tests.test_pre_p19_supplement.ExpressionIndependenceTests.test_normal_c1_explicit_expression_consent_still_presents) ... ok
test_refused_expression_survives_after_evolution_crash_without_duplicate (tests.test_pre_p19_supplement.ExpressionIndependenceTests.test_refused_expression_survives_after_evolution_crash_without_duplicate) ... {"stage": "native-exception-before-cleanup", "task_id": "cognition:be9015c6a15af255f0eac1fd6a57f9bed6adac6b1d33eb6366d01dd1548d79d2", "attempt_id": "p11-attempt-e74d8d573d109330668df7aace5b27109f357b2211589d63510cd6064e061434", "chain": [{"frames": [{"file": "testing/p18_runtime_fixture.py", "line": 140, "function": "diagnosed_continue"}, {"file": "services/runtime_cognition.py", "line": 242, "function": "_continue"}, {"file": "services/wake_perception_thinking_action_service.py", "line": 90, "function": "wake_manual"}, {"file": "services/wake_perception_thinking_action_service.py", "line": 128, "function": "_continue"}, {"file": "services/wake_perception_thinking_action_service.py", "line": 359, "function": "_continue_mind"}, {"file": "services/runtime_cognition.py", "line": 84, "function": "<lambda>"}, {"file": "testing/p18_runtime_fixture.py", "line": 126, "function": "<lambda>"}], "code": "TEST_NATIVE_EXCEPTION"}], "systemChain": [{"type": "ENGINE_EXCEPTION", "operation": "other", "frames": [{"file": "testing/p18_runtime_fixture.py", "line": 140, "function": "diagnosed_continue"}, {"file": "services/runtime_cognition.py", "line": 242, "function": "_continue"}, {"file": "services/wake_perception_thinking_action_service.py", "line": 90, "function": "wake_manual"}, {"file": "services/wake_perception_thinking_action_service.py", "line": 128, "function": "_continue"}, {"file": "services/wake_perception_thinking_action_service.py", "line": 359, "function": "_continue_mind"}, {"file": "services/runtime_cognition.py", "line": 84, "function": "<lambda>"}, {"file": "testing/p18_runtime_fixture.py", "line": 126, "function": "<lambda>"}], "errno": null, "winerror": null}], "stateWriteLockOwnedAfterUnwind": false}
ok
test_revoked_source_prevents_internal_commit (tests.test_pre_p19_supplement.ExpressionIndependenceTests.test_revoked_source_prevents_internal_commit) ... {"stage": "native-exception-before-cleanup", "task_id": "cognition:4c650064bb94f385843f2ff609883e1da7fcacf522c656a42112140b95db5719", "attempt_id": "p11-attempt-555aac168bb6b8576d2aefe9cfffc844dd7c87c627a58edcb2ac32a06676c37f", "chain": [{"frames": [{"file": "testing/p18_runtime_fixture.py", "line": 140, "function": "diagnosed_continue"}, {"file": "services/runtime_cognition.py", "line": 242, "function": "_continue"}, {"file": "services/wake_perception_thinking_action_service.py", "line": 90, "function": "wake_manual"}, {"file": "services/wake_perception_thinking_action_service.py", "line": 128, "function": "_continue"}, {"file": "services/wake_perception_thinking_action_service.py", "line": 229, "function": "_continue_mind"}, {"file": "services/thinking_service.py", "line": 190, "function": "handle_perception"}, {"file": "services/thinking_service.py", "line": 295, "function": "_run_provider"}], "code": "TEST_NATIVE_EXCEPTION"}, {"frames": [{"file": "services/thinking_service.py", "line": 248, "function": "_run_provider"}, {"file": "services/continuity_core_service.py", "line": 158, "function": "process_thinking"}, {"file": "services/dynamic_mind_service.py", "line": 532, "function": "process"}], "code": "TEST_NATIVE_EXCEPTION"}], "systemChain": [{"type": "ENGINE_EXCEPTION", "operation": "other", "frames": [{"file": "testing/p18_runtime_fixture.py", "line": 140, "function": "diagnosed_continue"}, {"file": "services/runtime_cognition.py", "line": 242, "function": "_continue"}, {"file": "services/wake_perception_thinking_action_service.py", "line": 90, "function": "wake_manual"}, {"file": "services/wake_perception_thinking_action_service.py", "line": 128, "function": "_continue"}, {"file": "services/wake_perception_thinking_action_service.py", "line": 229, "function": "_continue_mind"}, {"file": "services/thinking_service.py", "line": 190, "function": "handle_perception"}, {"file": "services/thinking_service.py", "line": 295, "function": "_run_provider"}], "errno": null, "winerror": null}, {"type": "ENGINE_EXCEPTION", "operation": "other", "frames": [{"file": "services/thinking_service.py", "line": 248, "function": "_run_provider"}, {"file": "services/continuity_core_service.py", "line": 158, "function": "process_thinking"}, {"file": "services/dynamic_mind_service.py", "line": 532, "function": "process"}], "errno": null, "winerror": null}], "stateWriteLockOwnedAfterUnwind": false}
ok
test_abandoned_goal_is_not_renewed_by_scheduler (tests.test_pre_p19_supplement.RenewedNeedTests.test_abandoned_goal_is_not_renewed_by_scheduler) ... ok
test_fulfilled_needs_recur_from_original_dynamics (tests.test_pre_p19_supplement.RenewedNeedTests.test_fulfilled_needs_recur_from_original_dynamics) ... ok
test_fulfilled_without_sufficient_new_need_does_not_force_call (tests.test_pre_p19_supplement.RenewedNeedTests.test_fulfilled_without_sufficient_new_need_does_not_force_call) ... ok
test_persisted_fulfillment_reopens_then_real_cognition_progresses_with_pause_stop (tests.test_pre_p19_supplement.RenewedNeedTests.test_persisted_fulfillment_reopens_then_real_cognition_progresses_with_pause_stop) ... ok
test_suppression_and_rest_have_a_bounded_reconsideration (tests.test_pre_p19_supplement.RenewedNeedTests.test_suppression_and_rest_have_a_bounded_reconsideration) ... ok
test_contact_route_denied (tests.test_pre_p19_supplement.RoutedProposalTests.test_contact_route_denied) ... ok
test_contact_route_unknown (tests.test_pre_p19_supplement.RoutedProposalTests.test_contact_route_unknown) ... ok
test_contact_route_verified_success_retains_preeffect_proposal (tests.test_pre_p19_supplement.RoutedProposalTests.test_contact_route_verified_success_retains_preeffect_proposal) ... ok
test_current_internal_only_reflection_preserves_provider_proposal (tests.test_pre_p19_supplement.RoutedProposalTests.test_current_internal_only_reflection_preserves_provider_proposal) ... ok
test_expression_route_denied (tests.test_pre_p19_supplement.RoutedProposalTests.test_expression_route_denied) ... ok
test_expression_route_unknown (tests.test_pre_p19_supplement.RoutedProposalTests.test_expression_route_unknown) ... ok
test_expression_route_verified_success_retains_preeffect_proposal (tests.test_pre_p19_supplement.RoutedProposalTests.test_expression_route_verified_success_retains_preeffect_proposal) ... ok
test_later_receipt_backed_cognition_can_form_a_new_authorized_judgment (tests.test_pre_p19_supplement.RoutedProposalTests.test_later_receipt_backed_cognition_can_form_a_new_authorized_judgment) ... ok
test_memory_route_denied (tests.test_pre_p19_supplement.RoutedProposalTests.test_memory_route_denied) ... ok
test_memory_route_unknown (tests.test_pre_p19_supplement.RoutedProposalTests.test_memory_route_unknown) ... ok
test_memory_route_verified_success_retains_preeffect_proposal (tests.test_pre_p19_supplement.RoutedProposalTests.test_memory_route_verified_success_retains_preeffect_proposal) ... ok
test_plain_memory_query_cannot_precommit_its_unreceived_result (tests.test_pre_p19_supplement.RoutedProposalTests.test_plain_memory_query_cannot_precommit_its_unreceived_result) ... ok
test_create_resource_state (tests.test_resources.TokenAndResourceManagementTests.test_create_resource_state) ... ok
test_learning_is_deferred_before_candidate_extraction (tests.test_resources.TokenAndResourceManagementTests.test_learning_is_deferred_before_candidate_extraction) ... ok
test_low_remaining_resources_downgrade_normal_to_low (tests.test_resources.TokenAndResourceManagementTests.test_low_remaining_resources_downgrade_normal_to_low) ... ok
test_over_budget_request_is_deferred_without_consumption (tests.test_resources.TokenAndResourceManagementTests.test_over_budget_request_is_deferred_without_consumption) ... ok
test_resource_state_and_history_survive_restart (tests.test_resources.TokenAndResourceManagementTests.test_resource_state_and_history_survive_restart) ... ok
test_runtime_modes_switch_and_cap_thinking_depth (tests.test_resources.TokenAndResourceManagementTests.test_runtime_modes_switch_and_cap_thinking_depth) ... ok
test_thinking_uses_resource_manager_and_accepts_depth_downgrade (tests.test_resources.TokenAndResourceManagementTests.test_thinking_uses_resource_manager_and_accepts_depth_downgrade) ... ok
test_thinking_waits_when_low_depth_cannot_be_afforded (tests.test_resources.TokenAndResourceManagementTests.test_thinking_waits_when_low_depth_cannot_be_afforded) ... ok
test_token_budget_calculation_usage_and_actual_reconciliation (tests.test_resources.TokenAndResourceManagementTests.test_token_budget_calculation_usage_and_actual_reconciliation) ... ok
test_wake_scheduler_checks_resources_before_starting (tests.test_resources.TokenAndResourceManagementTests.test_wake_scheduler_checks_resources_before_starting) ... ok

----------------------------------------------------------------------
Ran 686 tests in 598.985s

OK
