test_action_session_is_deterministic_serializable_and_traceable (test_action.ActionEngineTests.test_action_session_is_deterministic_serializable_and_traceable) ... ok
test_confirmation_required_action_is_never_automatic (test_action.ActionEngineTests.test_confirmation_required_action_is_never_automatic) ... ok
test_contact_user_without_permission_is_blocked (test_action.ActionEngineTests.test_contact_user_without_permission_is_blocked) ... ok
test_defer_and_more_thinking_remain_non_executed_plans (test_action.ActionEngineTests.test_defer_and_more_thinking_remain_non_executed_plans) ... ok
test_expired_and_out_of_scope_permissions_are_rejected (test_action.ActionEngineTests.test_expired_and_out_of_scope_permissions_are_rejected) ... ok
test_full_wake_perception_thinking_action_evolution_flow (test_action.ActionEngineTests.test_full_wake_perception_thinking_action_evolution_flow) ... ok
test_high_and_critical_risk_actions_are_not_automatically_approved (test_action.ActionEngineTests.test_high_and_critical_risk_actions_are_not_automatically_approved) ... ok
test_no_action_tendency_returns_explicit_no_action (test_action.ActionEngineTests.test_no_action_tendency_returns_explicit_no_action) ... ok
test_request_memory_only_creates_a_plan (test_action.ActionEngineTests.test_request_memory_only_creates_a_plan) ... ok
test_resource_limit_failure_is_audited_and_blocked (test_action.ActionEngineTests.test_resource_limit_failure_is_audited_and_blocked) ... ok
test_revision_mismatch_rejects_action (test_action.ActionEngineTests.test_revision_mismatch_rejects_action) ... ok
test_revoked_permission_cannot_pass (test_action.ActionEngineTests.test_revoked_permission_cannot_pass) ... ok
test_update_state_is_only_planned_inside_action_service (test_action.ActionEngineTests.test_update_state_is_only_planned_inside_action_service) ... ok
test_use_tool_only_creates_a_non_executed_plan (test_action.ActionEngineTests.test_use_tool_only_creates_a_non_executed_plan) ... ok
test_blank_success_is_rejected_before_persistence_and_valid_retry_completes (test_e5_capability_flow.E5CapabilityFlowTests.test_blank_success_is_rejected_before_persistence_and_valid_retry_completes) ... ok
test_capability_mode_returns_durable_capability_required (test_e5_capability_flow.E5CapabilityFlowTests.test_capability_mode_returns_durable_capability_required) ... ok
test_capability_request_survives_rebuild_exactly (test_e5_capability_flow.E5CapabilityFlowTests.test_capability_request_survives_rebuild_exactly) ... ok
test_default_deterministic_mode_retains_e4_behavior (test_e5_capability_flow.E5CapabilityFlowTests.test_default_deterministic_mode_retains_e4_behavior) ... ok
test_exact_result_replay_returns_first_completed_result (test_e5_capability_flow.E5CapabilityFlowTests.test_exact_result_replay_returns_first_completed_result) ... ok
test_repeated_init_is_idempotent_for_retryable_and_unknown_attempts (test_e5_capability_flow.E5CapabilityFlowTests.test_repeated_init_is_idempotent_for_retryable_and_unknown_attempts) ... ok
test_repeated_init_is_idempotent_for_unused_and_waiting_capability_data (test_e5_capability_flow.E5CapabilityFlowTests.test_repeated_init_is_idempotent_for_unused_and_waiting_capability_data) ... ok
test_repeated_init_preserves_completed_capability_history_and_mode_guard (test_e5_capability_flow.E5CapabilityFlowTests.test_repeated_init_preserves_completed_capability_history_and_mode_guard) ... ok
test_repeated_query_returns_identical_capability_request (test_e5_capability_flow.E5CapabilityFlowTests.test_repeated_query_returns_identical_capability_request) ... ok
test_request_and_result_schema_reject_unknown_fields (test_e5_capability_flow.E5CapabilityFlowTests.test_request_and_result_schema_reject_unknown_fields) ... ok
test_result_cannot_exceed_request_output_limit (test_e5_capability_flow.E5CapabilityFlowTests.test_result_cannot_exceed_request_output_limit) ... ok
test_result_completion_cannot_precede_request_creation (test_e5_capability_flow.E5CapabilityFlowTests.test_result_completion_cannot_precede_request_creation) ... ok
test_result_completion_cannot_precede_start (test_e5_capability_flow.E5CapabilityFlowTests.test_result_completion_cannot_precede_start) ... ok
test_result_id_reuse_with_different_content_is_rejected (test_e5_capability_flow.E5CapabilityFlowTests.test_result_id_reuse_with_different_content_is_rejected) ... ok
test_result_start_cannot_precede_request_creation (test_e5_capability_flow.E5CapabilityFlowTests.test_result_start_cannot_precede_request_creation) ... ok
test_retryable_and_unknown_remain_capability_required (test_e5_capability_flow.E5CapabilityFlowTests.test_retryable_and_unknown_remain_capability_required) ... ok
test_retryable_attempt_can_be_followed_by_success (test_e5_capability_flow.E5CapabilityFlowTests.test_retryable_attempt_can_be_followed_by_success) ... ok
test_schema_registry_is_closed_and_complete (test_e5_capability_flow.E5CapabilityFlowTests.test_schema_registry_is_closed_and_complete) ... ok
test_second_success_for_same_request_is_rejected (test_e5_capability_flow.E5CapabilityFlowTests.test_second_success_for_same_request_is_rejected) ... ok
test_success_resumes_thinking_action_and_reply_without_state_change (test_e5_capability_flow.E5CapabilityFlowTests.test_success_resumes_thinking_action_and_reply_without_state_change) ... ok
test_terminal_statuses_return_capability_failed_without_state_change (test_e5_capability_flow.E5CapabilityFlowTests.test_terminal_statuses_return_capability_failed_without_state_change) ... ok
test_think_session_waits_with_stable_binding (test_e5_capability_flow.E5CapabilityFlowTests.test_think_session_waits_with_stable_binding) ... ok
test_unknown_fields_and_mutation_fields_are_rejected (test_e5_capability_flow.E5CapabilityFlowTests.test_unknown_fields_and_mutation_fields_are_rejected) ... ok
test_wrong_content_hash_is_rejected (test_e5_capability_flow.E5CapabilityFlowTests.test_wrong_content_hash_is_rejected) ... ok
test_wrong_identity_fields_are_rejected (test_e5_capability_flow.E5CapabilityFlowTests.test_wrong_identity_fields_are_rejected) ... ok
test_blank_success_is_controlled_400_without_durable_side_effects (test_e5_capability_http.E5CapabilityHTTPTests.test_blank_success_is_controlled_400_without_durable_side_effects) ... ok
test_capability_result_requires_bearer_token (test_e5_capability_http.E5CapabilityHTTPTests.test_capability_result_requires_bearer_token) ... ok
test_configuration_rejects_untyped_thinking_mode (test_e5_capability_http.E5CapabilityHTTPTests.test_configuration_rejects_untyped_thinking_mode) ... ok
test_content_type_boundary_is_shared_with_e4 (test_e5_capability_http.E5CapabilityHTTPTests.test_content_type_boundary_is_shared_with_e4) ... ok
test_http_capability_result_completes_original_interaction (test_e5_capability_http.E5CapabilityHTTPTests.test_http_capability_result_completes_original_interaction) ... ok
test_http_interaction_returns_capability_required (test_e5_capability_http.E5CapabilityHTTPTests.test_http_interaction_returns_capability_required) ... ok
test_http_server_rejects_app_mode_mismatch (test_e5_capability_http.E5CapabilityHTTPTests.test_http_server_rejects_app_mode_mismatch) ... ok
test_invalid_json_is_a_controlled_400 (test_e5_capability_http.E5CapabilityHTTPTests.test_invalid_json_is_a_controlled_400) ... ok
test_invalid_result_json_shape_is_400 (test_e5_capability_http.E5CapabilityHTTPTests.test_invalid_result_json_shape_is_400) ... ok
test_oversized_capability_result_is_rejected_before_parsing (test_e5_capability_http.E5CapabilityHTTPTests.test_oversized_capability_result_is_rejected_before_parsing) ... ok
test_query_transitions_from_required_to_completed (test_e5_capability_http.E5CapabilityHTTPTests.test_query_transitions_from_required_to_completed) ... ok
test_result_id_conflict_is_409 (test_e5_capability_http.E5CapabilityHTTPTests.test_result_id_conflict_is_409) ... ok
test_unknown_capability_request_is_404 (test_e5_capability_http.E5CapabilityHTTPTests.test_unknown_capability_request_is_404) ... ok
test_wrong_method_and_path_use_json_transport_errors (test_e5_capability_http.E5CapabilityHTTPTests.test_wrong_method_and_path_use_json_transport_errors) ... ok
test_action_completed_before_domain_checkpoint_recovery (test_e5_capability_recovery.E5CapabilityRecoveryTests.test_action_completed_before_domain_checkpoint_recovery) ... ok
test_before_capability_request_creation_recovery (test_e5_capability_recovery.E5CapabilityRecoveryTests.test_before_capability_request_creation_recovery) ... ok
test_capability_waiting_checkpoint_recovery (test_e5_capability_recovery.E5CapabilityRecoveryTests.test_capability_waiting_checkpoint_recovery) ... ok
test_completed_result_before_operation_completion_recovery (test_e5_capability_recovery.E5CapabilityRecoveryTests.test_completed_result_before_operation_completion_recovery) ... ok
test_conflicting_result_replay_fails_closed_after_rebuild (test_e5_capability_recovery.E5CapabilityRecoveryTests.test_conflicting_result_replay_fails_closed_after_rebuild) ... ok
test_corrupt_capability_checkpoint_fails_closed (test_e5_capability_recovery.E5CapabilityRecoveryTests.test_corrupt_capability_checkpoint_fails_closed) ... ok
test_domain_checkpoint_recovery (test_e5_capability_recovery.E5CapabilityRecoveryTests.test_domain_checkpoint_recovery) ... ok
test_operation_reserved_recovery (test_e5_capability_recovery.E5CapabilityRecoveryTests.test_operation_reserved_recovery) ... ok
test_perception_checkpoint_recovery (test_e5_capability_recovery.E5CapabilityRecoveryTests.test_perception_checkpoint_recovery) ... ok
test_request_saved_before_waiting_checkpoint_recovery (test_e5_capability_recovery.E5CapabilityRecoveryTests.test_request_saved_before_waiting_checkpoint_recovery) ... ok
test_result_checkpoint_recovery (test_e5_capability_recovery.E5CapabilityRecoveryTests.test_result_checkpoint_recovery) ... ok
test_result_persisted_before_operation_checkpoint_recovery (test_e5_capability_recovery.E5CapabilityRecoveryTests.test_result_persisted_before_operation_checkpoint_recovery) ... ok
test_result_received_before_persistence_recovery (test_e5_capability_recovery.E5CapabilityRecoveryTests.test_result_received_before_persistence_recovery) ... ok
test_thinking_checkpoint_recovery (test_e5_capability_recovery.E5CapabilityRecoveryTests.test_thinking_checkpoint_recovery) ... ok
test_thinking_completed_before_operation_checkpoint_recovery (test_e5_capability_recovery.E5CapabilityRecoveryTests.test_thinking_completed_before_operation_checkpoint_recovery) ... ok
test_event_cannot_change_field_outside_impact_scope (test_evolution.SubjectStateEvolutionTests.test_event_cannot_change_field_outside_impact_scope) ... ok
test_event_produces_new_state_and_auditable_differences (test_evolution.SubjectStateEvolutionTests.test_event_produces_new_state_and_auditable_differences) ... ok
test_abandoned_active_sandbox_is_cleaned_after_24_hours (test_p01_sandbox.P01SandboxTests.test_abandoned_active_sandbox_is_cleaned_after_24_hours) ... ok
test_acceptance_proof_cannot_cross_snapshot (test_p01_sandbox.P01SandboxTests.test_acceptance_proof_cannot_cross_snapshot) ... ok
test_all_p01_repository_roots_are_inside_sandbox_and_formal_tree_is_unchanged (test_p01_sandbox.P01SandboxTests.test_all_p01_repository_roots_are_inside_sandbox_and_formal_tree_is_unchanged) ... ok
test_all_sandbox_component_timestamps_use_subject_clock (test_p01_sandbox.P01SandboxTests.test_all_sandbox_component_timestamps_use_subject_clock) ... ok
test_branch_is_independent_and_created_from_a_valid_snapshot (test_p01_sandbox.P01SandboxTests.test_branch_is_independent_and_created_from_a_valid_snapshot) ... ok
test_changed_true_and_rollback_restore_every_component_exactly (test_p01_sandbox.P01SandboxTests.test_changed_true_and_rollback_restore_every_component_exactly) ... ok
test_changed_without_rollback_cannot_create_acceptance_receipt (test_p01_sandbox.P01SandboxTests.test_changed_without_rollback_cannot_create_acceptance_receipt) ... ok
test_disposable_identity_binding_cycle_namespace_and_root_are_unique (test_p01_sandbox.P01SandboxTests.test_disposable_identity_binding_cycle_namespace_and_root_are_unique) ... ok
test_expiry_scan_runs_at_explicit_maintenance_entry (test_p01_sandbox.P01SandboxTests.test_expiry_scan_runs_at_explicit_maintenance_entry) ... ok
test_expiry_scan_runs_when_a_new_manager_starts (test_p01_sandbox.P01SandboxTests.test_expiry_scan_runs_when_a_new_manager_starts) ... ok
test_explicit_debug_retention_cannot_exceed_seven_days (test_p01_sandbox.P01SandboxTests.test_explicit_debug_retention_cannot_exceed_seven_days) ... ok
test_failed_sandbox_is_retained_for_exactly_24_hours (test_p01_sandbox.P01SandboxTests.test_failed_sandbox_is_retained_for_exactly_24_hours) ... ok
test_finalize_without_changed_and_rollback_is_rejected (test_p01_sandbox.P01SandboxTests.test_finalize_without_changed_and_rollback_is_rejected) ... ok
test_fixture_is_explicit_synthetic_test_data (test_p01_sandbox.P01SandboxTests.test_fixture_is_explicit_synthetic_test_data) ... ok
test_link_or_junction_cleanup_target_is_rejected (test_p01_sandbox.P01SandboxTests.test_link_or_junction_cleanup_target_is_rejected) ... ok
test_maintenance_clock_does_not_enter_subject_history (test_p01_sandbox.P01SandboxTests.test_maintenance_clock_does_not_enter_subject_history) ... ok
test_manual_cleanup_is_targeted_and_idempotent (test_p01_sandbox.P01SandboxTests.test_manual_cleanup_is_targeted_and_idempotent) ... ok
test_missing_sandbox_marker_refuses_cleanup (test_p01_sandbox.P01SandboxTests.test_missing_sandbox_marker_refuses_cleanup) ... ok
test_p01_runtime_does_not_require_vio_or_background_scheduler (test_p01_sandbox.P01SandboxTests.test_p01_runtime_does_not_require_vio_or_background_scheduler) ... ok
test_personality_and_relationship_fixture_use_event_evolution (test_p01_sandbox.P01SandboxTests.test_personality_and_relationship_fixture_use_event_evolution) ... ok
test_promotion_is_forbidden_in_manager_and_runtime (test_p01_sandbox.P01SandboxTests.test_promotion_is_forbidden_in_manager_and_runtime) ... ok
test_recomputed_internal_snapshot_hashes_do_not_bypass_external_anchor (test_p01_sandbox.P01SandboxTests.test_recomputed_internal_snapshot_hashes_do_not_bypass_external_anchor) ... ok
test_repository_formal_home_and_parent_roots_are_forbidden (test_p01_sandbox.P01SandboxTests.test_repository_formal_home_and_parent_roots_are_forbidden) ... ok
test_rollback_failure_restores_the_unchanged_current_branch (test_p01_sandbox.P01SandboxTests.test_rollback_failure_restores_the_unchanged_current_branch) ... ok
test_rollback_then_changed_fingerprint_cannot_create_receipt (test_p01_sandbox.P01SandboxTests.test_rollback_then_changed_fingerprint_cannot_create_receipt) ... ok
test_sandbox_root_is_physically_and_logically_isolated (test_p01_sandbox.P01SandboxTests.test_sandbox_root_is_physically_and_logically_isolated) ... ok
test_six_frozen_schema_file_hashes_are_unchanged (test_p01_sandbox.P01SandboxTests.test_six_frozen_schema_file_hashes_are_unchanged) ... ok
test_snapshot_component_identity_metadata_mismatch_is_rejected (test_p01_sandbox.P01SandboxTests.test_snapshot_component_identity_metadata_mismatch_is_rejected) ... ok
test_snapshot_creation_fails_when_a_component_is_missing (test_p01_sandbox.P01SandboxTests.test_snapshot_creation_fails_when_a_component_is_missing) ... ok
test_snapshot_creation_requires_the_known_revision (test_p01_sandbox.P01SandboxTests.test_snapshot_creation_requires_the_known_revision) ... ok
test_snapshot_has_every_required_logical_component (test_p01_sandbox.P01SandboxTests.test_snapshot_has_every_required_logical_component) ... ok
test_snapshot_rejects_duplicate_physical_component_mapping (test_p01_sandbox.P01SandboxTests.test_snapshot_rejects_duplicate_physical_component_mapping) ... ok
test_snapshot_rejects_unmapped_physical_file (test_p01_sandbox.P01SandboxTests.test_snapshot_rejects_unmapped_physical_file) ... ok
test_standard_engine_interaction_produces_real_changed_true_and_sessions (test_p01_sandbox.P01SandboxTests.test_standard_engine_interaction_produces_real_changed_true_and_sessions) ... ok
test_standard_interaction_durable_state_is_closed_world_snapshotted (test_p01_sandbox.P01SandboxTests.test_standard_interaction_durable_state_is_closed_world_snapshotted) ... ok
test_subject_clock_is_frozen_and_advance_is_predictable (test_p01_sandbox.P01SandboxTests.test_subject_clock_is_frozen_and_advance_is_predictable) ... ok
test_success_exports_evidence_before_automatic_cleanup (test_p01_sandbox.P01SandboxTests.test_success_exports_evidence_before_automatic_cleanup) ... ok
test_tampered_acceptance_receipt_is_rejected (test_p01_sandbox.P01SandboxTests.test_tampered_acceptance_receipt_is_rejected) ... ok
test_tampered_logical_component_is_rejected (test_p01_sandbox.P01SandboxTests.test_tampered_logical_component_is_rejected) ... ok
test_tampered_physical_payload_is_rejected (test_p01_sandbox.P01SandboxTests.test_tampered_physical_payload_is_rejected) ... ok
test_unknown_or_unregistered_directory_cannot_be_cleaned (test_p01_sandbox.P01SandboxTests.test_unknown_or_unregistered_directory_cannot_be_cleaned) ... ok
test_windows_reparse_attribute_is_treated_as_link_like (test_p01_sandbox.P01SandboxTests.test_windows_reparse_attribute_is_treated_as_link_like) ... ok
test_blank_output_is_rejected_before_engine_and_p02_acceptance (test_p02_model_capability.P02ModelCapabilityTests.test_blank_output_is_rejected_before_engine_and_p02_acceptance) ... ok
test_cancelled_expired_and_terminal_failures_are_terminal (test_p02_model_capability.P02ModelCapabilityTests.test_cancelled_expired_and_terminal_failures_are_terminal) ... ok
test_confirmed_profile_is_configurable_metadata_not_permanent_vendor_binding (test_p02_model_capability.P02ModelCapabilityTests.test_confirmed_profile_is_configurable_metadata_not_permanent_vendor_binding) ... ok
test_daily_budget_exhaustion_is_resource_error_without_provider_execution (test_p02_model_capability.P02ModelCapabilityTests.test_daily_budget_exhaustion_is_resource_error_without_provider_execution) ... ok
test_duplicate_request_replays_without_execution_credit_action_or_result_duplication (test_p02_model_capability.P02ModelCapabilityTests.test_duplicate_request_replays_without_execution_credit_action_or_result_duplication) ... ok
test_execution_ledger_has_no_hidden_chain_of_thought_field (test_p02_model_capability.P02ModelCapabilityTests.test_execution_ledger_has_no_hidden_chain_of_thought_field) ... ok
test_failed_round_does_not_pollute_the_next_successful_round (test_p02_model_capability.P02ModelCapabilityTests.test_failed_round_does_not_pollute_the_next_successful_round) ... ok
test_fake_provider_uses_no_socket_http_or_environment_credentials (test_p02_model_capability.P02ModelCapabilityTests.test_fake_provider_uses_no_socket_http_or_environment_credentials) ... ok
test_frozen_compatibility_ledger_field_does_not_create_vio_dependency (test_p02_model_capability.P02ModelCapabilityTests.test_frozen_compatibility_ledger_field_does_not_create_vio_dependency) ... ok
test_generation_failure_is_terminal_and_has_no_credit (test_p02_model_capability.P02ModelCapabilityTests.test_generation_failure_is_terminal_and_has_no_credit) ... ok
test_legal_usage_ledger_reloads_and_replays_after_restart (test_p02_model_capability.P02ModelCapabilityTests.test_legal_usage_ledger_reloads_and_replays_after_restart) ... ok
test_model_candidate_cannot_change_subject_state_or_revision (test_p02_model_capability.P02ModelCapabilityTests.test_model_candidate_cannot_change_subject_state_or_revision) ... ok
test_multiple_local_rounds_have_independent_identity_and_one_usage_each (test_p02_model_capability.P02ModelCapabilityTests.test_multiple_local_rounds_have_independent_identity_and_one_usage_each) ... ok
test_network_failure_is_retryable_and_explicit_retry_executes_once (test_p02_model_capability.P02ModelCapabilityTests.test_network_failure_is_retryable_and_explicit_retry_executes_once) ... ok
test_not_executed_query_is_required_before_controlled_retry (test_p02_model_capability.P02ModelCapabilityTests.test_not_executed_query_is_required_before_controlled_retry) ... ok
test_partial_daily_budget_is_applied_to_provider_request_before_call (test_p02_model_capability.P02ModelCapabilityTests.test_partial_daily_budget_is_applied_to_provider_request_before_call) ... ok
test_profile_change_conflicts_with_existing_incomplete_execution (test_p02_model_capability.P02ModelCapabilityTests.test_profile_change_conflicts_with_existing_incomplete_execution) ... ok
test_provider_daily_overrun_is_audited_and_never_reaches_subject_chain (test_p02_model_capability.P02ModelCapabilityTests.test_provider_daily_overrun_is_audited_and_never_reaches_subject_chain) ... ok
test_provider_usage_above_requested_limit_is_audited_but_not_delivered (test_p02_model_capability.P02ModelCapabilityTests.test_provider_usage_above_requested_limit_is_audited_but_not_delivered) ... ok
test_same_request_identity_with_different_content_fails_closed (test_p02_model_capability.P02ModelCapabilityTests.test_same_request_identity_with_different_content_fails_closed) ... ok
test_success_persists_one_execution_usage_and_synthetic_credit (test_p02_model_capability.P02ModelCapabilityTests.test_success_persists_one_execution_usage_and_synthetic_credit) ... ok
test_success_uses_original_think_session_action_and_reply_composer (test_p02_model_capability.P02ModelCapabilityTests.test_success_uses_original_think_session_action_and_reply_composer) ... ok
test_timeout_and_unknown_query_first_never_blindly_retry (test_p02_model_capability.P02ModelCapabilityTests.test_timeout_and_unknown_query_first_never_blindly_retry) ... ok
test_timeout_with_inconclusive_query_cannot_blindly_retry (test_p02_model_capability.P02ModelCapabilityTests.test_timeout_with_inconclusive_query_cannot_blindly_retry) ... ok
test_unknown_disabled_and_fallback_profiles_fail_closed (test_p02_model_capability.P02ModelCapabilityTests.test_unknown_disabled_and_fallback_profiles_fail_closed) ... ok
test_unknown_query_still_unknown_remains_waiting (test_p02_model_capability.P02ModelCapabilityTests.test_unknown_query_still_unknown_remains_waiting) ... ok
test_unknown_recover_queries_and_resolves_original_attempt_once (test_p02_model_capability.P02ModelCapabilityTests.test_unknown_recover_queries_and_resolves_original_attempt_once) ... ok
test_usage_attempt_and_execution_reference_tampering_fails_closed (test_p02_model_capability.P02ModelCapabilityTests.test_usage_attempt_and_execution_reference_tampering_fails_closed) ... ok
test_usage_day_and_recorded_time_tampering_fails_closed (test_p02_model_capability.P02ModelCapabilityTests.test_usage_day_and_recorded_time_tampering_fails_closed) ... ok
test_usage_model_tampering_fails_closed (test_p02_model_capability.P02ModelCapabilityTests.test_usage_model_tampering_fails_closed) ... ok
test_usage_provider_tampering_fails_closed (test_p02_model_capability.P02ModelCapabilityTests.test_usage_provider_tampering_fails_closed) ... ok
test_usage_test_credit_tampering_fails_closed (test_p02_model_capability.P02ModelCapabilityTests.test_usage_test_credit_tampering_fails_closed) ... ok
test_usage_token_tampering_fails_closed (test_p02_model_capability.P02ModelCapabilityTests.test_usage_token_tampering_fails_closed) ... ok
test_e5_action_recovery_does_not_create_second_action (test_p02_model_recovery.P02ModelRecoveryTests.test_e5_action_recovery_does_not_create_second_action) ... ok
test_e5_completed_result_response_loss_recovery (test_p02_model_recovery.P02ModelRecoveryTests.test_e5_completed_result_response_loss_recovery) ... ok
test_e5_original_thinking_resume_recovery (test_p02_model_recovery.P02ModelRecoveryTests.test_e5_original_thinking_resume_recovery) ... ok
test_e5_result_persisted_checkpoint_recovery (test_p02_model_recovery.P02ModelRecoveryTests.test_e5_result_persisted_checkpoint_recovery) ... ok
test_recovery_after_ambiguous_query_resolution_checkpoint (test_p02_model_recovery.P02ModelRecoveryTests.test_recovery_after_ambiguous_query_resolution_checkpoint) ... ok
test_recovery_after_capability_result_before_e5_acceptance (test_p02_model_recovery.P02ModelRecoveryTests.test_recovery_after_capability_result_before_e5_acceptance) ... ok
test_recovery_after_delivery_checkpoint (test_p02_model_recovery.P02ModelRecoveryTests.test_recovery_after_delivery_checkpoint) ... ok
test_recovery_after_model_execution_reserved (test_p02_model_recovery.P02ModelRecoveryTests.test_recovery_after_model_execution_reserved) ... ok
test_recovery_after_provider_dispatch_reserved (test_p02_model_recovery.P02ModelRecoveryTests.test_recovery_after_provider_dispatch_reserved) ... ok
test_recovery_after_provider_fact_before_usage (test_p02_model_recovery.P02ModelRecoveryTests.test_recovery_after_provider_fact_before_usage) ... ok
test_recovery_after_usage_before_capability_result (test_p02_model_recovery.P02ModelRecoveryTests.test_recovery_after_usage_before_capability_result) ... ok
test_recovery_queries_provider_after_response_was_generated_but_not_recorded (test_p02_model_recovery.P02ModelRecoveryTests.test_recovery_queries_provider_after_response_was_generated_but_not_recorded) ... ok
test_response_loss_after_engine_completion_replays_original_result (test_p02_model_recovery.P02ModelRecoveryTests.test_response_loss_after_engine_completion_replays_original_result) ... ok
test_restart_can_continue_with_a_new_round (test_p02_model_recovery.P02ModelRecoveryTests.test_restart_can_continue_with_a_new_round) ... ok
test_complex_actions_require_planner_even_if_choice_claims_simple (test_p08_action_planning.P08ActionPlanningTests.test_complex_actions_require_planner_even_if_choice_claims_simple) ... ok
test_confirmation_requires_exact_request_binding (test_p08_action_planning.P08ActionPlanningTests.test_confirmation_requires_exact_request_binding) ... ok
test_cross_subject_environment_snapshot_revision_source_rejected (test_p08_action_planning.P08ActionPlanningTests.test_cross_subject_environment_snapshot_revision_source_rejected) ... ok
test_dependency_cycle_forward_duplicate_and_model_generate_rejected (test_p08_action_planning.P08ActionPlanningTests.test_dependency_cycle_forward_duplicate_and_model_generate_rejected) ... ok
test_different_step_result_misdelivery_rejected (test_p08_action_planning.P08ActionPlanningTests.test_different_step_result_misdelivery_rejected) ... ok
test_direct_actions_work_with_planner_disabled_without_plan (test_p08_action_planning.P08ActionPlanningTests.test_direct_actions_work_with_planner_disabled_without_plan) ... ok
test_domain_roundtrip_canonical_and_tampering (test_p08_action_planning.P08ActionPlanningTests.test_domain_roundtrip_canonical_and_tampering) ... ok
test_expired_choice_has_durable_terminal_and_no_effect (test_p08_action_planning.P08ActionPlanningTests.test_expired_choice_has_durable_terminal_and_no_effect) ... ok
test_failure_blocks_dependent_steps (test_p08_action_planning.P08ActionPlanningTests.test_failure_blocks_dependent_steps) ... ok
test_fake_adapter_rejects_repository_and_formal_roots (test_p08_action_planning.P08ActionPlanningTests.test_fake_adapter_rejects_repository_and_formal_roots) ... ok
test_forged_receipt_rejected_by_trusted_query (test_p08_action_planning.P08ActionPlanningTests.test_forged_receipt_rejected_by_trusted_query) ... ok
test_frozen_external_validator_rejects_internal_request_and_result (test_p08_action_planning.P08ActionPlanningTests.test_frozen_external_validator_rejects_internal_request_and_result) ... ok
test_golden_deterministic_replay_and_zero_underlying_writes (test_p08_action_planning.P08ActionPlanningTests.test_golden_deterministic_replay_and_zero_underlying_writes) ... ok
test_information_need_and_action_intent_use_same_planner_and_gates (test_p08_action_planning.P08ActionPlanningTests.test_information_need_and_action_intent_use_same_planner_and_gates) ... ok
test_internal_status_and_receipt_semantics_rejected (test_p08_action_planning.P08ActionPlanningTests.test_internal_status_and_receipt_semantics_rejected) ... ok
test_local_execution_never_uses_network_or_credentials (test_p08_action_planning.P08ActionPlanningTests.test_local_execution_never_uses_network_or_credentials) ... ok
test_observation_or_untrusted_decision_never_authorizes_action (test_p08_action_planning.P08ActionPlanningTests.test_observation_or_untrusted_decision_never_authorizes_action) ... ok
test_p06_failed_or_tampered_or_stale_context_rejected (test_p08_action_planning.P08ActionPlanningTests.test_p06_failed_or_tampered_or_stale_context_rejected) ... ok
test_permission_confirmation_resource_recovery_reality_gates_zero_effect (test_p08_action_planning.P08ActionPlanningTests.test_permission_confirmation_resource_recovery_reality_gates_zero_effect) ... ok
test_persistent_attempt_tampering_fails_closed (test_p08_action_planning.P08ActionPlanningTests.test_persistent_attempt_tampering_fails_closed) ... ok
test_planner_step_and_total_resource_limits (test_p08_action_planning.P08ActionPlanningTests.test_planner_step_and_total_resource_limits) ... ok
test_same_identity_different_input_conflicts_in_single_ledger (test_p08_action_planning.P08ActionPlanningTests.test_same_identity_different_input_conflicts_in_single_ledger) ... ok
test_unknown_capability_and_state_update_binding_are_not_fallbacks (test_p08_action_planning.P08ActionPlanningTests.test_unknown_capability_and_state_update_binding_are_not_fallbacks) ... ok
test_bypassed_domain_terminal_is_rechecked_at_coordinator_and_storage_append (test_p08_action_recovery.P08ActionRecoveryTests.test_bypassed_domain_terminal_is_rechecked_at_coordinator_and_storage_append) ... ok
test_context_change_between_steps_blocks_later_effect (test_p08_action_recovery.P08ActionRecoveryTests.test_context_change_between_steps_blocks_later_effect) ... ok
test_crash_matrix_keeps_single_effect_and_step_identity (test_p08_action_recovery.P08ActionRecoveryTests.test_crash_matrix_keeps_single_effect_and_step_identity) ... ok
test_effect_before_engine_receipt_crash_recovers_by_query_only (test_p08_action_recovery.P08ActionRecoveryTests.test_effect_before_engine_receipt_crash_recovers_by_query_only) ... ok
test_expired_choice_and_stale_context_still_recover_actual_success (test_p08_action_recovery.P08ActionRecoveryTests.test_expired_choice_and_stale_context_still_recover_actual_success) ... ok
test_expired_dependency_with_real_lookup_success_is_rejected_before_contact (test_p08_action_recovery.P08ActionRecoveryTests.test_expired_dependency_with_real_lookup_success_is_rejected_before_contact) ... ok
test_expired_unknown_invalid_query_and_query_exception_do_not_prove_nonexecution (test_p08_action_recovery.P08ActionRecoveryTests.test_expired_unknown_invalid_query_and_query_exception_do_not_prove_nonexecution) ... ok
test_expiry_append_checks_typed_nonexecution_not_caller_assertion (test_p08_action_recovery.P08ActionRecoveryTests.test_expiry_append_checks_typed_nonexecution_not_caller_assertion) ... ok
test_forged_persisted_success_cannot_release_dependent_action (test_p08_action_recovery.P08ActionRecoveryTests.test_forged_persisted_success_cannot_release_dependent_action) ... ok
test_historical_receipt_requires_independent_query_on_load_replay_and_append (test_p08_action_recovery.P08ActionRecoveryTests.test_historical_receipt_requires_independent_query_on_load_replay_and_append) ... ok
test_internal_result_status_evidence_matrix_and_roundtrip (test_p08_action_recovery.P08ActionRecoveryTests.test_internal_result_status_evidence_matrix_and_roundtrip) ... ok
test_invalid_terminal_shapes_rehashed_reload_fails_closed (test_p08_action_recovery.P08ActionRecoveryTests.test_invalid_terminal_shapes_rehashed_reload_fails_closed) ... ok
test_legal_expiry_requires_not_executed_and_replays_without_clock (test_p08_action_recovery.P08ActionRecoveryTests.test_legal_expiry_requires_not_executed_and_replays_without_clock) ... ok
test_legal_success_and_failure_receipts_restart_and_duplicate_exactly (test_p08_action_recovery.P08ActionRecoveryTests.test_legal_success_and_failure_receipts_restart_and_duplicate_exactly) ... ok
test_lost_response_preserves_unknown_history_then_resolves_once (test_p08_action_recovery.P08ActionRecoveryTests.test_lost_response_preserves_unknown_history_then_resolves_once) ... ok
test_model_wait_and_action_share_ledger_without_cross_resume (test_p08_action_recovery.P08ActionRecoveryTests.test_model_wait_and_action_share_ledger_without_cross_resume) ... ok
test_not_executed_requires_explicit_controlled_retry (test_p08_action_recovery.P08ActionRecoveryTests.test_not_executed_requires_explicit_controlled_retry) ... ok
test_old_completed_records_remain_exact_and_no_second_result (test_p08_action_recovery.P08ActionRecoveryTests.test_old_completed_records_remain_exact_and_no_second_result) ... ok
test_pending_action_cannot_switch_adapter_after_unconfirmed_effect (test_p08_action_recovery.P08ActionRecoveryTests.test_pending_action_cannot_switch_adapter_after_unconfirmed_effect) ... ok
test_persisted_expiry_cannot_replay_when_nonexecution_becomes_unverifiable_or_conflicted (test_p08_action_recovery.P08ActionRecoveryTests.test_persisted_expiry_cannot_replay_when_nonexecution_becomes_unverifiable_or_conflicted) ... ok
test_policy_drift_on_pending_request_fails_closed (test_p08_action_recovery.P08ActionRecoveryTests.test_policy_drift_on_pending_request_fails_closed) ... ok
test_receipt_recovery_does_not_authorize_next_step_through_other_gates (test_p08_action_recovery.P08ActionRecoveryTests.test_receipt_recovery_does_not_authorize_next_step_through_other_gates) ... ok
test_receiptless_terminal_failure_cannot_mask_lost_success_on_append (test_p08_action_recovery.P08ActionRecoveryTests.test_receiptless_terminal_failure_cannot_mask_lost_success_on_append) ... ok
test_rehashed_expired_terminal_cannot_hide_independent_success (test_p08_action_recovery.P08ActionRecoveryTests.test_rehashed_expired_terminal_cannot_hide_independent_success) ... ok
test_rehashed_persisted_receipt_field_drift_is_not_execution_proof (test_p08_action_recovery.P08ActionRecoveryTests.test_rehashed_persisted_receipt_field_drift_is_not_execution_proof) ... ok
test_repeat_result_does_not_append_attempt_or_credit (test_p08_action_recovery.P08ActionRecoveryTests.test_repeat_result_does_not_append_attempt_or_credit) ... ok
test_restart_completed_returns_exact_result_and_no_execution (test_p08_action_recovery.P08ActionRecoveryTests.test_restart_completed_returns_exact_result_and_no_execution) ... ok
test_stale_context_archives_first_effect_but_blocks_unexecuted_plan_step (test_p08_action_recovery.P08ActionRecoveryTests.test_stale_context_archives_first_effect_but_blocks_unexecuted_plan_step) ... ok
test_stale_context_not_executed_retry_and_new_request_are_blocked (test_p08_action_recovery.P08ActionRecoveryTests.test_stale_context_not_executed_retry_and_new_request_are_blocked) ... ok
test_stale_context_recovers_already_executed_receipt_without_new_authorization (test_p08_action_recovery.P08ActionRecoveryTests.test_stale_context_recovers_already_executed_receipt_without_new_authorization) ... ok
test_stale_context_terminal_replay_preserves_exact_history_without_clock_or_new_gates (test_p08_action_recovery.P08ActionRecoveryTests.test_stale_context_terminal_replay_preserves_exact_history_without_clock_or_new_gates) ... ok
test_stale_context_unknown_remains_query_only_even_with_retry (test_p08_action_recovery.P08ActionRecoveryTests.test_stale_context_unknown_remains_query_only_even_with_retry) ... ok
test_stale_recovery_keeps_choice_snapshot_producer_adapter_and_policy_binding (test_p08_action_recovery.P08ActionRecoveryTests.test_stale_recovery_keeps_choice_snapshot_producer_adapter_and_policy_binding) ... ok
test_terminal_replay_does_not_read_clock_or_reexecute (test_p08_action_recovery.P08ActionRecoveryTests.test_terminal_replay_does_not_read_clock_or_reexecute) ... ok
test_unknown_never_blindly_retries (test_p08_action_recovery.P08ActionRecoveryTests.test_unknown_never_blindly_retries) ... ok
test_cwd_repository_with_installed_fixture_rejected_without_writes (test_p08_fixture_paths.P08FixturePathTests.test_cwd_repository_with_installed_fixture_rejected_without_writes) ... ok
test_explicit_formal_and_protected_overlaps_rejected_without_writes (test_p08_fixture_paths.P08FixturePathTests.test_explicit_formal_and_protected_overlaps_rejected_without_writes) ... ok
test_formal_root_under_temp_repository_rejected_without_writes (test_p08_fixture_paths.P08FixturePathTests.test_formal_root_under_temp_repository_rejected_without_writes) ... ok
test_full_p08_fixture_checks_before_upstream_initialization (test_p08_fixture_paths.P08FixturePathTests.test_full_p08_fixture_checks_before_upstream_initialization) ... ok
test_legal_fixture_with_repository_outside_temp (test_p08_fixture_paths.P08FixturePathTests.test_legal_fixture_with_repository_outside_temp) ... ok
test_legal_sibling_temp_fixture_and_reopen_preserve_receipts (test_p08_fixture_paths.P08FixturePathTests.test_legal_sibling_temp_fixture_and_reopen_preserve_receipts) ... ok
test_other_repository_with_git_file_rejected_without_writes (test_p08_fixture_paths.P08FixturePathTests.test_other_repository_with_git_file_rejected_without_writes) ... ok
test_parent_of_existing_formal_root_rejected_without_writes (test_p08_fixture_paths.P08FixturePathTests.test_parent_of_existing_formal_root_rejected_without_writes) ... ok
test_real_windows_junction_rejected_without_writes (test_p08_fixture_paths.P08FixturePathTests.test_real_windows_junction_rejected_without_writes) ... ok
test_receipt_reparse_point_rejected_without_writes (test_p08_fixture_paths.P08FixturePathTests.test_receipt_reparse_point_rejected_without_writes) ... ok
test_reparse_component_rejected_without_writes (test_p08_fixture_paths.P08FixturePathTests.test_reparse_component_rejected_without_writes) ... ok
test_repository_ancestor_overlap_rejected_without_writes (test_p08_fixture_paths.P08FixturePathTests.test_repository_ancestor_overlap_rejected_without_writes) ... ok
test_repository_descendant_rejected_without_writes (test_p08_fixture_paths.P08FixturePathTests.test_repository_descendant_rejected_without_writes) ... ok
test_repository_outside_temp_rejected_without_writes (test_p08_fixture_paths.P08FixturePathTests.test_repository_outside_temp_rejected_without_writes) ... ok
test_repository_under_actual_temp_rejected_without_writes (test_p08_fixture_paths.P08FixturePathTests.test_repository_under_actual_temp_rejected_without_writes) ... ok
test_reserved_formal_data_roots_outside_repository_rejected_without_writes (test_p08_fixture_paths.P08FixturePathTests.test_reserved_formal_data_roots_outside_repository_rejected_without_writes) ... ok
test_symlink_component_rejected_without_writes (test_p08_fixture_paths.P08FixturePathTests.test_symlink_component_rejected_without_writes) ... skipped 'OS does not grant symlink creation: 1314'
test_temp_root_itself_rejected_without_writes (test_p08_fixture_paths.P08FixturePathTests.test_temp_root_itself_rejected_without_writes) ... ok
test_lowercase_alias_of_uppercase_directory_is_zero_write (test_p08_fixture_paths.P08ReservedDirectoryCaseTests.test_lowercase_alias_of_uppercase_directory_is_zero_write) ... ok
test_lowercase_directory_and_child_controls_are_zero_write (test_p08_fixture_paths.P08ReservedDirectoryCaseTests.test_lowercase_directory_and_child_controls_are_zero_write) ... ok
test_mixedcase_directory_child_follows_platform_semantics (test_p08_fixture_paths.P08ReservedDirectoryCaseTests.test_mixedcase_directory_child_follows_platform_semantics) ... ok
test_mixedcase_directory_itself_follows_platform_semantics (test_p08_fixture_paths.P08ReservedDirectoryCaseTests.test_mixedcase_directory_itself_follows_platform_semantics) ... ok
test_uppercase_directory_child_follows_platform_semantics (test_p08_fixture_paths.P08ReservedDirectoryCaseTests.test_uppercase_directory_child_follows_platform_semantics) ... ok
test_uppercase_directory_itself_follows_platform_semantics (test_p08_fixture_paths.P08ReservedDirectoryCaseTests.test_uppercase_directory_itself_follows_platform_semantics) ... ok
test_confirmation_recoverability_reality_and_resource_fail_closed (test_p09_boundaries.P09BoundaryTests.test_confirmation_recoverability_reality_and_resource_fail_closed) ... ok
test_cross_subject_and_environment_contexts_fail_closed (test_p09_boundaries.P09BoundaryTests.test_cross_subject_and_environment_contexts_fail_closed) ... ok
test_disabled_master_gate_never_calls_core_components (test_p09_boundaries.P09BoundaryTests.test_disabled_master_gate_never_calls_core_components) ... ok
test_emotion_persists_only_through_fixture_evolution_and_reads_do_not_write (test_p09_boundaries.P09BoundaryTests.test_emotion_persists_only_through_fixture_evolution_and_reads_do_not_write) ... ok
test_independent_router_and_composer_budgets_preserve_missing_notices (test_p09_boundaries.P09BoundaryTests.test_independent_router_and_composer_budgets_preserve_missing_notices) ... ok
test_insufficient_protected_context_budget_never_starts_thinking (test_p09_boundaries.P09BoundaryTests.test_insufficient_protected_context_budget_never_starts_thinking) ... ok
test_invalid_emotion_does_not_partially_commit_evolution (test_p09_boundaries.P09BoundaryTests.test_invalid_emotion_does_not_partially_commit_evolution) ... ok
test_memory_contradiction_action_and_emotion_subgates_do_no_component_work (test_p09_boundaries.P09BoundaryTests.test_memory_contradiction_action_and_emotion_subgates_do_no_component_work) ... ok
test_reference_permission_loss_blocks_thinking_and_new_execution (test_p09_boundaries.P09BoundaryTests.test_reference_permission_loss_blocks_thinking_and_new_execution) ... ok
test_snapshot_fails_closed_when_c1_component_is_missing_or_unmapped (test_p09_boundaries.P09BoundaryTests.test_snapshot_fails_closed_when_c1_component_is_missing_or_unmapped) ... ok
test_source_revision_and_hash_changes_invalidate_summary_and_context (test_p09_boundaries.P09BoundaryTests.test_source_revision_and_hash_changes_invalidate_summary_and_context) ... ok
test_source_revocation_invalidates_memory_even_without_raw_timeline_candidate (test_p09_boundaries.P09BoundaryTests.test_source_revocation_invalidates_memory_even_without_raw_timeline_candidate) ... ok
test_capability_model_input_contains_the_composed_context (test_p09_continuity_core.P09CoreTests.test_capability_model_input_contains_the_composed_context) ... ok
test_completed_c1_cannot_skip_receipt_verification_by_disabling_feature (test_p09_continuity_core.P09CoreTests.test_completed_c1_cannot_skip_receipt_verification_by_disabling_feature) ... ok
test_completed_request_restart_preserves_results_and_effect (test_p09_continuity_core.P09CoreTests.test_completed_request_restart_preserves_results_and_effect) ... ok
test_disabled_core_keeps_legacy_path_and_zero_component_reads (test_p09_continuity_core.P09CoreTests.test_disabled_core_keeps_legacy_path_and_zero_component_reads) ... ok
test_elapsed_emotion_is_deterministic_read_only_and_clock_rollback_safe (test_p09_continuity_core.P09CoreTests.test_elapsed_emotion_is_deterministic_read_only_and_clock_rollback_safe) ... ok
test_event_backlog_is_bounded_visible_and_drained_without_silent_loss (test_p09_continuity_core.P09CoreTests.test_event_backlog_is_bounded_visible_and_drained_without_silent_loss) ... ok
test_expired_context_stops_new_thinking_from_checkpoint (test_p09_continuity_core.P09CoreTests.test_expired_context_stops_new_thinking_from_checkpoint) ... ok
test_information_need_is_direct_and_complex_intent_uses_planner (test_p09_continuity_core.P09CoreTests.test_information_need_is_direct_and_complex_intent_uses_planner) ... ok
test_late_duplicate_out_of_order_events_reach_memory_and_context (test_p09_continuity_core.P09CoreTests.test_late_duplicate_out_of_order_events_reach_memory_and_context) ... ok
test_model_context_remains_usable_after_events_and_consolidation (test_p09_continuity_core.P09CoreTests.test_model_context_remains_usable_after_events_and_consolidation) ... ok
test_normal_engine_entry_passes_composition_to_thinking_and_direct (test_p09_continuity_core.P09CoreTests.test_normal_engine_entry_passes_composition_to_thinking_and_direct) ... ok
test_revocation_propagates_to_summary_and_old_context (test_p09_continuity_core.P09CoreTests.test_revocation_propagates_to_summary_and_old_context) ... ok
test_snapshot_covers_c1_persistence_and_branch_replays_without_effect (test_p09_continuity_core.P09CoreTests.test_snapshot_covers_c1_persistence_and_branch_replays_without_effect) ... ok
test_turning_action_gate_on_does_not_add_effect_to_completed_disabled_round (test_p09_continuity_core.P09CoreTests.test_turning_action_gate_on_does_not_add_effect_to_completed_disabled_round) ... ok
test_normal_chain_isolates_claims_trusted_resolution_never_advances_authority (test_p09_contradictions.P09ContradictionTests.test_normal_chain_isolates_claims_trusted_resolution_never_advances_authority) ... ok
test_repeated_summary_recall_never_promotes_authority (test_p09_contradictions.P09ContradictionTests.test_repeated_summary_recall_never_promotes_authority) ... ok
test_child_failure_evidence_survives_fixture_cleanup (test_p09_evidence_retention.P09EvidenceRetentionTests.test_child_failure_evidence_survives_fixture_cleanup) ... ok
test_distinct_failures_do_not_overwrite_first_evidence (test_p09_evidence_retention.P09EvidenceRetentionTests.test_distinct_failures_do_not_overwrite_first_evidence) ... ok
test_invalid_success_output_is_retained_as_parent_validation_failure (test_p09_evidence_retention.P09EvidenceRetentionTests.test_invalid_success_output_is_retained_as_parent_validation_failure) ... ok
test_later_failure_retains_prior_segment_and_never_starts_next (test_p09_evidence_retention.P09EvidenceRetentionTests.test_later_failure_retains_prior_segment_and_never_starts_next) ... ok
test_parent_interrupt_preserves_partial_streams_and_actual_exit_code (test_p09_evidence_retention.P09EvidenceRetentionTests.test_parent_interrupt_preserves_partial_streams_and_actual_exit_code) ... ok
test_saved_diagnostics_redact_secrets_without_copying_fixture_state (test_p09_evidence_retention.P09EvidenceRetentionTests.test_saved_diagnostics_redact_secrets_without_copying_fixture_state) ... ok
test_committed_fact_before_checkpoint_or_result_survives_expired_context (test_p09_evolution_review.P09RepairIndependentTests.test_committed_fact_before_checkpoint_or_result_survives_expired_context) ... ok
test_completed_result_and_thinking_evidence_cannot_disagree_with_fact (test_p09_evolution_review.P09RepairIndependentTests.test_completed_result_and_thinking_evidence_cannot_disagree_with_fact) ... ok
test_missing_checkpoint_cross_checks_every_original_fact_binding_on_all_routes (test_p09_evolution_review.P09RepairIndependentTests.test_missing_checkpoint_cross_checks_every_original_fact_binding_on_all_routes) ... ok
test_missing_evolution_checkpoint_cannot_skip_missing_original_fact_on_query (test_p09_evolution_review.P09RepairIndependentTests.test_missing_evolution_checkpoint_cannot_skip_missing_original_fact_on_query) ... ok
test_missing_evolution_checkpoint_cannot_skip_original_fact_validation (test_p09_evolution_review.P09RepairIndependentTests.test_missing_evolution_checkpoint_cannot_skip_original_fact_validation) ... ok
test_no_state_update_and_genuine_legacy_completion_keep_original_behavior (test_p09_evolution_review.P09RepairIndependentTests.test_no_state_update_and_genuine_legacy_completion_keep_original_behavior) ... ok
test_pre_binding_c1_records_still_require_original_state_fact (test_p09_evolution_review.P09RepairIndependentTests.test_pre_binding_c1_records_still_require_original_state_fact) ... ok
test_verified_fact_replays_read_only_without_checkpoint_after_expiry (test_p09_evolution_review.P09RepairIndependentTests.test_verified_fact_replays_read_only_without_checkpoint_after_expiry) ... ok
test_golden_is_repeatable_through_normal_app_without_transport (test_p09_long_run.P09LongRunTests.test_golden_is_repeatable_through_normal_app_without_transport) ... ok
test_thirty_logical_days_with_real_process_restarts_and_resource_invariants (test_p09_long_run.P09LongRunTests.test_thirty_logical_days_with_real_process_restarts_and_resource_invariants) ... ok
test_conflicting_adapter_receipt_blocks_completed_result_replay (test_p09_recovery.P09RecoveryTests.test_conflicting_adapter_receipt_blocks_completed_result_replay) ... ok
test_crashes_at_thinking_action_and_completion_checkpoints_do_not_duplicate (test_p09_recovery.P09RecoveryTests.test_crashes_at_thinking_action_and_completion_checkpoints_do_not_duplicate) ... ok
test_expired_context_never_retries_unexecuted_request (test_p09_recovery.P09RecoveryTests.test_expired_context_never_retries_unexecuted_request) ... ok
test_local_expiry_requires_nonexecution_and_cannot_hide_receipt_conflict (test_p09_recovery.P09RecoveryTests.test_local_expiry_requires_nonexecution_and_cannot_hide_receipt_conflict) ... ok
test_lost_action_response_recovers_after_expiry_and_permission_loss (test_p09_recovery.P09RecoveryTests.test_lost_action_response_recovers_after_expiry_and_permission_loss) ... ok
test_model_and_action_share_ledger_across_waiting_restart_and_result_loss (test_p09_recovery.P09RecoveryTests.test_model_and_action_share_ledger_across_waiting_restart_and_result_loss) ... ok
test_step_invalidation_retains_first_fact_and_blocks_next_step (test_p09_recovery.P09RecoveryTests.test_step_invalidation_retains_first_fact_and_blocks_next_step) ... ok
test_success_and_failure_replay_require_independent_receipts (test_p09_recovery.P09RecoveryTests.test_success_and_failure_replay_require_independent_receipts) ... ok
test_unknown_needs_explicit_retry_and_independent_nonexecution (test_p09_recovery.P09RecoveryTests.test_unknown_needs_explicit_retry_and_independent_nonexecution) ... ok
test_unknown_query_exception_and_string_cannot_authorize_execution (test_p09_recovery.P09RecoveryTests.test_unknown_query_exception_and_string_cannot_authorize_execution) ... ok
test_already_committed_state_recovers_after_expiry_control (test_p09_review_regressions.P09ReviewRegressionTests.test_already_committed_state_recovers_after_expiry_control) ... ok
test_checkpoint_context_removal_cannot_downgrade_c1_to_legacy_replay (test_p09_review_regressions.P09ReviewRegressionTests.test_checkpoint_context_removal_cannot_downgrade_c1_to_legacy_replay) ... ok
test_checkpoint_gate_flip_cannot_bypass_completed_receipt_verification (test_p09_review_regressions.P09ReviewRegressionTests.test_checkpoint_gate_flip_cannot_bypass_completed_receipt_verification) ... ok
test_committed_evolution_checkpoint_recovers_without_reauthorization_or_writes (test_p09_review_regressions.P09ReviewRegressionTests.test_committed_evolution_checkpoint_recovers_without_reauthorization_or_writes) ... ok
test_completed_state_replay_rejects_conflicting_evolution_binding (test_p09_review_regressions.P09ReviewRegressionTests.test_completed_state_replay_rejects_conflicting_evolution_binding) ... ok
test_consistently_disabled_inputs_cannot_hide_existing_e5_action (test_p09_review_regressions.P09ReviewRegressionTests.test_consistently_disabled_inputs_cannot_hide_existing_e5_action) ... ok
test_current_context_allows_legal_state_update_control (test_p09_review_regressions.P09ReviewRegressionTests.test_current_context_allows_legal_state_update_control) ... ok
test_expired_context_must_block_first_state_commit_after_thinking_crash (test_p09_review_regressions.P09ReviewRegressionTests.test_expired_context_must_block_first_state_commit_after_thinking_crash) ... ok
test_first_commit_rechecks_action_and_domain_recovery_checkpoints (test_p09_review_regressions.P09ReviewRegressionTests.test_first_commit_rechecks_action_and_domain_recovery_checkpoints) ... ok
test_first_commit_uses_current_action_permission_time_and_resources (test_p09_review_regressions.P09ReviewRegressionTests.test_first_commit_uses_current_action_permission_time_and_resources) ... ok
test_journal_binding_checks_deserialization_loading_submit_and_query (test_p09_review_regressions.P09ReviewRegressionTests.test_journal_binding_checks_deserialization_loading_submit_and_query) ... ok
test_missing_context_before_thinking_cannot_downgrade_to_legacy (test_p09_review_regressions.P09ReviewRegressionTests.test_missing_context_before_thinking_cannot_downgrade_to_legacy) ... ok
test_pre_binding_c1_and_real_legacy_disabled_records_remain_compatible (test_p09_review_regressions.P09ReviewRegressionTests.test_pre_binding_c1_and_real_legacy_disabled_records_remain_compatible) ... ok
test_rehashed_journal_cannot_override_original_thinking_input (test_p09_review_regressions.P09ReviewRegressionTests.test_rehashed_journal_cannot_override_original_thinking_input) ... ok
test_revoked_reference_must_block_first_state_commit_after_thinking_crash (test_p09_review_regressions.P09ReviewRegressionTests.test_revoked_reference_must_block_first_state_commit_after_thinking_crash) ... ok
test_thinking_binding_rejects_removed_context_or_snapshot (test_p09_review_regressions.P09ReviewRegressionTests.test_thinking_binding_rejects_removed_context_or_snapshot) ... ok
test_combined_attempt_receipt_cancel_history_rejected_before_io (test_p11_scheduler.P11SchedulerAdmissionTests.test_combined_attempt_receipt_cancel_history_rejected_before_io) ... ok
test_created_task_and_persisted_retry_completion_remain_compatible (test_p11_scheduler.P11SchedulerAdmissionTests.test_created_task_and_persisted_retry_completion_remain_compatible) ... ok
test_exhausted_initial_attempt_rejected_before_enqueue (test_p11_scheduler.P11SchedulerAdmissionTests.test_exhausted_initial_attempt_rejected_before_enqueue) ... ok
test_initial_history_rejected_before_io_with_existing_queue (test_p11_scheduler.P11SchedulerAdmissionTests.test_initial_history_rejected_before_io_with_existing_queue) ... ok
test_initial_history_rejected_before_io_without_queue (test_p11_scheduler.P11SchedulerAdmissionTests.test_initial_history_rejected_before_io_without_queue) ... ok
test_noninitial_state_sequence_revision_rejected_before_io (test_p11_scheduler.P11SchedulerAdmissionTests.test_noninitial_state_sequence_revision_rejected_before_io) ... ok
test_quiet_hours_supports_midnight_crossing (test_p11_scheduler.P11SchedulerDomainTests.test_quiet_hours_supports_midnight_crossing) ... ok
test_tampered_identity_hash_fails_closed (test_p11_scheduler.P11SchedulerDomainTests.test_tampered_identity_hash_fails_closed) ... ok
test_task_requires_trusted_utc_time_and_event_source (test_p11_scheduler.P11SchedulerDomainTests.test_task_requires_trusted_utc_time_and_event_source) ... ok
test_task_round_trip_preserves_identity_hash (test_p11_scheduler.P11SchedulerDomainTests.test_task_round_trip_preserves_identity_hash) ... ok
test_aging_prevents_starvation_under_continuous_high_priority_arrivals (test_p11_scheduler.P11SchedulerQueueTests.test_aging_prevents_starvation_under_continuous_high_priority_arrivals) ... ok
test_backpressure_has_explicit_result_and_zero_queue_write (test_p11_scheduler.P11SchedulerQueueTests.test_backpressure_has_explicit_result_and_zero_queue_write) ... ok
test_bounded_long_run_gives_low_priority_task_an_opportunity (test_p11_scheduler.P11SchedulerQueueTests.test_bounded_long_run_gives_low_priority_task_an_opportunity) ... ok
test_corrupt_queue_and_unknown_fields_fail_closed (test_p11_scheduler.P11SchedulerQueueTests.test_corrupt_queue_and_unknown_fields_fail_closed) ... ok
test_duplicate_submit_is_idempotent_but_conflict_is_rejected (test_p11_scheduler.P11SchedulerQueueTests.test_duplicate_submit_is_idempotent_but_conflict_is_rejected) ... ok
test_fixture_rejects_protected_overlap_before_any_write (test_p11_scheduler.P11SchedulerQueueTests.test_fixture_rejects_protected_overlap_before_any_write) ... ok
test_not_due_and_out_of_order_input_do_not_dispatch (test_p11_scheduler.P11SchedulerQueueTests.test_not_due_and_out_of_order_input_do_not_dispatch) ... ok
test_priority_due_time_and_sequence_are_deterministic (test_p11_scheduler.P11SchedulerQueueTests.test_priority_due_time_and_sequence_are_deterministic) ... ok
test_quiet_hours_defer_without_attempt_or_write (test_p11_scheduler.P11SchedulerQueueTests.test_quiet_hours_defer_without_attempt_or_write) ... ok
test_repository_revision_rejects_stale_writer (test_p11_scheduler.P11SchedulerQueueTests.test_repository_revision_rejects_stale_writer) ... ok
test_resource_shortage_defers_without_attempt_wake_or_resource_write (test_p11_scheduler.P11SchedulerQueueTests.test_resource_shortage_defers_without_attempt_wake_or_resource_write) ... ok
test_scheduler_records_no_psychological_or_action_payload (test_p11_scheduler.P11SchedulerQueueTests.test_scheduler_records_no_psychological_or_action_payload) ... ok
test_subject_and_environment_are_fail_closed (test_p11_scheduler.P11SchedulerQueueTests.test_subject_and_environment_are_fail_closed) ... ok
test_submit_persists_stable_identity_and_binding (test_p11_scheduler.P11SchedulerQueueTests.test_submit_persists_stable_identity_and_binding) ... ok
test_actual_awakening_integration_creates_one_wake_session (test_p11_scheduler_recovery.P11SchedulerRecoveryTests.test_actual_awakening_integration_creates_one_wake_session) ... ok
test_cancel_queued_is_idempotent_and_completed_never_regresses (test_p11_scheduler_recovery.P11SchedulerRecoveryTests.test_cancel_queued_is_idempotent_and_completed_never_regresses) ... ok
test_cancel_unknown_does_not_hide_delivered_fact (test_p11_scheduler_recovery.P11SchedulerRecoveryTests.test_cancel_unknown_does_not_hide_delivered_fact) ... ok
test_cancel_unknown_waits_for_fact_then_cancels_only_if_not_delivered (test_p11_scheduler_recovery.P11SchedulerRecoveryTests.test_cancel_unknown_waits_for_fact_then_cancels_only_if_not_delivered) ... ok
test_crash_checkpoint_queries_delivered_fact_after_restart_without_redispatch (test_p11_scheduler_recovery.P11SchedulerRecoveryTests.test_crash_checkpoint_queries_delivered_fact_after_restart_without_redispatch) ... ok
test_delivered_receipt_completes_once_across_duplicate_ticks (test_p11_scheduler_recovery.P11SchedulerRecoveryTests.test_delivered_receipt_completes_once_across_duplicate_ticks) ... ok
test_event_timeline_and_awakening_composition_preserves_objective_fact (test_p11_scheduler_recovery.P11SchedulerRecoveryTests.test_event_timeline_and_awakening_composition_preserves_objective_fact) ... ok
test_failed_attempt_retries_only_after_bounded_backoff (test_p11_scheduler_recovery.P11SchedulerRecoveryTests.test_failed_attempt_retries_only_after_bounded_backoff) ... ok
test_golden_scenario_is_repeatable_and_bounded (test_p11_scheduler_recovery.P11SchedulerRecoveryTests.test_golden_scenario_is_repeatable_and_bounded) ... ok
test_missing_attempt_binding_in_persistence_fails_closed (test_p11_scheduler_recovery.P11SchedulerRecoveryTests.test_missing_attempt_binding_in_persistence_fails_closed) ... ok
test_p09_normal_chain_then_scheduler_opportunity_keeps_authorities_separate (test_p11_scheduler_recovery.P11SchedulerRecoveryTests.test_p09_normal_chain_then_scheduler_opportunity_keeps_authorities_separate) ... ok
test_plain_status_string_cannot_prove_not_delivered (test_p11_scheduler_recovery.P11SchedulerRecoveryTests.test_plain_status_string_cannot_prove_not_delivered) ... ok
test_query_exception_preserves_unknown_and_attempt_identity (test_p11_scheduler_recovery.P11SchedulerRecoveryTests.test_query_exception_preserves_unknown_and_attempt_identity) ... ok
test_receipt_identity_conflict_fails_closed_in_submit_and_query_paths (test_p11_scheduler_recovery.P11SchedulerRecoveryTests.test_receipt_identity_conflict_fails_closed_in_submit_and_query_paths) ... ok
test_restart_preserves_attempt_number_and_backoff (test_p11_scheduler_recovery.P11SchedulerRecoveryTests.test_restart_preserves_attempt_number_and_backoff) ... ok
test_retry_limit_enters_terminal_state (test_p11_scheduler_recovery.P11SchedulerRecoveryTests.test_retry_limit_enters_terminal_state) ... ok
test_scheduled_reason_uses_existing_scheduled_wake_boundary (test_p11_scheduler_recovery.P11SchedulerRecoveryTests.test_scheduled_reason_uses_existing_scheduled_wake_boundary) ... ok
test_successful_wake_reuses_resource_aware_scheduler_allocation (test_p11_scheduler_recovery.P11SchedulerRecoveryTests.test_successful_wake_reuses_resource_aware_scheduler_allocation) ... ok
test_unknown_is_queried_and_never_blindly_redispatched (test_p11_scheduler_recovery.P11SchedulerRecoveryTests.test_unknown_is_queried_and_never_blindly_redispatched) ... ok
test_unknown_then_verified_delivery_opens_one_wake_after_restart (test_p11_scheduler_recovery.P11SchedulerRecoveryTests.test_unknown_then_verified_delivery_opens_one_wake_after_restart) ... ok
test_unresolved_unknown_does_not_starve_another_due_task (test_p11_scheduler_recovery.P11SchedulerRecoveryTests.test_unresolved_unknown_does_not_starve_another_due_task) ... ok
test_composer_exact_old_reference_blocked_after_archive (test_p12_memory_integration.ContextAndLineageTests.test_composer_exact_old_reference_blocked_after_archive) ... ok
test_invalid_source_after_real_revocation_cannot_restore (test_p12_memory_integration.ContextAndLineageTests.test_invalid_source_after_real_revocation_cannot_restore) ... ok
test_new_alias_cannot_bypass_inactive_or_archived_state (test_p12_memory_integration.ContextAndLineageTests.test_new_alias_cannot_bypass_inactive_or_archived_state) ... ok
test_normal_timeline_material_honors_weight_without_rewriting_event (test_p12_memory_integration.ContextAndLineageTests.test_normal_timeline_material_honors_weight_without_rewriting_event) ... ok
test_old_reference_stays_stale_after_restore (test_p12_memory_integration.ContextAndLineageTests.test_old_reference_stays_stale_after_restore) ... ok
test_old_summary_reference_rejected_and_rebuild_keeps_downweight (test_p12_memory_integration.ContextAndLineageTests.test_old_summary_reference_rejected_and_rebuild_keeps_downweight) ... ok
test_parent_restore_cannot_reactivate_old_child_version (test_p12_memory_integration.ContextAndLineageTests.test_parent_restore_cannot_reactivate_old_child_version) ... ok
test_partial_root_merge_retains_source_bindings_and_new_evidence (test_p12_memory_integration.ContextAndLineageTests.test_partial_root_merge_retains_source_bindings_and_new_evidence) ... ok
test_reconsolidation_cannot_recreate_deleted_evidence_under_new_identity (test_p12_memory_integration.ContextAndLineageTests.test_reconsolidation_cannot_recreate_deleted_evidence_under_new_identity) ... ok
test_router_excludes_archived_and_revalidates_old_candidate (test_p12_memory_integration.ContextAndLineageTests.test_router_excludes_archived_and_revalidates_old_candidate) ... ok
test_router_weight_changes_actual_candidate_relevance (test_p12_memory_integration.ContextAndLineageTests.test_router_weight_changes_actual_candidate_relevance) ... ok
test_transitive_child_and_summary_disabled_by_parent (test_p12_memory_integration.ContextAndLineageTests.test_transitive_child_and_summary_disabled_by_parent) ... ok
test_disabled_memory_entry_has_zero_component_reads (test_p12_memory_integration.CoreLifecycleTests.test_disabled_memory_entry_has_zero_component_reads) ... ok
test_normal_context_before_after_and_no_memory_resurrection (test_p12_memory_integration.CoreLifecycleTests.test_normal_context_before_after_and_no_memory_resurrection) ... ok
test_thirty_days_bounded_normal_entry_and_restart_invariants (test_p12_memory_integration.CoreLifecycleTests.test_thirty_days_bounded_normal_entry_and_restart_invariants) ... ok
test_deleted_consolidation_replay_cannot_return_active_material (test_p12_memory_integration.ExistingUseRegressions.test_deleted_consolidation_replay_cannot_return_active_material) ... ok
test_pending_learning_rechecks_revoked_memory_support (test_p12_memory_integration.ExistingUseRegressions.test_pending_learning_rechecks_revoked_memory_support) ... ok
test_iterable_roots_retained_without_double_consumption (test_p12_memory_integration.MemoryLearningTests.test_iterable_roots_retained_without_double_consumption) ... ok
test_missing_bound_memory_never_falls_back_to_legacy (test_p12_memory_integration.MemoryLearningTests.test_missing_bound_memory_never_falls_back_to_legacy) ... ok
test_pending_support_rejects_archive_and_old_version_after_restore (test_p12_memory_integration.MemoryLearningTests.test_pending_support_rejects_archive_and_old_version_after_restore) ... ok
test_pending_support_rejects_downweight_and_zero_learning_write (test_p12_memory_integration.MemoryLearningTests.test_pending_support_rejects_downweight_and_zero_learning_write) ... ok
test_valid_memory_learning_preserves_confidence_policy_and_evolution_boundary (test_p12_memory_integration.MemoryLearningTests.test_valid_memory_learning_preserves_confidence_policy_and_evolution_boundary) ... ok
test_valid_memory_learning_restart_can_solidify (test_p12_memory_integration.MemoryLearningTests.test_valid_memory_learning_restart_can_solidify) ... ok
test_link_components_rejected_without_writes (test_p12_memory_lifecycle.FixtureIsolationTests.test_link_components_rejected_without_writes) ... ok
test_protected_names_case_variants_self_and_children_zero_write (test_p12_memory_lifecycle.FixtureIsolationTests.test_protected_names_case_variants_self_and_children_zero_write) ... ok
test_repository_overlap_in_temp_rejected_before_writes (test_p12_memory_lifecycle.FixtureIsolationTests.test_repository_overlap_in_temp_rejected_before_writes) ... ok
test_actual_fresh_process_recovers_deleted_receipt_without_write (test_p12_memory_lifecycle.LifecycleTests.test_actual_fresh_process_recovers_deleted_receipt_without_write) ... ok
test_archive_delete_keep_event_and_subject_state_bytes (test_p12_memory_lifecycle.LifecycleTests.test_archive_delete_keep_event_and_subject_state_bytes) ... ok
test_atomic_replace_failure_preserves_document_and_no_receipt (test_p12_memory_lifecycle.LifecycleTests.test_atomic_replace_failure_preserves_document_and_no_receipt) ... ok
test_authorized_trace_is_read_only_and_no_body (test_p12_memory_lifecycle.LifecycleTests.test_authorized_trace_is_read_only_and_no_body) ... ok
test_command_identity_conflict_no_write (test_p12_memory_lifecycle.LifecycleTests.test_command_identity_conflict_no_write) ... ok
test_concurrent_conflicting_commands_one_winner (test_p12_memory_lifecycle.LifecycleTests.test_concurrent_conflicting_commands_one_winner) ... ok
test_concurrent_duplicate_single_revision (test_p12_memory_lifecycle.LifecycleTests.test_concurrent_duplicate_single_revision) ... ok
test_confirmation_binds_entire_command (test_p12_memory_lifecycle.LifecycleTests.test_confirmation_binds_entire_command) ... ok
test_current_permission_revocation_denied (test_p12_memory_lifecycle.LifecycleTests.test_current_permission_revocation_denied) ... ok
test_decay_clock_rollback_rejected (test_p12_memory_lifecycle.LifecycleTests.test_decay_clock_rollback_rejected) ... ok
test_delete_replay_returns_tombstone_without_writes (test_p12_memory_lifecycle.LifecycleTests.test_delete_replay_returns_tombstone_without_writes) ... ok
test_deleted_cannot_restore_after_restart (test_p12_memory_lifecycle.LifecycleTests.test_deleted_cannot_restore_after_restart) ... ok
test_downweight_affects_actual_retrieval_score (test_p12_memory_lifecycle.LifecycleTests.test_downweight_affects_actual_retrieval_score) ... ok
test_duplicate_command_replays_exactly_without_revision_increment (test_p12_memory_lifecycle.LifecycleTests.test_duplicate_command_replays_exactly_without_revision_increment) ... ok
test_elapsed_decay_repeat_same_time_does_not_compound (test_p12_memory_lifecycle.LifecycleTests.test_elapsed_decay_repeat_same_time_does_not_compound) ... ok
test_expiry_boundary_and_future_time_rejected (test_p12_memory_lifecycle.LifecycleTests.test_expiry_boundary_and_future_time_rejected) ... ok
test_expiry_rechecked_after_confirmation_callback (test_p12_memory_lifecycle.LifecycleTests.test_expiry_rechecked_after_confirmation_callback) ... ok
test_hash_mismatch_rejected (test_p12_memory_lifecycle.LifecycleTests.test_hash_mismatch_rejected) ... ok
test_history_recall_requires_current_permission (test_p12_memory_lifecycle.LifecycleTests.test_history_recall_requires_current_permission) ... ok
test_inactive_and_archived_exit_ordinary_retrieval (test_p12_memory_lifecycle.LifecycleTests.test_inactive_and_archived_exit_ordinary_retrieval) ... ok
test_invalid_decay_policy_not_defaulted (test_p12_memory_lifecycle.LifecycleTests.test_invalid_decay_policy_not_defaulted) ... ok
test_legacy_archive_temperature_maps_without_write (test_p12_memory_lifecycle.LifecycleTests.test_legacy_archive_temperature_maps_without_write) ... ok
test_legacy_roundtrip_hash_and_no_lifecycle_fields (test_p12_memory_lifecycle.LifecycleTests.test_legacy_roundtrip_hash_and_no_lifecycle_fields) ... ok
test_legal_sequence_archive_restore_delete (test_p12_memory_lifecycle.LifecycleTests.test_legal_sequence_archive_restore_delete) ... ok
test_lifecycle_is_distinct_from_temperature_and_fact_validity (test_p12_memory_lifecycle.LifecycleTests.test_lifecycle_is_distinct_from_temperature_and_fact_validity) ... ok
test_missing_confirmation_denied (test_p12_memory_lifecycle.LifecycleTests.test_missing_confirmation_denied) ... ok
test_old_archive_replay_after_delete_never_restores (test_p12_memory_lifecycle.LifecycleTests.test_old_archive_replay_after_delete_never_restores) ... ok
test_permission_rechecked_after_confirmation_callback (test_p12_memory_lifecycle.LifecycleTests.test_permission_rechecked_after_confirmation_callback) ... ok
test_permission_revision_change_denied (test_p12_memory_lifecycle.LifecycleTests.test_permission_revision_change_denied) ... ok
test_permission_scope_denied (test_p12_memory_lifecycle.LifecycleTests.test_permission_scope_denied) ... ok
test_production_delete_not_ready_without_read_or_write (test_p12_memory_lifecycle.LifecycleTests.test_production_delete_not_ready_without_read_or_write) ... ok
test_raw_save_cannot_resurrect_deleted (test_p12_memory_lifecycle.LifecycleTests.test_raw_save_cannot_resurrect_deleted) ... ok
test_repeated_deactivate_new_identity_rejected (test_p12_memory_lifecycle.LifecycleTests.test_repeated_deactivate_new_identity_rejected) ... ok
test_restart_after_saved_result_replays_once (test_p12_memory_lifecycle.LifecycleTests.test_restart_after_saved_result_replays_once) ... ok
test_restore_active_rejected_zero_writes (test_p12_memory_lifecycle.LifecycleTests.test_restore_active_rejected_zero_writes) ... ok
test_restore_invalid_source_denied (test_p12_memory_lifecycle.LifecycleTests.test_restore_invalid_source_denied) ... ok
test_restore_resets_explicit_use_weight_and_preserves_history (test_p12_memory_lifecycle.LifecycleTests.test_restore_resets_explicit_use_weight_and_preserves_history) ... ok
test_restore_source_hash_drift_denied (test_p12_memory_lifecycle.LifecycleTests.test_restore_source_hash_drift_denied) ... ok
test_seven_day_golden_actual_recall_difference_and_delete_replay (test_p12_memory_lifecycle.LifecycleTests.test_seven_day_golden_actual_recall_difference_and_delete_replay) ... ok
test_stale_version_rejected (test_p12_memory_lifecycle.LifecycleTests.test_stale_version_rejected) ... ok
test_strong_history_recall_is_bounded_and_never_restores (test_p12_memory_lifecycle.LifecycleTests.test_strong_history_recall_is_bounded_and_never_restores) ... ok
test_summary_invalidated_atomically_then_rebuilt_only_after_restore (test_p12_memory_lifecycle.LifecycleTests.test_summary_invalidated_atomically_then_rebuilt_only_after_restore) ... ok
test_tampered_lifecycle_binding_fails_closed_even_with_document_hash (test_p12_memory_lifecycle.LifecycleTests.test_tampered_lifecycle_binding_fails_closed_even_with_document_hash) ... ok
test_wrong_subject_and_environment_before_repository_read (test_p12_memory_lifecycle.LifecycleTests.test_wrong_subject_and_environment_before_repository_read) ... ok
test_zero_weight_excluded_without_becoming_deleted (test_p12_memory_lifecycle.LifecycleTests.test_zero_weight_excluded_without_becoming_deleted) ... ok
test_confirmation_reentry_does_not_overwrite_another_successful_command (test_p12_memory_review_regressions.P12IndependentProbes.test_confirmation_reentry_does_not_overwrite_another_successful_command) ... ok
test_consolidation_race_cannot_return_fresh_active_material_after_archive (test_p12_memory_review_regressions.P12IndependentProbes.test_consolidation_race_cannot_return_fresh_active_material_after_archive) ... ok
test_control_approved_restore_and_deleted_recovery_rejection (test_p12_memory_review_regressions.P12IndependentProbes.test_control_approved_restore_and_deleted_recovery_rejection) ... ok
test_control_current_authorized_history_recall_still_works (test_p12_memory_review_regressions.P12IndependentProbes.test_control_current_authorized_history_recall_still_works) ... ok
test_control_new_independent_evidence_still_creates_memory (test_p12_memory_review_regressions.P12IndependentProbes.test_control_new_independent_evidence_still_creates_memory) ... ok
test_history_recall_does_not_return_body_deleted_during_lookup (test_p12_memory_review_regressions.P12IndependentProbes.test_history_recall_does_not_return_body_deleted_during_lookup) ... ok
test_history_recall_rechecks_permission_after_source_port (test_p12_memory_review_regressions.P12IndependentProbes.test_history_recall_rechecks_permission_after_source_port) ... ok
test_new_derived_memory_cannot_restore_downweighted_root_influence (test_p12_memory_review_regressions.P12IndependentProbes.test_new_derived_memory_cannot_restore_downweighted_root_influence) ... ok
test_unbound_successor_cannot_drop_lifecycle_and_restore_archived_memory (test_p12_memory_review_regressions.P12IndependentProbes.test_unbound_successor_cannot_drop_lifecycle_and_restore_archived_memory) ... ok
test_r1_later_candidate_deletes_earlier_match_no_body (test_p12_memory_review_regressions.P12ReviewInterleavingTests.test_r1_later_candidate_deletes_earlier_match_no_body) ... ok
test_r1_legal_history_reopen_zero_write (test_p12_memory_review_regressions.P12ReviewInterleavingTests.test_r1_legal_history_reopen_zero_write) ... ok
test_r1_restore_during_lookup_rejects_old_version (test_p12_memory_review_regressions.P12ReviewInterleavingTests.test_r1_restore_during_lookup_rejects_old_version) ... ok
test_r1_source_binding_changed_between_checks_zero_write (test_p12_memory_review_regressions.P12ReviewInterleavingTests.test_r1_source_binding_changed_between_checks_zero_write) ... ok
test_r2_each_missing_field_rejected_at_save_zero_write (test_p12_memory_review_regressions.P12ReviewInterleavingTests.test_r2_each_missing_field_rejected_at_save_zero_write) ... ok
test_r2_governed_ordinary_successor_preserves_archive (test_p12_memory_review_regressions.P12ReviewInterleavingTests.test_r2_governed_ordinary_successor_preserves_archive) ... ok
test_r2_hash_consistent_downgrade_rejected_on_load_zero_write (test_p12_memory_review_regressions.P12ReviewInterleavingTests.test_r2_hash_consistent_downgrade_rejected_on_load_zero_write) ... ok
test_r2_legacy_successor_retains_missing_fields_and_hash (test_p12_memory_review_regressions.P12ReviewInterleavingTests.test_r2_legacy_successor_retains_missing_fields_and_hash) ... ok
test_r3_same_target_nested_fact_survives_outer_rejection (test_p12_memory_review_regressions.P12ReviewInterleavingTests.test_r3_same_target_nested_fact_survives_outer_rejection) ... ok
test_r3_source_callback_nested_other_commit_survives_and_outer_retry (test_p12_memory_review_regressions.P12ReviewInterleavingTests.test_r3_source_callback_nested_other_commit_survives_and_outer_retry) ... ok
test_r4_after_commit_archive_blocks_body_but_preserves_true_operation (test_p12_memory_review_regressions.P12ReviewInterleavingTests.test_r4_after_commit_archive_blocks_body_but_preserves_true_operation) ... ok
test_r4_first_alias_archive_interleaving_does_not_append_operation (test_p12_memory_review_regressions.P12ReviewInterleavingTests.test_r4_first_alias_archive_interleaving_does_not_append_operation) ... ok
test_r4_legal_new_alias_and_exact_replay_remain_compatible (test_p12_memory_review_regressions.P12ReviewInterleavingTests.test_r4_legal_new_alias_and_exact_replay_remain_compatible) ... ok
test_r5_composer_summary_and_legacy_retriever_use_current_ceiling (test_p12_memory_review_regressions.P12ReviewInterleavingTests.test_r5_composer_summary_and_legacy_retriever_use_current_ceiling) ... ok
test_r5_raw_root_new_scope_and_transitive_chain_retain_ceiling_after_restart (test_p12_memory_review_regressions.P12ReviewInterleavingTests.test_r5_raw_root_new_scope_and_transitive_chain_retain_ceiling_after_restart) ... ok
test_r5_same_root_alias_before_downweight_revalidated_without_hash_rewrite (test_p12_memory_review_regressions.P12ReviewInterleavingTests.test_r5_same_root_alias_before_downweight_revalidated_without_hash_rewrite) ... ok
test_existing_alias_cannot_bypass_archive (test_p12_memory_second_review.P12ExistingAliasProbes.test_existing_alias_cannot_bypass_archive) ... ok
test_existing_alias_cannot_bypass_deactivation (test_p12_memory_second_review.P12ExistingAliasProbes.test_existing_alias_cannot_bypass_deactivation) ... ok
test_existing_alias_cannot_bypass_logical_delete (test_p12_memory_second_review.P12ExistingAliasProbes.test_existing_alias_cannot_bypass_logical_delete) ... ok
test_positive_explicit_restore_reopens_existing_alias (test_p12_memory_second_review.P12ExistingAliasProbes.test_positive_explicit_restore_reopens_existing_alias) ... ok
test_positive_nonzero_downweight_is_inherited (test_p12_memory_second_review.P12ExistingAliasProbes.test_positive_nonzero_downweight_is_inherited) ... ok
test_positive_untouched_alias_is_legitimately_selected (test_p12_memory_second_review.P12ExistingAliasProbes.test_positive_untouched_alias_is_legitimately_selected) ... ok
test_zero_weight_alias_cannot_be_selected_by_legacy_service (test_p12_memory_second_review.P12ExistingAliasProbes.test_zero_weight_alias_cannot_be_selected_by_legacy_service) ... ok
test_archive_blocks_alias_summary_exact_and_old_windows (test_p12_memory_second_review.SameRootConsumptionTests.test_archive_blocks_alias_summary_exact_and_old_windows) ... ok
test_authorized_archived_history_and_event_audit_remain_read_only (test_p12_memory_second_review.SameRootConsumptionTests.test_authorized_archived_history_and_event_audit_remain_read_only) ... ok
test_deactivate_blocks_alias_summary_exact_and_old_windows (test_p12_memory_second_review.SameRootConsumptionTests.test_deactivate_blocks_alias_summary_exact_and_old_windows) ... ok
test_delete_blocks_alias_summary_exact_and_old_windows (test_p12_memory_second_review.SameRootConsumptionTests.test_delete_blocks_alias_summary_exact_and_old_windows) ... ok
test_deleted_root_cannot_leak_through_archived_alias_history_or_restore (test_p12_memory_second_review.SameRootConsumptionTests.test_deleted_root_cannot_leak_through_archived_alias_history_or_restore) ... ok
test_lifecycle_restriction_does_not_block_new_independent_root (test_p12_memory_second_review.SameRootConsumptionTests.test_lifecycle_restriction_does_not_block_new_independent_root) ... ok
test_new_alias_after_governance_is_rejected_without_writes (test_p12_memory_second_review.SameRootConsumptionTests.test_new_alias_after_governance_is_rejected_without_writes) ... ok
test_normal_c1_rejects_old_context_and_excludes_existing_alias_after_restart (test_p12_memory_second_review.SameRootConsumptionTests.test_normal_c1_rejects_old_context_and_excludes_existing_alias_after_restart) ... ok
test_restoring_original_does_not_rebind_old_explicit_child (test_p12_memory_second_review.SameRootConsumptionTests.test_restoring_original_does_not_rebind_old_explicit_child) ... ok
test_summary_stays_invalid_after_restore_until_explicit_rebuild (test_p12_memory_second_review.SameRootConsumptionTests.test_summary_stays_invalid_after_restore_until_explicit_rebuild) ... ok
test_true_legacy_archive_temperature_enumeration_remains_compatible (test_p12_memory_second_review.SameRootConsumptionTests.test_true_legacy_archive_temperature_enumeration_remains_compatible) ... ok
test_zero_weight_is_filtered_at_retriever_not_by_changing_zero_threshold (test_p12_memory_second_review.SameRootConsumptionTests.test_zero_weight_is_filtered_at_retriever_not_by_changing_zero_threshold) ... ok
test_memory_window_weight_drift_without_identity_or_order_change (test_p12_memory_weight_windows.WeightWindowProbes.test_memory_window_weight_drift_without_identity_or_order_change) ... ok
test_summary_window_weight_drift_without_identity_or_order_change (test_p12_memory_weight_windows.WeightWindowProbes.test_summary_window_weight_drift_without_identity_or_order_change) ... ok
test_export_permission_revoked_during_read_is_rechecked (test_p15_repair_edges.GrowthProjectionRepairTests.test_export_permission_revoked_during_read_is_rechecked) ... ok
test_export_requires_both_explicit_policy_and_current_permission (test_p15_repair_edges.GrowthProjectionRepairTests.test_export_requires_both_explicit_policy_and_current_permission) ... ok
test_permission_expiration_during_read_denies_without_observer_writes (test_p15_repair_edges.GrowthProjectionRepairTests.test_permission_expiration_during_read_denies_without_observer_writes) ... ok
test_same_revision_growth_content_change_is_rechecked (test_p15_repair_edges.GrowthProjectionRepairTests.test_same_revision_growth_content_change_is_rechecked) ... ok
test_state_revision_change_during_read_denies_without_writes (test_p15_repair_edges.GrowthProjectionRepairTests.test_state_revision_change_during_read_denies_without_writes) ... ok
test_wrong_subject_from_state_port_denied_without_writes (test_p15_repair_edges.GrowthProjectionRepairTests.test_wrong_subject_from_state_port_denied_without_writes) ... ok
test_current_owner_environment_and_subject_tampering_rejected_without_writes (test_p15_repair_edges.LifecycleArchiveRepairTests.test_current_owner_environment_and_subject_tampering_rejected_without_writes) ... ok
test_direct_save_rejects_current_snapshot_with_missing_lifecycle (test_p15_repair_edges.LifecycleArchiveRepairTests.test_direct_save_rejects_current_snapshot_with_missing_lifecycle) ... ok
test_event_and_change_lifecycle_disagreement_rejected (test_p15_repair_edges.LifecycleArchiveRepairTests.test_event_and_change_lifecycle_disagreement_rejected) ... ok
test_history_command_identity_cannot_rebind_owner (test_p15_repair_edges.LifecycleArchiveRepairTests.test_history_command_identity_cannot_rebind_owner) ... ok
test_lifecycle_change_before_value_must_follow_original_history (test_p15_repair_edges.LifecycleArchiveRepairTests.test_lifecycle_change_before_value_must_follow_original_history) ... ok
test_ordinary_legacy_event_type_name_is_not_lifecycle_authority (test_p15_repair_edges.LifecycleArchiveRepairTests.test_ordinary_legacy_event_type_name_is_not_lifecycle_authority) ... ok
test_true_legacy_can_introduce_lifecycle_and_replay_after_resume (test_p15_repair_edges.LifecycleArchiveRepairTests.test_true_legacy_can_introduce_lifecycle_and_replay_after_resume) ... ok
test_committed_evolution_finalizes_after_crash_without_current_confirmation (test_p15_repair_edges.PendingGrowthRepairTests.test_committed_evolution_finalizes_after_crash_without_current_confirmation) ... ok
test_committed_resolution_without_actual_evolution_is_not_replayed (test_p15_repair_edges.PendingGrowthRepairTests.test_committed_resolution_without_actual_evolution_is_not_replayed) ... ok
test_new_confirmation_does_not_bypass_current_source_revocation (test_p15_repair_edges.PendingGrowthRepairTests.test_new_confirmation_does_not_bypass_current_source_revocation) ... ok
test_new_confirmation_does_not_bypass_revoked_owner (test_p15_repair_edges.PendingGrowthRepairTests.test_new_confirmation_does_not_bypass_revoked_owner) ... ok
test_old_format_pending_rollback_can_be_reconfirmed (test_p15_repair_edges.PendingGrowthRepairTests.test_old_format_pending_rollback_can_be_reconfirmed) ... ok
test_old_format_pending_solidify_can_be_reconfirmed (test_p15_repair_edges.PendingGrowthRepairTests.test_old_format_pending_solidify_can_be_reconfirmed) ... ok
test_prepare_rollback_retains_actual_trait_until_evolution (test_p15_repair_edges.PendingGrowthRepairTests.test_prepare_rollback_retains_actual_trait_until_evolution) ... ok
test_prepare_solidify_is_not_active_or_completed_before_evolution (test_p15_repair_edges.PendingGrowthRepairTests.test_prepare_solidify_is_not_active_or_completed_before_evolution) ... ok
test_rollback_can_be_reconfirmed_after_unrelated_revision (test_p15_repair_edges.PendingGrowthRepairTests.test_rollback_can_be_reconfirmed_after_unrelated_revision) ... ok
test_superseded_original_command_stays_terminal_and_auditable (test_p15_repair_edges.PendingGrowthRepairTests.test_superseded_original_command_stays_terminal_and_auditable) ... ok
test_supersession_interruption_can_continue_with_original_fresh_identity (test_p15_repair_edges.PendingGrowthRepairTests.test_supersession_interruption_can_continue_with_original_fresh_identity) ... ok
test_pending_growth_can_be_reauthorized_after_unrelated_revision (test_p15_review_regressions.GrowthRecoveryReview.test_pending_growth_can_be_reauthorized_after_unrelated_revision) ... ok
test_existing_mind_projection_rechecks_same_revocation (test_p15_review_regressions.GrowthVisibilityReview.test_existing_mind_projection_rechecks_same_revocation) ... ok
test_growth_projection_rechecks_revocation_before_returning_details (test_p15_review_regressions.GrowthVisibilityReview.test_growth_projection_rechecks_revocation_before_returning_details) ... ok
test_unchanged_permission_allows_growth_without_state_writes (test_p15_review_regressions.GrowthVisibilityReview.test_unchanged_permission_allows_growth_without_state_writes) ... ok
test_deleted_history_cannot_be_reopened_by_stale_active_projection (test_p15_review_regressions.LifecyclePersistenceReview.test_deleted_history_cannot_be_reopened_by_stale_active_projection) ... ok
test_genuine_legacy_without_lifecycle_history_stays_compatible (test_p15_review_regressions.LifecyclePersistenceReview.test_genuine_legacy_without_lifecycle_history_stays_compatible) ... ok
test_suspended_history_cannot_downgrade_to_legacy_by_missing_field (test_p15_review_regressions.LifecyclePersistenceReview.test_suspended_history_cannot_downgrade_to_legacy_by_missing_field) ... ok
test_unmodified_suspended_state_stays_blocked (test_p15_review_regressions.LifecyclePersistenceReview.test_unmodified_suspended_state_stays_blocked) ... ok
test_completed_growth_recovers_after_authority_revoked (test_p15_subject_growth.SubjectGrowthTests.test_completed_growth_recovers_after_authority_revoked) ... ok
test_current_confidence_policy_095_02_02_and_reduced_support (test_p15_subject_growth.SubjectGrowthTests.test_current_confidence_policy_095_02_02_and_reduced_support) ... ok
test_current_reference_revocation_prevents_solidify_without_writes (test_p15_subject_growth.SubjectGrowthTests.test_current_reference_revocation_prevents_solidify_without_writes) ... ok
test_current_source_binding_cannot_be_replaced_with_forged_roots (test_p15_subject_growth.SubjectGrowthTests.test_current_source_binding_cannot_be_replaced_with_forged_roots) ... ok
test_duplicate_root_wrappers_do_not_validate (test_p15_subject_growth.SubjectGrowthTests.test_duplicate_root_wrappers_do_not_validate) ... ok
test_growth_feature_disabled_has_no_learning_read_or_write (test_p15_subject_growth.SubjectGrowthTests.test_growth_feature_disabled_has_no_learning_read_or_write) ... ok
test_growth_permission_policy_is_required_and_owner_read_is_read_only (test_p15_subject_growth.SubjectGrowthTests.test_growth_permission_policy_is_required_and_owner_read_is_read_only) ... ok
test_normal_chain_forms_subjective_narrative_and_object_relationship (test_p15_subject_growth.SubjectGrowthTests.test_normal_chain_forms_subjective_narrative_and_object_relationship) ... ok
test_pending_learning_record_recovers_after_restart_without_second_revision (test_p15_subject_growth.SubjectGrowthTests.test_pending_learning_record_recovers_after_restart_without_second_revision) ... ok
test_reinterpreted_experience_preserves_opposite_stances_and_versions (test_p15_subject_growth.SubjectGrowthTests.test_reinterpreted_experience_preserves_opposite_stances_and_versions) ... ok
test_rejected_support_and_permission_revocation_zero_state_change (test_p15_subject_growth.SubjectGrowthTests.test_rejected_support_and_permission_revocation_zero_state_change) ... ok
test_revoked_event_blocks_pending_commit_but_does_not_rewrite_existing_trait (test_p15_subject_growth.SubjectGrowthTests.test_revoked_event_blocks_pending_commit_but_does_not_rewrite_existing_trait) ... ok
test_rollback_pending_record_recovers_and_does_not_remove_twice (test_p15_subject_growth.SubjectGrowthTests.test_rollback_pending_record_recovers_and_does_not_remove_twice) ... ok
test_rollback_preserves_later_unrelated_trait (test_p15_subject_growth.SubjectGrowthTests.test_rollback_preserves_later_unrelated_trait) ... ok
test_three_current_independent_experiences_form_trait_and_next_context (test_p15_subject_growth.SubjectGrowthTests.test_three_current_independent_experiences_form_trait_and_next_context) ... ok
test_weaker_still_sufficient_support_records_current_confidence (test_p15_subject_growth.SubjectGrowthTests.test_weaker_still_sufficient_support_records_current_confidence) ... ok
test_legacy_state_is_active_without_rewriting_serialization (test_p15_subject_lifecycle.SubjectLifecycleModelTests.test_legacy_state_is_active_without_rewriting_serialization) ... ok
test_policy_is_unconfigured_until_explicit_test_decision (test_p15_subject_lifecycle.SubjectLifecycleModelTests.test_policy_is_unconfigured_until_explicit_test_decision) ... ok
test_subject_intent_is_not_owner_command_or_deletion (test_p15_subject_lifecycle.SubjectLifecycleModelTests.test_subject_intent_is_not_owner_command_or_deletion) ... ok
test_transition_table_preserves_terminal_deleted (test_p15_subject_lifecycle.SubjectLifecycleModelTests.test_transition_table_preserves_terminal_deleted) ... ok
test_action_gate_denial_is_zero_write (test_p15_subject_lifecycle.SubjectLifecycleServiceTests.test_action_gate_denial_is_zero_write) ... ok
test_archive_unconfigured_and_deleted_terminal (test_p15_subject_lifecycle.SubjectLifecycleServiceTests.test_archive_unconfigured_and_deleted_terminal) ... ok
test_c1_new_request_paused_zero_journal_provider_or_receipt (test_p15_subject_lifecycle.SubjectLifecycleServiceTests.test_c1_new_request_paused_zero_journal_provider_or_receipt) ... ok
test_create_suspend_restart_resume_and_replay (test_p15_subject_lifecycle.SubjectLifecycleServiceTests.test_create_suspend_restart_resume_and_replay) ... ok
test_paused_state_cannot_be_changed_by_ordinary_event (test_p15_subject_lifecycle.SubjectLifecycleServiceTests.test_paused_state_cannot_be_changed_by_ordinary_event) ... ok
test_revoked_confirmation_and_stale_command_zero_writes (test_p15_subject_lifecycle.SubjectLifecycleServiceTests.test_revoked_confirmation_and_stale_command_zero_writes) ... ok
test_same_command_identity_different_contents_is_conflict (test_p15_subject_lifecycle.SubjectLifecycleServiceTests.test_same_command_identity_different_contents_is_conflict) ... ok
test_scheduler_paused_zero_attempt_resource_notification_then_resume (test_p15_subject_lifecycle.SubjectLifecycleServiceTests.test_scheduler_paused_zero_attempt_resource_notification_then_resume) ... ok
test_subject_intent_preserves_state_and_owner_identity (test_p15_subject_lifecycle.SubjectLifecycleServiceTests.test_subject_intent_preserves_state_and_owner_identity) ... ok
test_atomic_creation_failure_does_not_leave_active_subject (test_p15_subject_recovery.P15RecoveryTests.test_atomic_creation_failure_does_not_leave_active_subject) ... ok
test_concurrent_lifecycle_commands_preserve_one_transition (test_p15_subject_recovery.P15RecoveryTests.test_concurrent_lifecycle_commands_preserve_one_transition) ... ok
test_cross_process_golden (test_p15_subject_recovery.P15RecoveryTests.test_cross_process_golden) ... ok
test_cross_subject_environment_and_direct_lifecycle_mutation_rejected (test_p15_subject_recovery.P15RecoveryTests.test_cross_subject_environment_and_direct_lifecycle_mutation_rejected) ... ok
test_host_binding_switch_and_unbind_do_not_change_subject_revision (test_p15_subject_recovery.P15RecoveryTests.test_host_binding_switch_and_unbind_do_not_change_subject_revision) ... ok
test_new_genesis_isolated_from_old_learning_mind_relationships (test_p15_subject_recovery.P15RecoveryTests.test_new_genesis_isolated_from_old_learning_mind_relationships) ... ok
test_p01_snapshot_branch_keeps_growth_and_does_not_pollute_original (test_p15_subject_recovery.P15RecoveryTests.test_p01_snapshot_branch_keeps_growth_and_does_not_pollute_original) ... ok
test_paused_pending_not_executed_model_cannot_dispatch (test_p15_subject_recovery.P15RecoveryTests.test_paused_pending_not_executed_model_cannot_dispatch) ... ok
test_protected_fixture_root_rejects_before_any_write (test_p15_subject_recovery.P15RecoveryTests.test_protected_fixture_root_rejects_before_any_write) ... ok
test_public_test_migration_requires_exact_confirmation_and_never_copies_personality (test_p15_subject_recovery.P15RecoveryTests.test_public_test_migration_requires_exact_confirmation_and_never_copies_personality) ... ok
test_cache_expiry_excludes_candidate_without_refresh_call (test_p16_context.ContextTests.test_cache_expiry_excludes_candidate_without_refresh_call) ... ok
test_cache_rehashed_payload_tamper_still_checks_original_fact (test_p16_context.ContextTests.test_cache_rehashed_payload_tamper_still_checks_original_fact) ... ok
test_credential_revocation_excludes_current_cache (test_p16_context.ContextTests.test_credential_revocation_excludes_current_cache) ... ok
test_cross_subject_result_rejected_even_from_local_provider (test_p16_context.ContextTests.test_cross_subject_result_rejected_even_from_local_provider) ... ok
test_distinct_roots_survive_and_same_root_conflict_never_selects_authority (test_p16_context.ContextTests.test_distinct_roots_survive_and_same_root_conflict_never_selects_authority) ... ok
test_exact_ttl_boundary_is_excluded_just_before_is_valid (test_p16_context.ContextTests.test_exact_ttl_boundary_is_excluded_just_before_is_valid) ... ok
test_external_event_identity_cannot_be_internal_root (test_p16_context.ContextTests.test_external_event_identity_cannot_be_internal_root) ... ok
test_invalid_cache_timestamp_is_corruption_not_freshness (test_p16_context.ContextTests.test_invalid_cache_timestamp_is_corruption_not_freshness) ... ok
test_malicious_mutation_field_rejected_before_cache (test_p16_context.ContextTests.test_malicious_mutation_field_rejected_before_cache) ... ok
test_offline_timeout_cancel_and_empty_are_explicit_results (test_p16_context.ContextTests.test_offline_timeout_cancel_and_empty_are_explicit_results) ... ok
test_p12_archived_internal_memory_stays_absent_with_external_queries_enabled (test_p16_context.ContextTests.test_p12_archived_internal_memory_stays_absent_with_external_queries_enabled) ... ok
test_p15_growth_does_not_promote_external_candidates_to_experience (test_p16_context.ContextTests.test_p15_growth_does_not_promote_external_candidates_to_experience) ... ok
test_registry_wrong_environment_rejected_without_write (test_p16_context.ContextTests.test_registry_wrong_environment_rejected_without_write) ... ok
test_replacement_descriptor_cannot_reuse_old_exact_reference (test_p16_context.ContextTests.test_replacement_descriptor_cannot_reuse_old_exact_reference) ... ok
test_replacement_preserves_old_fact_but_invalidates_old_material (test_p16_context.ContextTests.test_replacement_preserves_old_fact_but_invalidates_old_material) ... ok
test_revocation_invalidates_already_composed_context (test_p16_context.ContextTests.test_revocation_invalidates_already_composed_context) ... ok
test_revoke_during_result_read_blocks_consumption_and_cache_write (test_p16_context.ContextTests.test_revoke_during_result_read_blocks_consumption_and_cache_write) ... ok
test_router_source_limit_is_separate_from_composer_budget (test_p16_context.ContextTests.test_router_source_limit_is_separate_from_composer_budget) ... ok
test_same_request_payload_hash_conflict_is_rejected (test_p16_context.ContextTests.test_same_request_payload_hash_conflict_is_rejected) ... ok
test_same_root_candidates_deduplicate_without_promoting_authority (test_p16_context.ContextTests.test_same_root_candidates_deduplicate_without_promoting_authority) ... ok
test_same_root_conflicting_content_is_preserved_as_non_independent_candidates (test_p16_context.ContextTests.test_same_root_conflicting_content_is_preserved_as_non_independent_candidates) ... ok
test_secret_in_result_and_material_denial_never_reach_cache_or_state (test_p16_context.ContextTests.test_secret_in_result_and_material_denial_never_reach_cache_or_state) ... ok
test_strict_result_shape_version_hash_environment_and_bounds (test_p16_context.ContextTests.test_strict_result_shape_version_hash_environment_and_bounds) ... ok
test_all_four_local_provider_kinds_really_execute (test_p16_providers.ProviderTests.test_all_four_local_provider_kinds_really_execute) ... ok
test_credential_reference_cannot_be_reused_by_other_connector (test_p16_providers.ProviderTests.test_credential_reference_cannot_be_reused_by_other_connector) ... ok
test_disable_replay_is_idempotent_and_cannot_reregister_same_version (test_p16_providers.ProviderTests.test_disable_replay_is_idempotent_and_cannot_reregister_same_version) ... ok
test_disabled_c1_gate_does_not_touch_installed_external_ports (test_p16_providers.ProviderTests.test_disabled_c1_gate_does_not_touch_installed_external_ports) ... ok
test_existing_768_token_budget_explicitly_excludes_external_material (test_p16_providers.ProviderTests.test_existing_768_token_budget_explicitly_excludes_external_material) ... ok
test_feature_gate_off_does_not_call_or_read_external_components (test_p16_providers.ProviderTests.test_feature_gate_off_does_not_call_or_read_external_components) ... ok
test_memory_information_need_calls_fake_then_normal_context_consumes_candidate (test_p16_providers.ProviderTests.test_memory_information_need_calls_fake_then_normal_context_consumes_candidate) ... ok
test_missing_expired_and_cross_subject_credentials_refuse_before_call (test_p16_providers.ProviderTests.test_missing_expired_and_cross_subject_credentials_refuse_before_call) ... ok
test_normal_local_queries_use_no_socket (test_p16_providers.ProviderTests.test_normal_local_queries_use_no_socket) ... ok
test_registry_concurrent_revision_allows_only_one_write (test_p16_providers.ProviderTests.test_registry_concurrent_revision_allows_only_one_write) ... ok
test_registry_same_version_changed_content_is_conflict (test_p16_providers.ProviderTests.test_registry_same_version_changed_content_is_conflict) ... ok
test_revoke_before_query_has_no_external_call_or_subject_write (test_p16_providers.ProviderTests.test_revoke_before_query_has_no_external_call_or_subject_write) ... ok
test_upper_mixed_protected_roots_and_children_are_zero_write (test_p16_providers.ProviderTests.test_upper_mixed_protected_roots_and_children_are_zero_write) ... ok
test_archived_and_deleted_subjects_do_not_consume_or_execute (test_p16_recovery.RecoveryTests.test_archived_and_deleted_subjects_do_not_consume_or_execute) ... ok
test_atomic_registry_failure_keeps_original_bytes (test_p16_recovery.RecoveryTests.test_atomic_registry_failure_keeps_original_bytes) ... ok
test_child_timeout_preserves_output_and_never_retries (test_p16_recovery.RecoveryTests.test_child_timeout_preserves_output_and_never_retries) ... ok
test_completed_replay_rechecks_receipt_without_reexecution (test_p16_recovery.RecoveryTests.test_completed_replay_rechecks_receipt_without_reexecution) ... ok
test_completed_replay_survives_revocation_without_new_consumption (test_p16_recovery.RecoveryTests.test_completed_replay_survives_revocation_without_new_consumption) ... ok
test_explicit_retry_uses_original_attempts_and_stops_at_bound (test_p16_recovery.RecoveryTests.test_explicit_retry_uses_original_attempts_and_stops_at_bound) ... ok
test_historical_success_unknown_query_cannot_replay_completed (test_p16_recovery.RecoveryTests.test_historical_success_unknown_query_cannot_replay_completed) ... ok
test_lost_response_after_receipt_can_close_after_revocation_without_consuming (test_p16_recovery.RecoveryTests.test_lost_response_after_receipt_can_close_after_revocation_without_consuming) ... ok
test_p01_branch_replays_original_receipt_without_polluting_parent (test_p16_recovery.RecoveryTests.test_p01_branch_replays_original_receipt_without_polluting_parent) ... ok
test_p01_snapshot_covers_registry_cache_and_receipts (test_p16_recovery.RecoveryTests.test_p01_snapshot_covers_registry_cache_and_receipts) ... ok
test_paused_subject_blocks_new_query_and_current_cache_but_recovers_fact (test_p16_recovery.RecoveryTests.test_paused_subject_blocks_new_query_and_current_cache_but_recovers_fact) ... ok
test_provider_error_secret_never_enters_engine_files (test_p16_recovery.RecoveryTests.test_provider_error_secret_never_enters_engine_files) ... ok
test_query_exception_never_authorizes_dispatch_or_exposes_secret (test_p16_recovery.RecoveryTests.test_query_exception_never_authorizes_dispatch_or_exposes_secret) ... ok
test_reserved_not_executed_after_revocation_cannot_dispatch (test_p16_recovery.RecoveryTests.test_reserved_not_executed_after_revocation_cannot_dispatch) ... ok
test_string_not_executed_is_unknown (test_p16_recovery.RecoveryTests.test_string_not_executed_is_unknown) ... ok
test_three_real_process_golden_recovers_replaces_and_revokes (test_p16_recovery.RecoveryTests.test_three_real_process_golden_recovers_replaces_and_revokes) ... ok
test_unknown_does_not_execute_even_with_explicit_retry (test_p16_recovery.RecoveryTests.test_unknown_does_not_execute_even_with_explicit_retry) ... ok
test_c1_capability_ingress_rejects_before_original_ledger_write (test_p16_repair_edges.RepairEdges.test_c1_capability_ingress_rejects_before_original_ledger_write) ... ok
test_c1_capability_restore_rechecks_material_before_checkpoint (test_p16_repair_edges.RepairEdges.test_c1_capability_restore_rechecks_material_before_checkpoint) ... ok
test_c1_capability_safe_result_replay_preserves_fact_hash (test_p16_repair_edges.RepairEdges.test_c1_capability_safe_result_replay_preserves_fact_hash) ... ok
test_completed_replay_rejects_material_without_rewriting_fact_or_ledger (test_p16_repair_edges.RepairEdges.test_completed_replay_rejects_material_without_rewriting_fact_or_ledger) ... ok
test_newly_prohibited_completed_material_is_not_replayed_or_rewritten (test_p16_repair_edges.RepairEdges.test_newly_prohibited_completed_material_is_not_replayed_or_rewritten) ... ok
test_normal_permission_and_reference_denial_still_reject (test_p16_repair_edges.RepairEdges.test_normal_permission_and_reference_denial_still_reject) ... ok
test_optional_thinking_check_precedes_growth_and_preserves_gate_off (test_p16_repair_edges.RepairEdges.test_optional_thinking_check_precedes_growth_and_preserves_gate_off) ... ok
test_query_is_rejected_before_any_think_result_save_or_processor (test_p16_repair_edges.RepairEdges.test_query_is_rejected_before_any_think_result_save_or_processor) ... ok
test_recovery_broker_failure_is_unknown_not_permission_or_execution (test_p16_repair_edges.RepairEdges.test_recovery_broker_failure_is_unknown_not_permission_or_execution) ... ok
test_registration_port_exceptions_are_static_and_zero_write (test_p16_repair_edges.RepairEdges.test_registration_port_exceptions_are_static_and_zero_write) ... ok
test_rejected_execution_receipt_is_unknown_and_recovers_without_redispatch (test_p16_repair_edges.RepairEdges.test_rejected_execution_receipt_is_unknown_and_recovers_without_redispatch) ... ok
test_selection_execution_consumption_port_exceptions_fail_closed (test_p16_repair_edges.RepairEdges.test_selection_execution_consumption_port_exceptions_fail_closed) ... ok
test_wait_completion_and_completed_replay_keep_original_result_identity (test_p16_repair_edges.RepairEdges.test_wait_completion_and_completed_replay_keep_original_result_identity) ... ok
test_wait_completion_rejects_before_resume_write_or_processing (test_p16_repair_edges.RepairEdges.test_wait_completion_rejects_before_resume_write_or_processing) ... ok
test_whole_receipt_is_checked_on_query_and_execute (test_p16_repair_edges.RepairEdges.test_whole_receipt_is_checked_on_query_and_execute) ... ok
test_whole_thinking_material_not_only_query_is_checked (test_p16_repair_edges.RepairEdges.test_whole_thinking_material_not_only_query_is_checked) ... ok
test_broker_authorization_exception_must_not_leak_in_diagnostics (test_p16_review_regressions.IndependentEdges.test_broker_authorization_exception_must_not_leak_in_diagnostics) ... ok
test_broker_material_exception_must_not_leak_in_diagnostics (test_p16_review_regressions.IndependentEdges.test_broker_material_exception_must_not_leak_in_diagnostics) ... ok
test_denied_external_query_is_not_copied_into_new_persistent_material (test_p16_review_regressions.IndependentEdges.test_denied_external_query_is_not_copied_into_new_persistent_material) ... ok
test_permission_port_exception_must_not_leak_in_diagnostics (test_p16_review_regressions.IndependentEdges.test_permission_port_exception_must_not_leak_in_diagnostics) ... ok
test_positive_normal_query_still_consumes_candidate (test_p16_review_regressions.IndependentEdges.test_positive_normal_query_still_consumes_candidate) ... ok
test_positive_ordinary_psychological_query_is_not_censored (test_p16_review_regressions.IndependentEdges.test_positive_ordinary_psychological_query_is_not_censored) ... ok
test_positive_provider_result_exception_is_sanitized (test_p16_review_regressions.IndependentEdges.test_positive_provider_result_exception_is_sanitized) ... ok
test_positive_safe_provider_receipt_id_remains_recoverable (test_p16_review_regressions.IndependentEdges.test_positive_safe_provider_receipt_id_remains_recoverable) ... ok
test_secret_receipt_identifier_must_not_be_persisted_by_engine (test_p16_review_regressions.IndependentEdges.test_secret_receipt_identifier_must_not_be_persisted_by_engine) ... ok
test_action_reads_permission_context_before_immediate_check (test_permissions.PermissionContinuityTests.test_action_reads_permission_context_before_immediate_check) ... ok
test_create_and_query_permission (test_permissions.PermissionContinuityTests.test_create_and_query_permission) ... ok
test_limit_permission_updates_scope_capabilities_and_context (test_permissions.PermissionContinuityTests.test_limit_permission_updates_scope_capabilities_and_context) ... ok
test_missing_capability_check_fails_without_creating_state (test_permissions.PermissionContinuityTests.test_missing_capability_check_fails_without_creating_state) ... ok
test_permission_service_returns_event_but_does_not_modify_subject_state (test_permissions.PermissionContinuityTests.test_permission_service_returns_event_but_does_not_modify_subject_state) ... ok
test_permission_state_and_history_survive_restart (test_permissions.PermissionContinuityTests.test_permission_state_and_history_survive_restart) ... ok
test_revoke_permission_and_trace_history (test_permissions.PermissionContinuityTests.test_revoke_permission_and_trace_history) ... ok
test_create_resource_state (test_resources.TokenAndResourceManagementTests.test_create_resource_state) ... ok
test_learning_is_deferred_before_candidate_extraction (test_resources.TokenAndResourceManagementTests.test_learning_is_deferred_before_candidate_extraction) ... ok
test_low_remaining_resources_downgrade_normal_to_low (test_resources.TokenAndResourceManagementTests.test_low_remaining_resources_downgrade_normal_to_low) ... ok
test_over_budget_request_is_deferred_without_consumption (test_resources.TokenAndResourceManagementTests.test_over_budget_request_is_deferred_without_consumption) ... ok
test_resource_state_and_history_survive_restart (test_resources.TokenAndResourceManagementTests.test_resource_state_and_history_survive_restart) ... ok
test_runtime_modes_switch_and_cap_thinking_depth (test_resources.TokenAndResourceManagementTests.test_runtime_modes_switch_and_cap_thinking_depth) ... ok
test_thinking_uses_resource_manager_and_accepts_depth_downgrade (test_resources.TokenAndResourceManagementTests.test_thinking_uses_resource_manager_and_accepts_depth_downgrade) ... ok
test_thinking_waits_when_low_depth_cannot_be_afforded (test_resources.TokenAndResourceManagementTests.test_thinking_waits_when_low_depth_cannot_be_afforded) ... ok
test_token_budget_calculation_usage_and_actual_reconciliation (test_resources.TokenAndResourceManagementTests.test_token_budget_calculation_usage_and_actual_reconciliation) ... ok
test_wake_scheduler_checks_resources_before_starting (test_resources.TokenAndResourceManagementTests.test_wake_scheduler_checks_resources_before_starting) ... ok
test_budget_failure_still_creates_failed_think_session (test_thinking.ThinkingServiceTests.test_budget_failure_still_creates_failed_think_session) ... ok
test_non_think_wake_does_not_create_think_session (test_thinking.ThinkingServiceTests.test_non_think_wake_does_not_create_think_session) ... ok
test_provider_failure_is_summarized_and_persisted (test_thinking.ThinkingServiceTests.test_provider_failure_is_summarized_and_persisted) ... ok
test_standard_result_can_request_memory_wait_and_future_contact_without_actions (test_thinking.ThinkingServiceTests.test_standard_result_can_request_memory_wait_and_future_contact_without_actions) ... ok
test_thinking_result_cannot_write_identity_or_emotion_state (test_thinking.ThinkingServiceTests.test_thinking_result_cannot_write_identity_or_emotion_state) ... ok
test_wake_think_result_and_state_writeback_complete_full_chain (test_thinking.ThinkingServiceTests.test_wake_think_result_and_state_writeback_complete_full_chain) ... ok

----------------------------------------------------------------------
Ran 645 tests in 753.928s

OK (skipped=1)
